Timestamp_ms,SSID,BSSID,RSSI,Channel,SequenceNumber,BeaconInterval,BeaconTimestamp,Encryption,Privacy,ShortPreamble,ShortSlot,RateCount,SupportedRates,ExtRateCount,DSChannel,CountryCode,HasHT,HTChannelWidth,HTStreams,HasExtCap,OUI,VendorName,IsHidden,FrameLength
1742,Satz,10:27:F5:5C:C6:A3,-74,2,258,100,805579366814,WPA2,1,0,1,8,1.0;2.0;5.5;11.0;18.0;24.0;36.0;54.0;6.0;9.0;12.0;48.0,4,3,,1,40,2,1,10:27:F5,Unknown,0,254
1819,.,9C:A2:F4:D7:B6:BF,-95,3,1471,100,702082867598,WPA2,1,0,1,8,1.0;2.0;5.5;11.0;9.0;18.0;36.0;54.0;6.0;12.0;24.0;48.0,4,3,,1,40,2,1,9C:A2:F4,Unknown,0,376
1861,Athidi 1,9E:A2:F4:17:B6:BF,-94,3,1472,100,702082867616,WPA2,1,0,1,8,1.0;2.0;5.5;11.0;9.0;18.0;36.0;54.0;6.0;12.0;24.0;48.0,4,3,,1,40,2,1,9E:A2:F4,Unknown,0,286
1893,,9E:A2:F4:27:B6:BF,-94,3,1473,100,702082867602,WEP,1,0,1,0,,0,0,,0,0,0,0,9E:A2:F4,Unknown,0,334
1935,Satz,10:27:F5:5C:C6:A3,-71,3,259,100,805579469203,WPA2,1,0,1,8,1.0;2.0;5.5;11.0;18.0;24.0;36.0;54.0;6.0;9.0;12.0;48.0,4,3,,1,40,2,1,10:27:F5,Unknown,0,254
2004,Satz,10:27:F5:5C:C6:A3,-56,3,260,100,805579572068,WPA2,1,0,1,8,1.0;2.0;5.5;11.0;18.0;24.0;36.0;54.0;6.0;9.0;12.0;48.0,4,3,,1,40,2,1,10:27:F5,Unknown,0,254
2152,Satz,10:27:F5:5C:C6:A3,-55,4,262,100,805579776414,WPA2,1,0,1,8,1.0;2.0;5.5;11.0;18.0;24.0;36.0;54.0;6.0;9.0;12.0;48.0,4,3,,1,40,2,1,10:27:F5,Unknown,0,254
2254,Satz,10:27:F5:5C:C6:A3,-50,4,263,100,805579878816,WPA2,1,0,1,8,1.0;2.0;5.5;11.0;18.0;24.0;36.0;54.0;6.0;9.0;12.0;48.0,4,3,,1,40,2,1,10:27:F5,Unknown,0,254
2351,JioFiber-satz,C0:68:CC:6E:74:72,-81,5,569,100,13424435627,WPA2,1,0,1,8,1.0;2.0;5.5;11.0;9.0;18.0;36.0;54.0;6.0;12.0;24.0;48.0,4,6,IN,1,20,2,1,C0:68:CC,Unknown,0,245
2453,JioFiber-satz,C0:68:CC:6E:74:72,-82,5,570,100,13424538017,WPA2,1,0,1,8,1.0;2.0;5.5;11.0;9.0;18.0;36.0;54.0;6.0;12.0;24.0;48.0,4,6,IN,1,20,2,1,C0:68:CC,Unknown,0,245
2556,JioFiber-satz,C0:68:CC:6E:74:72,-84,6,571,100,13424640409,WPA2,1,0,1,8,1.0;2.0;5.5;11.0;9.0;18.0;36.0;54.0;6.0;12.0;24.0;48.0,4,6,IN,1,20,2,1,C0:68:CC,Unknown,0,245
2642,JioFiber-CqkfQ,9A:78:C9:62:4F:27,-94,6,353,100,805576192391,WPA2,1,0,1,8,1.0;2.0;5.5;11.0;18.0;24.0;36.0;54.0;6.0;9.0;12.0;48.0,4,6,IN,1,40,2,1,9A:78:C9,Unknown,0,234
2695,JioFiber-satz,C0:68:CC:6E:74:72,-79,6,572,100,13424742815,WPA2,1,0,1,8,1.0;2.0;5.5;11.0;9.0;18.0;36.0;54.0;6.0;12.0;24.0;48.0,4,6,IN,1,20,2,1,C0:68:CC,Unknown,0,245
2760,JioFiber-satz,C0:68:CC:6E:74:72,-92,6,573,100,13424845209,WPA2,1,0,1,8,1.0;2.0;5.5;11.0;9.0;18.0;36.0;54.0;6.0;12.0;24.0;48.0,4,6,IN,1,20,2,1,C0:68:CC,Unknown,0,245
2863,JioFiber-satz,C0:68:CC:6E:74:72,-78,7,574,100,13424947606,WPA2,1,0,1,8,1.0;2.0;5.5;11.0;9.0;18.0;36.0;54.0;6.0;12.0;24.0;48.0,4,6,IN,1,20,2,1,C0:68:CC,Unknown,0,245
2916,DIRECT-dQ-BRAVIA,B2:10:41:BD:D6:51,-65,7,3593,100,4419174784,WPA2,1,1,1,8,6.0;9.0;12.0;18.0;24.0;36.0;48.0;54.0,0,7,,1,20,2,0,B2:10:41,Unknown,0,263
2965,JioFiber-satz,C0:68:CC:6E:74:72,-78,7,575,100,13425049992,WPA2,1,0,1,8,1.0;2.0;5.5;11.0;9.0;18.0;36.0;54.0;6.0;12.0;24.0;48.0,4,6,IN,1,20,2,1,C0:68:CC,Unknown,0,245
3018,DIRECT-dQ-BRAVIA,B2:10:41:BD:D6:51,-68,7,3594,100,4419277184,WPA2,1,1,1,8,6.0;9.0;12.0;18.0;24.0;36.0;48.0;54.0,0,7,,1,20,2,0,B2:10:41,Unknown,0,263
4043,Cctv,50:2B:73:FD:4F:28,-92,11,1035,100,503772672382,WPA2,1,0,1,8,1.0;2.0;5.5;11.0;6.0;9.0;12.0;18.0;24.0;36.0;48.0;54.0,4,11,,1,40,2,1,50:2B:73,Unknown,0,276
4559,JVACT,F0:A7:31:F8:68:16,-94,1,1152,100,2820301132,WPA2,1,0,1,8,1.0;2.0;5.5;11.0;9.0;18.0;36.0;54.0;6.0;12.0;24.0;48.0,4,1,,1,40,2,1,F0:A7:31,Unknown,0,235
4611,JVACT5G,F2:A7:31:F9:68:16,-94,1,1153,100,2820303221,WPA2,1,0,1,8,1.0;2.0;5.5;11.0;9.0;18.0;36.0;54.0;6.0;12.0;24.0;48.0,4,1,,1,40,2,1,F2:A7:31,Unknown,0,237
4814,Satz,10:27:F5:5C:C6:A3,-63,2,290,100,805582438812,WPA2,1,0,1,8,1.0;2.0;5.5;11.0;18.0;24.0;36.0;54.0;6.0;9.0;12.0;48.0,4,3,,1,40,2,1,10:27:F5,Unknown,0,254
4917,Satz,10:27:F5:5C:C6:A3,-59,2,291,100,805582541197,WPA2,1,0,1,8,1.0;2.0;5.5;11.0;18.0;24.0;36.0;54.0;6.0;9.0;12.0;48.0,4,3,,1,40,2,1,10:27:F5,Unknown,0,254
5019,Satz,10:27:F5:5C:C6:A3,-66,2,292,100,805582643615,WPA2,1,0,1,8,1.0;2.0;5.5;11.0;18.0;24.0;36.0;54.0;6.0;9.0;12.0;48.0,4,3,,1,40,2,1,10:27:F5,Unknown,0,254
5062,Palani,9C:A2:F4:E8:A2:D4,-93,2,2364,100,804707430945,WPA2,1,0,1,8,1.0;2.0;5.5;11.0;9.0;18.0;36.0;54.0;6.0;12.0;24.0;48.0,4,2,,1,40,2,1,9C:A2:F4,Unknown,0,236
5131,Satz,10:27:F5:5C:C6:A3,-61,3,293,100,805582746015,WPA2,1,0,1,8,1.0;2.0;5.5;11.0;18.0;24.0;36.0;54.0;6.0;9.0;12.0;48.0,4,3,,1,40,2,1,10:27:F5,Unknown,0,254
5224,Satz,10:27:F5:5C:C6:A3,-68,3,294,100,805582848408,WPA2,1,0,1,8,1.0;2.0;5.5;11.0;18.0;24.0;36.0;54.0;6.0;9.0;12.0;48.0,4,3,,1,40,2,1,10:27:F5,Unknown,0,254
5326,Satz,10:27:F5:5C:C6:A3,-68,4,295,100,805582950817,WPA2,1,0,1,8,1.0;2.0;5.5;11.0;18.0;24.0;36.0;54.0;6.0;9.0;12.0;48.0,4,3,,1,40,2,1,10:27:F5,Unknown,0,254
5531,Satz,10:27:F5:5C:C6:A3,-70,4,297,100,805583155612,WPA2,1,0,1,8,1.0;2.0;5.5;11.0;18.0;24.0;36.0;54.0;6.0;9.0;12.0;48.0,4,3,,1,40,2,1,10:27:F5,Unknown,0,254
5628,JioFiber-satz,C0:68:CC:6E:74:72,-72,5,603,100,13427712418,WPA2,1,0,1,8,1.0;2.0;5.5;11.0;9.0;18.0;36.0;54.0;6.0;12.0;24.0;48.0,4,6,IN,1,20,2,1,C0:68:CC,Unknown,0,245
5730,JioFiber-satz,C0:68:CC:6E:74:72,-74,5,604,100,13427814805,WPA2,1,0,1,8,1.0;2.0;5.5;11.0;9.0;18.0;36.0;54.0;6.0;12.0;24.0;48.0,4,6,IN,1,20,2,1,C0:68:CC,Unknown,0,245
5833,JioFiber-satz,C0:68:CC:6E:74:72,-71,6,605,100,13427917200,WPA2,1,0,1,8,1.0;2.0;5.5;11.0;9.0;18.0;36.0;54.0;6.0;12.0;24.0;48.0,4,6,IN,1,20,2,1,C0:68:CC,Unknown,0,245
5935,JioFiber-satz,C0:68:CC:6E:74:72,-70,6,606,100,13428019607,WPA2,1,0,1,8,1.0;2.0;5.5;11.0;9.0;18.0;36.0;54.0;6.0;12.0;24.0;48.0,4,6,IN,1,20,2,1,C0:68:CC,Unknown,0,245
6037,JioFiber-satz,C0:68:CC:6E:74:72,-70,6,607,100,13428122012,WPA2,1,0,1,8,1.0;2.0;5.5;11.0;9.0;18.0;36.0;54.0;6.0;12.0;24.0;48.0,4,6,IN,1,20,2,1,C0:68:CC,Unknown,0,245
6180,DIRECT-dQ-BRAVIA,B2:10:41:BD:D6:51,-64,7,3625,100,4422451584,WPA2,1,1,1,8,6.0;9.0;12.0;18.0;24.0;36.0;48.0;54.0,0,7,,1,20,2,0,B2:10:41,Unknown,0,263
6242,JioFiber-satz,C0:68:CC:6E:74:72,-71,7,609,100,13428326803,WPA2,1,0,1,8,1.0;2.0;5.5;11.0;9.0;18.0;36.0;54.0;6.0;12.0;24.0;48.0,4,6,IN,1,20,2,1,C0:68:CC,Unknown,0,245
6295,DIRECT-dQ-BRAVIA,B2:10:41:BD:D6:51,-63,7,3626,100,4422554374,WPA2,1,1,1,8,6.0;9.0;12.0;18.0;24.0;36.0;48.0;54.0,0,7,,1,20,2,0,B2:10:41,Unknown,0,263
8041,JVACT,F0:A7:31:F8:68:16,-95,1,1220,100,2823782767,WPA2,1,0,1,8,1.0;2.0;5.5;11.0;9.0;18.0;36.0;54.0;6.0;12.0;24.0;48.0,4,1,,1,40,2,1,F0:A7:31,Unknown,0,235
8193,Satz,10:27:F5:5C:C6:A3,-70,2,324,100,805585817991,WPA2,1,0,1,8,1.0;2.0;5.5;11.0;18.0;24.0;36.0;54.0;6.0;9.0;12.0;48.0,4,3,,1,40,2,1,10:27:F5,Unknown,0,254
8296,Satz,10:27:F5:5C:C6:A3,-73,2,325,100,805585920393,WPA2,1,0,1,8,1.0;2.0;5.5;11.0;18.0;24.0;36.0;54.0;6.0;9.0;12.0;48.0,4,3,,1,40,2,1,10:27:F5,Unknown,0,254
8398,Satz,10:27:F5:5C:C6:A3,-68,3,326,100,805586022806,WPA2,1,0,1,8,1.0;2.0;5.5;11.0;18.0;24.0;36.0;54.0;6.0;9.0;12.0;48.0,4,3,,1,40,2,1,10:27:F5,Unknown,0,254
8501,Satz,10:27:F5:5C:C6:A3,-69,3,327,100,805586125206,WPA2,1,0,1,8,1.0;2.0;5.5;11.0;18.0;24.0;36.0;54.0;6.0;9.0;12.0;48.0,4,3,,1,40,2,1,10:27:F5,Unknown,0,254
8603,Satz,10:27:F5:5C:C6:A3,-68,4,328,100,805586227591,WPA2,1,0,1,8,1.0;2.0;5.5;11.0;18.0;24.0;36.0;54.0;6.0;9.0;12.0;48.0,4,3,,1,40,2,1,10:27:F5,Unknown,0,254
9007,JioFiber-satz,C0:68:CC:6E:74:72,-75,5,636,100,13431091602,WPA2,1,0,1,8,1.0;2.0;5.5;11.0;9.0;18.0;36.0;54.0;6.0;12.0;24.0;48.0,4,6,IN,1,20,2,1,C0:68:CC,Unknown,0,245
9110,JioFiber-satz,C0:68:CC:6E:74:72,-76,6,637,100,13431194024,WPA2,1,0,1,8,1.0;2.0;5.5;11.0;9.0;18.0;36.0;54.0;6.0;12.0;24.0;48.0,4,6,IN,1,20,2,1,C0:68:CC,Unknown,0,245
9212,JioFiber-satz,C0:68:CC:6E:74:72,-73,6,638,100,13431296411,WPA2,1,0,1,8,1.0;2.0;5.5;11.0;9.0;18.0;36.0;54.0;6.0;12.0;24.0;48.0,4,6,IN,1,20,2,1,C0:68:CC,Unknown,0,245
9314,JioFiber-satz,C0:68:CC:6E:74:72,-76,7,639,100,13431398811,WPA2,1,0,1,8,1.0;2.0;5.5;11.0;9.0;18.0;36.0;54.0;6.0;12.0;24.0;48.0,4,6,IN,1,20,2,1,C0:68:CC,Unknown,0,245
9367,DIRECT-dQ-BRAVIA,B2:10:41:BD:D6:51,-56,7,3656,100,4425625984,WPA2,1,1,1,8,6.0;9.0;12.0;18.0;24.0;36.0;48.0;54.0,0,7,,1,20,2,0,B2:10:41,Unknown,0,263
9457,DIRECT-dQ-BRAVIA,B2:10:41:BD:D6:51,-56,7,3657,100,4425728384,WPA2,1,1,1,8,6.0;9.0;12.0;18.0;24.0;36.0;48.0;54.0,0,7,,1,20,2,0,B2:10:41,Unknown,0,263
10344,Satz,10:27:F5:5C:C6:A3,-95,11,345,100,805587968391,WPA2,1,0,1,8,1.0;2.0;5.5;11.0;18.0;24.0;36.0;54.0;6.0;9.0;12.0;48.0,4,3,,1,40,2,1,10:27:F5,Unknown,0,254
10446,Satz,10:27:F5:5C:C6:A3,-94,11,346,100,805588070801,WPA2,1,0,1,8,1.0;2.0;5.5;11.0;18.0;24.0;36.0;54.0;6.0;9.0;12.0;48.0,4,3,,1,40,2,1,10:27:F5,Unknown,0,254
11067,JioFiber_24GH_KRR,A8:88:1F:20:7B:61,-94,1,3054,100,286266982822,WPA2,1,0,1,8,1.0;2.0;5.5;11.0;9.0;18.0;36.0;54.0;6.0;12.0;24.0;48.0,4,1,IN,1,20,2,1,A8:88:1F,Unknown,0,290
11113,JVACT,F0:A7:31:F8:68:16,-92,1,1280,100,2826854828,WPA2,1,0,1,8,1.0;2.0;5.5;11.0;9.0;18.0;36.0;54.0;6.0;12.0;24.0;48.0,4,1,,1,40,2,1,F0:A7:31,Unknown,0,235
11155,JVACT5G,F2:A7:31:F9:68:16,-90,1,1281,100,2826856918,WPA2,1,0,1,8,1.0;2.0;5.5;11.0;9.0;18.0;36.0;54.0;6.0;12.0;24.0;48.0,4,1,,1,40,2,1,F2:A7:31,Unknown,0,237
11217,JVACT5G,F2:A7:31:F9:68:16,-91,1,1283,100,2826959222,WPA2,1,0,1,8,1.0;2.0;5.5;11.0;9.0;18.0;36.0;54.0;6.0;12.0;24.0;48.0,4,1,,1,40,2,1,F2:A7:31,Unknown,0,237
11272,JioFiber_24GH_KRR,A8:88:1F:20:7B:61,-94,1,3056,100,286267187619,WPA2,1,0,1,8,1.0;2.0;5.5;11.0;9.0;18.0;36.0;54.0;6.0;12.0;24.0;48.0,4,1,IN,1,20,2,1,A8:88:1F,Unknown,0,290
11322,JVACT5G,F2:A7:31:F9:68:16,-94,2,1285,100,2827063716,WPA2,1,0,1,8,1.0;2.0;5.5;11.0;9.0;18.0;36.0;54.0;6.0;12.0;24.0;48.0,4,1,,1,40,2,1,F2:A7:31,Unknown,0,237
11368,Satz,10:27:F5:5C:C6:A3,-54,2,357,100,805588992411,WPA2,1,0,1,8,1.0;2.0;5.5;11.0;18.0;24.0;36.0;54.0;6.0;9.0;12.0;48.0,4,3,,1,40,2,1,10:27:F5,Unknown,0,254
11470,Satz,10:27:F5:5C:C6:A3,-44,2,358,100,805589094798,WPA2,1,0,1,8,1.0;2.0;5.5;11.0;18.0;24.0;36.0;54.0;6.0;9.0;12.0;48.0,4,3,,1,40,2,1,10:27:F5,Unknown,0,254
11573,Satz,10:27:F5:5C:C6:A3,-42,3,360,100,805589197201,WPA2,1,0,1,8,1.0;2.0;5.5;11.0;18.0;24.0;36.0;54.0;6.0;9.0;12.0;48.0,4,3,,1,40,2,1,10:27:F5,Unknown,0,254
11675,Satz,10:27:F5:5C:C6:A3,-42,3,362,100,805589299590,WPA2,1,0,1,8,1.0;2.0;5.5;11.0;18.0;24.0;36.0;54.0;6.0;9.0;12.0;48.0,4,3,,1,40,2,1,10:27:F5,Unknown,0,254
11777,Satz,10:27:F5:5C:C6:A3,-44,3,364,100,805589401995,WPA2,1,0,1,8,1.0;2.0;5.5;11.0;18.0;24.0;36.0;54.0;6.0;9.0;12.0;48.0,4,3,,1,40,2,1,10:27:F5,Unknown,0,254
12182,JioFiber-satz,C0:68:CC:6E:74:72,-75,5,674,100,13434266021,WPA2,1,0,1,8,1.0;2.0;5.5;11.0;9.0;18.0;36.0;54.0;6.0;12.0;24.0;48.0,4,6,IN,1,20,2,1,C0:68:CC,Unknown,0,245
12386,JioFiber-satz,C0:68:CC:6E:74:72,-75,6,677,100,13434470794,WPA2,1,0,1,8,1.0;2.0;5.5;11.0;9.0;18.0;36.0;54.0;6.0;12.0;24.0;48.0,4,6,IN,1,20,2,1,C0:68:CC,Unknown,0,245
12489,JioFiber-satz,C0:68:CC:6E:74:72,-74,6,679,100,13434573198,WPA2,1,0,1,8,1.0;2.0;5.5;11.0;9.0;18.0;36.0;54.0;6.0;12.0;24.0;48.0,4,6,IN,1,20,2,1,C0:68:CC,Unknown,0,245
12694,JioFiber-satz,C0:68:CC:6E:74:72,-76,7,683,100,13434777993,WPA2,1,0,1,8,1.0;2.0;5.5;11.0;9.0;18.0;36.0;54.0;6.0;12.0;24.0;48.0,4,6,IN,1,20,2,1,C0:68:CC,Unknown,0,245
12746,DIRECT-dQ-BRAVIA,B2:10:41:BD:D6:51,-51,7,3702,100,4429005184,WPA2,1,1,1,8,6.0;9.0;12.0;18.0;24.0;36.0;48.0;54.0,0,7,,1,20,2,0,B2:10:41,Unknown,0,263
14484,JioFiber-Venkat,E8:22:B8:10:0E:BA,-95,1,1533,100,2298893824398,WPA2,1,0,1,8,1.0;2.0;5.5;11.0;9.0;18.0;36.0;54.0;6.0;12.0;24.0;48.0,4,1,IN,1,20,2,1,E8:22:B8,Unknown,0,289
14647,Satz,10:27:F5:5C:C6:A3,-74,2,402,100,805592270956,WPA2,1,0,1,8,1.0;2.0;5.5;11.0;18.0;24.0;36.0;54.0;6.0;9.0;12.0;48.0,4,3,,1,40,2,1,10:27:F5,Unknown,0,254
14747,Satz,10:27:F5:5C:C6:A3,-67,2,404,100,805592371603,WPA2,1,0,1,8,1.0;2.0;5.5;11.0;18.0;24.0;36.0;54.0;6.0;9.0;12.0;48.0,4,3,,1,40,2,1,10:27:F5,Unknown,0,254
14851,Satz,10:27:F5:5C:C6:A3,-50,3,406,100,805592475398,WPA2,1,0,1,8,1.0;2.0;5.5;11.0;18.0;24.0;36.0;54.0;6.0;9.0;12.0;48.0,4,3,,1,40,2,1,10:27:F5,Unknown,0,254
14952,Satz,10:27:F5:5C:C6:A3,-63,3,407,100,805592576406,WPA2,1,0,1,8,1.0;2.0;5.5;11.0;18.0;24.0;36.0;54.0;6.0;9.0;12.0;48.0,4,3,,1,40,2,1,10:27:F5,Unknown,0,254
15054,Satz,10:27:F5:5C:C6:A3,-57,4,408,100,805592678790,WPA2,1,0,1,8,1.0;2.0;5.5;11.0;18.0;24.0;36.0;54.0;6.0;9.0;12.0;48.0,4,3,,1,40,2,1,10:27:F5,Unknown,0,254
15151,JioFiber-satz,C0:68:CC:6E:74:72,-85,4,711,100,13437235592,WPA2,1,0,1,8,1.0;2.0;5.5;11.0;9.0;18.0;36.0;54.0;6.0;12.0;24.0;48.0,4,6,IN,1,20,2,1,C0:68:CC,Unknown,0,245
15356,JioFiber-satz,C0:68:CC:6E:74:72,-76,5,713,100,13437440407,WPA2,1,0,1,8,1.0;2.0;5.5;11.0;9.0;18.0;36.0;54.0;6.0;12.0;24.0;48.0,4,6,IN,1,20,2,1,C0:68:CC,Unknown,0,245
15561,JioFiber-satz,C0:68:CC:6E:74:72,-89,6,715,100,13437645219,WPA2,1,0,1,8,1.0;2.0;5.5;11.0;9.0;18.0;36.0;54.0;6.0;12.0;24.0;48.0,4,6,IN,1,20,2,1,C0:68:CC,Unknown,0,245
15663,JioFiber-satz,C0:68:CC:6E:74:72,-78,6,716,100,13437747600,WPA2,1,0,1,8,1.0;2.0;5.5;11.0;9.0;18.0;36.0;54.0;6.0;12.0;24.0;48.0,4,6,IN,1,20,2,1,C0:68:CC,Unknown,0,245
15766,JioFiber-satz,C0:68:CC:6E:74:72,-86,6,717,100,13437850016,WPA2,1,0,1,8,1.0;2.0;5.5;11.0;9.0;18.0;36.0;54.0;6.0;12.0;24.0;48.0,4,6,IN,1,20,2,1,C0:68:CC,Unknown,0,245
15909,DIRECT-dQ-BRAVIA,B2:10:41:BD:D6:51,-60,7,3759,100,4432179584,WPA2,1,1,1,8,6.0;9.0;12.0;18.0;24.0;36.0;48.0;54.0,0,7,,1,20,2,0,B2:10:41,Unknown,0,263
16011,DIRECT-dQ-BRAVIA,B2:10:41:BD:D6:51,-61,7,3761,100,4432281984,WPA2,1,1,1,8,6.0;9.0;12.0;18.0;24.0;36.0;48.0;54.0,0,7,,1,20,2,0,B2:10:41,Unknown,0,263
17819,Satz,10:27:F5:5C:C6:A3,-65,2,437,100,805595443595,WPA2,1,0,1,8,1.0;2.0;5.5;11.0;18.0;24.0;36.0;54.0;6.0;9.0;12.0;48.0,4,3,,1,40,2,1,10:27:F5,Unknown,0,254
17922,Satz,10:27:F5:5C:C6:A3,-57,2,438,100,805595546015,WPA2,1,0,1,8,1.0;2.0;5.5;11.0;18.0;24.0;36.0;54.0;6.0;9.0;12.0;48.0,4,3,,1,40,2,1,10:27:F5,Unknown,0,254
17974,Palani,9C:A2:F4:E8:A2:D4,-95,2,2490,100,804720333344,WPA2,1,0,1,8,1.0;2.0;5.5;11.0;9.0;18.0;36.0;54.0;6.0;12.0;24.0;48.0,4,2,,1,40,2,1,9C:A2:F4,Unknown,0,236
18024,Satz,10:27:F5:5C:C6:A3,-49,2,439,100,805595648391,WPA2,1,0,1,8,1.0;2.0;5.5;11.0;18.0;24.0;36.0;54.0;6.0;9.0;12.0;48.0,4,3,,1,40,2,1,10:27:F5,Unknown,0,254
18127,Satz,10:27:F5:5C:C6:A3,-38,3,440,100,805595750812,WPA2,1,0,1,8,1.0;2.0;5.5;11.0;18.0;24.0;36.0;54.0;6.0;9.0;12.0;48.0,4,3,,1,40,2,1,10:27:F5,Unknown,0,254
18229,Satz,10:27:F5:5C:C6:A3,-42,3,441,100,805595853206,WPA2,1,0,1,8,1.0;2.0;5.5;11.0;18.0;24.0;36.0;54.0;6.0;9.0;12.0;48.0,4,3,,1,40,2,1,10:27:F5,Unknown,0,254
18838,JioFiber-satz,C0:68:CC:6E:74:72,-73,6,747,100,13440921994,WPA2,1,0,1,8,1.0;2.0;5.5;11.0;9.0;18.0;36.0;54.0;6.0;12.0;24.0;48.0,4,6,IN,1,20,2,1,C0:68:CC,Unknown,0,245
18940,JioFiber-satz,C0:68:CC:6E:74:72,-73,6,748,100,13441024393,WPA2,1,0,1,8,1.0;2.0;5.5;11.0;9.0;18.0;36.0;54.0;6.0;12.0;24.0;48.0,4,6,IN,1,20,2,1,C0:68:CC,Unknown,0,245
19042,JioFiber-satz,C0:68:CC:6E:74:72,-75,6,749,100,13441126819,WPA2,1,0,1,8,1.0;2.0;5.5;11.0;9.0;18.0;36.0;54.0;6.0;12.0;24.0;48.0,4,6,IN,1,20,2,1,C0:68:CC,Unknown,0,245
19186,DIRECT-dQ-BRAVIA,B2:10:41:BD:D6:51,-69,7,3805,100,4435456384,WPA2,1,1,1,8,6.0;9.0;12.0;18.0;24.0;36.0;48.0;54.0,0,7,,1,20,2,0,B2:10:41,Unknown,0,263
19288,DIRECT-dQ-BRAVIA,B2:10:41:BD:D6:51,-65,7,3806,100,4435558784,WPA2,1,1,1,8,6.0;9.0;12.0;18.0;24.0;36.0;48.0;54.0,0,7,,1,20,2,0,B2:10:41,Unknown,0,263
19552,palani-1st floor ,50:91:E3:F7:90:7E,-93,9,182,100,804738765351,WPA2,1,0,1,8,1.0;2.0;5.5;11.0;9.0;18.0;36.0;54.0;6.0;12.0;24.0;48.0,4,9,,1,40,2,1,50:91:E3,Unknown,0,341
19583,,52:91:E3:A7:90:7E,-94,9,183,100,804738765225,WEP,1,0,1,0,,0,0,,0,0,0,0,52:91:E3,Unknown,0,310
19654,palani-1st floor ,50:91:E3:F7:90:7E,-93,9,186,100,804738867680,WPA2,1,0,1,8,1.0;2.0;5.5;11.0;9.0;18.0;36.0;54.0;6.0;12.0;24.0;48.0,4,9,,1,40,2,1,50:91:E3,Unknown,0,341
19756,palani-1st floor ,50:91:E3:F7:90:7E,-94,9,190,100,804738970037,WPA2,1,0,1,8,1.0;2.0;5.5;11.0;9.0;18.0;36.0;54.0;6.0;12.0;24.0;48.0,4,9,,1,40,2,1,50:91:E3,Unknown,0,341
20072,Satz,10:27:F5:5C:C6:A3,-88,11,459,100,805597696502,WPA2,1,0,1,8,1.0;2.0;5.5;11.0;18.0;24.0;36.0;54.0;6.0;9.0;12.0;48.0,4,3,,1,40,2,1,10:27:F5,Unknown,0,254
20125,Cctv,50:2B:73:FD:4F:28,-92,11,1192,100,503788749191,WPA2,1,0,1,8,1.0;2.0;5.5;11.0;6.0;9.0;12.0;18.0;24.0;36.0;48.0;54.0,4,11,,1,40,2,1,50:2B:73,Unknown,0,276
20178,JVACT1,A4:2B:B0:01:A6:3A,-94,11,3041,100,805620326768,WPA2,1,0,1,8,1.0;2.0;5.5;11.0;9.0;18.0;36.0;54.0;6.0;12.0;24.0;48.0,4,11,,1,40,2,0,A4:2B:B0,Unknown,0,260
20230,Satz,10:27:F5:5C:C6:A3,-87,11,460,100,805597798790,WPA2,1,0,1,8,1.0;2.0;5.5;11.0;18.0;24.0;36.0;54.0;6.0;9.0;12.0;48.0,4,3,,1,40,2,1,10:27:F5,Unknown,0,254
20277,Satz,10:27:F5:5C:C6:A3,-92,11,461,100,805597901191,WPA2,1,0,1,8,1.0;2.0;5.5;11.0;18.0;24.0;36.0;54.0;6.0;9.0;12.0;48.0,4,3,,1,40,2,1,10:27:F5,Unknown,0,254
20841,JVACT,F0:A7:31:F8:68:16,-92,1,1470,100,2836582762,WPA2,1,0,1,8,1.0;2.0;5.5;11.0;9.0;18.0;36.0;54.0;6.0;12.0;24.0;48.0,4,1,,1,40,2,1,F0:A7:31,Unknown,0,235
20884,JVACT5G,F2:A7:31:F9:68:16,-92,1,1471,100,2836584852,WPA2,1,0,1,8,1.0;2.0;5.5;11.0;9.0;18.0;36.0;54.0;6.0;12.0;24.0;48.0,4,1,,1,40,2,1,F2:A7:31,Unknown,0,237
20936,JioFiber_24GH_KRR,A8:88:1F:20:7B:61,-91,1,3151,100,286276813195,WPA2,1,0,1,8,1.0;2.0;5.5;11.0;9.0;18.0;36.0;54.0;6.0;12.0;24.0;48.0,4,1,IN,1,20,2,1,A8:88:1F,Unknown,0,290
20989,JVACT,F0:A7:31:F8:68:16,-92,1,1472,100,2836685163,WPA2,1,0,1,8,1.0;2.0;5.5;11.0;9.0;18.0;36.0;54.0;6.0;12.0;24.0;48.0,4,1,,1,40,2,1,F0:A7:31,Unknown,0,235
21042,JioFiber_24GH_KRR,A8:88:1F:20:7B:61,-90,1,3152,100,286276915614,WPA2,1,0,1,8,1.0;2.0;5.5;11.0;9.0;18.0;36.0;54.0;6.0;12.0;24.0;48.0,4,1,IN,1,20,2,1,A8:88:1F,Unknown,0,290
21104,ABFAMILY,04:AB:08:31:B0:12,-92,1,1934,100,512100864421,WPA2,1,0,1,8,1.0;2.0;5.5;11.0;9.0;18.0;36.0;54.0;6.0;12.0;24.0;48.0,4,1,IN,1,20,2,1,04:AB:08,Unknown,0,281
21147,JVACT5G,F2:A7:31:F9:68:16,-90,1,1475,100,2836789652,WPA2,1,0,1,8,1.0;2.0;5.5;11.0;9.0;18.0;36.0;54.0;6.0;12.0;24.0;48.0,4,1,,1,40,2,1,F2:A7:31,Unknown,0,237
21199,JioFiber_24GH_KRR,A8:88:1F:20:7B:61,-90,1,3153,100,286277018010,WPA2,1,0,1,8,1.0;2.0;5.5;11.0;9.0;18.0;36.0;54.0;6.0;12.0;24.0;48.0,4,1,IN,1,20,2,1,A8:88:1F,Unknown,0,290
21252,Satz,10:27:F5:5C:C6:A3,-46,2,472,100,805598822790,WPA2,1,0,1,8,1.0;2.0;5.5;11.0;18.0;24.0;36.0;54.0;6.0;9.0;12.0;48.0,4,3,,1,40,2,1,10:27:F5,Unknown,0,254
21302,Satz,10:27:F5:5C:C6:A3,-45,3,473,100,805598926269,WPA2,1,0,1,8,1.0;2.0;5.5;11.0;18.0;24.0;36.0;54.0;6.0;9.0;12.0;48.0,4,3,,1,40,2,1,10:27:F5,Unknown,0,254
21403,Satz,10:27:F5:5C:C6:A3,-44,3,474,100,805599027591,WPA2,1,0,1,8,1.0;2.0;5.5;11.0;18.0;24.0;36.0;54.0;6.0;9.0;12.0;48.0,4,3,,1,40,2,1,10:27:F5,Unknown,0,254
21506,Satz,10:27:F5:5C:C6:A3,-60,3,475,100,805599130013,WPA2,1,0,1,8,1.0;2.0;5.5;11.0;18.0;24.0;36.0;54.0;6.0;9.0;12.0;48.0,4,3,,1,40,2,1,10:27:F5,Unknown,0,254
21608,Satz,10:27:F5:5C:C6:A3,-47,4,476,100,805599232417,WPA2,1,0,1,8,1.0;2.0;5.5;11.0;18.0;24.0;36.0;54.0;6.0;9.0;12.0;48.0,4,3,,1,40,2,1,10:27:F5,Unknown,0,254
21710,Satz,10:27:F5:5C:C6:A3,-61,4,477,100,805599334796,WPA2,1,0,1,8,1.0;2.0;5.5;11.0;18.0;24.0;36.0;54.0;6.0;9.0;12.0;48.0,4,3,,1,40,2,1,10:27:F5,Unknown,0,254
21894,JioFiber-CqkfQ,9A:78:C9:62:4F:27,-91,5,553,100,805595443612,WPA2,1,0,1,8,1.0;2.0;5.5;11.0;18.0;24.0;36.0;54.0;6.0;9.0;12.0;48.0,4,6,IN,1,40,2,1,9A:78:C9,Unknown,0,234
22099,JioFiber-CqkfQ,9A:78:C9:62:4F:27,-92,6,555,100,805595648412,WPA2,1,0,1,8,1.0;2.0;5.5;11.0;18.0;24.0;36.0;54.0;6.0;9.0;12.0;48.0,4,6,IN,1,40,2,1,9A:78:C9,Unknown,0,234
22152,JioFiber-satz,C0:68:CC:6E:74:72,-80,6,783,100,13444198822,WPA2,1,0,1,8,1.0;2.0;5.5;11.0;9.0;18.0;36.0;54.0;6.0;12.0;24.0;48.0,4,6,IN,1,20,2,1,C0:68:CC,Unknown,0,245
22201,JioFiber-CqkfQ,9A:78:C9:62:4F:27,-95,6,556,100,805595750791,WPA2,1,0,1,8,1.0;2.0;5.5;11.0;18.0;24.0;36.0;54.0;6.0;9.0;12.0;48.0,4,6,IN,1,40,2,1,9A:78:C9,Unknown,0,234
22254,JioFiber-satz,C0:68:CC:6E:74:72,-76,6,784,100,13444301221,WPA2,1,0,1,8,1.0;2.0;5.5;11.0;9.0;18.0;36.0;54.0;6.0;12.0;24.0;48.0,4,6,IN,1,20,2,1,C0:68:CC,Unknown,0,245
22360,DIRECT-dQ-BRAVIA,B2:10:41:BD:D6:51,-61,7,3837,100,4438630784,WPA2,1,1,1,8,6.0;9.0;12.0;18.0;24.0;36.0;48.0;54.0,0,7,,1,20,2,0,B2:10:41,Unknown,0,263
22462,DIRECT-dQ-BRAVIA,B2:10:41:BD:D6:51,-66,7,3838,100,4438733184,WPA2,1,1,1,8,6.0;9.0;12.0;18.0;24.0;36.0;48.0;54.0,0,7,,1,20,2,0,B2:10:41,Unknown,0,263
22729,JioFiber-satz,C0:68:CC:6E:74:72,-85,8,789,100,13444813216,WPA2,1,0,1,8,1.0;2.0;5.5;11.0;9.0;18.0;36.0;54.0;6.0;12.0;24.0;48.0,4,6,IN,1,20,2,1,C0:68:CC,Unknown,0,245
22828,palani-1st floor ,50:91:E3:F7:90:7E,-92,9,310,100,804742042141,WPA2,1,0,1,8,1.0;2.0;5.5;11.0;9.0;18.0;36.0;54.0;6.0;12.0;24.0;48.0,4,9,,1,40,2,1,50:91:E3,Unknown,0,341
22918,,52:91:E3:A7:90:7E,-93,9,315,100,804742144401,WEP,1,0,1,0,,0,0,,0,0,0,0,52:91:E3,Unknown,0,310
23424,JVACT1,A4:2B:B0:01:A6:3A,-96,11,3073,100,805623603539,WPA2,1,0,1,8,1.0;2.0;5.5;11.0;9.0;18.0;36.0;54.0;6.0;12.0;24.0;48.0,4,11,,1,40,2,0,A4:2B:B0,Unknown,0,260
23526,JVACT1,A4:2B:B0:01:A6:3A,-98,11,3074,100,805623705937,WPA2,1,0,1,8,1.0;2.0;5.5;11.0;9.0;18.0;36.0;54.0;6.0;12.0;24.0;48.0,4,11,,1,40,2,0,A4:2B:B0,Unknown,0,260
24118,JVACT,F0:A7:31:F8:68:16,-92,1,1534,100,2839859529,WPA2,1,0,1,8,1.0;2.0;5.5;11.0;9.0;18.0;36.0;54.0;6.0;12.0;24.0;48.0,4,1,,1,40,2,1,F0:A7:31,Unknown,0,235
24161,JVACT5G,F2:A7:31:F9:68:16,-92,1,1535,100,2839861619,WPA2,1,0,1,8,1.0;2.0;5.5;11.0;9.0;18.0;36.0;54.0;6.0;12.0;24.0;48.0,4,1,,1,40,2,1,F2:A7:31,Unknown,0,237
24220,JVACT,F0:A7:31:F8:68:16,-93,1,1536,100,2839961937,WPA2,1,0,1,8,1.0;2.0;5.5;11.0;9.0;18.0;36.0;54.0;6.0;12.0;24.0;48.0,4,1,,1,40,2,1,F0:A7:31,Unknown,0,235
24263,JVACT5G,F2:A7:31:F9:68:16,-94,1,1537,100,2839964026,WPA2,1,0,1,8,1.0;2.0;5.5;11.0;9.0;18.0;36.0;54.0;6.0;12.0;24.0;48.0,4,1,,1,40,2,1,F2:A7:31,Unknown,0,237
24324,JVACT,F0:A7:31:F8:68:16,-90,2,1538,100,2840064338,WPA2,1,0,1,8,1.0;2.0;5.5;11.0;9.0;18.0;36.0;54.0;6.0;12.0;24.0;48.0,4,1,,1,40,2,1,F0:A7:31,Unknown,0,235
24373,Satz,10:27:F5:5C:C6:A3,-58,2,505,100,805601997191,WPA2,1,0,1,8,1.0;2.0;5.5;11.0;18.0;24.0;36.0;54.0;6.0;9.0;12.0;48.0,4,3,,1,40,2,1,10:27:F5,Unknown,0,254
24475,Satz,10:27:F5:5C:C6:A3,-58,2,506,100,805602099591,WPA2,1,0,1,8,1.0;2.0;5.5;11.0;18.0;24.0;36.0;54.0;6.0;9.0;12.0;48.0,4,3,,1,40,2,1,10:27:F5,Unknown,0,254
24578,Satz,10:27:F5:5C:C6:A3,-56,3,507,100,805602202003,WPA2,1,0,1,8,1.0;2.0;5.5;11.0;18.0;24.0;36.0;54.0;6.0;9.0;12.0;48.0,4,3,,1,40,2,1,10:27:F5,Unknown,0,254
24680,Satz,10:27:F5:5C:C6:A3,-56,3,508,100,805602304414,WPA2,1,0,1,8,1.0;2.0;5.5;11.0;18.0;24.0;36.0;54.0;6.0;9.0;12.0;48.0,4,3,,1,40,2,1,10:27:F5,Unknown,0,254
24783,Satz,10:27:F5:5C:C6:A3,-56,3,509,100,805602406791,WPA2,1,0,1,8,1.0;2.0;5.5;11.0;18.0;24.0;36.0;54.0;6.0;9.0;12.0;48.0,4,3,,1,40,2,1,10:27:F5,Unknown,0,254
25084,JioFiber-satz,C0:68:CC:6E:74:72,-86,5,812,100,13447168396,WPA2,1,0,1,8,1.0;2.0;5.5;11.0;9.0;18.0;36.0;54.0;6.0;12.0;24.0;48.0,4,6,IN,1,20,2,1,C0:68:CC,Unknown,0,245
25187,JioFiber-satz,C0:68:CC:6E:74:72,-83,5,813,100,13447270799,WPA2,1,0,1,8,1.0;2.0;5.5;11.0;9.0;18.0;36.0;54.0;6.0;12.0;24.0;48.0,4,6,IN,1,20,2,1,C0:68:CC,Unknown,0,245
25289,JioFiber-satz,C0:68:CC:6E:74:72,-84,5,814,100,13447373198,WPA2,1,0,1,8,1.0;2.0;5.5;11.0;9.0;18.0;36.0;54.0;6.0;12.0;24.0;48.0,4,6,IN,1,20,2,1,C0:68:CC,Unknown,0,245
25494,JioFiber-satz,C0:68:CC:6E:74:72,-81,6,816,100,13447578007,WPA2,1,0,1,8,1.0;2.0;5.5;11.0;9.0;18.0;36.0;54.0;6.0;12.0;24.0;48.0,4,6,IN,1,20,2,1,C0:68:CC,Unknown,0,245
25637,DIRECT-dQ-BRAVIA,B2:10:41:BD:D6:51,-51,7,3869,100,4441907584,WPA2,1,1,1,8,6.0;9.0;12.0;18.0;24.0;36.0;48.0;54.0,0,7,,1,20,2,0,B2:10:41,Unknown,0,263
25739,DIRECT-dQ-BRAVIA,B2:10:41:BD:D6:51,-50,7,3870,100,4442009984,WPA2,1,1,1,8,6.0;9.0;12.0;18.0;24.0;36.0;48.0;54.0,0,7,,1,20,2,0,B2:10:41,Unknown,0,263
25900,palani-1st floor ,50:91:E3:F7:90:7E,-92,8,430,100,804745114103,WPA2,1,0,1,8,1.0;2.0;5.5;11.0;9.0;18.0;36.0;54.0;6.0;12.0;24.0;48.0,4,9,,1,40,2,1,50:91:E3,Unknown,0,341
26105,palani-1st floor ,50:91:E3:F7:90:7E,-95,9,438,100,804745318894,WPA2,1,0,1,8,1.0;2.0;5.5;11.0;9.0;18.0;36.0;54.0;6.0;12.0;24.0;48.0,4,9,,1,40,2,1,50:91:E3,Unknown,0,341
26137,,52:91:E3:A7:90:7E,-92,9,439,100,804745318813,WEP,1,0,1,0,,0,0,,0,0,0,0,52:91:E3,Unknown,0,310
26207,palani-1st floor ,50:91:E3:F7:90:7E,-93,9,442,100,804745421210,WPA2,1,0,1,8,1.0;2.0;5.5;11.0;9.0;18.0;36.0;54.0;6.0;12.0;24.0;48.0,4,9,,1,40,2,1,50:91:E3,Unknown,0,341
26239,,52:91:E3:A7:90:7E,-91,9,443,100,804745421201,WEP,1,0,1,0,,0,0,,0,0,0,0,52:91:E3,Unknown,0,310
26598,JVACT1,A4:2B:B0:01:A6:3A,-95,11,3104,100,805626777964,WPA2,1,0,1,8,1.0;2.0;5.5;11.0;9.0;18.0;36.0;54.0;6.0;12.0;24.0;48.0,4,11,,1,40,2,0,A4:2B:B0,Unknown,0,260
27395,JVACT,F0:A7:31:F8:68:16,-94,1,1598,100,2843136366,WPA2,1,0,1,8,1.0;2.0;5.5;11.0;9.0;18.0;36.0;54.0;6.0;12.0;24.0;48.0,4,1,,1,40,2,1,F0:A7:31,Unknown,0,235
27650,Satz,10:27:F5:5C:C6:A3,-61,2,542,100,805605274005,WPA2,1,0,1,8,1.0;2.0;5.5;11.0;18.0;24.0;36.0;54.0;6.0;9.0;12.0;48.0,4,3,,1,40,2,1,10:27:F5,Unknown,0,254
27752,Satz,10:27:F5:5C:C6:A3,-59,2,543,100,805605376391,WPA2,1,0,1,8,1.0;2.0;5.5;11.0;18.0;24.0;36.0;54.0;6.0;9.0;12.0;48.0,4,3,,1,40,2,1,10:27:F5,Unknown,0,254
27855,Satz,10:27:F5:5C:C6:A3,-55,3,544,100,805605478811,WPA2,1,0,1,8,1.0;2.0;5.5;11.0;18.0;24.0;36.0;54.0;6.0;9.0;12.0;48.0,4,3,,1,40,2,1,10:27:F5,Unknown,0,254
27957,Satz,10:27:F5:5C:C6:A3,-57,3,545,100,805605581191,WPA2,1,0,1,8,1.0;2.0;5.5;11.0;18.0;24.0;36.0;54.0;6.0;9.0;12.0;48.0,4,3,,1,40,2,1,10:27:F5,Unknown,0,254
28060,Satz,10:27:F5:5C:C6:A3,-59,4,546,100,805605683618,WPA2,1,0,1,8,1.0;2.0;5.5;11.0;18.0;24.0;36.0;54.0;6.0;9.0;12.0;48.0,4,3,,1,40,2,1,10:27:F5,Unknown,0,254
28162,Satz,10:27:F5:5C:C6:A3,-59,4,547,100,805605785991,WPA2,1,0,1,8,1.0;2.0;5.5;11.0;18.0;24.0;36.0;54.0;6.0;9.0;12.0;48.0,4,3,,1,40,2,1,10:27:F5,Unknown,0,254
28264,Satz,10:27:F5:5C:C6:A3,-57,4,548,100,805605888391,WPA2,1,0,1,8,1.0;2.0;5.5;11.0;18.0;24.0;36.0;54.0;6.0;9.0;12.0;48.0,4,3,,1,40,2,1,10:27:F5,Unknown,0,254
28361,JioFiber-satz,C0:68:CC:6E:74:72,-85,5,844,100,13450445220,WPA2,1,0,1,8,1.0;2.0;5.5;11.0;9.0;18.0;36.0;54.0;6.0;12.0;24.0;48.0,4,6,IN,1,20,2,1,C0:68:CC,Unknown,0,245
28463,JioFiber-satz,C0:68:CC:6E:74:72,-84,5,845,100,13450547603,WPA2,1,0,1,8,1.0;2.0;5.5;11.0;9.0;18.0;36.0;54.0;6.0;12.0;24.0;48.0,4,6,IN,1,20,2,1,C0:68:CC,Unknown,0,245
28566,JioFiber-satz,C0:68:CC:6E:74:72,-86,6,846,100,13450650005,WPA2,1,0,1,8,1.0;2.0;5.5;11.0;9.0;18.0;36.0;54.0;6.0;12.0;24.0;48.0,4,6,IN,1,20,2,1,C0:68:CC,Unknown,0,245
28653,JioFiber-CqkfQ,9A:78:C9:62:4F:27,-94,6,621,100,805602201991,WPA2,1,0,1,8,1.0;2.0;5.5;11.0;18.0;24.0;36.0;54.0;6.0;9.0;12.0;48.0,4,6,IN,1,40,2,1,9A:78:C9,Unknown,0,234
28716,JioFiber-satz,C0:68:CC:6E:74:72,-85,6,847,100,13450752408,WPA2,1,0,1,8,1.0;2.0;5.5;11.0;9.0;18.0;36.0;54.0;6.0;12.0;24.0;48.0,4,6,IN,1,20,2,1,C0:68:CC,Unknown,0,245
28759,JioFiber-CqkfQ,9A:78:C9:62:4F:27,-93,6,622,100,805602304393,WPA2,1,0,1,8,1.0;2.0;5.5;11.0;18.0;24.0;36.0;54.0;6.0;9.0;12.0;48.0,4,6,IN,1,40,2,1,9A:78:C9,Unknown,0,234
28812,JioFiber-satz,C0:68:CC:6E:74:72,-87,6,848,100,13450854822,WPA2,1,0,1,8,1.0;2.0;5.5;11.0;9.0;18.0;36.0;54.0;6.0;12.0;24.0;48.0,4,6,IN,1,20,2,1,C0:68:CC,Unknown,0,245
28855,DIRECT-dQ-BRAVIA,B2:10:41:BD:D6:51,-46,7,3900,100,4445081984,WPA2,1,1,1,8,6.0;9.0;12.0;18.0;24.0;36.0;48.0;54.0,0,7,,1,20,2,0,B2:10:41,Unknown,0,263
28914,DIRECT-dQ-BRAVIA,B2:10:41:BD:D6:51,-47,7,3901,100,4445184384,WPA2,1,1,1,8,6.0;9.0;12.0;18.0;24.0;36.0;48.0;54.0,0,7,,1,20,2,0,B2:10:41,Unknown,0,263
28975,JioFiber-satz,C0:68:CC:6E:74:72,-89,7,850,100,13451059618,WPA2,1,0,1,8,1.0;2.0;5.5;11.0;9.0;18.0;36.0;54.0;6.0;12.0;24.0;48.0,4,6,IN,1,20,2,1,C0:68:CC,Unknown,0,245
29028,DIRECT-dQ-BRAVIA,B2:10:41:BD:D6:51,-49,7,3902,100,4445286856,WPA2,1,1,1,8,6.0;9.0;12.0;18.0;24.0;36.0;48.0;54.0,0,7,,1,20,2,0,B2:10:41,Unknown,0,263
29382,palani-1st floor ,50:91:E3:F7:90:7E,-92,9,566,100,804748595631,WPA2,1,0,1,8,1.0;2.0;5.5;11.0;9.0;18.0;36.0;54.0;6.0;12.0;24.0;48.0,4,9,,1,40,2,1,50:91:E3,Unknown,0,341
29414,,52:91:E3:A7:90:7E,-93,9,567,100,804748595594,WEP,1,0,1,0,,0,0,,0,0,0,0,52:91:E3,Unknown,0,310
29484,palani-1st floor ,50:91:E3:F7:90:7E,-93,9,570,100,804748698110,WPA2,1,0,1,8,1.0;2.0;5.5;11.0;9.0;18.0;36.0;54.0;6.0;12.0;24.0;48.0,4,9,,1,40,2,1,50:91:E3,Unknown,0,341
29527,,52:91:E3:A7:90:7E,-94,9,571,100,804748698011,WEP,1,0,1,0,,0,0,,0,0,0,0,52:91:E3,Unknown,0,310
30571,JVACT5G,F2:A7:31:F9:68:16,-95,1,1661,100,2846312824,WPA2,1,0,1,8,1.0;2.0;5.5;11.0;9.0;18.0;36.0;54.0;6.0;12.0;24.0;48.0,4,1,,1,40,2,1,F2:A7:31,Unknown,0,237
30672,JVACT,F0:A7:31:F8:68:16,-94,1,1662,100,2846413133,WPA2,1,0,1,8,1.0;2.0;5.5;11.0;9.0;18.0;36.0;54.0;6.0;12.0;24.0;48.0,4,1,,1,40,2,1,F0:A7:31,Unknown,0,235
30714,JVACT5G,F2:A7:31:F9:68:16,-90,1,1663,100,2846415222,WPA2,1,0,1,8,1.0;2.0;5.5;11.0;9.0;18.0;36.0;54.0;6.0;12.0;24.0;48.0,4,1,,1,40,2,1,F2:A7:31,Unknown,0,237
30774,JVACT,F0:A7:31:F8:68:16,-92,1,1664,100,2846515535,WPA2,1,0,1,8,1.0;2.0;5.5;11.0;9.0;18.0;36.0;54.0;6.0;12.0;24.0;48.0,4,1,,1,40,2,1,F0:A7:31,Unknown,0,235
30825,JVACT5G,F2:A7:31:F9:68:16,-88,1,1665,100,2846517624,WPA2,1,0,1,8,1.0;2.0;5.5;11.0;9.0;18.0;36.0;54.0;6.0;12.0;24.0;48.0,4,1,,1,40,2,1,F2:A7:31,Unknown,0,237
30877,Satz,10:27:F5:5C:C6:A3,-74,2,574,100,805608448411,WPA2,1,0,1,8,1.0;2.0;5.5;11.0;18.0;24.0;36.0;54.0;6.0;9.0;12.0;48.0,4,3,,1,40,2,1,10:27:F5,Unknown,0,254
30920,JVACT5G,F2:A7:31:F9:68:16,-90,2,1667,100,2846620035,WPA2,1,0,1,8,1.0;2.0;5.5;11.0;9.0;18.0;36.0;54.0;6.0;12.0;24.0;48.0,4,1,,1,40,2,1,F2:A7:31,Unknown,0,237
30973,Satz,10:27:F5:5C:C6:A3,-61,2,575,100,805608550791,WPA2,1,0,1,8,1.0;2.0;5.5;11.0;18.0;24.0;36.0;54.0;6.0;9.0;12.0;48.0,4,3,,1,40,2,1,10:27:F5,Unknown,0,254
31029,Satz,10:27:F5:5C:C6:A3,-61,2,576,100,805608653190,WPA2,1,0,1,8,1.0;2.0;5.5;11.0;18.0;24.0;36.0;54.0;6.0;9.0;12.0;48.0,4,3,,1,40,2,1,10:27:F5,Unknown,0,254
31132,Satz,10:27:F5:5C:C6:A3,-60,3,578,100,805608755590,WPA2,1,0,1,8,1.0;2.0;5.5;11.0;18.0;24.0;36.0;54.0;6.0;9.0;12.0;48.0,4,3,,1,40,2,1,10:27:F5,Unknown,0,254
31234,Satz,10:27:F5:5C:C6:A3,-61,3,579,100,805608857997,WPA2,1,0,1,8,1.0;2.0;5.5;11.0;18.0;24.0;36.0;54.0;6.0;9.0;12.0;48.0,4,3,,1,40,2,1,10:27:F5,Unknown,0,254
31439,Satz,10:27:F5:5C:C6:A3,-58,4,581,100,805609062809,WPA2,1,0,1,8,1.0;2.0;5.5;11.0;18.0;24.0;36.0;54.0;6.0;9.0;12.0;48.0,4,3,,1,40,2,1,10:27:F5,Unknown,0,254
31638,JioFiber-satz,C0:68:CC:6E:74:72,-85,5,876,100,13453721995,WPA2,1,0,1,8,1.0;2.0;5.5;11.0;9.0;18.0;36.0;54.0;6.0;12.0;24.0;48.0,4,6,IN,1,20,2,1,C0:68:CC,Unknown,0,245
31725,JioFiber-CqkfQ,9A:78:C9:62:4F:27,-90,5,654,100,805605273991,WPA2,1,0,1,8,1.0;2.0;5.5;11.0;18.0;24.0;36.0;54.0;6.0;9.0;12.0;48.0,4,6,IN,1,40,2,1,9A:78:C9,Unknown,0,234
31827,JioFiber-CqkfQ,9A:78:C9:62:4F:27,-89,6,655,100,805605376410,WPA2,1,0,1,8,1.0;2.0;5.5;11.0;18.0;24.0;36.0;54.0;6.0;9.0;12.0;48.0,4,6,IN,1,40,2,1,9A:78:C9,Unknown,0,234
31880,JioFiber-satz,C0:68:CC:6E:74:72,-82,6,878,100,13453926801,WPA2,1,0,1,8,1.0;2.0;5.5;11.0;9.0;18.0;36.0;54.0;6.0;12.0;24.0;48.0,4,6,IN,1,20,2,1,C0:68:CC,Unknown,0,245
31933,Airtel__dontuse,30:BD:13:27:87:96,-91,6,3924,100,182510797856,WPA2,1,0,1,8,1.0;2.0;5.5;11.0;6.0;9.0;12.0;18.0;24.0;36.0;48.0;54.0,4,6,IN,1,20,2,1,30:BD:13,Unknown,0,311
31976,JioFiber-CqkfQ,9A:78:C9:62:4F:27,-90,6,656,100,805605478800,WPA2,1,0,1,8,1.0;2.0;5.5;11.0;18.0;24.0;36.0;54.0;6.0;9.0;12.0;48.0,4,6,IN,1,40,2,1,9A:78:C9,Unknown,0,234
32028,JioFiber-satz,C0:68:CC:6E:74:72,-80,6,879,100,13454029195,WPA2,1,0,1,8,1.0;2.0;5.5;11.0;9.0;18.0;36.0;54.0;6.0;12.0;24.0;48.0,4,6,IN,1,20,2,1,C0:68:CC,Unknown,0,245
32079,Airtel__dontuse,30:BD:13:27:87:96,-92,6,3925,100,182510900250,WPA2,1,0,1,8,1.0;2.0;5.5;11.0;6.0;9.0;12.0;18.0;24.0;36.0;48.0;54.0,4,6,IN,1,20,2,1,30:BD:13,Unknown,0,311
32131,JioFiber-CqkfQ,9A:78:C9:62:4F:27,-90,6,657,100,805605581209,WPA2,1,0,1,8,1.0;2.0;5.5;11.0;18.0;24.0;36.0;54.0;6.0;9.0;12.0;48.0,4,6,IN,1,40,2,1,9A:78:C9,Unknown,0,234
32184,JioFiber-satz,C0:68:CC:6E:74:72,-79,6,880,100,13454131604,WPA2,1,0,1,8,1.0;2.0;5.5;11.0;9.0;18.0;36.0;54.0;6.0;12.0;24.0;48.0,4,6,IN,1,20,2,1,C0:68:CC,Unknown,0,245
32227,DIRECT-dQ-BRAVIA,B2:10:41:BD:D6:51,-46,7,3932,100,4448358784,WPA2,1,1,1,8,6.0;9.0;12.0;18.0;24.0;36.0;48.0;54.0,0,7,,1,20,2,0,B2:10:41,Unknown,0,263
32279,JioFiber-CqkfQ,9A:78:C9:62:4F:27,-91,7,658,100,805605683591,WPA2,1,0,1,8,1.0;2.0;5.5;11.0;18.0;24.0;36.0;54.0;6.0;9.0;12.0;48.0,4,6,IN,1,40,2,1,9A:78:C9,Unknown,0,234
32332,JioFiber-satz,C0:68:CC:6E:74:72,-83,7,881,100,13454234010,WPA2,1,0,1,8,1.0;2.0;5.5;11.0;9.0;18.0;36.0;54.0;6.0;12.0;24.0;48.0,4,6,IN,1,20,2,1,C0:68:CC,Unknown,0,245
32385,DIRECT-dQ-BRAVIA,B2:10:41:BD:D6:51,-50,7,3933,100,4448461184,WPA2,1,1,1,8,6.0;9.0;12.0;18.0;24.0;36.0;48.0;54.0,0,7,,1,20,2,0,B2:10:41,Unknown,0,263
32428,JioFiber-satz,C0:68:CC:6E:74:72,-85,7,882,100,13454336422,WPA2,1,0,1,8,1.0;2.0;5.5;11.0;9.0;18.0;36.0;54.0;6.0;12.0;24.0;48.0,4,6,IN,1,20,2,1,C0:68:CC,Unknown,0,245
32480,DIRECT-dQ-BRAVIA,B2:10:41:BD:D6:51,-50,7,3934,100,4448563584,WPA2,1,1,1,8,6.0;9.0;12.0;18.0;24.0;36.0;48.0;54.0,0,7,,1,20,2,0,B2:10:41,Unknown,0,263
32533,JioFiber-satz,C0:68:CC:6E:74:72,-85,7,885,100,13454438796,WPA2,1,0,1,8,1.0;2.0;5.5;11.0;9.0;18.0;36.0;54.0;6.0;12.0;24.0;48.0,4,6,IN,1,20,2,1,C0:68:CC,Unknown,0,245
32595,DIRECT-dQ-BRAVIA,B2:10:41:BD:D6:51,-50,7,3935,100,4448665984,WPA2,1,1,1,8,6.0;9.0;12.0;18.0;24.0;36.0;48.0;54.0,0,7,,1,20,2,0,B2:10:41,Unknown,0,263
32646,,52:91:E3:A7:90:7E,-97,9,695,100,804751872398,WEP,1,0,1,0,,0,0,,0,0,0,0,52:91:E3,Unknown,0,310
32761,palani-1st floor ,50:91:E3:F7:90:7E,-93,9,698,100,804751974909,WPA2,1,0,1,8,1.0;2.0;5.5;11.0;9.0;18.0;36.0;54.0;6.0;12.0;24.0;48.0,4,9,,1,40,2,1,50:91:E3,Unknown,0,341
32793,,52:91:E3:A7:90:7E,-94,9,699,100,804751974811,WEP,1,0,1,0,,0,0,,0,0,0,0,52:91:E3,Unknown,0,310
33846,JVACT,F0:A7:31:F8:68:16,-91,1,1724,100,2849587561,WPA2,1,0,1,8,1.0;2.0;5.5;11.0;9.0;18.0;36.0;54.0;6.0;12.0;24.0;48.0,4,1,,1,40,2,1,F0:A7:31,Unknown,0,235
33898,JVACT5G,F2:A7:31:F9:68:16,-93,1,1725,100,2849589651,WPA2,1,0,1,8,1.0;2.0;5.5;11.0;9.0;18.0;36.0;54.0;6.0;12.0;24.0;48.0,4,1,,1,40,2,1,F2:A7:31,Unknown,0,237
33948,JVACT,F0:A7:31:F8:68:16,-95,1,1726,100,2849689967,WPA2,1,0,1,8,1.0;2.0;5.5;11.0;9.0;18.0;36.0;54.0;6.0;12.0;24.0;48.0,4,1,,1,40,2,1,F0:A7:31,Unknown,0,235
33991,JVACT5G,F2:A7:31:F9:68:16,-92,1,1727,100,2849692057,WPA2,1,0,1,8,1.0;2.0;5.5;11.0;9.0;18.0;36.0;54.0;6.0;12.0;24.0;48.0,4,1,,1,40,2,1,F2:A7:31,Unknown,0,237
34054,JioFiber_24GH_KRR,A8:88:1F:20:7B:61,-94,1,3283,100,286289920401,WPA2,1,0,1,8,1.0;2.0;5.5;11.0;9.0;18.0;36.0;54.0;6.0;12.0;24.0;48.0,4,1,IN,1,20,2,1,A8:88:1F,Unknown,0,290
34101,Satz,10:27:F5:5C:C6:A3,-58,2,610,100,805611725195,WPA2,1,0,1,8,1.0;2.0;5.5;11.0;18.0;24.0;36.0;54.0;6.0;9.0;12.0;48.0,4,3,,1,40,2,1,10:27:F5,Unknown,0,254
34204,Satz,10:27:F5:5C:C6:A3,-60,2,611,100,805611827616,WPA2,1,0,1,8,1.0;2.0;5.5;11.0;18.0;24.0;36.0;54.0;6.0;9.0;12.0;48.0,4,3,,1,40,2,1,10:27:F5,Unknown,0,254
34306,Satz,10:27:F5:5C:C6:A3,-52,3,612,100,805611929991,WPA2,1,0,1,8,1.0;2.0;5.5;11.0;18.0;24.0;36.0;54.0;6.0;9.0;12.0;48.0,4,3,,1,40,2,1,10:27:F5,Unknown,0,254
34408,Satz,10:27:F5:5C:C6:A3,-54,3,613,100,805612032397,WPA2,1,0,1,8,1.0;2.0;5.5;11.0;18.0;24.0;36.0;54.0;6.0;9.0;12.0;48.0,4,3,,1,40,2,1,10:27:F5,Unknown,0,254
34511,Satz,10:27:F5:5C:C6:A3,-54,3,614,100,805612134813,WPA2,1,0,1,8,1.0;2.0;5.5;11.0;18.0;24.0;36.0;54.0;6.0;9.0;12.0;48.0,4,3,,1,40,2,1,10:27:F5,Unknown,0,254
34613,Satz,10:27:F5:5C:C6:A3,-57,4,615,100,805612237191,WPA2,1,0,1,8,1.0;2.0;5.5;11.0;18.0;24.0;36.0;54.0;6.0;9.0;12.0;48.0,4,3,,1,40,2,1,10:27:F5,Unknown,0,254
34716,Satz,10:27:F5:5C:C6:A3,-59,4,616,100,805612339616,WPA2,1,0,1,8,1.0;2.0;5.5;11.0;18.0;24.0;36.0;54.0;6.0;9.0;12.0;48.0,4,3,,1,40,2,1,10:27:F5,Unknown,0,254
34813,JioFiber-satz,C0:68:CC:6E:74:72,-89,5,913,100,13456896400,WPA2,1,0,1,8,1.0;2.0;5.5;11.0;9.0;18.0;36.0;54.0;6.0;12.0;24.0;48.0,4,6,IN,1,20,2,1,C0:68:CC,Unknown,0,245
34915,JioFiber-satz,C0:68:CC:6E:74:72,-86,5,914,100,13456998925,WPA2,1,0,1,8,1.0;2.0;5.5;11.0;9.0;18.0;36.0;54.0;6.0;12.0;24.0;48.0,4,6,IN,1,20,2,1,C0:68:CC,Unknown,0,245
35017,JioFiber-satz,C0:68:CC:6E:74:72,-87,5,915,100,13457101227,WPA2,1,0,1,8,1.0;2.0;5.5;11.0;9.0;18.0;36.0;54.0;6.0;12.0;24.0;48.0,4,6,IN,1,20,2,1,C0:68:CC,Unknown,0,245
35067,babu_5G,CA:78:C9:FE:B1:30,-92,6,2326,100,11888435611,WPA2,1,0,1,8,1.0;2.0;5.5;11.0;18.0;24.0;36.0;54.0;6.0;9.0;12.0;48.0,4,6,IN,1,40,2,1,CA:78:C9,Unknown,0,227
35132,JioFiber-satz,C0:68:CC:6E:74:72,-86,6,916,100,13457203596,WPA2,1,0,1,8,1.0;2.0;5.5;11.0;9.0;18.0;36.0;54.0;6.0;12.0;24.0;48.0,4,6,IN,1,20,2,1,C0:68:CC,Unknown,0,245
35222,JioFiber-satz,C0:68:CC:6E:74:72,-85,6,917,100,13457306014,WPA2,1,0,1,8,1.0;2.0;5.5;11.0;9.0;18.0;36.0;54.0;6.0;12.0;24.0;48.0,4,6,IN,1,20,2,1,C0:68:CC,Unknown,0,245
35272,babu_5G,CA:78:C9:FE:B1:30,-95,6,2330,100,11888640407,WPA2,1,0,1,8,1.0;2.0;5.5;11.0;18.0;24.0;36.0;54.0;6.0;9.0;12.0;48.0,4,6,IN,1,40,2,1,CA:78:C9,Unknown,0,227
35365,DIRECT-dQ-BRAVIA,B2:10:41:BD:D6:51,-47,7,3964,100,4451635584,WPA2,1,1,1,8,6.0;9.0;12.0;18.0;24.0;36.0;48.0;54.0,0,7,,1,20,2,0,B2:10:41,Unknown,0,263
35468,DIRECT-dQ-BRAVIA,B2:10:41:BD:D6:51,-47,7,3965,100,4451737984,WPA2,1,1,1,8,6.0;9.0;12.0;18.0;24.0;36.0;48.0;54.0,0,7,,1,20,2,0,B2:10:41,Unknown,0,263
36401,Cctv,50:2B:73:FD:4F:28,-94,11,1351,100,503805030800,WPA2,1,0,1,8,1.0;2.0;5.5;11.0;6.0;9.0;12.0;18.0;24.0;36.0;48.0;54.0,4,11,,1,40,2,1,50:2B:73,Unknown,0,276
36456,Satz,10:27:F5:5C:C6:A3,-95,11,635,100,805614080398,WPA2,1,0,1,8,1.0;2.0;5.5;11.0;18.0;24.0;36.0;54.0;6.0;9.0;12.0;48.0,4,3,,1,40,2,1,10:27:F5,Unknown,0,254
37123,JVACT,F0:A7:31:F8:68:16,-93,1,1788,100,2852864329,WPA2,1,0,1,8,1.0;2.0;5.5;11.0;9.0;18.0;36.0;54.0;6.0;12.0;24.0;48.0,4,1,,1,40,2,1,F0:A7:31,Unknown,0,235
37228,ABFAMILY,04:AB:08:31:B0:12,-93,1,2095,100,512117043600,WPA2,1,0,1,8,1.0;2.0;5.5;11.0;9.0;18.0;36.0;54.0;6.0;12.0;24.0;48.0,4,1,IN,1,20,2,1,04:AB:08,Unknown,0,281
37378,Satz,10:27:F5:5C:C6:A3,-51,2,644,100,805615002205,WPA2,1,0,1,8,1.0;2.0;5.5;11.0;18.0;24.0;36.0;54.0;6.0;9.0;12.0;48.0,4,3,,1,40,2,1,10:27:F5,Unknown,0,254
37480,Satz,10:27:F5:5C:C6:A3,-48,2,645,100,805615104412,WPA2,1,0,1,8,1.0;2.0;5.5;11.0;18.0;24.0;36.0;54.0;6.0;9.0;12.0;48.0,4,3,,1,40,2,1,10:27:F5,Unknown,0,254
37583,Satz,10:27:F5:5C:C6:A3,-46,3,646,100,805615206792,WPA2,1,0,1,8,1.0;2.0;5.5;11.0;18.0;24.0;36.0;54.0;6.0;9.0;12.0;48.0,4,3,,1,40,2,1,10:27:F5,Unknown,0,254
37685,Satz,10:27:F5:5C:C6:A3,-39,3,647,100,805615309208,WPA2,1,0,1,8,1.0;2.0;5.5;11.0;18.0;24.0;36.0;54.0;6.0;9.0;12.0;48.0,4,3,,1,40,2,1,10:27:F5,Unknown,0,254
37789,Satz,10:27:F5:5C:C6:A3,-49,3,648,100,805615413221,WPA2,1,0,1,8,1.0;2.0;5.5;11.0;18.0;24.0;36.0;54.0;6.0;9.0;12.0;48.0,4,3,,1,40,2,1,10:27:F5,Unknown,0,254
37890,Satz,10:27:F5:5C:C6:A3,-45,4,649,100,805615514014,WPA2,1,0,1,8,1.0;2.0;5.5;11.0;18.0;24.0;36.0;54.0;6.0;9.0;12.0;48.0,4,3,,1,40,2,1,10:27:F5,Unknown,0,254
38089,JioFiber-satz,C0:68:CC:6E:74:72,-73,5,945,100,13460173194,WPA2,1,0,1,8,1.0;2.0;5.5;11.0;9.0;18.0;36.0;54.0;6.0;12.0;24.0;48.0,4,6,IN,1,20,2,1,C0:68:CC,Unknown,0,245
38192,JioFiber-satz,C0:68:CC:6E:74:72,-75,5,946,100,13460275625,WPA2,1,0,1,8,1.0;2.0;5.5;11.0;9.0;18.0;36.0;54.0;6.0;12.0;24.0;48.0,4,6,IN,1,20,2,1,C0:68:CC,Unknown,0,245
38397,JioFiber-satz,C0:68:CC:6E:74:72,-80,6,948,100,13460480405,WPA2,1,0,1,8,1.0;2.0;5.5;11.0;9.0;18.0;36.0;54.0;6.0;12.0;24.0;48.0,4,6,IN,1,20,2,1,C0:68:CC,Unknown,0,245
38499,JioFiber-satz,C0:68:CC:6E:74:72,-78,6,949,100,13460582796,WPA2,1,0,1,8,1.0;2.0;5.5;11.0;9.0;18.0;36.0;54.0;6.0;12.0;24.0;48.0,4,6,IN,1,20,2,1,C0:68:CC,Unknown,0,245
38601,JioFiber-satz,C0:68:CC:6E:74:72,-81,7,950,100,13460685218,WPA2,1,0,1,8,1.0;2.0;5.5;11.0;9.0;18.0;36.0;54.0;6.0;12.0;24.0;48.0,4,6,IN,1,20,2,1,C0:68:CC,Unknown,0,245
38651,DIRECT-dQ-BRAVIA,B2:10:41:BD:D6:51,-52,7,3996,100,4454912384,WPA2,1,1,1,8,6.0;9.0;12.0;18.0;24.0;36.0;48.0;54.0,0,7,,1,20,2,0,B2:10:41,Unknown,0,263
38704,JioFiber-satz,C0:68:CC:6E:74:72,-80,7,951,100,13460787598,WPA2,1,0,1,8,1.0;2.0;5.5;11.0;9.0;18.0;36.0;54.0;6.0;12.0;24.0;48.0,4,6,IN,1,20,2,1,C0:68:CC,Unknown,0,245
38756,DIRECT-dQ-BRAVIA,B2:10:41:BD:D6:51,-53,7,3997,100,4455014784,WPA2,1,1,1,8,6.0;9.0;12.0;18.0;24.0;36.0;48.0;54.0,0,7,,1,20,2,0,B2:10:41,Unknown,0,263
40393,ABFAMILY,04:AB:08:31:B0:12,-91,1,2126,100,512120218015,WPA2,1,0,1,8,1.0;2.0;5.5;11.0;9.0;18.0;36.0;54.0;6.0;12.0;24.0;48.0,4,1,IN,1,20,2,1,04:AB:08,Unknown,0,281
40505,ABFAMILY,04:AB:08:31:B0:12,-91,1,2127,100,512120320398,WPA2,1,0,1,8,1.0;2.0;5.5;11.0;9.0;18.0;36.0;54.0;6.0;12.0;24.0;48.0,4,1,IN,1,20,2,1,04:AB:08,Unknown,0,281
40563,Satz,10:27:F5:5C:C6:A3,-53,2,679,100,805618176400,WPA2,1,0,1,8,1.0;2.0;5.5;11.0;18.0;24.0;36.0;54.0;6.0;9.0;12.0;48.0,4,3,,1,40,2,1,10:27:F5,Unknown,0,254
40605,Palani,9C:A2:F4:E8:A2:D4,-93,2,2711,100,804742963741,WPA2,1,0,1,8,1.0;2.0;5.5;11.0;9.0;18.0;36.0;54.0;6.0;12.0;24.0;48.0,4,2,,1,40,2,1,9C:A2:F4,Unknown,0,236
40655,Satz,10:27:F5:5C:C6:A3,-54,2,680,100,805618278803,WPA2,1,0,1,8,1.0;2.0;5.5;11.0;18.0;24.0;36.0;54.0;6.0;9.0;12.0;48.0,4,3,,1,40,2,1,10:27:F5,Unknown,0,254
40710,ABFAMILY,04:AB:08:31:B0:12,-93,2,2129,100,512120525207,WPA2,1,0,1,8,1.0;2.0;5.5;11.0;9.0;18.0;36.0;54.0;6.0;12.0;24.0;48.0,4,1,IN,1,20,2,1,04:AB:08,Unknown,0,281
40757,Satz,10:27:F5:5C:C6:A3,-59,2,681,100,805618381214,WPA2,1,0,1,8,1.0;2.0;5.5;11.0;18.0;24.0;36.0;54.0;6.0;9.0;12.0;48.0,4,3,,1,40,2,1,10:27:F5,Unknown,0,254
40860,Satz,10:27:F5:5C:C6:A3,-60,3,682,100,805618483591,WPA2,1,0,1,8,1.0;2.0;5.5;11.0;18.0;24.0;36.0;54.0;6.0;9.0;12.0;48.0,4,3,,1,40,2,1,10:27:F5,Unknown,0,254
40962,Satz,10:27:F5:5C:C6:A3,-44,3,683,100,805618586001,WPA2,1,0,1,8,1.0;2.0;5.5;11.0;18.0;24.0;36.0;54.0;6.0;9.0;12.0;48.0,4,3,,1,40,2,1,10:27:F5,Unknown,0,254
41065,Satz,10:27:F5:5C:C6:A3,-58,4,684,100,805618688411,WPA2,1,0,1,8,1.0;2.0;5.5;11.0;18.0;24.0;36.0;54.0;6.0;9.0;12.0;48.0,4,3,,1,40,2,1,10:27:F5,Unknown,0,254
41167,Satz,10:27:F5:5C:C6:A3,-51,4,686,100,805618790800,WPA2,1,0,1,8,1.0;2.0;5.5;11.0;18.0;24.0;36.0;54.0;6.0;9.0;12.0;48.0,4,3,,1,40,2,1,10:27:F5,Unknown,0,254
41269,Satz,10:27:F5:5C:C6:A3,-48,4,687,100,805618893200,WPA2,1,0,1,8,1.0;2.0;5.5;11.0;18.0;24.0;36.0;54.0;6.0;9.0;12.0;48.0,4,3,,1,40,2,1,10:27:F5,Unknown,0,254
41469,JioFiber-satz,C0:68:CC:6E:74:72,-81,5,982,100,13463552421,WPA2,1,0,1,8,1.0;2.0;5.5;11.0;9.0;18.0;36.0;54.0;6.0;12.0;24.0;48.0,4,6,IN,1,20,2,1,C0:68:CC,Unknown,0,245
41571,JioFiber-satz,C0:68:CC:6E:74:72,-79,6,983,100,13463654823,WPA2,1,0,1,8,1.0;2.0;5.5;11.0;9.0;18.0;36.0;54.0;6.0;12.0;24.0;48.0,4,6,IN,1,20,2,1,C0:68:CC,Unknown,0,245
41623,suresh4G,CA:78:C9:FE:B1:3C,-93,6,2465,100,11894991227,WPA2,1,0,1,8,1.0;2.0;5.5;11.0;18.0;24.0;36.0;54.0;6.0;9.0;12.0;48.0,4,6,IN,1,40,2,1,CA:78:C9,Unknown,0,228
41673,JioFiber-satz,C0:68:CC:6E:74:72,-74,6,984,100,13463757226,WPA2,1,0,1,8,1.0;2.0;5.5;11.0;9.0;18.0;36.0;54.0;6.0;12.0;24.0;48.0,4,6,IN,1,20,2,1,C0:68:CC,Unknown,0,245
41752,VKS_4G,FC:7A:58:1B:1B:9A,-93,6,215,100,546163200392,WPA2,1,0,1,8,1.0;2.0;5.5;11.0;9.0;18.0;36.0;54.0;6.0;12.0;24.0;48.0,4,6,IN,1,20,2,1,FC:7A:58,Unknown,0,356
41816,JioFiber-satz,C0:68:CC:6E:74:72,-81,6,985,100,13463859594,WPA2,1,0,1,8,1.0;2.0;5.5;11.0;9.0;18.0;36.0;54.0;6.0;12.0;24.0;48.0,4,6,IN,1,20,2,1,C0:68:CC,Unknown,0,245
41859,DIRECT-dQ-BRAVIA,B2:10:41:BD:D6:51,-75,7,4048,100,4458086784,WPA2,1,1,1,8,6.0;9.0;12.0;18.0;24.0;36.0;48.0;54.0,0,7,,1,20,2,0,B2:10:41,Unknown,0,263
41912,JioFiber-satz,C0:68:CC:6E:74:72,-77,7,986,100,13463961997,WPA2,1,0,1,8,1.0;2.0;5.5;11.0;9.0;18.0;36.0;54.0;6.0;12.0;24.0;48.0,4,6,IN,1,20,2,1,C0:68:CC,Unknown,0,245
41954,Satz,10:27:F5:5C:C6:A3,-84,7,693,100,805619507591,WPA2,1,0,1,8,1.0;2.0;5.5;11.0;18.0;24.0;36.0;54.0;6.0;9.0;12.0;48.0,4,3,,1,40,2,1,10:27:F5,Unknown,0,254
42007,DIRECT-dQ-BRAVIA,B2:10:41:BD:D6:51,-73,7,4050,100,4458189184,WPA2,1,1,1,8,6.0;9.0;12.0;18.0;24.0;36.0;48.0;54.0,0,7,,1,20,2,0,B2:10:41,Unknown,0,263
42058,JioFiber-satz,C0:68:CC:6E:74:72,-75,7,987,100,13464064425,WPA2,1,0,1,8,1.0;2.0;5.5;11.0;9.0;18.0;36.0;54.0;6.0;12.0;24.0;48.0,4,6,IN,1,20,2,1,C0:68:CC,Unknown,0,245
42112,DIRECT-dQ-BRAVIA,B2:10:41:BD:D6:51,-71,7,4052,100,4458291584,WPA2,1,1,1,8,6.0;9.0;12.0;18.0;24.0;36.0;48.0;54.0,0,7,,1,20,2,0,B2:10:41,Unknown,0,263
42154,JioFiber-satz,C0:68:CC:6E:74:72,-82,7,988,100,13464166994,WPA2,1,0,1,8,1.0;2.0;5.5;11.0;9.0;18.0;36.0;54.0;6.0;12.0;24.0;48.0,4,6,IN,1,20,2,1,C0:68:CC,Unknown,0,245
42805,Satz,10:27:F5:5C:C6:A3,-91,11,703,100,805620429190,WPA2,1,0,1,8,1.0;2.0;5.5;11.0;18.0;24.0;36.0;54.0;6.0;9.0;12.0;48.0,4,3,,1,40,2,1,10:27:F5,Unknown,0,254
42910,Satz,10:27:F5:5C:C6:A3,-92,11,704,100,805620533579,WPA2,1,0,1,8,1.0;2.0;5.5;11.0;18.0;24.0;36.0;54.0;6.0;9.0;12.0;48.0,4,3,,1,40,2,1,10:27:F5,Unknown,0,254
43567,ABFAMILY,04:AB:08:31:B0:12,-93,1,2157,100,512123392402,WPA2,1,0,1,8,1.0;2.0;5.5;11.0;9.0;18.0;36.0;54.0;6.0;12.0;24.0;48.0,4,1,IN,1,20,2,1,04:AB:08,Unknown,0,281
43680,ABFAMILY,04:AB:08:31:B0:12,-93,1,2158,100,512123494823,WPA2,1,0,1,8,1.0;2.0;5.5;11.0;9.0;18.0;36.0;54.0;6.0;12.0;24.0;48.0,4,1,IN,1,20,2,1,04:AB:08,Unknown,0,281
43771,JioFiber-Venkat,E8:22:B8:10:0E:BA,-96,1,1856,100,2298923110811,WPA2,1,0,1,8,1.0;2.0;5.5;11.0;9.0;18.0;36.0;54.0;6.0;12.0;24.0;48.0,4,1,IN,1,20,2,1,E8:22:B8,Unknown,0,289
43824,ABFAMILY,04:AB:08:31:B0:12,-91,1,2159,100,512123597213,WPA2,1,0,1,8,1.0;2.0;5.5;11.0;9.0;18.0;36.0;54.0;6.0;12.0;24.0;48.0,4,1,IN,1,20,2,1,04:AB:08,Unknown,0,281
43867,Satz,10:27:F5:5C:C6:A3,-40,2,715,100,805621453216,WPA2,1,0,1,8,1.0;2.0;5.5;11.0;18.0;24.0;36.0;54.0;6.0;9.0;12.0;48.0,4,3,,1,40,2,1,10:27:F5,Unknown,0,254
43932,Satz,10:27:F5:5C:C6:A3,-41,2,716,100,805621555601,WPA2,1,0,1,8,1.0;2.0;5.5;11.0;18.0;24.0;36.0;54.0;6.0;9.0;12.0;48.0,4,3,,1,40,2,1,10:27:F5,Unknown,0,254
44034,Satz,10:27:F5:5C:C6:A3,-41,2,717,100,805621657996,WPA2,1,0,1,8,1.0;2.0;5.5;11.0;18.0;24.0;36.0;54.0;6.0;9.0;12.0;48.0,4,3,,1,40,2,1,10:27:F5,Unknown,0,254
44137,Satz,10:27:F5:5C:C6:A3,-40,3,718,100,805621760391,WPA2,1,0,1,8,1.0;2.0;5.5;11.0;18.0;24.0;36.0;54.0;6.0;9.0;12.0;48.0,4,3,,1,40,2,1,10:27:F5,Unknown,0,254
44239,Satz,10:27:F5:5C:C6:A3,-40,3,719,100,805621862791,WPA2,1,0,1,8,1.0;2.0;5.5;11.0;18.0;24.0;36.0;54.0;6.0;9.0;12.0;48.0,4,3,,1,40,2,1,10:27:F5,Unknown,0,254
44342,Satz,10:27:F5:5C:C6:A3,-41,4,720,100,805621965191,WPA2,1,0,1,8,1.0;2.0;5.5;11.0;18.0;24.0;36.0;54.0;6.0;9.0;12.0;48.0,4,3,,1,40,2,1,10:27:F5,Unknown,0,254
44444,Satz,10:27:F5:5C:C6:A3,-43,4,721,100,805622067591,WPA2,1,0,1,8,1.0;2.0;5.5;11.0;18.0;24.0;36.0;54.0;6.0;9.0;12.0;48.0,4,3,,1,40,2,1,10:27:F5,Unknown,0,254
44643,JioFiber-satz,C0:68:CC:6E:74:72,-66,5,1019,100,13466726817,WPA2,1,0,1,8,1.0;2.0;5.5;11.0;9.0;18.0;36.0;54.0;6.0;12.0;24.0;48.0,4,6,IN,1,20,2,1,C0:68:CC,Unknown,0,245
44745,JioFiber-satz,C0:68:CC:6E:74:72,-71,5,1020,100,13466829198,WPA2,1,0,1,8,1.0;2.0;5.5;11.0;9.0;18.0;36.0;54.0;6.0;12.0;24.0;48.0,4,6,IN,1,20,2,1,C0:68:CC,Unknown,0,245
44848,JioFiber-satz,C0:68:CC:6E:74:72,-71,6,1021,100,13466931597,WPA2,1,0,1,8,1.0;2.0;5.5;11.0;9.0;18.0;36.0;54.0;6.0;12.0;24.0;48.0,4,6,IN,1,20,2,1,C0:68:CC,Unknown,0,245
44951,JioFiber-satz,C0:68:CC:6E:74:72,-62,6,1022,100,13467034457,WPA2,1,0,1,8,1.0;2.0;5.5;11.0;9.0;18.0;36.0;54.0;6.0;12.0;24.0;48.0,4,6,IN,1,20,2,1,C0:68:CC,Unknown,0,245
45094,DIRECT-dQ-BRAVIA,B2:10:41:BD:D6:51,-71,7,12,100,4461363584,WPA2,1,1,1,8,6.0;9.0;12.0;18.0;24.0;36.0;48.0;54.0,0,7,,1,20,2,0,B2:10:41,Unknown,0,263
45196,DIRECT-dQ-BRAVIA,B2:10:41:BD:D6:51,-76,7,14,100,4461465984,WPA2,1,1,1,8,6.0;9.0;12.0;18.0;24.0;36.0;48.0;54.0,0,7,,1,20,2,0,B2:10:41,Unknown,0,263
46185,Satz,10:27:F5:5C:C6:A3,-95,11,740,100,805623808415,WPA2,1,0,1,8,1.0;2.0;5.5;11.0;18.0;24.0;36.0;54.0;6.0;9.0;12.0;48.0,4,3,,1,40,2,1,10:27:F5,Unknown,0,254
47048,JioFiber-Venkat,E8:22:B8:10:0E:BA,-91,1,1891,100,2298926387595,WPA2,1,0,1,8,1.0;2.0;5.5;11.0;9.0;18.0;36.0;54.0;6.0;12.0;24.0;48.0,4,1,IN,1,20,2,1,E8:22:B8,Unknown,0,289
47209,Satz,10:27:F5:5C:C6:A3,-61,2,750,100,805624832410,WPA2,1,0,1,8,1.0;2.0;5.5;11.0;18.0;24.0;36.0;54.0;6.0;9.0;12.0;48.0,4,3,,1,40,2,1,10:27:F5,Unknown,0,254
47259,Palani,9C:A2:F4:E8:A2:D4,-85,2,2776,100,804749619750,WPA2,1,0,1,8,1.0;2.0;5.5;11.0;9.0;18.0;36.0;54.0;6.0;12.0;24.0;48.0,4,2,,1,40,2,1,9C:A2:F4,Unknown,0,236
47313,Palani,9C:A2:F4:E8:A2:D4,-85,3,2777,100,804749721917,WPA2,1,0,1,8,1.0;2.0;5.5;11.0;9.0;18.0;36.0;54.0;6.0;12.0;24.0;48.0,4,2,,1,40,2,1,9C:A2:F4,Unknown,0,236
47366,Satz,10:27:F5:5C:C6:A3,-62,3,751,100,805624938930,WPA2,1,0,1,8,1.0;2.0;5.5;11.0;18.0;24.0;36.0;54.0;6.0;9.0;12.0;48.0,4,3,,1,40,2,1,10:27:F5,Unknown,0,254
47413,Satz,10:27:F5:5C:C6:A3,-56,3,752,100,805625037209,WPA2,1,0,1,8,1.0;2.0;5.5;11.0;18.0;24.0;36.0;54.0;6.0;9.0;12.0;48.0,4,3,,1,40,2,1,10:27:F5,Unknown,0,254
47466,Palani,9C:A2:F4:E8:A2:D4,-82,3,2778,100,804749824549,WPA2,1,0,1,8,1.0;2.0;5.5;11.0;9.0;18.0;36.0;54.0;6.0;12.0;24.0;48.0,4,2,,1,40,2,1,9C:A2:F4,Unknown,0,236
47516,Satz,10:27:F5:5C:C6:A3,-52,3,753,100,805625139609,WPA2,1,0,1,8,1.0;2.0;5.5;11.0;18.0;24.0;36.0;54.0;6.0;9.0;12.0;48.0,4,3,,1,40,2,1,10:27:F5,Unknown,0,254
47618,Satz,10:27:F5:5C:C6:A3,-56,4,754,100,805625242005,WPA2,1,0,1,8,1.0;2.0;5.5;11.0;18.0;24.0;36.0;54.0;6.0;9.0;12.0;48.0,4,3,,1,40,2,1,10:27:F5,Unknown,0,254
48125,JioFiber-satz,C0:68:CC:6E:74:72,-53,6,1053,100,13470208416,WPA2,1,0,1,8,1.0;2.0;5.5;11.0;9.0;18.0;36.0;54.0;6.0;12.0;24.0;48.0,4,6,IN,1,20,2,1,C0:68:CC,Unknown,0,245
48227,JioFiber-satz,C0:68:CC:6E:74:72,-61,6,1054,100,13470310799,WPA2,1,0,1,8,1.0;2.0;5.5;11.0;9.0;18.0;36.0;54.0;6.0;12.0;24.0;48.0,4,6,IN,1,20,2,1,C0:68:CC,Unknown,0,245
48371,DIRECT-dQ-BRAVIA,B2:10:41:BD:D6:51,-65,7,48,100,4464640384,WPA2,1,1,1,8,6.0;9.0;12.0;18.0;24.0;36.0;48.0;54.0,0,7,,1,20,2,0,B2:10:41,Unknown,0,263
48432,JioFiber-satz,C0:68:CC:6E:74:72,-56,7,1056,100,13470515626,WPA2,1,0,1,8,1.0;2.0;5.5;11.0;9.0;18.0;36.0;54.0;6.0;12.0;24.0;48.0,4,6,IN,1,20,2,1,C0:68:CC,Unknown,0,245
48534,JioFiber-satz,C0:68:CC:6E:74:72,-64,7,1057,100,13470618001,WPA2,1,0,1,8,1.0;2.0;5.5;11.0;9.0;18.0;36.0;54.0;6.0;12.0;24.0;48.0,4,6,IN,1,20,2,1,C0:68:CC,Unknown,0,245
48588,DIRECT-dQ-BRAVIA,B2:10:41:BD:D6:51,-63,8,50,100,4464845184,WPA2,1,1,1,8,6.0;9.0;12.0;18.0;24.0;36.0;48.0;54.0,0,7,,1,20,2,0,B2:10:41,Unknown,0,263
49337,Sekar,3C:84:6A:7B:AF:FE,-94,11,2983,100,296842035546,WPA2,1,0,1,8,1.0;2.0;5.5;11.0;9.0;18.0;36.0;54.0;6.0;12.0;24.0;48.0,4,11,,1,40,2,0,3C:84:6A,Unknown,0,259
49406,Cctv,50:2B:73:FD:4F:28,-90,11,1480,100,503818035582,WPA2,1,0,1,8,1.0;2.0;5.5;11.0;6.0;9.0;12.0;18.0;24.0;36.0;48.0;54.0,4,11,,1,40,2,1,50:2B:73,Unknown,0,276
49611,Cctv,50:2B:73:FD:4F:28,-94,12,1482,100,503818240409,WPA2,1,0,1,8,1.0;2.0;5.5;11.0;6.0;9.0;12.0;18.0;24.0;36.0;48.0;54.0,4,11,,1,40,2,1,50:2B:73,Unknown,0,276
50120,JioFiber-Venkat,E8:22:B8:10:0E:BA,-84,1,1924,100,2298929459600,WPA2,1,0,1,8,1.0;2.0;5.5;11.0;9.0;18.0;36.0;54.0;6.0;12.0;24.0;48.0,4,1,IN,1,20,2,1,E8:22:B8,Unknown,0,289
50222,JioFiber-Venkat,E8:22:B8:10:0E:BA,-84,1,1925,100,2298929562015,WPA2,1,0,1,8,1.0;2.0;5.5;11.0;9.0;18.0;36.0;54.0;6.0;12.0;24.0;48.0,4,1,IN,1,20,2,1,E8:22:B8,Unknown,0,289
50383,Satz,10:27:F5:5C:C6:A3,-55,2,781,100,805628006805,WPA2,1,0,1,8,1.0;2.0;5.5;11.0;18.0;24.0;36.0;54.0;6.0;9.0;12.0;48.0,4,3,,1,40,2,1,10:27:F5,Unknown,0,254
50436,JioFiber-Venkat,E8:22:B8:10:0E:BA,-85,2,1927,100,2298929766804,WPA2,1,0,1,8,1.0;2.0;5.5;11.0;9.0;18.0;36.0;54.0;6.0;12.0;24.0;48.0,4,1,IN,1,20,2,1,E8:22:B8,Unknown,0,289
50588,Satz,10:27:F5:5C:C6:A3,-49,3,783,100,805628211596,WPA2,1,0,1,8,1.0;2.0;5.5;11.0;18.0;24.0;36.0;54.0;6.0;9.0;12.0;48.0,4,3,,1,40,2,1,10:27:F5,Unknown,0,254
50690,Satz,10:27:F5:5C:C6:A3,-52,3,784,100,805628313992,WPA2,1,0,1,8,1.0;2.0;5.5;11.0;18.0;24.0;36.0;54.0;6.0;9.0;12.0;48.0,4,3,,1,40,2,1,10:27:F5,Unknown,0,254
50793,Satz,10:27:F5:5C:C6:A3,-52,3,785,100,805628416411,WPA2,1,0,1,8,1.0;2.0;5.5;11.0;18.0;24.0;36.0;54.0;6.0;9.0;12.0;48.0,4,3,,1,40,2,1,10:27:F5,Unknown,0,254
51094,JioFiber-satz,C0:68:CC:6E:74:72,-66,5,1082,100,13473178017,WPA2,1,0,1,8,1.0;2.0;5.5;11.0;9.0;18.0;36.0;54.0;6.0;12.0;24.0;48.0,4,6,IN,1,20,2,1,C0:68:CC,Unknown,0,245
51197,JioFiber-satz,C0:68:CC:6E:74:72,-63,5,1083,100,13473280407,WPA2,1,0,1,8,1.0;2.0;5.5;11.0;9.0;18.0;36.0;54.0;6.0;12.0;24.0;48.0,4,6,IN,1,20,2,1,C0:68:CC,Unknown,0,245
51402,JioFiber-satz,C0:68:CC:6E:74:72,-61,6,1085,100,13473485213,WPA2,1,0,1,8,1.0;2.0;5.5;11.0;9.0;18.0;36.0;54.0;6.0;12.0;24.0;48.0,4,6,IN,1,20,2,1,C0:68:CC,Unknown,0,245
51504,JioFiber-satz,C0:68:CC:6E:74:72,-64,6,1086,100,13473587616,WPA2,1,0,1,8,1.0;2.0;5.5;11.0;9.0;18.0;36.0;54.0;6.0;12.0;24.0;48.0,4,6,IN,1,20,2,1,C0:68:CC,Unknown,0,245
51606,JioFiber-satz,C0:68:CC:6E:74:72,-66,7,1087,100,13473690014,WPA2,1,0,1,8,1.0;2.0;5.5;11.0;9.0;18.0;36.0;54.0;6.0;12.0;24.0;48.0,4,6,IN,1,20,2,1,C0:68:CC,Unknown,0,245
51659,DIRECT-dQ-BRAVIA,B2:10:41:BD:D6:51,-70,7,80,100,4467917184,WPA2,1,1,1,8,6.0;9.0;12.0;18.0;24.0;36.0;48.0;54.0,0,7,,1,20,2,0,B2:10:41,Unknown,0,263
51750,DIRECT-dQ-BRAVIA,B2:10:41:BD:D6:51,-80,7,81,100,4468019584,WPA2,1,1,1,8,6.0;9.0;12.0;18.0;24.0;36.0;48.0;54.0,0,7,,1,20,2,0,B2:10:41,Unknown,0,263
52581,Cctv,50:2B:73:FD:4F:28,-93,11,1511,100,503821210000,WPA2,1,0,1,8,1.0;2.0;5.5;11.0;6.0;9.0;12.0;18.0;24.0;36.0;48.0;54.0,4,11,,1,40,2,1,50:2B:73,Unknown,0,276
52683,Cctv,50:2B:73:FD:4F:28,-90,11,1512,100,503821312391,WPA2,1,0,1,8,1.0;2.0;5.5;11.0;6.0;9.0;12.0;18.0;24.0;36.0;48.0;54.0,4,11,,1,40,2,1,50:2B:73,Unknown,0,276
52786,Cctv,50:2B:73:FD:4F:28,-92,11,1513,100,503821414782,WPA2,1,0,1,8,1.0;2.0;5.5;11.0;6.0;9.0;12.0;18.0;24.0;36.0;48.0;54.0,4,11,,1,40,2,1,50:2B:73,Unknown,0,276
53355,Palani,9C:A2:F4:E8:A2:D4,-81,1,2836,100,804755763734,WPA2,1,0,1,8,1.0;2.0;5.5;11.0;9.0;18.0;36.0;54.0;6.0;12.0;24.0;48.0,4,2,,1,40,2,1,9C:A2:F4,Unknown,0,236
53408,JioFiber-Venkat,E8:22:B8:10:0E:BA,-95,1,1956,100,2298932736400,WPA2,1,0,1,8,1.0;2.0;5.5;11.0;9.0;18.0;36.0;54.0;6.0;12.0;24.0;48.0,4,1,IN,1,20,2,1,E8:22:B8,Unknown,0,289
53558,Satz,10:27:F5:5C:C6:A3,-62,2,814,100,805631181196,WPA2,1,0,1,8,1.0;2.0;5.5;11.0;18.0;24.0;36.0;54.0;6.0;9.0;12.0;48.0,4,3,,1,40,2,1,10:27:F5,Unknown,0,254
53610,Palani,9C:A2:F4:E8:A2:D4,-78,2,2838,100,804755968538,WPA2,1,0,1,8,1.0;2.0;5.5;11.0;9.0;18.0;36.0;54.0;6.0;12.0;24.0;48.0,4,2,,1,40,2,1,9C:A2:F4,Unknown,0,236
53663,JioFiber-Venkat,E8:22:B8:10:0E:BA,-94,2,1958,100,2298932941196,WPA2,1,0,1,8,1.0;2.0;5.5;11.0;9.0;18.0;36.0;54.0;6.0;12.0;24.0;48.0,4,1,IN,1,20,2,1,E8:22:B8,Unknown,0,289
53706,Palani,9C:A2:F4:E8:A2:D4,-89,2,2839,100,804756070955,WPA2,1,0,1,8,1.0;2.0;5.5;11.0;9.0;18.0;36.0;54.0;6.0;12.0;24.0;48.0,4,2,,1,40,2,1,9C:A2:F4,Unknown,0,236
53762,Satz,10:27:F5:5C:C6:A3,-70,2,816,100,805631386014,WPA2,1,0,1,8,1.0;2.0;5.5;11.0;18.0;24.0;36.0;54.0;6.0;9.0;12.0;48.0,4,3,,1,40,2,1,10:27:F5,Unknown,0,254
53814,Palani,9C:A2:F4:E8:A2:D4,-92,2,2840,100,804756173353,WPA2,1,0,1,8,1.0;2.0;5.5;11.0;9.0;18.0;36.0;54.0;6.0;12.0;24.0;48.0,4,2,,1,40,2,1,9C:A2:F4,Unknown,0,236
53866,JioFiber-Venkat,E8:22:B8:10:0E:BA,-91,2,1960,100,2298933145994,WPA2,1,0,1,8,1.0;2.0;5.5;11.0;9.0;18.0;36.0;54.0;6.0;12.0;24.0;48.0,4,1,IN,1,20,2,1,E8:22:B8,Unknown,0,289
53919,Satz,10:27:F5:5C:C6:A3,-80,3,817,100,805631488396,WPA2,1,0,1,8,1.0;2.0;5.5;11.0;18.0;24.0;36.0;54.0;6.0;9.0;12.0;48.0,4,3,,1,40,2,1,10:27:F5,Unknown,0,254
53967,Satz,10:27:F5:5C:C6:A3,-74,3,818,100,805631590810,WPA2,1,0,1,8,1.0;2.0;5.5;11.0;18.0;24.0;36.0;54.0;6.0;9.0;12.0;48.0,4,3,,1,40,2,1,10:27:F5,Unknown,0,254
54167,JioFiber-satz,C0:68:CC:6E:74:72,-62,4,1112,100,13476250007,WPA2,1,0,1,8,1.0;2.0;5.5;11.0;9.0;18.0;36.0;54.0;6.0;12.0;24.0;48.0,4,6,IN,1,20,2,1,C0:68:CC,Unknown,0,245
54274,Satz,10:27:F5:5C:C6:A3,-72,4,821,100,805631898005,WPA2,1,0,1,8,1.0;2.0;5.5;11.0;18.0;24.0;36.0;54.0;6.0;9.0;12.0;48.0,4,3,,1,40,2,1,10:27:F5,Unknown,0,254
54371,JioFiber-satz,C0:68:CC:6E:74:72,-60,5,1114,100,13476454822,WPA2,1,0,1,8,1.0;2.0;5.5;11.0;9.0;18.0;36.0;54.0;6.0;12.0;24.0;48.0,4,6,IN,1,20,2,1,C0:68:CC,Unknown,0,245
54424,Charleshome_4g,60:A4:B7:D0:B1:81,-92,5,2136,100,19975475514,WPA2,1,0,1,8,1.0;2.0;5.5;11.0;9.0;18.0;36.0;54.0;6.0;12.0;24.0;48.0,4,6,,1,40,2,1,60:A4:B7,Unknown,0,244
54502,Charleshome_4g,60:A4:B7:D0:B1:81,-90,5,2138,100,19975577911,WPA2,1,0,1,8,1.0;2.0;5.5;11.0;9.0;18.0;36.0;54.0;6.0;12.0;24.0;48.0,4,6,,1,40,2,1,60:A4:B7,Unknown,0,244
54544,Charleshome_5g,62:A4:B7:D1:B1:81,-92,5,2139,100,19975580072,WPA2,1,0,1,8,1.0;2.0;5.5;11.0;9.0;18.0;36.0;54.0;6.0;12.0;24.0;48.0,4,6,,1,40,2,1,62:A4:B7,Unknown,0,244
54615,JioFiber-satz,C0:68:CC:6E:74:72,-64,6,1116,100,13476659602,WPA2,1,0,1,8,1.0;2.0;5.5;11.0;9.0;18.0;36.0;54.0;6.0;12.0;24.0;48.0,4,6,IN,1,20,2,1,C0:68:CC,Unknown,0,245
54663,JioFiber-CqkfQ,9A:78:C9:62:4F:27,-94,6,890,100,805628211591,WPA2,1,0,1,8,1.0;2.0;5.5;11.0;18.0;24.0;36.0;54.0;6.0;9.0;12.0;48.0,4,6,IN,1,40,2,1,9A:78:C9,Unknown,0,234
54716,JioFiber-satz,C0:68:CC:6E:74:72,-60,6,1117,100,13476762021,WPA2,1,0,1,8,1.0;2.0;5.5;11.0;9.0;18.0;36.0;54.0;6.0;12.0;24.0;48.0,4,6,IN,1,20,2,1,C0:68:CC,Unknown,0,245
54781,JioFiber-satz,C0:68:CC:6E:74:72,-58,6,1120,100,13476864422,WPA2,1,0,1,8,1.0;2.0;5.5;11.0;9.0;18.0;36.0;54.0;6.0;12.0;24.0;48.0,4,6,IN,1,20,2,1,C0:68:CC,Unknown,0,245
54883,JioFiber-satz,C0:68:CC:6E:74:72,-53,7,1125,100,13476966811,WPA2,1,0,1,8,1.0;2.0;5.5;11.0;9.0;18.0;36.0;54.0;6.0;12.0;24.0;48.0,4,6,IN,1,20,2,1,C0:68:CC,Unknown,0,245
55027,DIRECT-dQ-BRAVIA,B2:10:41:BD:D6:51,-88,7,113,100,4471296384,WPA2,1,1,1,8,6.0;9.0;12.0;18.0;24.0;36.0;48.0;54.0,0,7,,1,20,2,0,B2:10:41,Unknown,0,263
56682,JVACT,F0:A7:31:F8:68:16,-89,1,2170,100,2872422731,WPA2,1,0,1,8,1.0;2.0;5.5;11.0;9.0;18.0;36.0;54.0;6.0;12.0;24.0;48.0,4,1,,1,40,2,1,F0:A7:31,Unknown,0,235
56724,JVACT5G,F2:A7:31:F9:68:16,-95,1,2171,100,2872424821,WPA2,1,0,1,8,1.0;2.0;5.5;11.0;9.0;18.0;36.0;54.0;6.0;12.0;24.0;48.0,4,1,,1,40,2,1,F2:A7:31,Unknown,0,237
56787,ABFAMILY,04:AB:08:31:B0:12,-92,1,2289,100,512136602002,WPA2,1,0,1,8,1.0;2.0;5.5;11.0;9.0;18.0;36.0;54.0;6.0;12.0;24.0;48.0,4,1,IN,1,20,2,1,04:AB:08,Unknown,0,281
56830,JVACT,F0:A7:31:F8:68:16,-92,1,2172,100,2872525128,WPA2,1,0,1,8,1.0;2.0;5.5;11.0;9.0;18.0;36.0;54.0;6.0;12.0;24.0;48.0,4,1,,1,40,2,1,F0:A7:31,Unknown,0,235
56884,JVACT5G,F2:A7:31:F9:68:16,-91,1,2173,100,2872527218,WPA2,1,0,1,8,1.0;2.0;5.5;11.0;9.0;18.0;36.0;54.0;6.0;12.0;24.0;48.0,4,1,,1,40,2,1,F2:A7:31,Unknown,0,237
56936,Satz,10:27:F5:5C:C6:A3,-71,2,847,100,805634457990,WPA2,1,0,1,8,1.0;2.0;5.5;11.0;18.0;24.0;36.0;54.0;6.0;9.0;12.0;48.0,4,3,,1,40,2,1,10:27:F5,Unknown,0,254
56979,Palani,9C:A2:F4:E8:A2:D4,-94,2,2870,100,804759245330,WPA2,1,0,1,8,1.0;2.0;5.5;11.0;9.0;18.0;36.0;54.0;6.0;12.0;24.0;48.0,4,2,,1,40,2,1,9C:A2:F4,Unknown,0,236
57032,Satz,10:27:F5:5C:C6:A3,-72,2,848,100,805634560391,WPA2,1,0,1,8,1.0;2.0;5.5;11.0;18.0;24.0;36.0;54.0;6.0;9.0;12.0;48.0,4,3,,1,40,2,1,10:27:F5,Unknown,0,254
57085,Satz,10:27:F5:5C:C6:A3,-76,2,849,100,805634662799,WPA2,1,0,1,8,1.0;2.0;5.5;11.0;18.0;24.0;36.0;54.0;6.0;9.0;12.0;48.0,4,3,,1,40,2,1,10:27:F5,Unknown,0,254
57142,Satz,10:27:F5:5C:C6:A3,-73,3,850,100,805634765191,WPA2,1,0,1,8,1.0;2.0;5.5;11.0;18.0;24.0;36.0;54.0;6.0;9.0;12.0;48.0,4,3,,1,40,2,1,10:27:F5,Unknown,0,254
57244,Satz,10:27:F5:5C:C6:A3,-81,3,851,100,805634867598,WPA2,1,0,1,8,1.0;2.0;5.5;11.0;18.0;24.0;36.0;54.0;6.0;9.0;12.0;48.0,4,3,,1,40,2,1,10:27:F5,Unknown,0,254
57347,Satz,10:27:F5:5C:C6:A3,-78,4,852,100,805634969991,WPA2,1,0,1,8,1.0;2.0;5.5;11.0;18.0;24.0;36.0;54.0;6.0;9.0;12.0;48.0,4,3,,1,40,2,1,10:27:F5,Unknown,0,254
57649,JioFiber-satz,C0:68:CC:6E:74:72,-51,5,1152,100,13479732633,WPA2,1,0,1,8,1.0;2.0;5.5;11.0;9.0;18.0;36.0;54.0;6.0;12.0;24.0;48.0,4,6,IN,1,20,2,1,C0:68:CC,Unknown,0,245
57853,JioFiber-satz,C0:68:CC:6E:74:72,-57,6,1154,100,13479936425,WPA2,1,0,1,8,1.0;2.0;5.5;11.0;9.0;18.0;36.0;54.0;6.0;12.0;24.0;48.0,4,6,IN,1,20,2,1,C0:68:CC,Unknown,0,245
57955,JioFiber-satz,C0:68:CC:6E:74:72,-62,6,1155,100,13480038823,WPA2,1,0,1,8,1.0;2.0;5.5;11.0;9.0;18.0;36.0;54.0;6.0;12.0;24.0;48.0,4,6,IN,1,20,2,1,C0:68:CC,Unknown,0,245
58058,JioFiber-satz,C0:68:CC:6E:74:72,-60,7,1156,100,13480141813,WPA2,1,0,1,8,1.0;2.0;5.5;11.0;9.0;18.0;36.0;54.0;6.0;12.0;24.0;48.0,4,6,IN,1,20,2,1,C0:68:CC,Unknown,0,245
58111,DIRECT-dQ-BRAVIA,B2:10:41:BD:D6:51,-83,7,143,100,4474368384,WPA2,1,1,1,8,6.0;9.0;12.0;18.0;24.0;36.0;48.0;54.0,0,7,,1,20,2,0,B2:10:41,Unknown,0,263
58160,JioFiber-satz,C0:68:CC:6E:74:72,-62,7,1157,100,13480243615,WPA2,1,0,1,8,1.0;2.0;5.5;11.0;9.0;18.0;36.0;54.0;6.0;12.0;24.0;48.0,4,6,IN,1,20,2,1,C0:68:CC,Unknown,0,245
58213,DIRECT-dQ-BRAVIA,B2:10:41:BD:D6:51,-85,7,144,100,4474470784,WPA2,1,1,1,8,6.0;9.0;12.0;18.0;24.0;36.0;48.0;54.0,0,7,,1,20,2,0,B2:10:41,Unknown,0,263
59135,Cctv,50:2B:73:FD:4F:28,-95,11,1575,100,503827763582,WPA2,1,0,1,8,1.0;2.0;5.5;11.0;6.0;9.0;12.0;18.0;24.0;36.0;48.0;54.0,4,11,,1,40,2,1,50:2B:73,Unknown,0,276
59237,Cctv,50:2B:73:FD:4F:28,-92,11,1576,100,503827866000,WPA2,1,0,1,8,1.0;2.0;5.5;11.0;6.0;9.0;12.0;18.0;24.0;36.0;48.0;54.0,4,11,,1,40,2,1,50:2B:73,Unknown,0,276
59848,JioFiber-Venkat,E8:22:B8:10:0E:BA,-93,1,2029,100,2298939187609,WPA2,1,0,1,8,1.0;2.0;5.5;11.0;9.0;18.0;36.0;54.0;6.0;12.0;24.0;48.0,4,1,IN,1,20,2,1,E8:22:B8,Unknown,0,289
59891,JVACT,F0:A7:31:F8:68:16,-96,1,2232,100,2875597159,WPA2,1,0,1,8,1.0;2.0;5.5;11.0;9.0;18.0;36.0;54.0;6.0;12.0;24.0;48.0,4,1,,1,40,2,1,F0:A7:31,Unknown,0,235
59933,JVACT5G,F2:A7:31:F9:68:16,-93,1,2233,100,2875599248,WPA2,1,0,1,8,1.0;2.0;5.5;11.0;9.0;18.0;36.0;54.0;6.0;12.0;24.0;48.0,4,1,,1,40,2,1,F2:A7:31,Unknown,0,237
60007,JioFiber-Venkat,E8:22:B8:10:0E:BA,-93,1,2030,100,2298939290028,WPA2,1,0,1,8,1.0;2.0;5.5;11.0;9.0;18.0;36.0;54.0;6.0;12.0;24.0;48.0,4,1,IN,1,20,2,1,E8:22:B8,Unknown,0,289
60111,Satz,10:27:F5:5C:C6:A3,-73,2,880,100,805637734801,WPA2,1,0,1,8,1.0;2.0;5.5;11.0;18.0;24.0;36.0;54.0;6.0;9.0;12.0;48.0,4,3,,1,40,2,1,10:27:F5,Unknown,0,254
60214,Satz,10:27:F5:5C:C6:A3,-72,2,881,100,805637837203,WPA2,1,0,1,8,1.0;2.0;5.5;11.0;18.0;24.0;36.0;54.0;6.0;9.0;12.0;48.0,4,3,,1,40,2,1,10:27:F5,Unknown,0,254
60316,Satz,10:27:F5:5C:C6:A3,-75,3,882,100,805637939595,WPA2,1,0,1,8,1.0;2.0;5.5;11.0;18.0;24.0;36.0;54.0;6.0;9.0;12.0;48.0,4,3,,1,40,2,1,10:27:F5,Unknown,0,254
60521,Satz,10:27:F5:5C:C6:A3,-76,3,884,100,805638144410,WPA2,1,0,1,8,1.0;2.0;5.5;11.0;18.0;24.0;36.0;54.0;6.0;9.0;12.0;48.0,4,3,,1,40,2,1,10:27:F5,Unknown,0,254
60624,Satz,10:27:F5:5C:C6:A3,-88,4,885,100,805638246791,WPA2,1,0,1,8,1.0;2.0;5.5;11.0;18.0;24.0;36.0;54.0;6.0;9.0;12.0;48.0,4,3,,1,40,2,1,10:27:F5,Unknown,0,254
60823,JioFiber-satz,C0:68:CC:6E:74:72,-60,5,1183,100,13482906028,WPA2,1,0,1,8,1.0;2.0;5.5;11.0;9.0;18.0;36.0;54.0;6.0;12.0;24.0;48.0,4,6,IN,1,20,2,1,C0:68:CC,Unknown,0,245
60925,JioFiber-satz,C0:68:CC:6E:74:72,-68,5,1184,100,13483008398,WPA2,1,0,1,8,1.0;2.0;5.5;11.0;9.0;18.0;36.0;54.0;6.0;12.0;24.0;48.0,4,6,IN,1,20,2,1,C0:68:CC,Unknown,0,245
61027,JioFiber-satz,C0:68:CC:6E:74:72,-72,5,1185,100,13483110803,WPA2,1,0,1,8,1.0;2.0;5.5;11.0;9.0;18.0;36.0;54.0;6.0;12.0;24.0;48.0,4,6,IN,1,20,2,1,C0:68:CC,Unknown,0,245
61130,JioFiber-satz,C0:68:CC:6E:74:72,-65,6,1186,100,13483213216,WPA2,1,0,1,8,1.0;2.0;5.5;11.0;9.0;18.0;36.0;54.0;6.0;12.0;24.0;48.0,4,6,IN,1,20,2,1,C0:68:CC,Unknown,0,245
61232,JioFiber-satz,C0:68:CC:6E:74:72,-57,6,1187,100,13483315605,WPA2,1,0,1,8,1.0;2.0;5.5;11.0;9.0;18.0;36.0;54.0;6.0;12.0;24.0;48.0,4,6,IN,1,20,2,1,C0:68:CC,Unknown,0,245
61335,JioFiber-satz,C0:68:CC:6E:74:72,-63,7,1188,100,13483418026,WPA2,1,0,1,8,1.0;2.0;5.5;11.0;9.0;18.0;36.0;54.0;6.0;12.0;24.0;48.0,4,6,IN,1,20,2,1,C0:68:CC,Unknown,0,245
61387,DIRECT-dQ-BRAVIA,B2:10:41:BD:D6:51,-88,7,175,100,4477645184,WPA2,1,1,1,8,6.0;9.0;12.0;18.0;24.0;36.0;48.0;54.0,0,7,,1,20,2,0,B2:10:41,Unknown,0,263
61478,DIRECT-dQ-BRAVIA,B2:10:41:BD:D6:51,-85,7,176,100,4477747584,WPA2,1,1,1,8,6.0;9.0;12.0;18.0;24.0;36.0;48.0;54.0,0,7,,1,20,2,0,B2:10:41,Unknown,0,263
62336,JVACT1,A4:2B:B0:01:A6:3A,-95,11,3453,100,805662515531,WPA2,1,0,1,8,1.0;2.0;5.5;11.0;9.0;18.0;36.0;54.0;6.0;12.0;24.0;48.0,4,11,,1,40,2,0,A4:2B:B0,Unknown,0,260
62439,JVACT1,A4:2B:B0:01:A6:3A,-94,11,3454,100,805662617937,WPA2,1,0,1,8,1.0;2.0;5.5;11.0;9.0;18.0;36.0;54.0;6.0;12.0;24.0;48.0,4,11,,1,40,2,0,A4:2B:B0,Unknown,0,260
63236,JVACT,F0:A7:31:F8:68:16,-88,1,2298,100,2878976326,WPA2,1,0,1,8,1.0;2.0;5.5;11.0;9.0;18.0;36.0;54.0;6.0;12.0;24.0;48.0,4,1,,1,40,2,1,F0:A7:31,Unknown,0,235
63278,JVACT5G,F2:A7:31:F9:68:16,-87,1,2299,100,2878978415,WPA2,1,0,1,8,1.0;2.0;5.5;11.0;9.0;18.0;36.0;54.0;6.0;12.0;24.0;48.0,4,1,,1,40,2,1,F2:A7:31,Unknown,0,237
63388,Satz,10:27:F5:5C:C6:A3,-89,2,914,100,805641011594,WPA2,1,0,1,8,1.0;2.0;5.5;11.0;18.0;24.0;36.0;54.0;6.0;9.0;12.0;48.0,4,3,,1,40,2,1,10:27:F5,Unknown,0,254
63493,Palani,9C:A2:F4:E8:A2:D4,-95,2,2935,100,804765901344,WPA2,1,0,1,8,1.0;2.0;5.5;11.0;9.0;18.0;36.0;54.0;6.0;12.0;24.0;48.0,4,2,,1,40,2,1,9C:A2:F4,Unknown,0,236
63546,JVACT,F0:A7:31:F8:68:16,-88,2,2304,100,2879283531,WPA2,1,0,1,8,1.0;2.0;5.5;11.0;9.0;18.0;36.0;54.0;6.0;12.0;24.0;48.0,4,1,,1,40,2,1,F0:A7:31,Unknown,0,235
63599,JVACT5G,F2:A7:31:F9:68:16,-91,2,2305,100,2879285621,WPA2,1,0,1,8,1.0;2.0;5.5;11.0;9.0;18.0;36.0;54.0;6.0;12.0;24.0;48.0,4,1,,1,40,2,1,F2:A7:31,Unknown,0,237
63642,Satz,10:27:F5:5C:C6:A3,-81,3,916,100,805641216417,WPA2,1,0,1,8,1.0;2.0;5.5;11.0;18.0;24.0;36.0;54.0;6.0;9.0;12.0;48.0,4,3,,1,40,2,1,10:27:F5,Unknown,0,254
63694,Palani,9C:A2:F4:E8:A2:D4,-95,3,2936,100,804766003763,WPA2,1,0,1,8,1.0;2.0;5.5;11.0;9.0;18.0;36.0;54.0;6.0;12.0;24.0;48.0,4,2,,1,40,2,1,9C:A2:F4,Unknown,0,236
63747,Satz,10:27:F5:5C:C6:A3,-84,3,917,100,805641318792,WPA2,1,0,1,8,1.0;2.0;5.5;11.0;18.0;24.0;36.0;54.0;6.0;9.0;12.0;48.0,4,3,,1,40,2,1,10:27:F5,Unknown,0,254
63798,Satz,10:27:F5:5C:C6:A3,-81,3,918,100,805641421209,WPA2,1,0,1,8,1.0;2.0;5.5;11.0;18.0;24.0;36.0;54.0;6.0;9.0;12.0;48.0,4,3,,1,40,2,1,10:27:F5,Unknown,0,254
63900,Satz,10:27:F5:5C:C6:A3,-83,4,919,100,805641523616,WPA2,1,0,1,8,1.0;2.0;5.5;11.0;18.0;24.0;36.0;54.0;6.0;9.0;12.0;48.0,4,3,,1,40,2,1,10:27:F5,Unknown,0,254
64304,JioFiber-satz,C0:68:CC:6E:74:72,-51,6,1217,100,13486387598,WPA2,1,0,1,8,1.0;2.0;5.5;11.0;9.0;18.0;36.0;54.0;6.0;12.0;24.0;48.0,4,6,IN,1,20,2,1,C0:68:CC,Unknown,0,245
64357,Charleshome_4g,60:A4:B7:D0:B1:81,-94,6,2330,100,19985408346,WPA2,1,0,1,8,1.0;2.0;5.5;11.0;9.0;18.0;36.0;54.0;6.0;12.0;24.0;48.0,4,6,,1,40,2,1,60:A4:B7,Unknown,0,244
64400,Charleshome_5g,62:A4:B7:D1:B1:81,-94,6,2331,100,19985410508,WPA2,1,0,1,8,1.0;2.0;5.5;11.0;9.0;18.0;36.0;54.0;6.0;12.0;24.0;48.0,4,6,,1,40,2,1,62:A4:B7,Unknown,0,244
64509,JioFiber-satz,C0:68:CC:6E:74:72,-50,6,1219,100,13486592419,WPA2,1,0,1,8,1.0;2.0;5.5;11.0;9.0;18.0;36.0;54.0;6.0;12.0;24.0;48.0,4,6,IN,1,20,2,1,C0:68:CC,Unknown,0,245
64612,JioFiber-satz,C0:68:CC:6E:74:72,-62,7,1222,100,13486694805,WPA2,1,0,1,8,1.0;2.0;5.5;11.0;9.0;18.0;36.0;54.0;6.0;12.0;24.0;48.0,4,6,IN,1,20,2,1,C0:68:CC,Unknown,0,245
64664,DIRECT-dQ-BRAVIA,B2:10:41:BD:D6:51,-79,7,207,100,4480921984,WPA2,1,1,1,8,6.0;9.0;12.0;18.0;24.0;36.0;48.0;54.0,0,7,,1,20,2,0,B2:10:41,Unknown,0,263
64714,JioFiber-satz,C0:68:CC:6E:74:72,-65,7,1223,100,13486797222,WPA2,1,0,1,8,1.0;2.0;5.5;11.0;9.0;18.0;36.0;54.0;6.0;12.0;24.0;48.0,4,6,IN,1,20,2,1,C0:68:CC,Unknown,0,245
64767,DIRECT-dQ-BRAVIA,B2:10:41:BD:D6:51,-82,7,208,100,4481024385,WPA2,1,1,1,8,6.0;9.0;12.0;18.0;24.0;36.0;48.0;54.0,0,7,,1,20,2,0,B2:10:41,Unknown,0,263
65586,Cctv,50:2B:73:FD:4F:28,-95,11,1638,100,503834214782,WPA2,1,0,1,8,1.0;2.0;5.5;11.0;6.0;9.0;12.0;18.0;24.0;36.0;48.0;54.0,4,11,,1,40,2,1,50:2B:73,Unknown,0,276
65629,JVACT1,A4:2B:B0:01:A6:3A,-91,11,3485,100,805665792363,WPA2,1,0,1,8,1.0;2.0;5.5;11.0;9.0;18.0;36.0;54.0;6.0;12.0;24.0;48.0,4,11,,1,40,2,0,A4:2B:B0,Unknown,0,260
65688,Cctv,50:2B:73:FD:4F:28,-92,11,1639,100,503834317200,WPA2,1,0,1,8,1.0;2.0;5.5;11.0;6.0;9.0;12.0;18.0;24.0;36.0;48.0;54.0,4,11,,1,40,2,1,50:2B:73,Unknown,0,276
66309,JVACT,F0:A7:31:F8:68:16,-90,1,2358,100,2882049273,WPA2,1,0,1,8,1.0;2.0;5.5;11.0;9.0;18.0;36.0;54.0;6.0;12.0;24.0;48.0,4,1,,1,40,2,1,F0:A7:31,Unknown,0,235
66351,JVACT5G,F2:A7:31:F9:68:16,-89,1,2359,100,2882051363,WPA2,1,0,1,8,1.0;2.0;5.5;11.0;9.0;18.0;36.0;54.0;6.0;12.0;24.0;48.0,4,1,,1,40,2,1,F2:A7:31,Unknown,0,237
66412,JVACT,F0:A7:31:F8:68:16,-93,1,2360,100,2882152405,WPA2,1,0,1,8,1.0;2.0;5.5;11.0;9.0;18.0;36.0;54.0;6.0;12.0;24.0;48.0,4,1,,1,40,2,1,F0:A7:31,Unknown,0,235
66454,JVACT5G,F2:A7:31:F9:68:16,-95,1,2361,100,2882154494,WPA2,1,0,1,8,1.0;2.0;5.5;11.0;9.0;18.0;36.0;54.0;6.0;12.0;24.0;48.0,4,1,,1,40,2,1,F2:A7:31,Unknown,0,237
66512,JVACT,F0:A7:31:F8:68:16,-94,1,2362,100,2882253160,WPA2,1,0,1,8,1.0;2.0;5.5;11.0;9.0;18.0;36.0;54.0;6.0;12.0;24.0;48.0,4,1,,1,40,2,1,F0:A7:31,Unknown,0,235
66665,Satz,10:27:F5:5C:C6:A3,-84,2,948,100,805644288413,WPA2,1,0,1,8,1.0;2.0;5.5;11.0;18.0;24.0;36.0;54.0;6.0;9.0;12.0;48.0,4,3,,1,40,2,1,10:27:F5,Unknown,0,254
66870,Satz,10:27:F5:5C:C6:A3,-81,3,952,100,805644493206,WPA2,1,0,1,8,1.0;2.0;5.5;11.0;18.0;24.0;36.0;54.0;6.0;9.0;12.0;48.0,4,3,,1,40,2,1,10:27:F5,Unknown,0,254
66972,Satz,10:27:F5:5C:C6:A3,-83,3,953,100,805644595610,WPA2,1,0,1,8,1.0;2.0;5.5;11.0;18.0;24.0;36.0;54.0;6.0;9.0;12.0;48.0,4,3,,1,40,2,1,10:27:F5,Unknown,0,254
67177,Satz,10:27:F5:5C:C6:A3,-77,4,955,100,805644800403,WPA2,1,0,1,8,1.0;2.0;5.5;11.0;18.0;24.0;36.0;54.0;6.0;9.0;12.0;48.0,4,3,,1,40,2,1,10:27:F5,Unknown,0,254
67405,Charleshome_4g,60:A4:B7:D0:B1:81,-87,5,2390,100,19988480311,WPA2,1,0,1,8,1.0;2.0;5.5;11.0;9.0;18.0;36.0;54.0;6.0;12.0;24.0;48.0,4,6,,1,40,2,1,60:A4:B7,Unknown,0,244
67581,JioFiber-satz,C0:68:CC:6E:74:72,-62,6,1260,100,13489664403,WPA2,1,0,1,8,1.0;2.0;5.5;11.0;9.0;18.0;36.0;54.0;6.0;12.0;24.0;48.0,4,6,IN,1,20,2,1,C0:68:CC,Unknown,0,245
67653,ganesh_5g,56:AF:97:59:06:91,-90,6,2793,100,805658831675,WPA2,1,0,1,8,1.0;2.0;5.5;11.0;9.0;18.0;36.0;54.0;6.0;12.0;24.0;48.0,4,6,,1,40,2,1,56:AF:97,Unknown,0,239
67705,JioFiber-CqkfQ,9A:78:C9:62:4F:27,-93,6,1028,100,805641216410,WPA2,1,0,1,8,1.0;2.0;5.5;11.0;18.0;24.0;36.0;54.0;6.0;9.0;12.0;48.0,4,6,IN,1,40,2,1,9A:78:C9,Unknown,0,234
67758,JioFiber-satz,C0:68:CC:6E:74:72,-62,6,1261,100,13489766805,WPA2,1,0,1,8,1.0;2.0;5.5;11.0;9.0;18.0;36.0;54.0;6.0;12.0;24.0;48.0,4,6,IN,1,20,2,1,C0:68:CC,Unknown,0,245
67811,Charleshome_4g,60:A4:B7:D0:B1:81,-86,6,2396,100,19988787514,WPA2,1,0,1,8,1.0;2.0;5.5;11.0;9.0;18.0;36.0;54.0;6.0;12.0;24.0;48.0,4,6,,1,40,2,1,60:A4:B7,Unknown,0,244
67854,Charleshome_5g,62:A4:B7:D1:B1:81,-86,6,2397,100,19988789676,WPA2,1,0,1,8,1.0;2.0;5.5;11.0;9.0;18.0;36.0;54.0;6.0;12.0;24.0;48.0,4,6,,1,40,2,1,62:A4:B7,Unknown,0,244
67906,Ganesh ,54:AF:97:5B:06:91,-94,6,2794,100,805658931563,WPA2,1,0,1,8,1.0;2.0;5.5;11.0;9.0;18.0;36.0;54.0;6.0;12.0;24.0;48.0,4,6,,1,40,2,1,54:AF:97,Unknown,0,288
67960,Charleshome_4g,60:A4:B7:D0:B1:81,-90,7,2398,100,19988889913,WPA2,1,0,1,8,1.0;2.0;5.5;11.0;9.0;18.0;36.0;54.0;6.0;12.0;24.0;48.0,4,6,,1,40,2,1,60:A4:B7,Unknown,0,244
68002,Charleshome_5g,62:A4:B7:D1:B1:81,-90,7,2399,100,19988892074,WPA2,1,0,1,8,1.0;2.0;5.5;11.0;9.0;18.0;36.0;54.0;6.0;12.0;24.0;48.0,4,6,,1,40,2,1,62:A4:B7,Unknown,0,244
68055,DIRECT-dQ-BRAVIA,B2:10:41:BD:D6:51,-85,7,253,100,4484096384,WPA2,1,1,1,8,6.0;9.0;12.0;18.0;24.0;36.0;48.0;54.0,0,7,,1,20,2,0,B2:10:41,Unknown,0,263
68098,DIRECT-dQ-BRAVIA,B2:10:41:BD:D6:51,-83,7,257,100,4484301184,WPA2,1,1,1,8,6.0;9.0;12.0;18.0;24.0;36.0;48.0;54.0,0,7,,1,20,2,0,B2:10:41,Unknown,0,263
68395,,16:EB:B6:AA:64:71,-96,9,1006,100,445479117227,WEP,1,0,1,0,,0,0,,0,0,0,0,16:EB:B6,Unknown,0,263
68863,Cctv,50:2B:73:FD:4F:28,-94,11,1670,100,503837491591,WPA2,1,0,1,8,1.0;2.0;5.5;11.0;6.0;9.0;12.0;18.0;24.0;36.0;48.0;54.0,4,11,,1,40,2,1,50:2B:73,Unknown,0,276
68905,JVACT1,A4:2B:B0:01:A6:3A,-92,11,3517,100,805669069132,WPA2,1,0,1,8,1.0;2.0;5.5;11.0;9.0;18.0;36.0;54.0;6.0;12.0;24.0;48.0,4,11,,1,40,2,0,A4:2B:B0,Unknown,0,260
68965,Cctv,50:2B:73:FD:4F:28,-94,11,1671,100,503837593982,WPA2,1,0,1,8,1.0;2.0;5.5;11.0;6.0;9.0;12.0;18.0;24.0;36.0;48.0;54.0,4,11,,1,40,2,1,50:2B:73,Unknown,0,276
69585,JVACT,F0:A7:31:F8:68:16,-94,1,2422,100,2885325127,WPA2,1,0,1,8,1.0;2.0;5.5;11.0;9.0;18.0;36.0;54.0;6.0;12.0;24.0;48.0,4,1,,1,40,2,1,F0:A7:31,Unknown,0,235
69627,JVACT5G,F2:A7:31:F9:68:16,-92,1,2423,100,2885327217,WPA2,1,0,1,8,1.0;2.0;5.5;11.0;9.0;18.0;36.0;54.0;6.0;12.0;24.0;48.0,4,1,,1,40,2,1,F2:A7:31,Unknown,0,237
69701,JioFiber_24GH_KRR,A8:88:1F:20:7B:61,-92,1,3656,100,286325557083,WPA2,1,0,1,8,1.0;2.0;5.5;11.0;9.0;18.0;36.0;54.0;6.0;12.0;24.0;48.0,4,1,IN,1,20,2,1,A8:88:1F,Unknown,0,290
69744,JVACT,F0:A7:31:F8:68:16,-92,1,2424,100,2885427530,WPA2,1,0,1,8,1.0;2.0;5.5;11.0;9.0;18.0;36.0;54.0;6.0;12.0;24.0;48.0,4,1,,1,40,2,1,F0:A7:31,Unknown,0,235
69796,JVACT5G,F2:A7:31:F9:68:16,-93,1,2425,100,2885429619,WPA2,1,0,1,8,1.0;2.0;5.5;11.0;9.0;18.0;36.0;54.0;6.0;12.0;24.0;48.0,4,1,,1,40,2,1,F2:A7:31,Unknown,0,237
69849,JioFiber_24GH_KRR,A8:88:1F:20:7B:61,-91,1,3657,100,286325660589,WPA2,1,0,1,8,1.0;2.0;5.5;11.0;9.0;18.0;36.0;54.0;6.0;12.0;24.0;48.0,4,1,IN,1,20,2,1,A8:88:1F,Unknown,0,290
69902,JioFiber_24GH_KRR,A8:88:1F:20:7B:61,-92,2,3658,100,286325760652,WPA2,1,0,1,8,1.0;2.0;5.5;11.0;9.0;18.0;36.0;54.0;6.0;12.0;24.0;48.0,4,1,IN,1,20,2,1,A8:88:1F,Unknown,0,290
69955,VKS_4G_1,60:A4:B7:D0:B1:75,-89,2,669,100,40332902769,WPA2,1,0,1,8,1.0;2.0;5.5;11.0;9.0;18.0;36.0;54.0;6.0;12.0;24.0;48.0,4,1,,1,40,2,1,60:A4:B7,Unknown,0,238
70147,Satz,10:27:F5:5C:C6:A3,-86,3,984,100,805647770001,WPA2,1,0,1,8,1.0;2.0;5.5;11.0;18.0;24.0;36.0;54.0;6.0;9.0;12.0;48.0,4,3,,1,40,2,1,10:27:F5,Unknown,0,254
70551,JioFiber-satz,C0:68:CC:6E:74:72,-65,5,1289,100,13492634004,WPA2,1,0,1,8,1.0;2.0;5.5;11.0;9.0;18.0;36.0;54.0;6.0;12.0;24.0;48.0,4,6,IN,1,20,2,1,C0:68:CC,Unknown,0,245
70653,JioFiber-satz,C0:68:CC:6E:74:72,-71,5,1290,100,13492736418,WPA2,1,0,1,8,1.0;2.0;5.5;11.0;9.0;18.0;36.0;54.0;6.0;12.0;24.0;48.0,4,6,IN,1,20,2,1,C0:68:CC,Unknown,0,245
70806,Airtel__dontuse,30:BD:13:27:87:96,-92,6,245,100,182549708830,WPA2,1,0,1,8,1.0;2.0;5.5;11.0;6.0;9.0;12.0;18.0;24.0;36.0;48.0;54.0,4,6,IN,1,20,2,1,30:BD:13,Unknown,0,311
70856,ganesh_5g,56:AF:97:59:06:91,-94,6,2855,100,805662006039,WPA2,1,0,1,8,1.0;2.0;5.5;11.0;9.0;18.0;36.0;54.0;6.0;12.0;24.0;48.0,4,6,,1,40,2,1,56:AF:97,Unknown,0,239
70909,JioFiber-satz,C0:68:CC:6E:74:72,-62,6,1292,100,13492941208,WPA2,1,0,1,8,1.0;2.0;5.5;11.0;9.0;18.0;36.0;54.0;6.0;12.0;24.0;48.0,4,6,IN,1,20,2,1,C0:68:CC,Unknown,0,245
70960,JioFiber-satz,C0:68:CC:6E:74:72,-64,6,1293,100,13493043601,WPA2,1,0,1,8,1.0;2.0;5.5;11.0;9.0;18.0;36.0;54.0;6.0;12.0;24.0;48.0,4,6,IN,1,20,2,1,C0:68:CC,Unknown,0,245
71039,VKS_4G,FC:7A:58:1B:1B:9A,-92,6,788,100,546192486799,WPA2,1,0,1,8,1.0;2.0;5.5;11.0;9.0;18.0;36.0;54.0;6.0;12.0;24.0;48.0,4,6,IN,1,20,2,1,FC:7A:58,Unknown,0,356
71061,,FE:7A:58:1B:1B:9A,-91,6,789,100,546192486876,WEP,1,0,1,0,,0,0,,0,0,0,0,FE:7A:58,Unknown,0,320
71115,JioFiber-CqkfQ,9A:78:C9:62:4F:27,-96,6,1061,100,805644595599,WPA2,1,0,1,8,1.0;2.0;5.5;11.0;18.0;24.0;36.0;54.0;6.0;9.0;12.0;48.0,4,6,IN,1,40,2,1,9A:78:C9,Unknown,0,234
71168,Charleshome_4g,60:A4:B7:D0:B1:81,-89,7,2462,100,19992166749,WPA2,1,0,1,8,1.0;2.0;5.5;11.0;9.0;18.0;36.0;54.0;6.0;12.0;24.0;48.0,4,6,,1,40,2,1,60:A4:B7,Unknown,0,244
71210,DIRECT-dQ-BRAVIA,B2:10:41:BD:D6:51,-88,7,315,100,4487475584,WPA2,1,1,1,8,6.0;9.0;12.0;18.0;24.0;36.0;48.0;54.0,0,7,,1,20,2,0,B2:10:41,Unknown,0,263
71263,Airtel__dontuse,30:BD:13:27:87:96,-90,7,249,100,182550118430,WPA2,1,0,1,8,1.0;2.0;5.5;11.0;6.0;9.0;12.0;18.0;24.0;36.0;48.0;54.0,4,6,IN,1,20,2,1,30:BD:13,Unknown,0,311
71317,JioFiber-satz,C0:68:CC:6E:74:72,-58,7,1296,100,13493350812,WPA2,1,0,1,8,1.0;2.0;5.5;11.0;9.0;18.0;36.0;54.0;6.0;12.0;24.0;48.0,4,6,IN,1,20,2,1,C0:68:CC,Unknown,0,245
71569,,16:EB:B6:AA:64:71,-93,9,1068,100,445482291615,WEP,1,0,1,0,,0,0,,0,0,0,0,16:EB:B6,Unknown,0,263
72037,Cctv,50:2B:73:FD:4F:28,-85,10,1701,100,503840665991,WPA2,1,0,1,8,1.0;2.0;5.5;11.0;6.0;9.0;12.0;18.0;24.0;36.0;48.0;54.0,4,11,,1,40,2,1,50:2B:73,Unknown,0,276
72209,SanD-JioFiber,BA:A9:15:4E:AF:EE,-93,11,1169,100,804767437191,WPA2,1,0,1,8,1.0;2.0;5.5;11.0;18.0;24.0;36.0;54.0;6.0;9.0;12.0;48.0,4,11,IN,1,40,2,1,BA:A9:15,Unknown,0,233
72262,Cctv,50:2B:73:FD:4F:28,-85,11,1703,100,503840870791,WPA2,1,0,1,8,1.0;2.0;5.5;11.0;6.0;9.0;12.0;18.0;24.0;36.0;48.0;54.0,4,11,,1,40,2,1,50:2B:73,Unknown,0,276
72315,JVACT1,A4:2B:B0:01:A6:3A,-94,11,3550,100,805672448427,WPA2,1,0,1,8,1.0;2.0;5.5;11.0;9.0;18.0;36.0;54.0;6.0;12.0;24.0;48.0,4,11,,1,40,2,0,A4:2B:B0,Unknown,0,260
72368,Sekar,3C:84:6A:7B:AF:FE,-96,11,3207,100,296864973173,WPA2,1,0,1,8,1.0;2.0;5.5;11.0;9.0;18.0;36.0;54.0;6.0;12.0;24.0;48.0,4,11,,1,40,2,0,3C:84:6A,Unknown,0,259
72810,VKS_4G_1,60:A4:B7:D0:B1:75,-93,1,698,100,40335872356,WPA2,1,0,1,8,1.0;2.0;5.5;11.0;9.0;18.0;36.0;54.0;6.0;12.0;24.0;48.0,4,1,,1,40,2,1,60:A4:B7,Unknown,0,238
72861,JVACT,F0:A7:31:F8:68:16,-87,1,2486,100,2888601958,WPA2,1,0,1,8,1.0;2.0;5.5;11.0;9.0;18.0;36.0;54.0;6.0;12.0;24.0;48.0,4,1,,1,40,2,1,F0:A7:31,Unknown,0,235
72904,JVACT5G,F2:A7:31:F9:68:16,-87,1,2487,100,2888604047,WPA2,1,0,1,8,1.0;2.0;5.5;11.0;9.0;18.0;36.0;54.0;6.0;12.0;24.0;48.0,4,1,,1,40,2,1,F2:A7:31,Unknown,0,237
72967,JioFiber_24GH_KRR,A8:88:1F:20:7B:61,-93,1,3690,100,286328832603,WPA2,1,0,1,8,1.0;2.0;5.5;11.0;9.0;18.0;36.0;54.0;6.0;12.0;24.0;48.0,4,1,IN,1,20,2,1,A8:88:1F,Unknown,0,290
73020,JVACT,F0:A7:31:F8:68:16,-93,1,2488,100,2888708574,WPA2,1,0,1,8,1.0;2.0;5.5;11.0;9.0;18.0;36.0;54.0;6.0;12.0;24.0;48.0,4,1,,1,40,2,1,F0:A7:31,Unknown,0,235
73063,JVACT5G,F2:A7:31:F9:68:16,-94,1,2489,100,2888710757,WPA2,1,0,1,8,1.0;2.0;5.5;11.0;9.0;18.0;36.0;54.0;6.0;12.0;24.0;48.0,4,1,,1,40,2,1,F2:A7:31,Unknown,0,237
73116,JVACT,F0:A7:31:F8:68:16,-93,2,2490,100,2888809492,WPA2,1,0,1,8,1.0;2.0;5.5;11.0;9.0;18.0;36.0;54.0;6.0;12.0;24.0;48.0,4,1,,1,40,2,1,F0:A7:31,Unknown,0,235
73159,Satz,10:27:F5:5C:C6:A3,-79,2,1015,100,805650739602,WPA2,1,0,1,8,1.0;2.0;5.5;11.0;18.0;24.0;36.0;54.0;6.0;9.0;12.0;48.0,4,3,,1,40,2,1,10:27:F5,Unknown,0,254
73211,JVACT5G,F2:A7:31:F9:68:16,-87,2,2493,100,2888919342,WPA2,1,0,1,8,1.0;2.0;5.5;11.0;9.0;18.0;36.0;54.0;6.0;12.0;24.0;48.0,4,1,,1,40,2,1,F2:A7:31,Unknown,0,237
73263,Satz,10:27:F5:5C:C6:A3,-83,2,1016,100,805650842008,WPA2,1,0,1,8,1.0;2.0;5.5;11.0;18.0;24.0;36.0;54.0;6.0;9.0;12.0;48.0,4,3,,1,40,2,1,10:27:F5,Unknown,0,254
73316,JVACT,F0:A7:31:F8:68:16,-88,2,2494,100,2889011565,WPA2,1,0,1,8,1.0;2.0;5.5;11.0;9.0;18.0;36.0;54.0;6.0;12.0;24.0;48.0,4,1,,1,40,2,1,F0:A7:31,Unknown,0,235
73424,Satz,10:27:F5:5C:C6:A3,-83,3,1018,100,805651046790,WPA2,1,0,1,8,1.0;2.0;5.5;11.0;18.0;24.0;36.0;54.0;6.0;9.0;12.0;48.0,4,3,,1,40,2,1,10:27:F5,Unknown,0,254
73526,Satz,10:27:F5:5C:C6:A3,-82,3,1019,100,805651149191,WPA2,1,0,1,8,1.0;2.0;5.5;11.0;18.0;24.0;36.0;54.0;6.0;9.0;12.0;48.0,4,3,,1,40,2,1,10:27:F5,Unknown,0,254
73858,Charleshome_5g,62:A4:B7:D1:B1:81,-93,5,2517,100,19994933761,WPA2,1,0,1,8,1.0;2.0;5.5;11.0;9.0;18.0;36.0;54.0;6.0;12.0;24.0;48.0,4,6,,1,40,2,1,62:A4:B7,Unknown,0,244
74061,Charleshome_4g,60:A4:B7:D0:B1:81,-91,6,2520,100,19995136308,WPA2,1,0,1,8,1.0;2.0;5.5;11.0;9.0;18.0;36.0;54.0;6.0;12.0;24.0;48.0,4,6,,1,40,2,1,60:A4:B7,Unknown,0,244
74104,Charleshome_5g,62:A4:B7:D1:B1:81,-94,6,2521,100,19995138469,WPA2,1,0,1,8,1.0;2.0;5.5;11.0;9.0;18.0;36.0;54.0;6.0;12.0;24.0;48.0,4,6,,1,40,2,1,62:A4:B7,Unknown,0,244
74156,Airtel__dontuse,30:BD:13:27:87:96,-94,6,277,100,182552985639,WPA2,1,0,1,8,1.0;2.0;5.5;11.0;6.0;9.0;12.0;18.0;24.0;36.0;48.0;54.0,4,6,IN,1,20,2,1,30:BD:13,Unknown,0,311
74178,,FE:7A:58:1B:1B:9A,-93,6,849,100,546195561504,WEP,1,0,1,0,,0,0,,0,0,0,0,FE:7A:58,Unknown,0,320
74231,JioFiber-satz,C0:68:CC:6E:74:72,-56,6,1324,100,13496218016,WPA2,1,0,1,8,1.0;2.0;5.5;11.0;9.0;18.0;36.0;54.0;6.0;12.0;24.0;48.0,4,6,IN,1,20,2,1,C0:68:CC,Unknown,0,245
74302,JioFiber-satz,C0:68:CC:6E:74:72,-62,6,1325,100,13496320419,WPA2,1,0,1,8,1.0;2.0;5.5;11.0;9.0;18.0;36.0;54.0;6.0;12.0;24.0;48.0,4,6,IN,1,20,2,1,C0:68:CC,Unknown,0,245
74356,VKS_4G,FC:7A:58:1B:1B:9A,-94,7,852,100,546195763603,WPA2,1,0,1,8,1.0;2.0;5.5;11.0;9.0;18.0;36.0;54.0;6.0;12.0;24.0;48.0,4,6,IN,1,20,2,1,FC:7A:58,Unknown,0,356
74408,JioFiber-satz,C0:68:CC:6E:74:72,-61,7,1326,100,13496422818,WPA2,1,0,1,8,1.0;2.0;5.5;11.0;9.0;18.0;36.0;54.0;6.0;12.0;24.0;48.0,4,6,IN,1,20,2,1,C0:68:CC,Unknown,0,245
74461,JioFiber-satz,C0:68:CC:6E:74:72,-60,7,1327,100,13496525204,WPA2,1,0,1,8,1.0;2.0;5.5;11.0;9.0;18.0;36.0;54.0;6.0;12.0;24.0;48.0,4,6,IN,1,20,2,1,C0:68:CC,Unknown,0,245
74504,DIRECT-dQ-BRAVIA,B2:10:41:BD:D6:51,-78,7,358,100,4490752384,WPA2,1,1,1,8,6.0;9.0;12.0;18.0;24.0;36.0;48.0;54.0,0,7,,1,20,2,0,B2:10:41,Unknown,0,263
74557,JioFiber-satz,C0:68:CC:6E:74:72,-60,7,1328,100,13496627613,WPA2,1,0,1,8,1.0;2.0;5.5;11.0;9.0;18.0;36.0;54.0;6.0;12.0;24.0;48.0,4,6,IN,1,20,2,1,C0:68:CC,Unknown,0,245
75137,JVACT1,A4:2B:B0:01:A6:3A,-94,10,3578,100,805675315528,WPA2,1,0,1,8,1.0;2.0;5.5;11.0;9.0;18.0;36.0;54.0;6.0;12.0;24.0;48.0,4,11,,1,40,2,0,A4:2B:B0,Unknown,0,260
75239,JVACT1,A4:2B:B0:01:A6:3A,-93,10,3579,100,805675417932,WPA2,1,0,1,8,1.0;2.0;5.5;11.0;9.0;18.0;36.0;54.0;6.0;12.0;24.0;48.0,4,11,,1,40,2,0,A4:2B:B0,Unknown,0,260
75547,JVACT1,A4:2B:B0:01:A6:3A,-95,11,3582,100,805675725475,WPA2,1,0,1,8,1.0;2.0;5.5;11.0;9.0;18.0;36.0;54.0;6.0;12.0;24.0;48.0,4,11,,1,40,2,0,A4:2B:B0,Unknown,0,260
76138,JVACT,F0:A7:31:F8:68:16,-83,1,2550,100,2891878732,WPA2,1,0,1,8,1.0;2.0;5.5;11.0;9.0;18.0;36.0;54.0;6.0;12.0;24.0;48.0,4,1,,1,40,2,1,F0:A7:31,Unknown,0,235
76417,JVACT5G,F2:A7:31:F9:68:16,-81,1,2551,100,2891880821,WPA2,1,0,1,8,1.0;2.0;5.5;11.0;9.0;18.0;36.0;54.0;6.0;12.0;24.0;48.0,4,1,,1,40,2,1,F2:A7:31,Unknown,0,237
76470,JioFiber_24GH_KRR,A8:88:1F:20:7B:61,-89,1,3724,100,286332314027,WPA2,1,0,1,8,1.0;2.0;5.5;11.0;9.0;18.0;36.0;54.0;6.0;12.0;24.0;48.0,4,1,IN,1,20,2,1,A8:88:1F,Unknown,0,290
76522,JVACT,F0:A7:31:F8:68:16,-89,2,2556,100,2892185930,WPA2,1,0,1,8,1.0;2.0;5.5;11.0;9.0;18.0;36.0;54.0;6.0;12.0;24.0;48.0,4,1,,1,40,2,1,F0:A7:31,Unknown,0,235
76565,JVACT5G,F2:A7:31:F9:68:16,-84,2,2557,100,2892188020,WPA2,1,0,1,8,1.0;2.0;5.5;11.0;9.0;18.0;36.0;54.0;6.0;12.0;24.0;48.0,4,1,,1,40,2,1,F2:A7:31,Unknown,0,237
76618,JVACT,F0:A7:31:F8:68:16,-83,2,2558,100,2892288336,WPA2,1,0,1,8,1.0;2.0;5.5;11.0;9.0;18.0;36.0;54.0;6.0;12.0;24.0;48.0,4,1,,1,40,2,1,F0:A7:31,Unknown,0,235
76933,Satz,10:27:F5:5C:C6:A3,-74,2,1051,100,805654221191,WPA2,1,0,1,8,1.0;2.0;5.5;11.0;18.0;24.0;36.0;54.0;6.0;9.0;12.0;48.0,4,3,,1,40,2,1,10:27:F5,Unknown,0,254
76986,Satz,10:27:F5:5C:C6:A3,-70,3,1052,100,805654323616,WPA2,1,0,1,8,1.0;2.0;5.5;11.0;18.0;24.0;36.0;54.0;6.0;9.0;12.0;48.0,4,3,,1,40,2,1,10:27:F5,Unknown,0,254
77039,Satz,10:27:F5:5C:C6:A3,-67,3,1053,100,805654425991,WPA2,1,0,1,8,1.0;2.0;5.5;11.0;18.0;24.0;36.0;54.0;6.0;9.0;12.0;48.0,4,3,,1,40,2,1,10:27:F5,Unknown,0,254
77081,Satz,10:27:F5:5C:C6:A3,-72,3,1054,100,805654528415,WPA2,1,0,1,8,1.0;2.0;5.5;11.0;18.0;24.0;36.0;54.0;6.0;9.0;12.0;48.0,4,3,,1,40,2,1,10:27:F5,Unknown,0,254
77134,Satz,10:27:F5:5C:C6:A3,-72,4,1055,100,805654630800,WPA2,1,0,1,8,1.0;2.0;5.5;11.0;18.0;24.0;36.0;54.0;6.0;9.0;12.0;48.0,4,3,,1,40,2,1,10:27:F5,Unknown,0,254
77309,JioFiber-satz,C0:68:CC:6E:74:72,-49,6,1355,100,13499392424,WPA2,1,0,1,8,1.0;2.0;5.5;11.0;9.0;18.0;36.0;54.0;6.0;12.0;24.0;48.0,4,6,IN,1,20,2,1,C0:68:CC,Unknown,0,245
77396,JioFiber-CqkfQ,9A:78:C9:62:4F:27,-92,6,1126,100,805650944403,WPA2,1,0,1,8,1.0;2.0;5.5;11.0;18.0;24.0;36.0;54.0;6.0;9.0;12.0;48.0,4,6,IN,1,40,2,1,9A:78:C9,Unknown,0,234
77449,JioFiber-satz,C0:68:CC:6E:74:72,-50,6,1356,100,13499494810,WPA2,1,0,1,8,1.0;2.0;5.5;11.0;9.0;18.0;36.0;54.0;6.0;12.0;24.0;48.0,4,6,IN,1,20,2,1,C0:68:CC,Unknown,0,245
77514,JioFiber-satz,C0:68:CC:6E:74:72,-54,6,1357,100,13499597398,WPA2,1,0,1,8,1.0;2.0;5.5;11.0;9.0;18.0;36.0;54.0;6.0;12.0;24.0;48.0,4,6,IN,1,20,2,1,C0:68:CC,Unknown,0,245
77617,JioFiber-satz,C0:68:CC:6E:74:72,-51,7,1358,100,13499699603,WPA2,1,0,1,8,1.0;2.0;5.5;11.0;9.0;18.0;36.0;54.0;6.0;12.0;24.0;48.0,4,6,IN,1,20,2,1,C0:68:CC,Unknown,0,245
77665,DIRECT-dQ-BRAVIA,B2:10:41:BD:D6:51,-80,7,390,100,4493926784,WPA2,1,1,1,8,6.0;9.0;12.0;18.0;24.0;36.0;48.0;54.0,0,7,,1,20,2,0,B2:10:41,Unknown,0,263
77719,JioFiber-satz,C0:68:CC:6E:74:72,-59,7,1359,100,13499802002,WPA2,1,0,1,8,1.0;2.0;5.5;11.0;9.0;18.0;36.0;54.0;6.0;12.0;24.0;48.0,4,6,IN,1,20,2,1,C0:68:CC,Unknown,0,245
77772,DIRECT-dQ-BRAVIA,B2:10:41:BD:D6:51,-90,7,391,100,4494029184,WPA2,1,1,1,8,6.0;9.0;12.0;18.0;24.0;36.0;48.0;54.0,0,7,,1,20,2,0,B2:10:41,Unknown,0,263
78591,Cctv,50:2B:73:FD:4F:28,-95,11,1765,100,503847219609,WPA2,1,0,1,8,1.0;2.0;5.5;11.0;6.0;9.0;12.0;18.0;24.0;36.0;48.0;54.0,4,11,,1,40,2,1,50:2B:73,Unknown,0,276
78634,JVACT1,A4:2B:B0:01:A6:3A,-93,11,3612,100,805678797162,WPA2,1,0,1,8,1.0;2.0;5.5;11.0;9.0;18.0;36.0;54.0;6.0;12.0;24.0;48.0,4,11,,1,40,2,0,A4:2B:B0,Unknown,0,260
78746,JVACT1,A4:2B:B0:01:A6:3A,-91,11,3613,100,805678924419,WPA2,1,0,1,8,1.0;2.0;5.5;11.0;9.0;18.0;36.0;54.0;6.0;12.0;24.0;48.0,4,11,,1,40,2,0,A4:2B:B0,Unknown,0,260
79028,JVACT1,A4:2B:B0:01:A6:3A,-91,12,3616,100,805679206770,WPA2,1,0,1,8,1.0;2.0;5.5;11.0;9.0;18.0;36.0;54.0;6.0;12.0;24.0;48.0,4,11,,1,40,2,0,A4:2B:B0,Unknown,0,260
79315,JVACT5G,F2:A7:31:F9:68:16,-95,1,2613,100,2895055250,WPA2,1,0,1,8,1.0;2.0;5.5;11.0;9.0;18.0;36.0;54.0;6.0;12.0;24.0;48.0,4,1,,1,40,2,1,F2:A7:31,Unknown,0,237
79415,JVACT,F0:A7:31:F8:68:16,-90,1,2614,100,2895155561,WPA2,1,0,1,8,1.0;2.0;5.5;11.0;9.0;18.0;36.0;54.0;6.0;12.0;24.0;48.0,4,1,,1,40,2,1,F0:A7:31,Unknown,0,235
79458,JVACT5G,F2:A7:31:F9:68:16,-88,1,2615,100,2895157650,WPA2,1,0,1,8,1.0;2.0;5.5;11.0;9.0;18.0;36.0;54.0;6.0;12.0;24.0;48.0,4,1,,1,40,2,1,F2:A7:31,Unknown,0,237
79520,JVACT5G,F2:A7:31:F9:68:16,-87,1,2617,100,2895260053,WPA2,1,0,1,8,1.0;2.0;5.5;11.0;9.0;18.0;36.0;54.0;6.0;12.0;24.0;48.0,4,1,,1,40,2,1,F2:A7:31,Unknown,0,237
79620,JVACT,F0:A7:31:F8:68:16,-89,2,2618,100,2895360361,WPA2,1,0,1,8,1.0;2.0;5.5;11.0;9.0;18.0;36.0;54.0;6.0;12.0;24.0;48.0,4,1,,1,40,2,1,F0:A7:31,Unknown,0,235
79875,Satz,10:27:F5:5C:C6:A3,-72,3,1083,100,805657498017,WPA2,1,0,1,8,1.0;2.0;5.5;11.0;18.0;24.0;36.0;54.0;6.0;9.0;12.0;48.0,4,3,,1,40,2,1,10:27:F5,Unknown,0,254
79977,Satz,10:27:F5:5C:C6:A3,-74,3,1084,100,805657600397,WPA2,1,0,1,8,1.0;2.0;5.5;11.0;18.0;24.0;36.0;54.0;6.0;9.0;12.0;48.0,4,3,,1,40,2,1,10:27:F5,Unknown,0,254
80177,JioFiber-satz,C0:68:CC:6E:74:72,-76,4,1383,100,13502259599,WPA2,1,0,1,8,1.0;2.0;5.5;11.0;9.0;18.0;36.0;54.0;6.0;12.0;24.0;48.0,4,6,IN,1,20,2,1,C0:68:CC,Unknown,0,245
80285,Satz,10:27:F5:5C:C6:A3,-69,4,1087,100,805657907591,WPA2,1,0,1,8,1.0;2.0;5.5;11.0;18.0;24.0;36.0;54.0;6.0;9.0;12.0;48.0,4,3,,1,40,2,1,10:27:F5,Unknown,0,254
80484,JioFiber-satz,C0:68:CC:6E:74:72,-70,5,1386,100,13502566828,WPA2,1,0,1,8,1.0;2.0;5.5;11.0;9.0;18.0;36.0;54.0;6.0;12.0;24.0;48.0,4,6,IN,1,20,2,1,C0:68:CC,Unknown,0,245
80586,JioFiber-satz,C0:68:CC:6E:74:72,-55,6,1387,100,13502669196,WPA2,1,0,1,8,1.0;2.0;5.5;11.0;9.0;18.0;36.0;54.0;6.0;12.0;24.0;48.0,4,6,IN,1,20,2,1,C0:68:CC,Unknown,0,245
80665,VKS_4G,FC:7A:58:1B:1B:9A,-92,6,976,100,546202112419,WPA2,1,0,1,8,1.0;2.0;5.5;11.0;9.0;18.0;36.0;54.0;6.0;12.0;24.0;48.0,4,6,IN,1,20,2,1,FC:7A:58,Unknown,0,356
80718,JioFiber-satz,C0:68:CC:6E:74:72,-51,6,1388,100,13502771615,WPA2,1,0,1,8,1.0;2.0;5.5;11.0;9.0;18.0;36.0;54.0;6.0;12.0;24.0;48.0,4,6,IN,1,20,2,1,C0:68:CC,Unknown,0,245
80740,,FE:7A:58:1B:1B:9A,-93,6,979,100,546202215087,WEP,1,0,1,0,,0,0,,0,0,0,0,FE:7A:58,Unknown,0,320
80793,JioFiber-satz,C0:68:CC:6E:74:72,-55,6,1389,100,13502874018,WPA2,1,0,1,8,1.0;2.0;5.5;11.0;9.0;18.0;36.0;54.0;6.0;12.0;24.0;48.0,4,6,IN,1,20,2,1,C0:68:CC,Unknown,0,245
80894,JioFiber-satz,C0:68:CC:6E:74:72,-60,7,1390,100,13502976419,WPA2,1,0,1,8,1.0;2.0;5.5;11.0;9.0;18.0;36.0;54.0;6.0;12.0;24.0;48.0,4,6,IN,1,20,2,1,C0:68:CC,Unknown,0,245
80946,DIRECT-dQ-BRAVIA,B2:10:41:BD:D6:51,-86,7,422,100,4497203583,WPA2,1,1,1,8,6.0;9.0;12.0;18.0;24.0;36.0;48.0;54.0,0,7,,1,20,2,0,B2:10:41,Unknown,0,263
81037,DIRECT-dQ-BRAVIA,B2:10:41:BD:D6:51,-89,7,423,100,4497305984,WPA2,1,1,1,8,6.0;9.0;12.0;18.0;24.0;36.0;48.0;54.0,0,7,,1,20,2,0,B2:10:41,Unknown,0,263
82694,JVACT5G,F2:A7:31:F9:68:16,-94,1,2679,100,2898434419,WPA2,1,0,1,8,1.0;2.0;5.5;11.0;9.0;18.0;36.0;54.0;6.0;12.0;24.0;48.0,4,1,,1,40,2,1,F2:A7:31,Unknown,0,237
82845,Satz,10:27:F5:5C:C6:A3,-77,2,1113,100,805660467609,WPA2,1,0,1,8,1.0;2.0;5.5;11.0;18.0;24.0;36.0;54.0;6.0;9.0;12.0;48.0,4,3,,1,40,2,1,10:27:F5,Unknown,0,254
82897,Palani,9C:A2:F4:E8:A2:D4,-90,2,3124,100,804785254959,WPA2,1,0,1,8,1.0;2.0;5.5;11.0;9.0;18.0;36.0;54.0;6.0;12.0;24.0;48.0,4,2,,1,40,2,1,9C:A2:F4,Unknown,0,236
82947,Satz,10:27:F5:5C:C6:A3,-78,2,1115,100,805660570003,WPA2,1,0,1,8,1.0;2.0;5.5;11.0;18.0;24.0;36.0;54.0;6.0;9.0;12.0;48.0,4,3,,1,40,2,1,10:27:F5,Unknown,0,254
83152,Satz,10:27:F5:5C:C6:A3,-77,3,1117,100,805660774803,WPA2,1,0,1,8,1.0;2.0;5.5;11.0;18.0;24.0;36.0;54.0;6.0;9.0;12.0;48.0,4,3,,1,40,2,1,10:27:F5,Unknown,0,254
83254,Satz,10:27:F5:5C:C6:A3,-72,3,1118,100,805660877211,WPA2,1,0,1,8,1.0;2.0;5.5;11.0;18.0;24.0;36.0;54.0;6.0;9.0;12.0;48.0,4,3,,1,40,2,1,10:27:F5,Unknown,0,254
83556,JioFiber-satz,C0:68:CC:6E:74:72,-53,5,1416,100,13505638822,WPA2,1,0,1,8,1.0;2.0;5.5;11.0;9.0;18.0;36.0;54.0;6.0;12.0;24.0;48.0,4,6,IN,1,20,2,1,C0:68:CC,Unknown,0,245
83761,JioFiber-satz,C0:68:CC:6E:74:72,-58,5,1418,100,13505843598,WPA2,1,0,1,8,1.0;2.0;5.5;11.0;9.0;18.0;36.0;54.0;6.0;12.0;24.0;48.0,4,6,IN,1,20,2,1,C0:68:CC,Unknown,0,245
83863,JioFiber-satz,C0:68:CC:6E:74:72,-50,6,1419,100,13505946007,WPA2,1,0,1,8,1.0;2.0;5.5;11.0;9.0;18.0;36.0;54.0;6.0;12.0;24.0;48.0,4,6,IN,1,20,2,1,C0:68:CC,Unknown,0,245
83965,JioFiber-satz,C0:68:CC:6E:74:72,-59,6,1420,100,13506048392,WPA2,1,0,1,8,1.0;2.0;5.5;11.0;9.0;18.0;36.0;54.0;6.0;12.0;24.0;48.0,4,6,IN,1,20,2,1,C0:68:CC,Unknown,0,245
84068,JioFiber-satz,C0:68:CC:6E:74:72,-55,7,1421,100,13506150803,WPA2,1,0,1,8,1.0;2.0;5.5;11.0;9.0;18.0;36.0;54.0;6.0;12.0;24.0;48.0,4,6,IN,1,20,2,1,C0:68:CC,Unknown,0,245
84121,DIRECT-dQ-BRAVIA,B2:10:41:BD:D6:51,-87,7,453,100,4500377984,WPA2,1,1,1,8,6.0;9.0;12.0;18.0;24.0;36.0;48.0;54.0,0,7,,1,20,2,0,B2:10:41,Unknown,0,263
84170,JioFiber-satz,C0:68:CC:6E:74:72,-49,7,1422,100,13506253212,WPA2,1,0,1,8,1.0;2.0;5.5;11.0;9.0;18.0;36.0;54.0;6.0;12.0;24.0;48.0,4,6,IN,1,20,2,1,C0:68:CC,Unknown,0,245
84223,DIRECT-dQ-BRAVIA,B2:10:41:BD:D6:51,-85,7,454,100,4500480384,WPA2,1,1,1,8,6.0;9.0;12.0;18.0;24.0;36.0;48.0;54.0,0,7,,1,20,2,0,B2:10:41,Unknown,0,263
84273,JioFiber-satz,C0:68:CC:6E:74:72,-57,7,1423,100,13506355619,WPA2,1,0,1,8,1.0;2.0;5.5;11.0;9.0;18.0;36.0;54.0;6.0;12.0;24.0;48.0,4,6,IN,1,20,2,1,C0:68:CC,Unknown,0,245
84322,DIRECT-dQ-BRAVIA,B2:10:41:BD:D6:51,-89,8,455,100,4500582784,WPA2,1,1,1,8,6.0;9.0;12.0;18.0;24.0;36.0;48.0;54.0,0,7,,1,20,2,0,B2:10:41,Unknown,0,263
85814,Satz,10:27:F5:5C:C6:A3,-85,1,1144,100,805663437196,WPA2,1,0,1,8,1.0;2.0;5.5;11.0;18.0;24.0;36.0;54.0;6.0;9.0;12.0;48.0,4,3,,1,40,2,1,10:27:F5,Unknown,0,254
86224,Satz,10:27:F5:5C:C6:A3,-79,2,1149,100,805663846810,WPA2,1,0,1,8,1.0;2.0;5.5;11.0;18.0;24.0;36.0;54.0;6.0;9.0;12.0;48.0,4,3,,1,40,2,1,10:27:F5,Unknown,0,254
86327,Satz,10:27:F5:5C:C6:A3,-80,3,1150,100,805663949204,WPA2,1,0,1,8,1.0;2.0;5.5;11.0;18.0;24.0;36.0;54.0;6.0;9.0;12.0;48.0,4,3,,1,40,2,1,10:27:F5,Unknown,0,254
86429,Satz,10:27:F5:5C:C6:A3,-82,3,1151,100,805664051614,WPA2,1,0,1,8,1.0;2.0;5.5;11.0;18.0;24.0;36.0;54.0;6.0;9.0;12.0;48.0,4,3,,1,40,2,1,10:27:F5,Unknown,0,254
86531,Satz,10:27:F5:5C:C6:A3,-73,3,1152,100,805664154012,WPA2,1,0,1,8,1.0;2.0;5.5;11.0;18.0;24.0;36.0;54.0;6.0;9.0;12.0;48.0,4,3,,1,40,2,1,10:27:F5,Unknown,0,254
86833,JioFiber-satz,C0:68:CC:6E:74:72,-57,5,1448,100,13508915622,WPA2,1,0,1,8,1.0;2.0;5.5;11.0;9.0;18.0;36.0;54.0;6.0;12.0;24.0;48.0,4,6,IN,1,20,2,1,C0:68:CC,Unknown,0,245
87140,JioFiber-satz,C0:68:CC:6E:74:72,-60,6,1451,100,13509222826,WPA2,1,0,1,8,1.0;2.0;5.5;11.0;9.0;18.0;36.0;54.0;6.0;12.0;24.0;48.0,4,6,IN,1,20,2,1,C0:68:CC,Unknown,0,245
87242,JioFiber-satz,C0:68:CC:6E:74:72,-51,6,1452,100,13509325220,WPA2,1,0,1,8,1.0;2.0;5.5;11.0;9.0;18.0;36.0;54.0;6.0;12.0;24.0;48.0,4,6,IN,1,20,2,1,C0:68:CC,Unknown,0,245
88114,Cctv,50:2B:73:FD:4F:28,-83,10,1858,100,503856742809,WPA2,1,0,1,8,1.0;2.0;5.5;11.0;6.0;9.0;12.0;18.0;24.0;36.0;48.0;54.0,4,11,,1,40,2,1,50:2B:73,Unknown,0,276
88319,Cctv,50:2B:73:FD:4F:28,-95,11,1860,100,503856947582,WPA2,1,0,1,8,1.0;2.0;5.5;11.0;6.0;9.0;12.0;18.0;24.0;36.0;48.0;54.0,4,11,,1,40,2,1,50:2B:73,Unknown,0,276
88421,Cctv,50:2B:73:FD:4F:28,-96,11,1861,100,503857049982,WPA2,1,0,1,8,1.0;2.0;5.5;11.0;6.0;9.0;12.0;18.0;24.0;36.0;48.0;54.0,4,11,,1,40,2,1,50:2B:73,Unknown,0,276
88464,JVACT1,A4:2B:B0:01:A6:3A,-95,11,3708,100,805688627528,WPA2,1,0,1,8,1.0;2.0;5.5;11.0;9.0;18.0;36.0;54.0;6.0;12.0;24.0;48.0,4,11,,1,40,2,0,A4:2B:B0,Unknown,0,260
88524,Cctv,50:2B:73:FD:4F:28,-91,11,1862,100,503857152382,WPA2,1,0,1,8,1.0;2.0;5.5;11.0;6.0;9.0;12.0;18.0;24.0;36.0;48.0;54.0,4,11,,1,40,2,1,50:2B:73,Unknown,0,276
88626,Cctv,50:2B:73:FD:4F:28,-90,12,1863,100,503857254809,WPA2,1,0,1,8,1.0;2.0;5.5;11.0;6.0;9.0;12.0;18.0;24.0;36.0;48.0;54.0,4,11,,1,40,2,1,50:2B:73,Unknown,0,276
88729,Cctv,50:2B:73:FD:4F:28,-84,12,1864,100,503857357200,WPA2,1,0,1,8,1.0;2.0;5.5;11.0;6.0;9.0;12.0;18.0;24.0;36.0;48.0;54.0,4,11,,1,40,2,1,50:2B:73,Unknown,0,276
89114,Tanyaa-4G,04:AB:08:2A:8A:52,-94,1,79,100,625196749201,WPA2,1,0,1,8,1.0;2.0;5.5;11.0;9.0;18.0;36.0;54.0;6.0;12.0;24.0;48.0,4,1,IN,1,20,2,1,04:AB:08,Unknown,0,282
89217,Tanyaa-4G,04:AB:08:2A:8A:52,-91,1,80,100,625196851605,WPA2,1,0,1,8,1.0;2.0;5.5;11.0;9.0;18.0;36.0;54.0;6.0;12.0;24.0;48.0,4,1,IN,1,20,2,1,04:AB:08,Unknown,0,282
90315,JioFiber-satz,C0:68:CC:6E:74:72,-71,6,1485,100,13512397199,WPA2,1,0,1,8,1.0;2.0;5.5;11.0;9.0;18.0;36.0;54.0;6.0;12.0;24.0;48.0,4,6,IN,1,20,2,1,C0:68:CC,Unknown,0,245
90417,JioFiber-satz,C0:68:CC:6E:74:72,-65,6,1486,100,13512499618,WPA2,1,0,1,8,1.0;2.0;5.5;11.0;9.0;18.0;36.0;54.0;6.0;12.0;24.0;48.0,4,6,IN,1,20,2,1,C0:68:CC,Unknown,0,245
90519,JioFiber-satz,C0:68:CC:6E:74:72,-63,6,1487,100,13512602021,WPA2,1,0,1,8,1.0;2.0;5.5;11.0;9.0;18.0;36.0;54.0;6.0;12.0;24.0;48.0,4,6,IN,1,20,2,1,C0:68:CC,Unknown,0,245
90622,JioFiber-satz,C0:68:CC:6E:74:72,-81,7,1488,100,13512704392,WPA2,1,0,1,8,1.0;2.0;5.5;11.0;9.0;18.0;36.0;54.0;6.0;12.0;24.0;48.0,4,6,IN,1,20,2,1,C0:68:CC,Unknown,0,245
91577,TP-Link_0C69,9C:A2:F4:A6:0C:69,-97,11,2575,100,805700710810,WPA2,1,0,1,8,1.0;2.0;5.5;11.0;9.0;18.0;36.0;54.0;6.0;12.0;24.0;48.0,4,11,,1,40,2,0,9C:A2:F4,Unknown,0,265
91630,Cctv,50:2B:73:FD:4F:28,-93,11,1892,100,503860224409,WPA2,1,0,1,8,1.0;2.0;5.5;11.0;6.0;9.0;12.0;18.0;24.0;36.0;48.0;54.0,4,11,,1,40,2,1,50:2B:73,Unknown,0,276
91683,Sekar,3C:84:6A:7B:AF:FE,-93,11,3396,100,296884326770,WPA2,1,0,1,8,1.0;2.0;5.5;11.0;9.0;18.0;36.0;54.0;6.0;12.0;24.0;48.0,4,11,,1,40,2,0,3C:84:6A,Unknown,0,259
91731,TP-Link_0C69,9C:A2:F4:A6:0C:69,-95,11,2576,100,805700813202,WPA2,1,0,1,8,1.0;2.0;5.5;11.0;9.0;18.0;36.0;54.0;6.0;12.0;24.0;48.0,4,11,,1,40,2,0,9C:A2:F4,Unknown,0,265
91801,Cctv,50:2B:73:FD:4F:28,-87,11,1894,100,503860429200,WPA2,1,0,1,8,1.0;2.0;5.5;11.0;6.0;9.0;12.0;18.0;24.0;36.0;48.0;54.0,4,11,,1,40,2,1,50:2B:73,Unknown,0,276
91844,Sekar,3C:84:6A:7B:AF:FE,-94,12,3398,100,296884531573,WPA2,1,0,1,8,1.0;2.0;5.5;11.0;9.0;18.0;36.0;54.0;6.0;12.0;24.0;48.0,4,11,,1,40,2,0,3C:84:6A,Unknown,0,259
92420,JVACT,F0:A7:31:F8:68:16,-97,1,2868,100,2908160357,WPA2,1,0,1,8,1.0;2.0;5.5;11.0;9.0;18.0;36.0;54.0;6.0;12.0;24.0;48.0,4,1,,1,40,2,1,F0:A7:31,Unknown,0,235
92463,JVACT5G,F2:A7:31:F9:68:16,-93,1,2869,100,2908162446,WPA2,1,0,1,8,1.0;2.0;5.5;11.0;9.0;18.0;36.0;54.0;6.0;12.0;24.0;48.0,4,1,,1,40,2,1,F2:A7:31,Unknown,0,237
92525,JVACT5G,F2:A7:31:F9:68:16,-94,1,2871,100,2908264846,WPA2,1,0,1,8,1.0;2.0;5.5;11.0;9.0;18.0;36.0;54.0;6.0;12.0;24.0;48.0,4,1,,1,40,2,1,F2:A7:31,Unknown,0,237
92675,Satz,10:27:F5:5C:C6:A3,-87,2,1234,100,805670297991,WPA2,1,0,1,8,1.0;2.0;5.5;11.0;18.0;24.0;36.0;54.0;6.0;9.0;12.0;48.0,4,3,,1,40,2,1,10:27:F5,Unknown,0,254
92983,Satz,10:27:F5:5C:C6:A3,-80,3,1237,100,805670605216,WPA2,1,0,1,8,1.0;2.0;5.5;11.0;18.0;24.0;36.0;54.0;6.0;9.0;12.0;48.0,4,3,,1,40,2,1,10:27:F5,Unknown,0,254
93187,Satz,10:27:F5:5C:C6:A3,-83,4,1239,100,805670810010,WPA2,1,0,1,8,1.0;2.0;5.5;11.0;18.0;24.0;36.0;54.0;6.0;9.0;12.0;48.0,4,3,,1,40,2,1,10:27:F5,Unknown,0,254
93387,JioFiber-satz,C0:68:CC:6E:74:72,-66,5,1515,100,13515469198,WPA2,1,0,1,8,1.0;2.0;5.5;11.0;9.0;18.0;36.0;54.0;6.0;12.0;24.0;48.0,4,6,IN,1,20,2,1,C0:68:CC,Unknown,0,245
93489,JioFiber-satz,C0:68:CC:6E:74:72,-71,5,1516,100,13515571608,WPA2,1,0,1,8,1.0;2.0;5.5;11.0;9.0;18.0;36.0;54.0;6.0;12.0;24.0;48.0,4,6,IN,1,20,2,1,C0:68:CC,Unknown,0,245
93591,JioFiber-satz,C0:68:CC:6E:74:72,-65,6,1517,100,13515674016,WPA2,1,0,1,8,1.0;2.0;5.5;11.0;9.0;18.0;36.0;54.0;6.0;12.0;24.0;48.0,4,6,IN,1,20,2,1,C0:68:CC,Unknown,0,245
93694,JioFiber-satz,C0:68:CC:6E:74:72,-62,6,1518,100,13515776392,WPA2,1,0,1,8,1.0;2.0;5.5;11.0;9.0;18.0;36.0;54.0;6.0;12.0;24.0;48.0,4,6,IN,1,20,2,1,C0:68:CC,Unknown,0,245
93796,JioFiber-satz,C0:68:CC:6E:74:72,-63,6,1519,100,13515878802,WPA2,1,0,1,8,1.0;2.0;5.5;11.0;9.0;18.0;36.0;54.0;6.0;12.0;24.0;48.0,4,6,IN,1,20,2,1,C0:68:CC,Unknown,0,245
94001,JioFiber-satz,C0:68:CC:6E:74:72,-71,7,1521,100,13516083616,WPA2,1,0,1,8,1.0;2.0;5.5;11.0;9.0;18.0;36.0;54.0;6.0;12.0;24.0;48.0,4,6,IN,1,20,2,1,C0:68:CC,Unknown,0,245
94668,Cctv,50:2B:73:FD:4F:28,-86,10,1922,100,503863296382,WPA2,1,0,1,8,1.0;2.0;5.5;11.0;6.0;9.0;12.0;18.0;24.0;36.0;48.0;54.0,4,11,,1,40,2,1,50:2B:73,Unknown,0,276
94770,Cctv,50:2B:73:FD:4F:28,-90,10,1923,100,503863398800,WPA2,1,0,1,8,1.0;2.0;5.5;11.0;6.0;9.0;12.0;18.0;24.0;36.0;48.0;54.0,4,11,,1,40,2,1,50:2B:73,Unknown,0,276
94854,TP-Link_0C69,9C:A2:F4:A6:0C:69,-93,11,2607,100,805703987613,WPA2,1,0,1,8,1.0;2.0;5.5;11.0;9.0;18.0;36.0;54.0;6.0;12.0;24.0;48.0,4,11,,1,40,2,0,9C:A2:F4,Unknown,0,265
94907,Cctv,50:2B:73:FD:4F:28,-88,11,1924,100,503863501209,WPA2,1,0,1,8,1.0;2.0;5.5;11.0;6.0;9.0;12.0;18.0;24.0;36.0;48.0;54.0,4,11,,1,40,2,1,50:2B:73,Unknown,0,276
94975,Cctv,50:2B:73:FD:4F:28,-88,11,1925,100,503863603591,WPA2,1,0,1,8,1.0;2.0;5.5;11.0;6.0;9.0;12.0;18.0;24.0;36.0;48.0;54.0,4,11,,1,40,2,1,50:2B:73,Unknown,0,276
95078,Cctv,50:2B:73:FD:4F:28,-85,12,1926,100,503863706000,WPA2,1,0,1,8,1.0;2.0;5.5;11.0;6.0;9.0;12.0;18.0;24.0;36.0;48.0;54.0,4,11,,1,40,2,1,50:2B:73,Unknown,0,276
95566,Tanyaa-4G,04:AB:08:2A:8A:52,-91,1,142,100,625203200427,WPA2,1,0,1,8,1.0;2.0;5.5;11.0;9.0;18.0;36.0;54.0;6.0;12.0;24.0;48.0,4,1,IN,1,20,2,1,04:AB:08,Unknown,0,282
95619,JioFiber-Venkat,E8:22:B8:10:0E:BA,-95,1,2411,100,2298974925211,WPA2,1,0,1,8,1.0;2.0;5.5;11.0;9.0;18.0;36.0;54.0;6.0;12.0;24.0;48.0,4,1,IN,1,20,2,1,E8:22:B8,Unknown,0,289
95671,Tanyaa-4G,04:AB:08:2A:8A:52,-92,1,143,100,625203304175,WPA2,1,0,1,8,1.0;2.0;5.5;11.0;9.0;18.0;36.0;54.0;6.0;12.0;24.0;48.0,4,1,IN,1,20,2,1,04:AB:08,Unknown,0,282
95791,JioFiber-Venkat,E8:22:B8:10:0E:BA,-90,1,2413,100,2298975130005,WPA2,1,0,1,8,1.0;2.0;5.5;11.0;9.0;18.0;36.0;54.0;6.0;12.0;24.0;48.0,4,1,IN,1,20,2,1,E8:22:B8,Unknown,0,289
96055,Satz,10:27:F5:5C:C6:A3,-89,3,1272,100,805673677190,WPA2,1,0,1,8,1.0;2.0;5.5;11.0;18.0;24.0;36.0;54.0;6.0;9.0;12.0;48.0,4,3,,1,40,2,1,10:27:F5,Unknown,0,254
96259,Satz,10:27:F5:5C:C6:A3,-87,3,1275,100,805673881991,WPA2,1,0,1,8,1.0;2.0;5.5;11.0;18.0;24.0;36.0;54.0;6.0;9.0;12.0;48.0,4,3,,1,40,2,1,10:27:F5,Unknown,0,254
96561,JioFiber-satz,C0:68:CC:6E:74:72,-77,5,1548,100,13518643607,WPA2,1,0,1,8,1.0;2.0;5.5;11.0;9.0;18.0;36.0;54.0;6.0;12.0;24.0;48.0,4,6,IN,1,20,2,1,C0:68:CC,Unknown,0,245
96663,JioFiber-satz,C0:68:CC:6E:74:72,-70,5,1549,100,13518746009,WPA2,1,0,1,8,1.0;2.0;5.5;11.0;9.0;18.0;36.0;54.0;6.0;12.0;24.0;48.0,4,6,IN,1,20,2,1,C0:68:CC,Unknown,0,245
96766,JioFiber-satz,C0:68:CC:6E:74:72,-78,5,1550,100,13518848418,WPA2,1,0,1,8,1.0;2.0;5.5;11.0;9.0;18.0;36.0;54.0;6.0;12.0;24.0;48.0,4,6,IN,1,20,2,1,C0:68:CC,Unknown,0,245
96868,JioFiber-satz,C0:68:CC:6E:74:72,-72,6,1551,100,13518950822,WPA2,1,0,1,8,1.0;2.0;5.5;11.0;9.0;18.0;36.0;54.0;6.0;12.0;24.0;48.0,4,6,IN,1,20,2,1,C0:68:CC,Unknown,0,245
96971,JioFiber-satz,C0:68:CC:6E:74:72,-72,6,1552,100,13519053202,WPA2,1,0,1,8,1.0;2.0;5.5;11.0;9.0;18.0;36.0;54.0;6.0;12.0;24.0;48.0,4,6,IN,1,20,2,1,C0:68:CC,Unknown,0,245
97053,MGWiFi_Guest,E6:D3:62:19:9F:8A,-93,7,1189,100,172478361984,WPA2,1,1,1,8,1.0;2.0;5.5;11.0;6.0;9.0;12.0;18.0;24.0;36.0;48.0;54.0,4,7,US,1,40,2,1,E6:D3:62,Unknown,0,250
97175,JioFiber-satz,C0:68:CC:6E:74:72,-75,7,1554,100,13519258015,WPA2,1,0,1,8,1.0;2.0;5.5;11.0;9.0;18.0;36.0;54.0;6.0;12.0;24.0;48.0,4,6,IN,1,20,2,1,C0:68:CC,Unknown,0,245
97843,Cctv,50:2B:73:FD:4F:28,-86,10,1953,100,503866470782,WPA2,1,0,1,8,1.0;2.0;5.5;11.0;6.0;9.0;12.0;18.0;24.0;36.0;48.0;54.0,4,11,,1,40,2,1,50:2B:73,Unknown,0,276
98974,JVACT,F0:A7:31:F8:68:16,-95,1,2996,100,2914714264,WPA2,1,0,1,8,1.0;2.0;5.5;11.0;9.0;18.0;36.0;54.0;6.0;12.0;24.0;48.0,4,1,,1,40,2,1,F0:A7:31,Unknown,0,235
99332,Satz,10:27:F5:5C:C6:A3,-88,3,1305,100,805676953996,WPA2,1,0,1,8,1.0;2.0;5.5;11.0;18.0;24.0;36.0;54.0;6.0;9.0;12.0;48.0,4,3,,1,40,2,1,10:27:F5,Unknown,0,254
99838,JioFiber-satz,C0:68:CC:6E:74:72,-75,5,1586,100,13521920414,WPA2,1,0,1,8,1.0;2.0;5.5;11.0;9.0;18.0;36.0;54.0;6.0;12.0;24.0;48.0,4,6,IN,1,20,2,1,C0:68:CC,Unknown,0,245
99940,JioFiber-satz,C0:68:CC:6E:74:72,-75,5,1587,100,13522022820,WPA2,1,0,1,8,1.0;2.0;5.5;11.0;9.0;18.0;36.0;54.0;6.0;12.0;24.0;48.0,4,6,IN,1,20,2,1,C0:68:CC,Unknown,0,245
100091,Airtel__dontuse,30:BD:13:27:87:96,-95,6,531,100,182578995239,WPA2,1,0,1,8,1.0;2.0;5.5;11.0;6.0;9.0;12.0;18.0;24.0;36.0;48.0;54.0,4,6,IN,1,20,2,1,30:BD:13,Unknown,0,311
100145,JioFiber-satz,C0:68:CC:6E:74:72,-73,6,1590,100,13522227592,WPA2,1,0,1,8,1.0;2.0;5.5;11.0;9.0;18.0;36.0;54.0;6.0;12.0;24.0;48.0,4,6,IN,1,20,2,1,C0:68:CC,Unknown,0,245
100247,JioFiber-satz,C0:68:CC:6E:74:72,-73,6,1591,100,13522330001,WPA2,1,0,1,8,1.0;2.0;5.5;11.0;9.0;18.0;36.0;54.0;6.0;12.0;24.0;48.0,4,6,IN,1,20,2,1,C0:68:CC,Unknown,0,245
100350,JioFiber-satz,C0:68:CC:6E:74:72,-74,7,1592,100,13522432422,WPA2,1,0,1,8,1.0;2.0;5.5;11.0;9.0;18.0;36.0;54.0;6.0;12.0;24.0;48.0,4,6,IN,1,20,2,1,C0:68:CC,Unknown,0,245
100452,JioFiber-satz,C0:68:CC:6E:74:72,-75,7,1593,100,13522534814,WPA2,1,0,1,8,1.0;2.0;5.5;11.0;9.0;18.0;36.0;54.0;6.0;12.0;24.0;48.0,4,6,IN,1,20,2,1,C0:68:CC,Unknown,0,245
101324,Cctv,50:2B:73:FD:4F:28,-93,11,1987,100,503869952400,WPA2,1,0,1,8,1.0;2.0;5.5;11.0;6.0;9.0;12.0;18.0;24.0;36.0;48.0;54.0,4,11,,1,40,2,1,50:2B:73,Unknown,0,276
103218,JioFiber-satz,C0:68:CC:6E:74:72,-68,5,1621,100,13525300041,WPA2,1,0,1,8,1.0;2.0;5.5;11.0;9.0;18.0;36.0;54.0;6.0;12.0;24.0;48.0,4,6,IN,1,20,2,1,C0:68:CC,Unknown,0,245
103320,JioFiber-satz,C0:68:CC:6E:74:72,-67,6,1622,100,13525402010,WPA2,1,0,1,8,1.0;2.0;5.5;11.0;9.0;18.0;36.0;54.0;6.0;12.0;24.0;48.0,4,6,IN,1,20,2,1,C0:68:CC,Unknown,0,245
103422,JioFiber-satz,C0:68:CC:6E:74:72,-67,6,1623,100,13525504396,WPA2,1,0,1,8,1.0;2.0;5.5;11.0;9.0;18.0;36.0;54.0;6.0;12.0;24.0;48.0,4,6,IN,1,20,2,1,C0:68:CC,Unknown,0,245
103470,Airtel__dontuse,30:BD:13:27:87:96,-93,6,564,100,182582374448,WPA2,1,0,1,8,1.0;2.0;5.5;11.0;6.0;9.0;12.0;18.0;24.0;36.0;48.0;54.0,4,6,IN,1,20,2,1,30:BD:13,Unknown,0,311
103524,JioFiber-satz,C0:68:CC:6E:74:72,-68,6,1624,100,13525606808,WPA2,1,0,1,8,1.0;2.0;5.5;11.0;9.0;18.0;36.0;54.0;6.0;12.0;24.0;48.0,4,6,IN,1,20,2,1,C0:68:CC,Unknown,0,245
105885,Satz,10:27:F5:5C:C6:A3,-93,3,1372,100,805683507599,WPA2,1,0,1,8,1.0;2.0;5.5;11.0;18.0;24.0;36.0;54.0;6.0;9.0;12.0;48.0,4,3,,1,40,2,1,10:27:F5,Unknown,0,254
105988,Satz,10:27:F5:5C:C6:A3,-94,3,1373,100,805683609991,WPA2,1,0,1,8,1.0;2.0;5.5;11.0;18.0;24.0;36.0;54.0;6.0;9.0;12.0;48.0,4,3,,1,40,2,1,10:27:F5,Unknown,0,254
106494,JioFiber-satz,C0:68:CC:6E:74:72,-72,5,1653,100,13528576412,WPA2,1,0,1,8,1.0;2.0;5.5;11.0;9.0;18.0;36.0;54.0;6.0;12.0;24.0;48.0,4,6,IN,1,20,2,1,C0:68:CC,Unknown,0,245
106596,JioFiber-satz,C0:68:CC:6E:74:72,-77,6,1654,100,13528678821,WPA2,1,0,1,8,1.0;2.0;5.5;11.0;9.0;18.0;36.0;54.0;6.0;12.0;24.0;48.0,4,6,IN,1,20,2,1,C0:68:CC,Unknown,0,245
106699,JioFiber-satz,C0:68:CC:6E:74:72,-70,6,1655,100,13528781212,WPA2,1,0,1,8,1.0;2.0;5.5;11.0;9.0;18.0;36.0;54.0;6.0;12.0;24.0;48.0,4,6,IN,1,20,2,1,C0:68:CC,Unknown,0,245
