Timestamp_ms,SSID,BSSID,RSSI,Channel,SequenceNumber,BeaconInterval,BeaconTimestamp,Encryption,Privacy,ShortPreamble,ShortSlot,RateCount,SupportedRates,ExtRateCount,DSChannel,CountryCode,HasHT,HTChannelWidth,HTStreams,HasExtCap,OUI,VendorName,IsHidden,FrameLength
1715,Satz,10:27:F5:5C:C6:A3,-75,2,2089,100,803444326790,WPA2,1,0,1,8,1.0;2.0;5.5;11.0;18.0;24.0;36.0;54.0;6.0;9.0;12.0;48.0,4,3,,1,40,2,1,10:27:F5,Unknown,0,254
1763,JVACT,F0:A7:31:F8:68:16,-83,2,368,100,682496321,WPA2,1,0,1,8,1.0;2.0;5.5;11.0;9.0;18.0;36.0;54.0;6.0;12.0;24.0;48.0,4,1,,1,40,2,1,F0:A7:31,Unknown,0,235
1806,JVACT5G,F2:A7:31:F9:68:16,-88,2,369,100,682498411,WPA2,1,0,1,8,1.0;2.0;5.5;11.0;9.0;18.0;36.0;54.0;6.0;12.0;24.0;48.0,4,1,,1,40,2,1,F2:A7:31,Unknown,0,237
1858,Satz,10:27:F5:5C:C6:A3,-74,2,2091,100,803444429221,WPA2,1,0,1,8,1.0;2.0;5.5;11.0;18.0;24.0;36.0;54.0;6.0;9.0;12.0;48.0,4,3,,1,40,2,1,10:27:F5,Unknown,0,254
1911,JVACT,F0:A7:31:F8:68:16,-82,2,370,100,682598722,WPA2,1,0,1,8,1.0;2.0;5.5;11.0;9.0;18.0;36.0;54.0;6.0;12.0;24.0;48.0,4,1,,1,40,2,1,F0:A7:31,Unknown,0,235
1971,VKS_4G_1,60:A4:B7:D0:B1:75,-89,2,3735,100,38129971518,WPA2,1,0,1,8,1.0;2.0;5.5;11.0;9.0;18.0;36.0;54.0;6.0;12.0;24.0;48.0,4,1,,1,40,2,1,60:A4:B7,Unknown,0,238
2022,Satz,10:27:F5:5C:C6:A3,-70,3,2094,100,803444634058,WPA2,1,0,1,8,1.0;2.0;5.5;11.0;18.0;24.0;36.0;54.0;6.0;9.0;12.0;48.0,4,3,,1,40,2,1,10:27:F5,Unknown,0,254
2124,Satz,10:27:F5:5C:C6:A3,-69,3,2095,100,803444736390,WPA2,1,0,1,8,1.0;2.0;5.5;11.0;18.0;24.0;36.0;54.0;6.0;9.0;12.0;48.0,4,3,,1,40,2,1,10:27:F5,Unknown,0,254
2734,JioFiber-satz,C0:68:CC:6E:74:72,-82,6,2861,100,11289805211,WPA2,1,0,1,8,1.0;2.0;5.5;11.0;9.0;18.0;36.0;54.0;6.0;12.0;24.0;48.0,4,6,IN,1,20,2,1,C0:68:CC,Unknown,0,245
2781,suresh4G,CA:78:C9:FE:B1:3C,-93,6,2866,100,9721141647,WPA2,1,0,1,8,1.0;2.0;5.5;11.0;18.0;24.0;36.0;54.0;6.0;9.0;12.0;48.0,4,6,IN,1,40,2,1,CA:78:C9,Unknown,0,228
2852,VKS_4G,FC:7A:58:1B:1B:9A,-95,6,2718,100,543989248412,WPA2,1,0,1,8,1.0;2.0;5.5;11.0;9.0;18.0;36.0;54.0;6.0;12.0;24.0;48.0,4,6,IN,1,20,2,1,FC:7A:58,Unknown,0,356
2905,babu_5G,CA:78:C9:FE:B1:30,-94,6,2867,100,9721241997,WPA2,1,0,1,8,1.0;2.0;5.5;11.0;18.0;24.0;36.0;54.0;6.0;9.0;12.0;48.0,4,6,IN,1,40,2,1,CA:78:C9,Unknown,0,227
2947,suresh4G,CA:78:C9:FE:B1:3C,-94,6,2868,100,9721244034,WPA2,1,0,1,8,1.0;2.0;5.5;11.0;18.0;24.0;36.0;54.0;6.0;9.0;12.0;48.0,4,6,IN,1,40,2,1,CA:78:C9,Unknown,0,228
3011,VKS_4G,FC:7A:58:1B:1B:9A,-93,6,2720,100,543989350826,WPA2,1,0,1,8,1.0;2.0;5.5;11.0;9.0;18.0;36.0;54.0;6.0;12.0;24.0;48.0,4,6,IN,1,20,2,1,FC:7A:58,Unknown,0,356
3053,JioFiber-satz,C0:68:CC:6E:74:72,-86,7,2864,100,11290112417,WPA2,1,0,1,8,1.0;2.0;5.5;11.0;9.0;18.0;36.0;54.0;6.0;12.0;24.0;48.0,4,6,IN,1,20,2,1,C0:68:CC,Unknown,0,245
3117,DIRECT-dQ-BRAVIA,B2:10:41:BD:D6:51,-82,7,2531,100,2284339584,WPA2,1,1,1,8,6.0;9.0;12.0;18.0;24.0;36.0;48.0;54.0,0,7,,1,20,2,0,B2:10:41,Unknown,0,263
3169,JioFiber-satz,C0:68:CC:6E:74:72,-88,7,2865,100,11290214824,WPA2,1,0,1,8,1.0;2.0;5.5;11.0;9.0;18.0;36.0;54.0;6.0;12.0;24.0;48.0,4,6,IN,1,20,2,1,C0:68:CC,Unknown,0,245
3212,DIRECT-dQ-BRAVIA,B2:10:41:BD:D6:51,-80,7,2533,100,2284441984,WPA2,1,1,1,8,6.0;9.0;12.0;18.0;24.0;36.0;48.0;54.0,0,7,,1,20,2,0,B2:10:41,Unknown,0,263
4028,Cctv,50:2B:73:FD:4F:28,-92,11,557,100,501637632391,WPA2,1,0,1,8,1.0;2.0;5.5;11.0;6.0;9.0;12.0;18.0;24.0;36.0;48.0;54.0,4,11,,1,40,2,1,50:2B:73,Unknown,0,276
4070,SanD-JioFiber_EXT,8C:90:2D:3B:B6:5A,-93,11,3500,100,2996838803,WPA2,1,0,1,8,1.0;2.0;5.5;11.0;9.0;18.0;36.0;54.0;6.0;12.0;24.0;48.0,4,11,,1,20,2,0,8C:90:2D,Unknown,0,223
4132,Cctv,50:2B:73:FD:4F:28,-94,11,558,100,501637734800,WPA2,1,0,1,8,1.0;2.0;5.5;11.0;6.0;9.0;12.0;18.0;24.0;36.0;48.0;54.0,4,11,,1,40,2,1,50:2B:73,Unknown,0,276
4175,SanD-JioFiber_EXT,8C:90:2D:3B:B6:5A,-93,11,3501,100,2996941197,WPA2,1,0,1,8,1.0;2.0;5.5;11.0;9.0;18.0;36.0;54.0;6.0;12.0;24.0;48.0,4,11,,1,20,2,0,8C:90:2D,Unknown,0,223
4734,JVACT,F0:A7:31:F8:68:16,-84,1,426,100,685466503,WPA2,1,0,1,8,1.0;2.0;5.5;11.0;9.0;18.0;36.0;54.0;6.0;12.0;24.0;48.0,4,1,,1,40,2,1,F0:A7:31,Unknown,0,235
4776,JVACT5G,F2:A7:31:F9:68:16,-83,1,427,100,685468592,WPA2,1,0,1,8,1.0;2.0;5.5;11.0;9.0;18.0;36.0;54.0;6.0;12.0;24.0;48.0,4,1,,1,40,2,1,F2:A7:31,Unknown,0,237
4829,JioFiber_24GH_KRR,A8:88:1F:20:7B:61,-94,1,1103,100,284125696412,WPA2,1,0,1,8,1.0;2.0;5.5;11.0;9.0;18.0;36.0;54.0;6.0;12.0;24.0;48.0,4,1,IN,1,20,2,1,A8:88:1F,Unknown,0,290
4893,JVACT,F0:A7:31:F8:68:16,-81,1,428,100,685568354,WPA2,1,0,1,8,1.0;2.0;5.5;11.0;9.0;18.0;36.0;54.0;6.0;12.0;24.0;48.0,4,1,,1,40,2,1,F0:A7:31,Unknown,0,235
4935,JVACT5G,F2:A7:31:F9:68:16,-82,1,429,100,685570443,WPA2,1,0,1,8,1.0;2.0;5.5;11.0;9.0;18.0;36.0;54.0;6.0;12.0;24.0;48.0,4,1,,1,40,2,1,F2:A7:31,Unknown,0,237
4988,JVACT,F0:A7:31:F8:68:16,-83,1,430,100,685670752,WPA2,1,0,1,8,1.0;2.0;5.5;11.0;9.0;18.0;36.0;54.0;6.0;12.0;24.0;48.0,4,1,,1,40,2,1,F0:A7:31,Unknown,0,235
5040,JVACT,F0:A7:31:F8:68:16,-82,2,432,100,685773152,WPA2,1,0,1,8,1.0;2.0;5.5;11.0;9.0;18.0;36.0;54.0;6.0;12.0;24.0;48.0,4,1,,1,40,2,1,F0:A7:31,Unknown,0,235
5094,Satz,10:27:F5:5C:C6:A3,-81,2,2125,100,803447705995,WPA2,1,0,1,8,1.0;2.0;5.5;11.0;18.0;24.0;36.0;54.0;6.0;9.0;12.0;48.0,4,3,,1,40,2,1,10:27:F5,Unknown,0,254
5147,JVACT,F0:A7:31:F8:68:16,-84,2,434,100,685875549,WPA2,1,0,1,8,1.0;2.0;5.5;11.0;9.0;18.0;36.0;54.0;6.0;12.0;24.0;48.0,4,1,,1,40,2,1,F0:A7:31,Unknown,0,235
5200,JVACT5G,F2:A7:31:F9:68:16,-85,2,435,100,685877639,WPA2,1,0,1,8,1.0;2.0;5.5;11.0;9.0;18.0;36.0;54.0;6.0;12.0;24.0;48.0,4,1,,1,40,2,1,F2:A7:31,Unknown,0,237
5299,Satz,10:27:F5:5C:C6:A3,-82,3,2127,100,803447910806,WPA2,1,0,1,8,1.0;2.0;5.5;11.0;18.0;24.0;36.0;54.0;6.0;9.0;12.0;48.0,4,3,,1,40,2,1,10:27:F5,Unknown,0,254
5401,Satz,10:27:F5:5C:C6:A3,-84,3,2128,100,803448013191,WPA2,1,0,1,8,1.0;2.0;5.5;11.0;18.0;24.0;36.0;54.0;6.0;9.0;12.0;48.0,4,3,,1,40,2,1,10:27:F5,Unknown,0,254
5606,Satz,10:27:F5:5C:C6:A3,-86,4,2130,100,803448217991,WPA2,1,0,1,8,1.0;2.0;5.5;11.0;18.0;24.0;36.0;54.0;6.0;9.0;12.0;48.0,4,3,,1,40,2,1,10:27:F5,Unknown,0,254
5758,Airtel__dontuse,30:BD:13:27:87:96,-91,5,2282,100,180349542430,WPA2,1,0,1,8,1.0;2.0;5.5;11.0;6.0;9.0;12.0;18.0;24.0;36.0;48.0;54.0,4,6,IN,1,20,2,1,30:BD:13,Unknown,0,311
5962,Airtel__dontuse,30:BD:13:27:87:96,-92,6,2284,100,180349747222,WPA2,1,0,1,8,1.0;2.0;5.5;11.0;6.0;9.0;12.0;18.0;24.0;36.0;48.0;54.0,4,6,IN,1,20,2,1,30:BD:13,Unknown,0,311
6015,VKS_4G,FC:7A:58:1B:1B:9A,-95,6,2780,100,543992422819,WPA2,1,0,1,8,1.0;2.0;5.5;11.0;9.0;18.0;36.0;54.0;6.0;12.0;24.0;48.0,4,6,IN,1,20,2,1,FC:7A:58,Unknown,0,356
6068,JioFiber-satz,C0:68:CC:6E:74:72,-91,6,2899,100,11293082004,WPA2,1,0,1,8,1.0;2.0;5.5;11.0;9.0;18.0;36.0;54.0;6.0;12.0;24.0;48.0,4,6,IN,1,20,2,1,C0:68:CC,Unknown,0,245
6121,Airtel__dontuse,30:BD:13:27:87:96,-86,6,2285,100,180349849648,WPA2,1,0,1,8,1.0;2.0;5.5;11.0;6.0;9.0;12.0;18.0;24.0;36.0;48.0;54.0,4,6,IN,1,20,2,1,30:BD:13,Unknown,0,311
6174,JioFiber-CqkfQ,9A:78:C9:62:4F:27,-90,6,2989,100,803444634011,WPA2,1,0,1,8,1.0;2.0;5.5;11.0;18.0;24.0;36.0;54.0;6.0;9.0;12.0;48.0,4,6,IN,1,40,2,1,9A:78:C9,Unknown,0,234
6227,Airtel__dontuse,30:BD:13:27:87:96,-84,6,2286,100,180349952048,WPA2,1,0,1,8,1.0;2.0;5.5;11.0;6.0;9.0;12.0;18.0;24.0;36.0;48.0;54.0,4,6,IN,1,20,2,1,30:BD:13,Unknown,0,311
6280,VKS_4G,FC:7A:58:1B:1B:9A,-95,6,2784,100,543992627615,WPA2,1,0,1,8,1.0;2.0;5.5;11.0;9.0;18.0;36.0;54.0;6.0;12.0;24.0;48.0,4,6,IN,1,20,2,1,FC:7A:58,Unknown,0,356
6333,JioFiber-CqkfQ,9A:78:C9:62:4F:27,-89,6,2990,100,803444736400,WPA2,1,0,1,8,1.0;2.0;5.5;11.0;18.0;24.0;36.0;54.0;6.0;9.0;12.0;48.0,4,6,IN,1,40,2,1,9A:78:C9,Unknown,0,234
6375,DIRECT-dQ-BRAVIA,B2:10:41:BD:D6:51,-84,7,2593,100,2287513984,WPA2,1,1,1,8,6.0;9.0;12.0;18.0;24.0;36.0;48.0;54.0,0,7,,1,20,2,0,B2:10:41,Unknown,0,263
6426,Airtel__dontuse,30:BD:13:27:87:96,-87,7,2287,100,180350054439,WPA2,1,0,1,8,1.0;2.0;5.5;11.0;6.0;9.0;12.0;18.0;24.0;36.0;48.0;54.0,4,6,IN,1,20,2,1,30:BD:13,Unknown,0,311
6478,JioFiber-CqkfQ,9A:78:C9:62:4F:27,-91,7,2991,100,803444838795,WPA2,1,0,1,8,1.0;2.0;5.5;11.0;18.0;24.0;36.0;54.0;6.0;9.0;12.0;48.0,4,6,IN,1,40,2,1,9A:78:C9,Unknown,0,234
6532,JioFiber-satz,C0:68:CC:6E:74:72,-85,7,2903,100,11293491597,WPA2,1,0,1,8,1.0;2.0;5.5;11.0;9.0;18.0;36.0;54.0;6.0;12.0;24.0;48.0,4,6,IN,1,20,2,1,C0:68:CC,Unknown,0,245
6574,DIRECT-dQ-BRAVIA,B2:10:41:BD:D6:51,-86,7,2597,100,2287718784,WPA2,1,1,1,8,6.0;9.0;12.0;18.0;24.0;36.0;48.0;54.0,0,7,,1,20,2,0,B2:10:41,Unknown,0,263
6627,Airtel__dontuse,30:BD:13:27:87:96,-84,7,2289,100,180350259230,WPA2,1,0,1,8,1.0;2.0;5.5;11.0;6.0;9.0;12.0;18.0;24.0;36.0;48.0;54.0,4,6,IN,1,20,2,1,30:BD:13,Unknown,0,311
6998,Cctv,50:2B:73:FD:4F:28,-92,10,586,100,501640602009,WPA2,1,0,1,8,1.0;2.0;5.5;11.0;6.0;9.0;12.0;18.0;24.0;36.0;48.0;54.0,4,11,,1,40,2,1,50:2B:73,Unknown,0,276
7215,JVACT1,A4:2B:B0:01:A6:3A,-90,11,2545,100,803472385200,WPA2,1,0,1,8,1.0;2.0;5.5;11.0;9.0;18.0;36.0;54.0;6.0;12.0;24.0;48.0,4,11,,1,40,2,0,A4:2B:B0,Unknown,0,260
7305,Cctv,50:2B:73:FD:4F:28,-90,11,589,100,501640909200,WPA2,1,0,1,8,1.0;2.0;5.5;11.0;6.0;9.0;12.0;18.0;24.0;36.0;48.0;54.0,4,11,,1,40,2,1,50:2B:73,Unknown,0,276
7347,SanD-JioFiber_EXT,8C:90:2D:3B:B6:5A,-96,11,3541,100,3000115623,WPA2,1,0,1,8,1.0;2.0;5.5;11.0;9.0;18.0;36.0;54.0;6.0;12.0;24.0;48.0,4,11,,1,20,2,0,8C:90:2D,Unknown,0,223
7400,JVACT1,A4:2B:B0:01:A6:3A,-94,11,2546,100,803472487627,WPA2,1,0,1,8,1.0;2.0;5.5;11.0;9.0;18.0;36.0;54.0;6.0;12.0;24.0;48.0,4,11,,1,40,2,0,A4:2B:B0,Unknown,0,260
7464,Cctv,50:2B:73:FD:4F:28,-90,11,590,100,501641011582,WPA2,1,0,1,8,1.0;2.0;5.5;11.0;6.0;9.0;12.0;18.0;24.0;36.0;48.0;54.0,4,11,,1,40,2,1,50:2B:73,Unknown,0,276
7506,SanD-JioFiber_EXT,8C:90:2D:3B:B6:5A,-92,11,3542,100,3000218018,WPA2,1,0,1,8,1.0;2.0;5.5;11.0;9.0;18.0;36.0;54.0;6.0;12.0;24.0;48.0,4,11,,1,20,2,0,8C:90:2D,Unknown,0,223
7558,JVACT1,A4:2B:B0:01:A6:3A,-96,11,2547,100,803472590022,WPA2,1,0,1,8,1.0;2.0;5.5;11.0;9.0;18.0;36.0;54.0;6.0;12.0;24.0;48.0,4,11,,1,40,2,0,A4:2B:B0,Unknown,0,260
7602,SanD-JioFiber,BA:A9:15:4E:AF:EE,-91,12,1384,100,802567680411,WPA2,1,0,1,8,1.0;2.0;5.5;11.0;18.0;24.0;36.0;54.0;6.0;9.0;12.0;48.0,4,11,IN,1,40,2,1,BA:A9:15,Unknown,0,233
7654,Cctv,50:2B:73:FD:4F:28,-91,12,591,100,501641113991,WPA2,1,0,1,8,1.0;2.0;5.5;11.0;6.0;9.0;12.0;18.0;24.0;36.0;48.0;54.0,4,11,,1,40,2,1,50:2B:73,Unknown,0,276
7714,SanD-JioFiber_EXT,8C:90:2D:3B:B6:5A,-92,12,3543,100,3000320631,WPA2,1,0,1,8,1.0;2.0;5.5;11.0;9.0;18.0;36.0;54.0;6.0;12.0;24.0;48.0,4,11,,1,20,2,0,8C:90:2D,Unknown,0,223
7767,JVACT1,A4:2B:B0:01:A6:3A,-92,12,2548,100,803472692635,WPA2,1,0,1,8,1.0;2.0;5.5;11.0;9.0;18.0;36.0;54.0;6.0;12.0;24.0;48.0,4,11,,1,40,2,0,A4:2B:B0,Unknown,0,260
7810,SanD-JioFiber_EXT,8C:90:2D:3B:B6:5A,-94,12,3544,100,3000422819,WPA2,1,0,1,8,1.0;2.0;5.5;11.0;9.0;18.0;36.0;54.0;6.0;12.0;24.0;48.0,4,11,,1,20,2,0,8C:90:2D,Unknown,0,223
7852,SanD-JioFiber,BA:A9:15:4E:AF:EE,-93,12,1386,100,802567885203,WPA2,1,0,1,8,1.0;2.0;5.5;11.0;18.0;24.0;36.0;54.0;6.0;9.0;12.0;48.0,4,11,IN,1,40,2,1,BA:A9:15,Unknown,0,233
7964,VKS_4G_1,60:A4:B7:D0:B1:75,-89,1,3794,100,38136013116,WPA2,1,0,1,8,1.0;2.0;5.5;11.0;9.0;18.0;36.0;54.0;6.0;12.0;24.0;48.0,4,1,,1,40,2,1,60:A4:B7,Unknown,0,238
8047,JioFiber_24GH_KRR,A8:88:1F:20:7B:61,-90,1,1135,100,284128974286,WPA2,1,0,1,8,1.0;2.0;5.5;11.0;9.0;18.0;36.0;54.0;6.0;12.0;24.0;48.0,4,1,IN,1,20,2,1,A8:88:1F,Unknown,0,290
8113,JVACT,F0:A7:31:F8:68:16,-88,1,492,100,688846347,WPA2,1,0,1,8,1.0;2.0;5.5;11.0;9.0;18.0;36.0;54.0;6.0;12.0;24.0;48.0,4,1,,1,40,2,1,F0:A7:31,Unknown,0,235
8156,JVACT5G,F2:A7:31:F9:68:16,-92,1,493,100,688848437,WPA2,1,0,1,8,1.0;2.0;5.5;11.0;9.0;18.0;36.0;54.0;6.0;12.0;24.0;48.0,4,1,,1,40,2,1,F2:A7:31,Unknown,0,237
8209,JioFiber_24GH_KRR,A8:88:1F:20:7B:61,-89,1,1136,100,284129075598,WPA2,1,0,1,8,1.0;2.0;5.5;11.0;9.0;18.0;36.0;54.0;6.0;12.0;24.0;48.0,4,1,IN,1,20,2,1,A8:88:1F,Unknown,0,290
8262,VKS_4G_1,60:A4:B7:D0:B1:75,-89,1,3796,100,38136220667,WPA2,1,0,1,8,1.0;2.0;5.5;11.0;9.0;18.0;36.0;54.0;6.0;12.0;24.0;48.0,4,1,,1,40,2,1,60:A4:B7,Unknown,0,238
8315,JVACT,F0:A7:31:F8:68:16,-92,1,494,100,688948758,WPA2,1,0,1,8,1.0;2.0;5.5;11.0;9.0;18.0;36.0;54.0;6.0;12.0;24.0;48.0,4,1,,1,40,2,1,F0:A7:31,Unknown,0,235
8368,JVACT5G,F2:A7:31:F9:68:16,-86,1,495,100,688950847,WPA2,1,0,1,8,1.0;2.0;5.5;11.0;9.0;18.0;36.0;54.0;6.0;12.0;24.0;48.0,4,1,,1,40,2,1,F2:A7:31,Unknown,0,237
8422,JVACT5G,F2:A7:31:F9:68:16,-89,2,499,100,689154411,WPA2,1,0,1,8,1.0;2.0;5.5;11.0;9.0;18.0;36.0;54.0;6.0;12.0;24.0;48.0,4,1,,1,40,2,1,F2:A7:31,Unknown,0,237
8474,Satz,10:27:F5:5C:C6:A3,-70,3,2159,100,803451085191,WPA2,1,0,1,8,1.0;2.0;5.5;11.0;18.0;24.0;36.0;54.0;6.0;9.0;12.0;48.0,4,3,,1,40,2,1,10:27:F5,Unknown,0,254
8576,Satz,10:27:F5:5C:C6:A3,-71,3,2160,100,803451187605,WPA2,1,0,1,8,1.0;2.0;5.5;11.0;18.0;24.0;36.0;54.0;6.0;9.0;12.0;48.0,4,3,,1,40,2,1,10:27:F5,Unknown,0,254
8883,Satz,10:27:F5:5C:C6:A3,-71,4,2163,100,803451494791,WPA2,1,0,1,8,1.0;2.0;5.5;11.0;18.0;24.0;36.0;54.0;6.0;9.0;12.0;48.0,4,3,,1,40,2,1,10:27:F5,Unknown,0,254
9034,Airtel__dontuse,30:BD:13:27:87:96,-89,5,2314,100,180352819239,WPA2,1,0,1,8,1.0;2.0;5.5;11.0;6.0;9.0;12.0;18.0;24.0;36.0;48.0;54.0,4,6,IN,1,20,2,1,30:BD:13,Unknown,0,311
9185,JioFiber-satz,C0:68:CC:6E:74:72,-87,5,2930,100,11296256396,WPA2,1,0,1,8,1.0;2.0;5.5;11.0;9.0;18.0;36.0;54.0;6.0;12.0;24.0;48.0,4,6,IN,1,20,2,1,C0:68:CC,Unknown,0,245
9335,suresh4G,CA:78:C9:FE:B1:3C,-87,6,3004,100,9727695259,WPA2,1,0,1,8,1.0;2.0;5.5;11.0;18.0;24.0;36.0;54.0;6.0;9.0;12.0;48.0,4,6,IN,1,40,2,1,CA:78:C9,Unknown,0,228
9387,Airtel__dontuse,30:BD:13:27:87:96,-88,6,2317,100,180353126430,WPA2,1,0,1,8,1.0;2.0;5.5;11.0;6.0;9.0;12.0;18.0;24.0;36.0;48.0;54.0,4,6,IN,1,20,2,1,30:BD:13,Unknown,0,311
9441,babu_5G,CA:78:C9:FE:B1:30,-90,6,3005,100,9727795604,WPA2,1,0,1,8,1.0;2.0;5.5;11.0;18.0;24.0;36.0;54.0;6.0;9.0;12.0;48.0,4,6,IN,1,40,2,1,CA:78:C9,Unknown,0,227
9494,Airtel__dontuse,30:BD:13:27:87:96,-90,6,2318,100,180353228848,WPA2,1,0,1,8,1.0;2.0;5.5;11.0;6.0;9.0;12.0;18.0;24.0;36.0;48.0;54.0,4,6,IN,1,20,2,1,30:BD:13,Unknown,0,311
9537,JioFiber-CqkfQ,9A:78:C9:62:4F:27,-90,6,3022,100,803448013211,WPA2,1,0,1,8,1.0;2.0;5.5;11.0;18.0;24.0;36.0;54.0;6.0;9.0;12.0;48.0,4,6,IN,1,40,2,1,9A:78:C9,Unknown,0,234
9568,,FE:7A:58:1B:1B:9A,-91,6,2849,100,543995906376,WEP,1,0,1,0,,0,0,,0,0,0,0,FE:7A:58,Unknown,0,320
9621,JioFiber-satz,C0:68:CC:6E:74:72,-84,7,2933,100,11296563611,WPA2,1,0,1,8,1.0;2.0;5.5;11.0;9.0;18.0;36.0;54.0;6.0;12.0;24.0;48.0,4,6,IN,1,20,2,1,C0:68:CC,Unknown,0,245
9672,DIRECT-dQ-BRAVIA,B2:10:41:BD:D6:51,-77,7,2635,100,2290790784,WPA2,1,1,1,8,6.0;9.0;12.0;18.0;24.0;36.0;48.0;54.0,0,7,,1,20,2,0,B2:10:41,Unknown,0,263
9715,DIRECT-dQ-BRAVIA,B2:10:41:BD:D6:51,-80,7,2636,100,2290893184,WPA2,1,1,1,8,6.0;9.0;12.0;18.0;24.0;36.0;48.0;54.0,0,7,,1,20,2,0,B2:10:41,Unknown,0,263
10479,Cctv,50:2B:73:FD:4F:28,-88,11,620,100,501644083582,WPA2,1,0,1,8,1.0;2.0;5.5;11.0;6.0;9.0;12.0;18.0;24.0;36.0;48.0;54.0,4,11,,1,40,2,1,50:2B:73,Unknown,0,276
10522,SanD-JioFiber_EXT,8C:90:2D:3B:B6:5A,-91,11,3572,100,3003290025,WPA2,1,0,1,8,1.0;2.0;5.5;11.0;9.0;18.0;36.0;54.0;6.0;12.0;24.0;48.0,4,11,,1,20,2,0,8C:90:2D,Unknown,0,223
10574,SanD-JioFiber,BA:A9:15:4E:AF:EE,-94,11,1415,100,802570752413,WPA2,1,0,1,8,1.0;2.0;5.5;11.0;18.0;24.0;36.0;54.0;6.0;9.0;12.0;48.0,4,11,IN,1,40,2,1,BA:A9:15,Unknown,0,233
10697,JVACT1,A4:2B:B0:01:A6:3A,-94,11,2579,100,803475866784,WPA2,1,0,1,8,1.0;2.0;5.5;11.0;9.0;18.0;36.0;54.0;6.0;12.0;24.0;48.0,4,11,,1,40,2,0,A4:2B:B0,Unknown,0,260
10797,SanD-JioFiber_EXT,8C:90:2D:3B:B6:5A,-93,12,3575,100,3003597228,WPA2,1,0,1,8,1.0;2.0;5.5;11.0;9.0;18.0;36.0;54.0;6.0;12.0;24.0;48.0,4,11,,1,20,2,0,8C:90:2D,Unknown,0,223
10889,Cctv,50:2B:73:FD:4F:28,-92,12,624,100,501644493200,WPA2,1,0,1,8,1.0;2.0;5.5;11.0;6.0;9.0;12.0;18.0;24.0;36.0;48.0;54.0,4,11,,1,40,2,1,50:2B:73,Unknown,0,276
10931,SanD-JioFiber_EXT,8C:90:2D:3B:B6:5A,-93,12,3576,100,3003699608,WPA2,1,0,1,8,1.0;2.0;5.5;11.0;9.0;18.0;36.0;54.0;6.0;12.0;24.0;48.0,4,11,,1,20,2,0,8C:90:2D,Unknown,0,223
11238,Satz,10:27:F5:5C:C6:A3,-83,1,2187,100,803453850063,WPA2,1,0,1,8,1.0;2.0;5.5;11.0;18.0;24.0;36.0;54.0;6.0;9.0;12.0;48.0,4,3,,1,40,2,1,10:27:F5,Unknown,0,254
11287,JVACT,F0:A7:31:F8:68:16,-91,1,554,100,692019826,WPA2,1,0,1,8,1.0;2.0;5.5;11.0;9.0;18.0;36.0;54.0;6.0;12.0;24.0;48.0,4,1,,1,40,2,1,F0:A7:31,Unknown,0,235
11340,JVACT5G,F2:A7:31:F9:68:16,-93,1,555,100,692021916,WPA2,1,0,1,8,1.0;2.0;5.5;11.0;9.0;18.0;36.0;54.0;6.0;12.0;24.0;48.0,4,1,,1,40,2,1,F2:A7:31,Unknown,0,237
11389,JVACT,F0:A7:31:F8:68:16,-89,1,556,100,692121953,WPA2,1,0,1,8,1.0;2.0;5.5;11.0;9.0;18.0;36.0;54.0;6.0;12.0;24.0;48.0,4,1,,1,40,2,1,F0:A7:31,Unknown,0,235
11442,JioFiber_24GH_KRR,A8:88:1F:20:7B:61,-90,1,1170,100,284132352580,WPA2,1,0,1,8,1.0;2.0;5.5;11.0;9.0;18.0;36.0;54.0;6.0;12.0;24.0;48.0,4,1,IN,1,20,2,1,A8:88:1F,Unknown,0,290
11485,VKS_4G_1,60:A4:B7:D0:B1:75,-89,1,3828,100,38139494748,WPA2,1,0,1,8,1.0;2.0;5.5;11.0;9.0;18.0;36.0;54.0;6.0;12.0;24.0;48.0,4,1,,1,40,2,1,60:A4:B7,Unknown,0,238
11556,JioFiber_24GH_KRR,A8:88:1F:20:7B:61,-90,2,1171,100,284132454803,WPA2,1,0,1,8,1.0;2.0;5.5;11.0;9.0;18.0;36.0;54.0;6.0;12.0;24.0;48.0,4,1,IN,1,20,2,1,A8:88:1F,Unknown,0,290
11609,Satz,10:27:F5:5C:C6:A3,-74,2,2190,100,803454157203,WPA2,1,0,1,8,1.0;2.0;5.5;11.0;18.0;24.0;36.0;54.0;6.0;9.0;12.0;48.0,4,3,,1,40,2,1,10:27:F5,Unknown,0,254
11651,VKS_4G_1,60:A4:B7:D0:B1:75,-91,2,3829,100,38139597153,WPA2,1,0,1,8,1.0;2.0;5.5;11.0;9.0;18.0;36.0;54.0;6.0;12.0;24.0;48.0,4,1,,1,40,2,1,60:A4:B7,Unknown,0,238
11704,JVACT,F0:A7:31:F8:68:16,-90,2,560,100,692326748,WPA2,1,0,1,8,1.0;2.0;5.5;11.0;9.0;18.0;36.0;54.0;6.0;12.0;24.0;48.0,4,1,,1,40,2,1,F0:A7:31,Unknown,0,235
11746,JVACT5G,F2:A7:31:F9:68:16,-88,2,561,100,692328838,WPA2,1,0,1,8,1.0;2.0;5.5;11.0;9.0;18.0;36.0;54.0;6.0;12.0;24.0;48.0,4,1,,1,40,2,1,F2:A7:31,Unknown,0,237
11799,Satz,10:27:F5:5C:C6:A3,-74,2,2191,100,803454259710,WPA2,1,0,1,8,1.0;2.0;5.5;11.0;18.0;24.0;36.0;54.0;6.0;9.0;12.0;48.0,4,3,,1,40,2,1,10:27:F5,Unknown,0,254
11853,JVACT5G,F2:A7:31:F9:68:16,-90,2,563,100,692431239,WPA2,1,0,1,8,1.0;2.0;5.5;11.0;9.0;18.0;36.0;54.0;6.0;12.0;24.0;48.0,4,1,,1,40,2,1,F2:A7:31,Unknown,0,237
11895,Satz,10:27:F5:5C:C6:A3,-73,2,2192,100,803454361992,WPA2,1,0,1,8,1.0;2.0;5.5;11.0;18.0;24.0;36.0;54.0;6.0;9.0;12.0;48.0,4,3,,1,40,2,1,10:27:F5,Unknown,0,254
11947,VKS_4G_1,60:A4:B7:D0:B1:75,-91,2,3831,100,38139801955,WPA2,1,0,1,8,1.0;2.0;5.5;11.0;9.0;18.0;36.0;54.0;6.0;12.0;24.0;48.0,4,1,,1,40,2,1,60:A4:B7,Unknown,0,238
11990,JVACT,F0:A7:31:F8:68:16,-89,2,564,100,692531552,WPA2,1,0,1,8,1.0;2.0;5.5;11.0;9.0;18.0;36.0;54.0;6.0;12.0;24.0;48.0,4,1,,1,40,2,1,F0:A7:31,Unknown,0,235
12051,Satz,10:27:F5:5C:C6:A3,-71,3,2193,100,803454464408,WPA2,1,0,1,8,1.0;2.0;5.5;11.0;18.0;24.0;36.0;54.0;6.0;9.0;12.0;48.0,4,3,,1,40,2,1,10:27:F5,Unknown,0,254
12103,Satz,10:27:F5:5C:C6:A3,-70,3,2194,100,803454566791,WPA2,1,0,1,8,1.0;2.0;5.5;11.0;18.0;24.0;36.0;54.0;6.0;9.0;12.0;48.0,4,3,,1,40,2,1,10:27:F5,Unknown,0,254
12162,Satz,10:27:F5:5C:C6:A3,-72,4,2196,100,803454773496,WPA2,1,0,1,8,1.0;2.0;5.5;11.0;18.0;24.0;36.0;54.0;6.0;9.0;12.0;48.0,4,3,,1,40,2,1,10:27:F5,Unknown,0,254
12462,JioFiber-satz,C0:68:CC:6E:74:72,-81,6,2962,100,11299533197,WPA2,1,0,1,8,1.0;2.0;5.5;11.0;9.0;18.0;36.0;54.0;6.0;12.0;24.0;48.0,4,6,IN,1,20,2,1,C0:68:CC,Unknown,0,245
12515,Charleshome_4g,60:A4:B7:D0:B1:81,-92,6,578,100,17798553963,WPA2,1,0,1,8,1.0;2.0;5.5;11.0;9.0;18.0;36.0;54.0;6.0;12.0;24.0;48.0,4,6,,1,40,2,1,60:A4:B7,Unknown,0,244
12568,Airtel__dontuse,30:BD:13:27:87:96,-86,6,2348,100,180356300848,WPA2,1,0,1,8,1.0;2.0;5.5;11.0;6.0;9.0;12.0;18.0;24.0;36.0;48.0;54.0,4,6,IN,1,20,2,1,30:BD:13,Unknown,0,311
12621,suresh4G,CA:78:C9:FE:B1:3C,-88,6,3084,100,9730972048,WPA2,1,0,1,8,1.0;2.0;5.5;11.0;18.0;24.0;36.0;54.0;6.0;9.0;12.0;48.0,4,6,IN,1,40,2,1,CA:78:C9,Unknown,0,228
12674,VKS_4G,FC:7A:58:1B:1B:9A,-91,6,2910,100,543999078808,WPA2,1,0,1,8,1.0;2.0;5.5;11.0;9.0;18.0;36.0;54.0;6.0;12.0;24.0;48.0,4,6,IN,1,20,2,1,FC:7A:58,Unknown,0,356
12728,babu_5G,CA:78:C9:FE:B1:30,-88,6,3085,100,9731072398,WPA2,1,0,1,8,1.0;2.0;5.5;11.0;18.0;24.0;36.0;54.0;6.0;9.0;12.0;48.0,4,6,IN,1,40,2,1,CA:78:C9,Unknown,0,227
12770,suresh4G,CA:78:C9:FE:B1:3C,-87,6,3086,100,9731074434,WPA2,1,0,1,8,1.0;2.0;5.5;11.0;18.0;24.0;36.0;54.0;6.0;9.0;12.0;48.0,4,6,IN,1,40,2,1,CA:78:C9,Unknown,0,228
12803,,FE:7A:58:1B:1B:9A,-93,7,2913,100,543999183195,WEP,1,0,1,0,,0,0,,0,0,0,0,FE:7A:58,Unknown,0,320
12855,Airtel__dontuse,30:BD:13:27:87:96,-86,7,2351,100,180356608048,WPA2,1,0,1,8,1.0;2.0;5.5;11.0;6.0;9.0;12.0;18.0;24.0;36.0;48.0;54.0,4,6,IN,1,20,2,1,30:BD:13,Unknown,0,311
12898,DIRECT-dQ-BRAVIA,B2:10:41:BD:D6:51,-74,7,2668,100,2294169983,WPA2,1,1,1,8,6.0;9.0;12.0;18.0;24.0;36.0;48.0;54.0,0,7,,1,20,2,0,B2:10:41,Unknown,0,263
12950,Airtel__dontuse,30:BD:13:27:87:96,-84,7,2352,100,180356710448,WPA2,1,0,1,8,1.0;2.0;5.5;11.0;6.0;9.0;12.0;18.0;24.0;36.0;48.0;54.0,4,6,IN,1,20,2,1,30:BD:13,Unknown,0,311
12993,DIRECT-dQ-BRAVIA,B2:10:41:BD:D6:51,-75,8,2669,100,2294272384,WPA2,1,1,1,8,6.0;9.0;12.0;18.0;24.0;36.0;48.0;54.0,0,7,,1,20,2,0,B2:10:41,Unknown,0,263
13725,SanD-JioFiber,BA:A9:15:4E:AF:EE,-91,11,1451,100,802573926805,WPA2,1,0,1,8,1.0;2.0;5.5;11.0;18.0;24.0;36.0;54.0;6.0;9.0;12.0;48.0,4,11,IN,1,40,2,1,BA:A9:15,Unknown,0,233
13777,Cctv,50:2B:73:FD:4F:28,-90,11,652,100,501647360382,WPA2,1,0,1,8,1.0;2.0;5.5;11.0;6.0;9.0;12.0;18.0;24.0;36.0;48.0;54.0,4,11,,1,40,2,1,50:2B:73,Unknown,0,276
13830,SanD-JioFiber_EXT,8C:90:2D:3B:B6:5A,-93,11,3616,100,3006567159,WPA2,1,0,1,8,1.0;2.0;5.5;11.0;9.0;18.0;36.0;54.0;6.0;12.0;24.0;48.0,4,11,,1,20,2,0,8C:90:2D,Unknown,0,223
13873,JVACT1,A4:2B:B0:01:A6:3A,-93,11,2609,100,803478939136,WPA2,1,0,1,8,1.0;2.0;5.5;11.0;9.0;18.0;36.0;54.0;6.0;12.0;24.0;48.0,4,11,,1,40,2,0,A4:2B:B0,Unknown,0,260
13925,SanD-JioFiber,BA:A9:15:4E:AF:EE,-94,11,1452,100,802574029191,WPA2,1,0,1,8,1.0;2.0;5.5;11.0;18.0;24.0;36.0;54.0;6.0;9.0;12.0;48.0,4,11,IN,1,40,2,1,BA:A9:15,Unknown,0,233
13979,SanD-JioFiber,BA:A9:15:4E:AF:EE,-92,11,1453,100,802574131599,WPA2,1,0,1,8,1.0;2.0;5.5;11.0;18.0;24.0;36.0;54.0;6.0;9.0;12.0;48.0,4,11,IN,1,40,2,1,BA:A9:15,Unknown,0,233
14042,Cctv,50:2B:73:FD:4F:28,-91,11,654,100,501647565200,WPA2,1,0,1,8,1.0;2.0;5.5;11.0;6.0;9.0;12.0;18.0;24.0;36.0;48.0;54.0,4,11,,1,40,2,1,50:2B:73,Unknown,0,276
14464,JVACT5G,F2:A7:31:F9:68:16,-92,1,617,100,695196071,WPA2,1,0,1,8,1.0;2.0;5.5;11.0;9.0;18.0;36.0;54.0;6.0;12.0;24.0;48.0,4,1,,1,40,2,1,F2:A7:31,Unknown,0,237
14516,JioFiber_24GH_KRR,A8:88:1F:20:7B:61,-87,1,1203,100,284135424425,WPA2,1,0,1,8,1.0;2.0;5.5;11.0;9.0;18.0;36.0;54.0;6.0;12.0;24.0;48.0,4,1,IN,1,20,2,1,A8:88:1F,Unknown,0,290
14564,JVACT,F0:A7:31:F8:68:16,-92,1,618,100,695296314,WPA2,1,0,1,8,1.0;2.0;5.5;11.0;9.0;18.0;36.0;54.0;6.0;12.0;24.0;48.0,4,1,,1,40,2,1,F0:A7:31,Unknown,0,235
14615,JVACT5G,F2:A7:31:F9:68:16,-90,1,619,100,695298403,WPA2,1,0,1,8,1.0;2.0;5.5;11.0;9.0;18.0;36.0;54.0;6.0;12.0;24.0;48.0,4,1,,1,40,2,1,F2:A7:31,Unknown,0,237
14668,JioFiber_24GH_KRR,A8:88:1F:20:7B:61,-87,1,1204,100,284135526827,WPA2,1,0,1,8,1.0;2.0;5.5;11.0;9.0;18.0;36.0;54.0;6.0;12.0;24.0;48.0,4,1,IN,1,20,2,1,A8:88:1F,Unknown,0,290
14711,JVACT,F0:A7:31:F8:68:16,-91,1,620,100,695398838,WPA2,1,0,1,8,1.0;2.0;5.5;11.0;9.0;18.0;36.0;54.0;6.0;12.0;24.0;48.0,4,1,,1,40,2,1,F0:A7:31,Unknown,0,235
14763,JVACT5G,F2:A7:31:F9:68:16,-93,1,621,100,695400927,WPA2,1,0,1,8,1.0;2.0;5.5;11.0;9.0;18.0;36.0;54.0;6.0;12.0;24.0;48.0,4,1,,1,40,2,1,F2:A7:31,Unknown,0,237
14816,JioFiber_24GH_KRR,A8:88:1F:20:7B:61,-89,1,1205,100,284135629209,WPA2,1,0,1,8,1.0;2.0;5.5;11.0;9.0;18.0;36.0;54.0;6.0;12.0;24.0;48.0,4,1,IN,1,20,2,1,A8:88:1F,Unknown,0,290
14869,Satz,10:27:F5:5C:C6:A3,-72,2,2222,100,803457331591,WPA2,1,0,1,8,1.0;2.0;5.5;11.0;18.0;24.0;36.0;54.0;6.0;9.0;12.0;48.0,4,3,,1,40,2,1,10:27:F5,Unknown,0,254
14932,JioFiber_24GH_KRR,A8:88:1F:20:7B:61,-89,2,1206,100,284135731597,WPA2,1,0,1,8,1.0;2.0;5.5;11.0;9.0;18.0;36.0;54.0;6.0;12.0;24.0;48.0,4,1,IN,1,20,2,1,A8:88:1F,Unknown,0,290
14974,Satz,10:27:F5:5C:C6:A3,-72,2,2223,100,803457434012,WPA2,1,0,1,8,1.0;2.0;5.5;11.0;18.0;24.0;36.0;54.0;6.0;9.0;12.0;48.0,4,3,,1,40,2,1,10:27:F5,Unknown,0,254
15028,Satz,10:27:F5:5C:C6:A3,-68,2,2224,100,803457536410,WPA2,1,0,1,8,1.0;2.0;5.5;11.0;18.0;24.0;36.0;54.0;6.0;9.0;12.0;48.0,4,3,,1,40,2,1,10:27:F5,Unknown,0,254
15080,Satz,10:27:F5:5C:C6:A3,-69,3,2225,100,803457638816,WPA2,1,0,1,8,1.0;2.0;5.5;11.0;18.0;24.0;36.0;54.0;6.0;9.0;12.0;48.0,4,3,,1,40,2,1,10:27:F5,Unknown,0,254
15584,Satz,10:27:F5:5C:C6:A3,-67,3,2226,100,803457741196,WPA2,1,0,1,8,1.0;2.0;5.5;11.0;18.0;24.0;36.0;54.0;6.0;9.0;12.0;48.0,4,3,,1,40,2,1,10:27:F5,Unknown,0,254
15637,Satz,10:27:F5:5C:C6:A3,-66,3,2227,100,803457843598,WPA2,1,0,1,8,1.0;2.0;5.5;11.0;18.0;24.0;36.0;54.0;6.0;9.0;12.0;48.0,4,3,,1,40,2,1,10:27:F5,Unknown,0,254
15689,Satz,10:27:F5:5C:C6:A3,-66,3,2228,100,803457945991,WPA2,1,0,1,8,1.0;2.0;5.5;11.0;18.0;24.0;36.0;54.0;6.0;9.0;12.0;48.0,4,3,,1,40,2,1,10:27:F5,Unknown,0,254
15732,Satz,10:27:F5:5C:C6:A3,-67,3,2229,100,803458048391,WPA2,1,0,1,8,1.0;2.0;5.5;11.0;18.0;24.0;36.0;54.0;6.0;9.0;12.0;48.0,4,3,,1,40,2,1,10:27:F5,Unknown,0,254
15786,suresh4G,CA:78:C9:FE:B1:3C,-88,5,3150,100,9734146436,WPA2,1,0,1,8,1.0;2.0;5.5;11.0;18.0;24.0;36.0;54.0;6.0;9.0;12.0;48.0,4,6,IN,1,40,2,1,CA:78:C9,Unknown,0,228
15945,JioFiber-satz,C0:68:CC:6E:74:72,-82,6,2996,100,11303016023,WPA2,1,0,1,8,1.0;2.0;5.5;11.0;9.0;18.0;36.0;54.0;6.0;12.0;24.0;48.0,4,6,IN,1,20,2,1,C0:68:CC,Unknown,0,245
16026,JioFiber-CqkfQ,9A:78:C9:62:4F:27,-88,6,3092,100,803454566793,WPA2,1,0,1,8,1.0;2.0;5.5;11.0;18.0;24.0;36.0;54.0;6.0;9.0;12.0;48.0,4,6,IN,1,40,2,1,9A:78:C9,Unknown,0,234
17238,Cctv,50:2B:73:FD:4F:28,-92,11,686,100,501650842000,WPA2,1,0,1,8,1.0;2.0;5.5;11.0;6.0;9.0;12.0;18.0;24.0;36.0;48.0;54.0,4,11,,1,40,2,1,50:2B:73,Unknown,0,276
17280,SanD-JioFiber_EXT,8C:90:2D:3B:B6:5A,-94,11,3670,100,3010048415,WPA2,1,0,1,8,1.0;2.0;5.5;11.0;9.0;18.0;36.0;54.0;6.0;12.0;24.0;48.0,4,11,,1,20,2,0,8C:90:2D,Unknown,0,223
17333,JVACT1,A4:2B:B0:01:A6:3A,-92,11,2643,100,803482420378,WPA2,1,0,1,8,1.0;2.0;5.5;11.0;9.0;18.0;36.0;54.0;6.0;12.0;24.0;48.0,4,11,,1,40,2,0,A4:2B:B0,Unknown,0,260
17394,Cctv,50:2B:73:FD:4F:28,-88,12,687,100,501650944391,WPA2,1,0,1,8,1.0;2.0;5.5;11.0;6.0;9.0;12.0;18.0;24.0;36.0;48.0;54.0,4,11,,1,40,2,1,50:2B:73,Unknown,0,276
17878,JioFiber_24GH_KRR,A8:88:1F:20:7B:61,-88,1,1236,100,284138805387,WPA2,1,0,1,8,1.0;2.0;5.5;11.0;9.0;18.0;36.0;54.0;6.0;12.0;24.0;48.0,4,1,IN,1,20,2,1,A8:88:1F,Unknown,0,290
17921,VKS_4G_1,60:A4:B7:D0:B1:75,-92,1,3891,100,38145945946,WPA2,1,0,1,8,1.0;2.0;5.5;11.0;9.0;18.0;36.0;54.0;6.0;12.0;24.0;48.0,4,1,,1,40,2,1,60:A4:B7,Unknown,0,238
17974,JVACT,F0:A7:31:F8:68:16,-90,1,684,100,698675552,WPA2,1,0,1,8,1.0;2.0;5.5;11.0;9.0;18.0;36.0;54.0;6.0;12.0;24.0;48.0,4,1,,1,40,2,1,F0:A7:31,Unknown,0,235
18016,JVACT5G,F2:A7:31:F9:68:16,-92,1,685,100,698677641,WPA2,1,0,1,8,1.0;2.0;5.5;11.0;9.0;18.0;36.0;54.0;6.0;12.0;24.0;48.0,4,1,,1,40,2,1,F2:A7:31,Unknown,0,237
18096,JioFiber_24GH_KRR,A8:88:1F:20:7B:61,-88,1,1237,100,284138906016,WPA2,1,0,1,8,1.0;2.0;5.5;11.0;9.0;18.0;36.0;54.0;6.0;12.0;24.0;48.0,4,1,IN,1,20,2,1,A8:88:1F,Unknown,0,290
18138,VKS_4G_1,60:A4:B7:D0:B1:75,-93,1,3892,100,38146048350,WPA2,1,0,1,8,1.0;2.0;5.5;11.0;9.0;18.0;36.0;54.0;6.0;12.0;24.0;48.0,4,1,,1,40,2,1,60:A4:B7,Unknown,0,238
18191,JVACT,F0:A7:31:F8:68:16,-90,1,686,100,698777952,WPA2,1,0,1,8,1.0;2.0;5.5;11.0;9.0;18.0;36.0;54.0;6.0;12.0;24.0;48.0,4,1,,1,40,2,1,F0:A7:31,Unknown,0,235
18233,JVACT5G,F2:A7:31:F9:68:16,-92,1,687,100,698780042,WPA2,1,0,1,8,1.0;2.0;5.5;11.0;9.0;18.0;36.0;54.0;6.0;12.0;24.0;48.0,4,1,,1,40,2,1,F2:A7:31,Unknown,0,237
18304,Satz,10:27:F5:5C:C6:A3,-72,2,2258,100,803460915594,WPA2,1,0,1,8,1.0;2.0;5.5;11.0;18.0;24.0;36.0;54.0;6.0;9.0;12.0;48.0,4,3,,1,40,2,1,10:27:F5,Unknown,0,254
18407,Satz,10:27:F5:5C:C6:A3,-71,3,2259,100,803461018000,WPA2,1,0,1,8,1.0;2.0;5.5;11.0;18.0;24.0;36.0;54.0;6.0;9.0;12.0;48.0,4,3,,1,40,2,1,10:27:F5,Unknown,0,254
19253,Charleshome_5g,62:A4:B7:D1:B1:81,-95,6,711,100,17805314525,WPA2,1,0,1,8,1.0;2.0;5.5;11.0;9.0;18.0;36.0;54.0;6.0;12.0;24.0;48.0,4,6,,1,40,2,1,62:A4:B7,Unknown,0,244
19295,babu_5G,CA:78:C9:FE:B1:30,-87,6,3227,100,9737626009,WPA2,1,0,1,8,1.0;2.0;5.5;11.0;18.0;24.0;36.0;54.0;6.0;9.0;12.0;48.0,4,6,IN,1,40,2,1,CA:78:C9,Unknown,0,227
19348,Airtel__dontuse,30:BD:13:27:87:96,-90,6,2414,100,180363059248,WPA2,1,0,1,8,1.0;2.0;5.5;11.0;6.0;9.0;12.0;18.0;24.0;36.0;48.0;54.0,4,6,IN,1,20,2,1,30:BD:13,Unknown,0,311
19401,JioFiber-CqkfQ,9A:78:C9:62:4F:27,-87,6,3124,100,803457845387,WPA2,1,0,1,8,1.0;2.0;5.5;11.0;18.0;24.0;36.0;54.0;6.0;9.0;12.0;48.0,4,6,IN,1,40,2,1,9A:78:C9,Unknown,0,234
19460,JioFiber-satz,C0:68:CC:6E:74:72,-84,6,3035,100,11306394012,WPA2,1,0,1,8,1.0;2.0;5.5;11.0;9.0;18.0;36.0;54.0;6.0;12.0;24.0;48.0,4,6,IN,1,20,2,1,C0:68:CC,Unknown,0,245
19503,DIRECT-dQ-BRAVIA,B2:10:41:BD:D6:51,-79,7,2732,100,2300723584,WPA2,1,1,1,8,6.0;9.0;12.0;18.0;24.0;36.0;48.0;54.0,0,7,,1,20,2,0,B2:10:41,Unknown,0,263
19546,DIRECT-dQ-BRAVIA,B2:10:41:BD:D6:51,-76,7,2733,100,2300825984,WPA2,1,1,1,8,6.0;9.0;12.0;18.0;24.0;36.0;48.0;54.0,0,7,,1,20,2,0,B2:10:41,Unknown,0,263
19810,,16:EB:B6:AA:64:71,-94,9,3270,100,443295539740,WEP,1,0,1,0,,0,0,,0,0,0,0,16:EB:B6,Unknown,0,263
20527,JVACT1,A4:2B:B0:01:A6:3A,-94,11,2675,100,803485697172,WPA2,1,0,1,8,1.0;2.0;5.5;11.0;9.0;18.0;36.0;54.0;6.0;12.0;24.0;48.0,4,11,,1,40,2,0,A4:2B:B0,Unknown,0,260
20719,Cctv,50:2B:73:FD:4F:28,-90,12,720,100,501654323600,WPA2,1,0,1,8,1.0;2.0;5.5;11.0;6.0;9.0;12.0;18.0;24.0;36.0;48.0;54.0,4,11,,1,40,2,1,50:2B:73,Unknown,0,276
21118,JVACT,F0:A7:31:F8:68:16,-84,1,746,100,701849915,WPA2,1,0,1,8,1.0;2.0;5.5;11.0;9.0;18.0;36.0;54.0;6.0;12.0;24.0;48.0,4,1,,1,40,2,1,F0:A7:31,Unknown,0,235
21160,JVACT5G,F2:A7:31:F9:68:16,-84,1,747,100,701852005,WPA2,1,0,1,8,1.0;2.0;5.5;11.0;9.0;18.0;36.0;54.0;6.0;12.0;24.0;48.0,4,1,,1,40,2,1,F2:A7:31,Unknown,0,237
21223,JioFiber_24GH_KRR,A8:88:1F:20:7B:61,-92,1,1271,100,284142080426,WPA2,1,0,1,8,1.0;2.0;5.5;11.0;9.0;18.0;36.0;54.0;6.0;12.0;24.0;48.0,4,1,IN,1,20,2,1,A8:88:1F,Unknown,0,290
21266,VKS_4G_1,60:A4:B7:D0:B1:75,-92,1,3923,100,38149222714,WPA2,1,0,1,8,1.0;2.0;5.5;11.0;9.0;18.0;36.0;54.0;6.0;12.0;24.0;48.0,4,1,,1,40,2,1,60:A4:B7,Unknown,0,238
21316,JVACT,F0:A7:31:F8:68:16,-95,1,748,100,701952320,WPA2,1,0,1,8,1.0;2.0;5.5;11.0;9.0;18.0;36.0;54.0;6.0;12.0;24.0;48.0,4,1,,1,40,2,1,F0:A7:31,Unknown,0,235
21368,JVACT5G,F2:A7:31:F9:68:16,-92,1,749,100,701954410,WPA2,1,0,1,8,1.0;2.0;5.5;11.0;9.0;18.0;36.0;54.0;6.0;12.0;24.0;48.0,4,1,,1,40,2,1,F2:A7:31,Unknown,0,237
21411,VKS_4G_1,60:A4:B7:D0:B1:75,-86,1,3924,100,38149325121,WPA2,1,0,1,8,1.0;2.0;5.5;11.0;9.0;18.0;36.0;54.0;6.0;12.0;24.0;48.0,4,1,,1,40,2,1,60:A4:B7,Unknown,0,238
21464,JVACT,F0:A7:31:F8:68:16,-81,1,750,100,702054722,WPA2,1,0,1,8,1.0;2.0;5.5;11.0;9.0;18.0;36.0;54.0;6.0;12.0;24.0;48.0,4,1,,1,40,2,1,F0:A7:31,Unknown,0,235
21506,JVACT5G,F2:A7:31:F9:68:16,-81,1,751,100,702056811,WPA2,1,0,1,8,1.0;2.0;5.5;11.0;9.0;18.0;36.0;54.0;6.0;12.0;24.0;48.0,4,1,,1,40,2,1,F2:A7:31,Unknown,0,237
21554,VKS_4G_1,60:A4:B7:D0:B1:75,-86,1,3925,100,38149427518,WPA2,1,0,1,8,1.0;2.0;5.5;11.0;9.0;18.0;36.0;54.0;6.0;12.0;24.0;48.0,4,1,,1,40,2,1,60:A4:B7,Unknown,0,238
21607,JVACT,F0:A7:31:F8:68:16,-80,2,752,100,702157122,WPA2,1,0,1,8,1.0;2.0;5.5;11.0;9.0;18.0;36.0;54.0;6.0;12.0;24.0;48.0,4,1,,1,40,2,1,F0:A7:31,Unknown,0,235
21650,JVACT5G,F2:A7:31:F9:68:16,-81,2,753,100,702159211,WPA2,1,0,1,8,1.0;2.0;5.5;11.0;9.0;18.0;36.0;54.0;6.0;12.0;24.0;48.0,4,1,,1,40,2,1,F2:A7:31,Unknown,0,237
21702,Satz,10:27:F5:5C:C6:A3,-77,2,2290,100,803464089994,WPA2,1,0,1,8,1.0;2.0;5.5;11.0;18.0;24.0;36.0;54.0;6.0;9.0;12.0;48.0,4,3,,1,40,2,1,10:27:F5,Unknown,0,254
21744,JVACT,F0:A7:31:F8:68:16,-92,2,754,100,702259525,WPA2,1,0,1,8,1.0;2.0;5.5;11.0;9.0;18.0;36.0;54.0;6.0;12.0;24.0;48.0,4,1,,1,40,2,1,F0:A7:31,Unknown,0,235
21804,Satz,10:27:F5:5C:C6:A3,-80,3,2293,100,803464397204,WPA2,1,0,1,8,1.0;2.0;5.5;11.0;18.0;24.0;36.0;54.0;6.0;9.0;12.0;48.0,4,3,,1,40,2,1,10:27:F5,Unknown,0,254
21889,Satz,10:27:F5:5C:C6:A3,-74,4,2294,100,803464500240,WPA2,1,0,1,8,1.0;2.0;5.5;11.0;18.0;24.0;36.0;54.0;6.0;9.0;12.0;48.0,4,3,,1,40,2,1,10:27:F5,Unknown,0,254
22135,suresh4G,CA:78:C9:FE:B1:3C,-88,5,3284,100,9740495227,WPA2,1,0,1,8,1.0;2.0;5.5;11.0;18.0;24.0;36.0;54.0;6.0;9.0;12.0;48.0,4,6,IN,1,40,2,1,CA:78:C9,Unknown,0,228
22190,JioFiber-satz,C0:68:CC:6E:74:72,-77,5,3063,100,11309261209,WPA2,1,0,1,8,1.0;2.0;5.5;11.0;9.0;18.0;36.0;54.0;6.0;12.0;24.0;48.0,4,6,IN,1,20,2,1,C0:68:CC,Unknown,0,245
22425,Charleshome_4g,60:A4:B7:D0:B1:81,-90,6,772,100,17808486734,WPA2,1,0,1,8,1.0;2.0;5.5;11.0;9.0;18.0;36.0;54.0;6.0;12.0;24.0;48.0,4,6,,1,40,2,1,60:A4:B7,Unknown,0,244
22476,Charleshome_5g,62:A4:B7:D1:B1:81,-92,6,773,100,17808488895,WPA2,1,0,1,8,1.0;2.0;5.5;11.0;9.0;18.0;36.0;54.0;6.0;12.0;24.0;48.0,4,6,,1,40,2,1,62:A4:B7,Unknown,0,244
22519,babu_5G,CA:78:C9:FE:B1:30,-86,6,3289,100,9740800396,WPA2,1,0,1,8,1.0;2.0;5.5;11.0;18.0;24.0;36.0;54.0;6.0;9.0;12.0;48.0,4,6,IN,1,40,2,1,CA:78:C9,Unknown,0,227
22582,VKS_4G,FC:7A:58:1B:1B:9A,-84,6,3102,100,544008909219,WPA2,1,0,1,8,1.0;2.0;5.5;11.0;9.0;18.0;36.0;54.0;6.0;12.0;24.0;48.0,4,6,IN,1,20,2,1,FC:7A:58,Unknown,0,356
22634,JioFiber-CqkfQ,9A:78:C9:62:4F:27,-93,6,3158,100,803461017995,WPA2,1,0,1,8,1.0;2.0;5.5;11.0;18.0;24.0;36.0;54.0;6.0;9.0;12.0;48.0,4,6,IN,1,40,2,1,9A:78:C9,Unknown,0,234
22656,,FE:7A:58:1B:1B:9A,-85,6,3103,100,544008911262,WEP,1,0,1,0,,0,0,,0,0,0,0,FE:7A:58,Unknown,0,320
22715,Airtel__dontuse,30:BD:13:27:87:96,-78,7,2448,100,180366438524,WPA2,1,0,1,8,1.0;2.0;5.5;11.0;6.0;9.0;12.0;18.0;24.0;36.0;48.0;54.0,4,6,IN,1,20,2,1,30:BD:13,Unknown,0,311
22767,DIRECT-dQ-BRAVIA,B2:10:41:BD:D6:51,-79,7,2764,100,2304000384,WPA2,1,1,1,8,6.0;9.0;12.0;18.0;24.0;36.0;48.0;54.0,0,7,,1,20,2,0,B2:10:41,Unknown,0,263
22810,Airtel__dontuse,30:BD:13:27:87:96,-83,7,2449,100,180366540839,WPA2,1,0,1,8,1.0;2.0;5.5;11.0;6.0;9.0;12.0;18.0;24.0;36.0;48.0;54.0,4,6,IN,1,20,2,1,30:BD:13,Unknown,0,311
22863,JioFiber-satz,C0:68:CC:6E:74:72,-83,7,3069,100,11309875625,WPA2,1,0,1,8,1.0;2.0;5.5;11.0;9.0;18.0;36.0;54.0;6.0;12.0;24.0;48.0,4,6,IN,1,20,2,1,C0:68:CC,Unknown,0,245
23658,SanD-JioFiber,BA:A9:15:4E:AF:EE,-91,11,1563,100,802583859597,WPA2,1,0,1,8,1.0;2.0;5.5;11.0;18.0;24.0;36.0;54.0;6.0;9.0;12.0;48.0,4,11,IN,1,40,2,1,BA:A9:15,Unknown,0,233
23712,JVACT1,A4:2B:B0:01:A6:3A,-87,11,2706,100,803488871533,WPA2,1,0,1,8,1.0;2.0;5.5;11.0;9.0;18.0;36.0;54.0;6.0;12.0;24.0;48.0,4,11,,1,40,2,0,A4:2B:B0,Unknown,0,260
23760,SanD-JioFiber,BA:A9:15:4E:AF:EE,-91,11,1564,100,802583962003,WPA2,1,0,1,8,1.0;2.0;5.5;11.0;18.0;24.0;36.0;54.0;6.0;9.0;12.0;48.0,4,11,IN,1,40,2,1,BA:A9:15,Unknown,0,233
23862,SanD-JioFiber,BA:A9:15:4E:AF:EE,-90,12,1565,100,802584064406,WPA2,1,0,1,8,1.0;2.0;5.5;11.0;18.0;24.0;36.0;54.0;6.0;9.0;12.0;48.0,4,11,IN,1,40,2,1,BA:A9:15,Unknown,0,233
24067,SanD-JioFiber,BA:A9:15:4E:AF:EE,-90,12,1567,100,802584269191,WPA2,1,0,1,8,1.0;2.0;5.5;11.0;18.0;24.0;36.0;54.0;6.0;9.0;12.0;48.0,4,11,IN,1,40,2,1,BA:A9:15,Unknown,0,233
24349,VKS_4G_1,60:A4:B7:D0:B1:75,-93,1,3954,100,38152397149,WPA2,1,0,1,8,1.0;2.0;5.5;11.0;9.0;18.0;36.0;54.0;6.0;12.0;24.0;48.0,4,1,,1,40,2,1,60:A4:B7,Unknown,0,238
24400,JVACT,F0:A7:31:F8:68:16,-86,1,810,100,705126935,WPA2,1,0,1,8,1.0;2.0;5.5;11.0;9.0;18.0;36.0;54.0;6.0;12.0;24.0;48.0,4,1,,1,40,2,1,F0:A7:31,Unknown,0,235
24453,JVACT5G,F2:A7:31:F9:68:16,-85,1,811,100,705129024,WPA2,1,0,1,8,1.0;2.0;5.5;11.0;9.0;18.0;36.0;54.0;6.0;12.0;24.0;48.0,4,1,,1,40,2,1,F2:A7:31,Unknown,0,237
24506,ABFAMILY,04:AB:08:31:B0:12,-93,1,1213,100,509969204461,WPA2,1,0,1,8,1.0;2.0;5.5;11.0;9.0;18.0;36.0;54.0;6.0;12.0;24.0;48.0,4,1,IN,1,20,2,1,04:AB:08,Unknown,0,281
24558,JioFiber_24GH_KRR,A8:88:1F:20:7B:61,-91,1,1309,100,284145357214,WPA2,1,0,1,8,1.0;2.0;5.5;11.0;9.0;18.0;36.0;54.0;6.0;12.0;24.0;48.0,4,1,IN,1,20,2,1,A8:88:1F,Unknown,0,290
24611,JVACT,F0:A7:31:F8:68:16,-85,1,812,100,705229154,WPA2,1,0,1,8,1.0;2.0;5.5;11.0;9.0;18.0;36.0;54.0;6.0;12.0;24.0;48.0,4,1,,1,40,2,1,F0:A7:31,Unknown,0,235
24661,JVACT5G,F2:A7:31:F9:68:16,-83,2,815,100,705333645,WPA2,1,0,1,8,1.0;2.0;5.5;11.0;9.0;18.0;36.0;54.0;6.0;12.0;24.0;48.0,4,1,,1,40,2,1,F2:A7:31,Unknown,0,237
24714,Satz,10:27:F5:5C:C6:A3,-68,2,2323,100,803467264398,WPA2,1,0,1,8,1.0;2.0;5.5;11.0;18.0;24.0;36.0;54.0;6.0;9.0;12.0;48.0,4,3,,1,40,2,1,10:27:F5,Unknown,0,254
24756,JVACT,F0:A7:31:F8:68:16,-85,2,816,100,705433952,WPA2,1,0,1,8,1.0;2.0;5.5;11.0;9.0;18.0;36.0;54.0;6.0;12.0;24.0;48.0,4,1,,1,40,2,1,F0:A7:31,Unknown,0,235
24798,JVACT5G,F2:A7:31:F9:68:16,-88,2,817,100,705436041,WPA2,1,0,1,8,1.0;2.0;5.5;11.0;9.0;18.0;36.0;54.0;6.0;12.0;24.0;48.0,4,1,,1,40,2,1,F2:A7:31,Unknown,0,237
24851,JVACT5G,F2:A7:31:F9:68:16,-90,2,819,100,705538438,WPA2,1,0,1,8,1.0;2.0;5.5;11.0;9.0;18.0;36.0;54.0;6.0;12.0;24.0;48.0,4,1,,1,40,2,1,F2:A7:31,Unknown,0,237
24904,Satz,10:27:F5:5C:C6:A3,-66,3,2325,100,803467469214,WPA2,1,0,1,8,1.0;2.0;5.5;11.0;18.0;24.0;36.0;54.0;6.0;9.0;12.0;48.0,4,3,,1,40,2,1,10:27:F5,Unknown,0,254
24960,Satz,10:27:F5:5C:C6:A3,-75,3,2326,100,803467571604,WPA2,1,0,1,8,1.0;2.0;5.5;11.0;18.0;24.0;36.0;54.0;6.0;9.0;12.0;48.0,4,3,,1,40,2,1,10:27:F5,Unknown,0,254
25063,Satz,10:27:F5:5C:C6:A3,-77,3,2327,100,803467674007,WPA2,1,0,1,8,1.0;2.0;5.5;11.0;18.0;24.0;36.0;54.0;6.0;9.0;12.0;48.0,4,3,,1,40,2,1,10:27:F5,Unknown,0,254
25268,Satz,10:27:F5:5C:C6:A3,-76,4,2329,100,803467878792,WPA2,1,0,1,8,1.0;2.0;5.5;11.0;18.0;24.0;36.0;54.0;6.0;9.0;12.0;48.0,4,3,,1,40,2,1,10:27:F5,Unknown,0,254
25338,NISHA-SEN,D8:0D:17:F6:48:8A,-91,5,1327,100,121231667584,WPA2,1,1,1,8,1.0;2.0;5.5;11.0;6.0;9.0;12.0;18.0;24.0;36.0;48.0;54.0,4,5,,1,40,3,1,D8:0D:17,Unknown,0,272
25397,JioFiber-satz,C0:68:CC:6E:74:72,-84,5,3094,100,11312435617,WPA2,1,0,1,8,1.0;2.0;5.5;11.0;9.0;18.0;36.0;54.0;6.0;12.0;24.0;48.0,4,6,IN,1,20,2,1,C0:68:CC,Unknown,0,245
25600,Charleshome_4g,60:A4:B7:D0:B1:81,-94,6,834,100,17811661164,WPA2,1,0,1,8,1.0;2.0;5.5;11.0;9.0;18.0;36.0;54.0;6.0;12.0;24.0;48.0,4,6,,1,40,2,1,60:A4:B7,Unknown,0,244
25642,babu_5G,CA:78:C9:FE:B1:30,-90,6,3363,100,9743974799,WPA2,1,0,1,8,1.0;2.0;5.5;11.0;18.0;24.0;36.0;54.0;6.0;9.0;12.0;48.0,4,6,IN,1,40,2,1,CA:78:C9,Unknown,0,227
25695,Airtel__dontuse,30:BD:13:27:87:96,-89,6,2477,100,180369408140,WPA2,1,0,1,8,1.0;2.0;5.5;11.0;6.0;9.0;12.0;18.0;24.0;36.0;48.0;54.0,4,6,IN,1,20,2,1,30:BD:13,Unknown,0,311
25758,VKS_4G,FC:7A:58:1B:1B:9A,-90,6,3164,100,544012083599,WPA2,1,0,1,8,1.0;2.0;5.5;11.0;9.0;18.0;36.0;54.0;6.0;12.0;24.0;48.0,4,6,IN,1,20,2,1,FC:7A:58,Unknown,0,356
25812,JioFiber-CqkfQ,9A:78:C9:62:4F:27,-87,6,3190,100,803464192399,WPA2,1,0,1,8,1.0;2.0;5.5;11.0;18.0;24.0;36.0;54.0;6.0;9.0;12.0;48.0,4,6,IN,1,40,2,1,9A:78:C9,Unknown,0,234
25843,,FE:7A:58:1B:1B:9A,-90,6,3165,100,544012085679,WEP,1,0,1,0,,0,0,,0,0,0,0,FE:7A:58,Unknown,0,320
25896,JioFiber-satz,C0:68:CC:6E:74:72,-86,6,3097,100,11312742807,WPA2,1,0,1,8,1.0;2.0;5.5;11.0;9.0;18.0;36.0;54.0;6.0;12.0;24.0;48.0,4,6,IN,1,20,2,1,C0:68:CC,Unknown,0,245
25939,JioFiber-CqkfQ,9A:78:C9:62:4F:27,-88,6,3191,100,803464294791,WPA2,1,0,1,8,1.0;2.0;5.5;11.0;18.0;24.0;36.0;54.0;6.0;9.0;12.0;48.0,4,6,IN,1,40,2,1,9A:78:C9,Unknown,0,234
25992,JioFiber-CqkfQ,9A:78:C9:62:4F:27,-87,6,3192,100,803464397191,WPA2,1,0,1,8,1.0;2.0;5.5;11.0;18.0;24.0;36.0;54.0;6.0;9.0;12.0;48.0,4,6,IN,1,40,2,1,9A:78:C9,Unknown,0,234
26047,Charleshome_4g,60:A4:B7:D0:B1:81,-93,6,840,100,17811968365,WPA2,1,0,1,8,1.0;2.0;5.5;11.0;9.0;18.0;36.0;54.0;6.0;12.0;24.0;48.0,4,6,,1,40,2,1,60:A4:B7,Unknown,0,244
26099,babu_5G,CA:78:C9:FE:B1:30,-90,6,3369,100,9744282008,WPA2,1,0,1,8,1.0;2.0;5.5;11.0;18.0;24.0;36.0;54.0;6.0;9.0;12.0;48.0,4,6,IN,1,40,2,1,CA:78:C9,Unknown,0,227
26153,VKS_4G,FC:7A:58:1B:1B:9A,-90,7,3170,100,544012390803,WPA2,1,0,1,8,1.0;2.0;5.5;11.0;9.0;18.0;36.0;54.0;6.0;12.0;24.0;48.0,4,6,IN,1,20,2,1,FC:7A:58,Unknown,0,356
26205,JioFiber-CqkfQ,9A:78:C9:62:4F:27,-88,7,3193,100,803464499601,WPA2,1,0,1,8,1.0;2.0;5.5;11.0;18.0;24.0;36.0;54.0;6.0;9.0;12.0;48.0,4,6,IN,1,40,2,1,9A:78:C9,Unknown,0,234
26227,,FE:7A:58:1B:1B:9A,-90,7,3171,100,544012392893,WEP,1,0,1,0,,0,0,,0,0,0,0,FE:7A:58,Unknown,0,320
26275,DIRECT-dQ-BRAVIA,B2:10:41:BD:D6:51,-64,7,2796,100,2307277184,WPA2,1,1,1,8,6.0;9.0;12.0;18.0;24.0;36.0;48.0;54.0,0,7,,1,20,2,0,B2:10:41,Unknown,0,263
26966,Cctv,50:2B:73:FD:4F:28,-88,11,781,100,501660570009,WPA2,1,0,1,8,1.0;2.0;5.5;11.0;6.0;9.0;12.0;18.0;24.0;36.0;48.0;54.0,4,11,,1,40,2,1,50:2B:73,Unknown,0,276
27009,SanD-JioFiber_EXT,8C:90:2D:3B:B6:5A,-88,11,3780,100,3019776400,WPA2,1,0,1,8,1.0;2.0;5.5;11.0;9.0;18.0;36.0;54.0;6.0;12.0;24.0;48.0,4,11,,1,20,2,0,8C:90:2D,Unknown,0,223
27273,Cctv,50:2B:73:FD:4F:28,-90,12,784,100,501660877182,WPA2,1,0,1,8,1.0;2.0;5.5;11.0;6.0;9.0;12.0;18.0;24.0;36.0;48.0;54.0,4,11,,1,40,2,1,50:2B:73,Unknown,0,276
27625,VKS_4G_1,60:A4:B7:D0:B1:75,-89,1,3986,100,38155673914,WPA2,1,0,1,8,1.0;2.0;5.5;11.0;9.0;18.0;36.0;54.0;6.0;12.0;24.0;48.0,4,1,,1,40,2,1,60:A4:B7,Unknown,0,238
27673,JVACT5G,F2:A7:31:F9:68:16,-96,1,875,100,708405604,WPA2,1,0,1,8,1.0;2.0;5.5;11.0;9.0;18.0;36.0;54.0;6.0;12.0;24.0;48.0,4,1,,1,40,2,1,F2:A7:31,Unknown,0,237
27728,VKS_4G_1,60:A4:B7:D0:B1:75,-88,1,3987,100,38155776315,WPA2,1,0,1,8,1.0;2.0;5.5;11.0;9.0;18.0;36.0;54.0;6.0;12.0;24.0;48.0,4,1,,1,40,2,1,60:A4:B7,Unknown,0,238
27774,JVACT,F0:A7:31:F8:68:16,-92,1,876,100,708505914,WPA2,1,0,1,8,1.0;2.0;5.5;11.0;9.0;18.0;36.0;54.0;6.0;12.0;24.0;48.0,4,1,,1,40,2,1,F0:A7:31,Unknown,0,235
27816,JVACT5G,F2:A7:31:F9:68:16,-86,1,877,100,708508003,WPA2,1,0,1,8,1.0;2.0;5.5;11.0;9.0;18.0;36.0;54.0;6.0;12.0;24.0;48.0,4,1,,1,40,2,1,F2:A7:31,Unknown,0,237
27869,VKS_4G_1,60:A4:B7:D0:B1:75,-84,2,3988,100,38155878720,WPA2,1,0,1,8,1.0;2.0;5.5;11.0;9.0;18.0;36.0;54.0;6.0;12.0;24.0;48.0,4,1,,1,40,2,1,60:A4:B7,Unknown,0,238
27920,JVACT,F0:A7:31:F8:68:16,-89,2,878,100,708608315,WPA2,1,0,1,8,1.0;2.0;5.5;11.0;9.0;18.0;36.0;54.0;6.0;12.0;24.0;48.0,4,1,,1,40,2,1,F0:A7:31,Unknown,0,235
27973,VKS_4G_1,60:A4:B7:D0:B1:75,-86,2,3989,100,38155981117,WPA2,1,0,1,8,1.0;2.0;5.5;11.0;9.0;18.0;36.0;54.0;6.0;12.0;24.0;48.0,4,1,,1,40,2,1,60:A4:B7,Unknown,0,238
28032,Satz,10:27:F5:5C:C6:A3,-70,2,2358,100,803470643591,WPA2,1,0,1,8,1.0;2.0;5.5;11.0;18.0;24.0;36.0;54.0;6.0;9.0;12.0;48.0,4,3,,1,40,2,1,10:27:F5,Unknown,0,254
28545,Satz,10:27:F5:5C:C6:A3,-79,4,2365,100,803471155818,WPA2,1,0,1,8,1.0;2.0;5.5;11.0;18.0;24.0;36.0;54.0;6.0;9.0;12.0;48.0,4,3,,1,40,2,1,10:27:F5,Unknown,0,254
28630,VKS_4G,FC:7A:58:1B:1B:9A,-90,5,3225,100,544015054627,WPA2,1,0,1,8,1.0;2.0;5.5;11.0;9.0;18.0;36.0;54.0;6.0;12.0;24.0;48.0,4,6,IN,1,20,2,1,FC:7A:58,Unknown,0,356
28744,JioFiber-satz,C0:68:CC:6E:74:72,-83,5,3133,100,11315814799,WPA2,1,0,1,8,1.0;2.0;5.5;11.0;9.0;18.0;36.0;54.0;6.0;12.0;24.0;48.0,4,6,IN,1,20,2,1,C0:68:CC,Unknown,0,245
28849,JioFiber-satz,C0:68:CC:6E:74:72,-81,6,3134,100,11315919592,WPA2,1,0,1,8,1.0;2.0;5.5;11.0;9.0;18.0;36.0;54.0;6.0;12.0;24.0;48.0,4,6,IN,1,20,2,1,C0:68:CC,Unknown,0,245
28902,Charleshome_4g,60:A4:B7:D0:B1:81,-94,6,898,100,17814937935,WPA2,1,0,1,8,1.0;2.0;5.5;11.0;9.0;18.0;36.0;54.0;6.0;12.0;24.0;48.0,4,6,,1,40,2,1,60:A4:B7,Unknown,0,244
28944,Charleshome_5g,62:A4:B7:D1:B1:81,-94,6,899,100,17814940097,WPA2,1,0,1,8,1.0;2.0;5.5;11.0;9.0;18.0;36.0;54.0;6.0;12.0;24.0;48.0,4,6,,1,40,2,1,62:A4:B7,Unknown,0,244
28997,babu_5G,CA:78:C9:FE:B1:30,-91,6,3447,100,9747251609,WPA2,1,0,1,8,1.0;2.0;5.5;11.0;18.0;24.0;36.0;54.0;6.0;9.0;12.0;48.0,4,6,IN,1,40,2,1,CA:78:C9,Unknown,0,227
29048,Airtel__dontuse,30:BD:13:27:87:96,-80,6,2509,100,180372684830,WPA2,1,0,1,8,1.0;2.0;5.5;11.0;6.0;9.0;12.0;18.0;24.0;36.0;48.0;54.0,4,6,IN,1,20,2,1,30:BD:13,Unknown,0,311
29111,VKS_4G,FC:7A:58:1B:1B:9A,-87,6,3231,100,544015360967,WPA2,1,0,1,8,1.0;2.0;5.5;11.0;9.0;18.0;36.0;54.0;6.0;12.0;24.0;48.0,4,6,IN,1,20,2,1,FC:7A:58,Unknown,0,356
29163,JioFiber-satz,C0:68:CC:6E:74:72,-80,6,3135,100,11316019635,WPA2,1,0,1,8,1.0;2.0;5.5;11.0;9.0;18.0;36.0;54.0;6.0;12.0;24.0;48.0,4,6,IN,1,20,2,1,C0:68:CC,Unknown,0,245
29207,JioFiber-satz,C0:68:CC:6E:74:72,-79,6,3136,100,11316122024,WPA2,1,0,1,8,1.0;2.0;5.5;11.0;9.0;18.0;36.0;54.0;6.0;12.0;24.0;48.0,4,6,IN,1,20,2,1,C0:68:CC,Unknown,0,245
29259,Charleshome_4g,60:A4:B7:D0:B1:81,-91,6,902,100,17815142738,WPA2,1,0,1,8,1.0;2.0;5.5;11.0;9.0;18.0;36.0;54.0;6.0;12.0;24.0;48.0,4,6,,1,40,2,1,60:A4:B7,Unknown,0,244
29311,babu_5G,CA:78:C9:FE:B1:30,-89,6,3451,100,9747456413,WPA2,1,0,1,8,1.0;2.0;5.5;11.0;18.0;24.0;36.0;54.0;6.0;9.0;12.0;48.0,4,6,IN,1,40,2,1,CA:78:C9,Unknown,0,227
29364,VKS_4G,FC:7A:58:1B:1B:9A,-86,7,3237,100,544015669279,WPA2,1,0,1,8,1.0;2.0;5.5;11.0;9.0;18.0;36.0;54.0;6.0;12.0;24.0;48.0,4,6,IN,1,20,2,1,FC:7A:58,Unknown,0,356
29396,,FE:7A:58:1B:1B:9A,-87,7,3238,100,544015670319,WEP,1,0,1,0,,0,0,,0,0,0,0,FE:7A:58,Unknown,0,320
29449,JioFiber-satz,C0:68:CC:6E:74:72,-82,7,3138,100,11316326792,WPA2,1,0,1,8,1.0;2.0;5.5;11.0;9.0;18.0;36.0;54.0;6.0;12.0;24.0;48.0,4,6,IN,1,20,2,1,C0:68:CC,Unknown,0,245
29491,DIRECT-dQ-BRAVIA,B2:10:41:BD:D6:51,-73,7,2829,100,2310553984,WPA2,1,1,1,8,6.0;9.0;12.0;18.0;24.0;36.0;48.0;54.0,0,7,,1,20,2,0,B2:10:41,Unknown,0,263
29664,Vani,14:EB:B6:8A:64:71,-94,9,3461,100,443305370029,WPA2,1,0,1,8,1.0;2.0;5.5;11.0;9.0;18.0;36.0;54.0;6.0;12.0;24.0;48.0,4,9,,1,20,2,1,14:EB:B6,Unknown,0,332
29686,,16:EB:B6:AA:64:71,-92,9,3462,100,443305370064,WEP,1,0,1,0,,0,0,,0,0,0,0,16:EB:B6,Unknown,0,263
29766,Vani,14:EB:B6:8A:64:71,-90,9,3463,100,443305472446,WPA2,1,0,1,8,1.0;2.0;5.5;11.0;9.0;18.0;36.0;54.0;6.0;12.0;24.0;48.0,4,9,,1,20,2,1,14:EB:B6,Unknown,0,332
29788,,16:EB:B6:AA:64:71,-92,9,3464,100,443305472494,WEP,1,0,1,0,,0,0,,0,0,0,0,16:EB:B6,Unknown,0,263
30051,JVACT1,A4:2B:B0:01:A6:3A,-91,10,2768,100,803495220327,WPA2,1,0,1,8,1.0;2.0;5.5;11.0;9.0;18.0;36.0;54.0;6.0;12.0;24.0;48.0,4,11,,1,40,2,0,A4:2B:B0,Unknown,0,260
30109,SanD-JioFiber,BA:A9:15:4E:AF:EE,-89,11,1635,100,802590310803,WPA2,1,0,1,8,1.0;2.0;5.5;11.0;18.0;24.0;36.0;54.0;6.0;9.0;12.0;48.0,4,11,IN,1,40,2,1,BA:A9:15,Unknown,0,233
30162,Cctv,50:2B:73:FD:4F:28,-86,11,814,100,501663744391,WPA2,1,0,1,8,1.0;2.0;5.5;11.0;6.0;9.0;12.0;18.0;24.0;36.0;48.0;54.0,4,11,,1,40,2,1,50:2B:73,Unknown,0,276
30214,JVACT1,A4:2B:B0:01:A6:3A,-89,11,2769,100,803495322719,WPA2,1,0,1,8,1.0;2.0;5.5;11.0;9.0;18.0;36.0;54.0;6.0;12.0;24.0;48.0,4,11,,1,40,2,0,A4:2B:B0,Unknown,0,260
30257,SanD-JioFiber,BA:A9:15:4E:AF:EE,-90,11,1636,100,802590413204,WPA2,1,0,1,8,1.0;2.0;5.5;11.0;18.0;24.0;36.0;54.0;6.0;9.0;12.0;48.0,4,11,IN,1,40,2,1,BA:A9:15,Unknown,0,233
30320,Cctv,50:2B:73:FD:4F:28,-83,11,815,100,501663846800,WPA2,1,0,1,8,1.0;2.0;5.5;11.0;6.0;9.0;12.0;18.0;24.0;36.0;48.0;54.0,4,11,,1,40,2,1,50:2B:73,Unknown,0,276
30371,SanD-JioFiber_EXT,8C:90:2D:3B:B6:5A,-96,11,3824,100,3023053202,WPA2,1,0,1,8,1.0;2.0;5.5;11.0;9.0;18.0;36.0;54.0;6.0;12.0;24.0;48.0,4,11,,1,20,2,0,8C:90:2D,Unknown,0,223
30424,JVACT1,A4:2B:B0:01:A6:3A,-88,11,2770,100,803495425111,WPA2,1,0,1,8,1.0;2.0;5.5;11.0;9.0;18.0;36.0;54.0;6.0;12.0;24.0;48.0,4,11,,1,40,2,0,A4:2B:B0,Unknown,0,260
30467,SanD-JioFiber,BA:A9:15:4E:AF:EE,-93,11,1637,100,802590515617,WPA2,1,0,1,8,1.0;2.0;5.5;11.0;18.0;24.0;36.0;54.0;6.0;9.0;12.0;48.0,4,11,IN,1,40,2,1,BA:A9:15,Unknown,0,233
30520,Cctv,50:2B:73:FD:4F:28,-86,11,816,100,501663949209,WPA2,1,0,1,8,1.0;2.0;5.5;11.0;6.0;9.0;12.0;18.0;24.0;36.0;48.0;54.0,4,11,,1,40,2,1,50:2B:73,Unknown,0,276
30573,SanD-JioFiber,BA:A9:15:4E:AF:EE,-92,11,1638,100,802590617996,WPA2,1,0,1,8,1.0;2.0;5.5;11.0;18.0;24.0;36.0;54.0;6.0;9.0;12.0;48.0,4,11,IN,1,40,2,1,BA:A9:15,Unknown,0,233
30632,Cctv,50:2B:73:FD:4F:28,-86,11,817,100,501664051591,WPA2,1,0,1,8,1.0;2.0;5.5;11.0;6.0;9.0;12.0;18.0;24.0;36.0;48.0;54.0,4,11,,1,40,2,1,50:2B:73,Unknown,0,276
30686,Cctv,50:2B:73:FD:4F:28,-89,13,819,100,501664256409,WPA2,1,0,1,8,1.0;2.0;5.5;11.0;6.0;9.0;12.0;18.0;24.0;36.0;48.0;54.0,4,11,,1,40,2,1,50:2B:73,Unknown,0,276
30846,JVACT,F0:A7:31:F8:68:16,-86,1,936,100,711577950,WPA2,1,0,1,8,1.0;2.0;5.5;11.0;9.0;18.0;36.0;54.0;6.0;12.0;24.0;48.0,4,1,,1,40,2,1,F0:A7:31,Unknown,0,235
30888,JVACT5G,F2:A7:31:F9:68:16,-86,1,937,100,711580039,WPA2,1,0,1,8,1.0;2.0;5.5;11.0;9.0;18.0;36.0;54.0;6.0;12.0;24.0;48.0,4,1,,1,40,2,1,F2:A7:31,Unknown,0,237
30951,JioFiber_24GH_KRR,A8:88:1F:20:7B:61,-92,1,1378,100,284151808405,WPA2,1,0,1,8,1.0;2.0;5.5;11.0;9.0;18.0;36.0;54.0;6.0;12.0;24.0;48.0,4,1,IN,1,20,2,1,A8:88:1F,Unknown,0,290
31004,JioFiber-3TFFK_EXT,8C:90:2D:3C:03:B3,-93,1,1829,100,603447603626,WPA2,1,0,1,8,1.0;2.0;5.5;11.0;9.0;18.0;36.0;54.0;6.0;12.0;24.0;48.0,4,1,,1,20,2,0,8C:90:2D,Unknown,0,224
31047,VKS_4G_1,60:A4:B7:D0:B1:75,-89,1,4018,100,38158950745,WPA2,1,0,1,8,1.0;2.0;5.5;11.0;9.0;18.0;36.0;54.0;6.0;12.0;24.0;48.0,4,1,,1,40,2,1,60:A4:B7,Unknown,0,238
31110,JioFiber-3TFFK,E8:22:B8:12:3E:9A,-96,1,23,100,803430400397,WPA2,1,0,1,8,1.0;2.0;5.5;11.0;9.0;18.0;36.0;54.0;6.0;12.0;24.0;48.0,4,1,IN,1,20,2,1,E8:22:B8,Unknown,0,287
31152,JVACT,F0:A7:31:F8:68:16,-84,1,938,100,711682350,WPA2,1,0,1,8,1.0;2.0;5.5;11.0;9.0;18.0;36.0;54.0;6.0;12.0;24.0;48.0,4,1,,1,40,2,1,F0:A7:31,Unknown,0,235
31205,JVACT5G,F2:A7:31:F9:68:16,-84,1,939,100,711684439,WPA2,1,0,1,8,1.0;2.0;5.5;11.0;9.0;18.0;36.0;54.0;6.0;12.0;24.0;48.0,4,1,,1,40,2,1,F2:A7:31,Unknown,0,237
31257,JVACT,F0:A7:31:F8:68:16,-85,1,940,100,711782752,WPA2,1,0,1,8,1.0;2.0;5.5;11.0;9.0;18.0;36.0;54.0;6.0;12.0;24.0;48.0,4,1,,1,40,2,1,F0:A7:31,Unknown,0,235
31299,JVACT5G,F2:A7:31:F9:68:16,-82,1,941,100,711784841,WPA2,1,0,1,8,1.0;2.0;5.5;11.0;9.0;18.0;36.0;54.0;6.0;12.0;24.0;48.0,4,1,,1,40,2,1,F2:A7:31,Unknown,0,237
31352,ABFAMILY,04:AB:08:31:B0:12,-92,1,1278,100,509975860295,WPA2,1,0,1,8,1.0;2.0;5.5;11.0;9.0;18.0;36.0;54.0;6.0;12.0;24.0;48.0,4,1,IN,1,20,2,1,04:AB:08,Unknown,0,281
31415,JioFiber_24GH_KRR,A8:88:1F:20:7B:61,-91,1,1380,100,284152013206,WPA2,1,0,1,8,1.0;2.0;5.5;11.0;9.0;18.0;36.0;54.0;6.0;12.0;24.0;48.0,4,1,IN,1,20,2,1,A8:88:1F,Unknown,0,290
31514,Satz,10:27:F5:5C:C6:A3,-66,3,2403,100,803474125502,WPA2,1,0,1,8,1.0;2.0;5.5;11.0;18.0;24.0;36.0;54.0;6.0;9.0;12.0;48.0,4,3,,1,40,2,1,10:27:F5,Unknown,0,254
31617,Satz,10:27:F5:5C:C6:A3,-81,4,2404,100,803474227590,WPA2,1,0,1,8,1.0;2.0;5.5;11.0;18.0;24.0;36.0;54.0;6.0;9.0;12.0;48.0,4,3,,1,40,2,1,10:27:F5,Unknown,0,254
31719,Satz,10:27:F5:5C:C6:A3,-78,4,2405,100,803474329991,WPA2,1,0,1,8,1.0;2.0;5.5;11.0;18.0;24.0;36.0;54.0;6.0;9.0;12.0;48.0,4,3,,1,40,2,1,10:27:F5,Unknown,0,254
31821,Satz,10:27:F5:5C:C6:A3,-77,4,2406,100,803474432390,WPA2,1,0,1,8,1.0;2.0;5.5;11.0;18.0;24.0;36.0;54.0;6.0;9.0;12.0;48.0,4,3,,1,40,2,1,10:27:F5,Unknown,0,254
32008,VKS_4G,FC:7A:58:1B:1B:9A,-90,5,3292,100,544018432422,WPA2,1,0,1,8,1.0;2.0;5.5;11.0;9.0;18.0;36.0;54.0;6.0;12.0;24.0;48.0,4,6,IN,1,20,2,1,FC:7A:58,Unknown,0,356
32061,JioFiber-satz,C0:68:CC:6E:74:72,-84,5,3173,100,11319091608,WPA2,1,0,1,8,1.0;2.0;5.5;11.0;9.0;18.0;36.0;54.0;6.0;12.0;24.0;48.0,4,6,IN,1,20,2,1,C0:68:CC,Unknown,0,245
32114,babu_5G,CA:78:C9:FE:B1:30,-91,5,3511,100,9750425990,WPA2,1,0,1,8,1.0;2.0;5.5;11.0;18.0;24.0;36.0;54.0;6.0;9.0;12.0;48.0,4,6,IN,1,40,2,1,CA:78:C9,Unknown,0,227
32167,NISHA-SEN,D8:0D:17:F6:48:8A,-94,5,1399,100,121238425984,WPA2,1,1,1,8,1.0;2.0;5.5;11.0;6.0;9.0;12.0;18.0;24.0;36.0;48.0;54.0,4,5,,1,40,3,1,D8:0D:17,Unknown,0,272
32220,JioFiber-satz,C0:68:CC:6E:74:72,-88,6,3174,100,11319194001,WPA2,1,0,1,8,1.0;2.0;5.5;11.0;9.0;18.0;36.0;54.0;6.0;12.0;24.0;48.0,4,6,IN,1,20,2,1,C0:68:CC,Unknown,0,245
32262,babu_5G,CA:78:C9:FE:B1:30,-90,6,3513,100,9750528395,WPA2,1,0,1,8,1.0;2.0;5.5;11.0;18.0;24.0;36.0;54.0;6.0;9.0;12.0;48.0,4,6,IN,1,40,2,1,CA:78:C9,Unknown,0,227
32314,suresh4G,CA:78:C9:FE:B1:3C,-88,6,3514,100,9750530449,WPA2,1,0,1,8,1.0;2.0;5.5;11.0;18.0;24.0;36.0;54.0;6.0;9.0;12.0;48.0,4,6,IN,1,40,2,1,CA:78:C9,Unknown,0,228
32373,Airtel__dontuse,30:BD:13:27:87:96,-89,6,2542,100,180375961648,WPA2,1,0,1,8,1.0;2.0;5.5;11.0;6.0;9.0;12.0;18.0;24.0;36.0;48.0;54.0,4,6,IN,1,20,2,1,30:BD:13,Unknown,0,311
32416,JioFiber-satz,C0:68:CC:6E:74:72,-87,6,3175,100,11319296424,WPA2,1,0,1,8,1.0;2.0;5.5;11.0;9.0;18.0;36.0;54.0;6.0;12.0;24.0;48.0,4,6,IN,1,20,2,1,C0:68:CC,Unknown,0,245
32469,Charleshome_4g,60:A4:B7:D0:B1:81,-94,6,964,100,17818317167,WPA2,1,0,1,8,1.0;2.0;5.5;11.0;9.0;18.0;36.0;54.0;6.0;12.0;24.0;48.0,4,6,,1,40,2,1,60:A4:B7,Unknown,0,244
32521,Charleshome_5g,62:A4:B7:D1:B1:81,-88,6,965,100,17818319328,WPA2,1,0,1,8,1.0;2.0;5.5;11.0;9.0;18.0;36.0;54.0;6.0;12.0;24.0;48.0,4,6,,1,40,2,1,62:A4:B7,Unknown,0,244
32564,babu_5G,CA:78:C9:FE:B1:30,-86,6,3515,100,9750630799,WPA2,1,0,1,8,1.0;2.0;5.5;11.0;18.0;24.0;36.0;54.0;6.0;9.0;12.0;48.0,4,6,IN,1,40,2,1,CA:78:C9,Unknown,0,227
32617,JioFiber-satz,C0:68:CC:6E:74:72,-89,7,3177,100,11319501209,WPA2,1,0,1,8,1.0;2.0;5.5;11.0;9.0;18.0;36.0;54.0;6.0;12.0;24.0;48.0,4,6,IN,1,20,2,1,C0:68:CC,Unknown,0,245
32670,DIRECT-dQ-BRAVIA,B2:10:41:BD:D6:51,-70,7,2889,100,2313728384,WPA2,1,1,1,8,6.0;9.0;12.0;18.0;24.0;36.0;48.0;54.0,0,7,,1,20,2,0,B2:10:41,Unknown,0,263
32712,DIRECT-dQ-BRAVIA,B2:10:41:BD:D6:51,-73,7,2891,100,2313830784,WPA2,1,1,1,8,6.0;9.0;12.0;18.0;24.0;36.0;48.0;54.0,0,7,,1,20,2,0,B2:10:41,Unknown,0,263
32838,Vani,14:EB:B6:8A:64:71,-92,9,3532,100,443308544412,WPA2,1,0,1,8,1.0;2.0;5.5;11.0;9.0;18.0;36.0;54.0;6.0;12.0;24.0;48.0,4,9,,1,20,2,1,14:EB:B6,Unknown,0,332
32860,,16:EB:B6:AA:64:71,-92,9,3533,100,443308544400,WEP,1,0,1,0,,0,0,,0,0,0,0,16:EB:B6,Unknown,0,263
32941,Vani,14:EB:B6:8A:64:71,-95,9,3534,100,443308646912,WPA2,1,0,1,8,1.0;2.0;5.5;11.0;9.0;18.0;36.0;54.0;6.0;12.0;24.0;48.0,4,9,,1,20,2,1,14:EB:B6,Unknown,0,332
33020,,16:EB:B6:AA:64:71,-93,9,3537,100,443308749238,WEP,1,0,1,0,,0,0,,0,0,0,0,16:EB:B6,Unknown,0,263
33328,JVACT1,A4:2B:B0:01:A6:3A,-95,11,2800,100,803498497110,WPA2,1,0,1,8,1.0;2.0;5.5;11.0;9.0;18.0;36.0;54.0;6.0;12.0;24.0;48.0,4,11,,1,40,2,0,A4:2B:B0,Unknown,0,260
33417,Cctv,50:2B:73:FD:4F:28,-92,11,846,100,501667021200,WPA2,1,0,1,8,1.0;2.0;5.5;11.0;6.0;9.0;12.0;18.0;24.0;36.0;48.0;54.0,4,11,,1,40,2,1,50:2B:73,Unknown,0,276
33460,SanD-JioFiber_EXT,8C:90:2D:3B:B6:5A,-96,11,3876,100,3026227610,WPA2,1,0,1,8,1.0;2.0;5.5;11.0;9.0;18.0;36.0;54.0;6.0;12.0;24.0;48.0,4,11,,1,20,2,0,8C:90:2D,Unknown,0,223
33511,JVACT1,A4:2B:B0:01:A6:3A,-95,11,2801,100,803498599506,WPA2,1,0,1,8,1.0;2.0;5.5;11.0;9.0;18.0;36.0;54.0;6.0;12.0;24.0;48.0,4,11,,1,40,2,0,A4:2B:B0,Unknown,0,260
33564,Cctv,50:2B:73:FD:4F:28,-92,11,847,100,501667123591,WPA2,1,0,1,8,1.0;2.0;5.5;11.0;6.0;9.0;12.0;18.0;24.0;36.0;48.0;54.0,4,11,,1,40,2,1,50:2B:73,Unknown,0,276
34077,VKS_4G_1,60:A4:B7:D0:B1:75,-91,1,4049,100,38162125114,WPA2,1,0,1,8,1.0;2.0;5.5;11.0;9.0;18.0;36.0;54.0;6.0;12.0;24.0;48.0,4,1,,1,40,2,1,60:A4:B7,Unknown,0,238
34123,JVACT,F0:A7:31:F8:68:16,-92,1,1000,100,714855224,WPA2,1,0,1,8,1.0;2.0;5.5;11.0;9.0;18.0;36.0;54.0;6.0;12.0;24.0;48.0,4,1,,1,40,2,1,F0:A7:31,Unknown,0,235
34166,JVACT5G,F2:A7:31:F9:68:16,-93,1,1001,100,714857314,WPA2,1,0,1,8,1.0;2.0;5.5;11.0;9.0;18.0;36.0;54.0;6.0;12.0;24.0;48.0,4,1,,1,40,2,1,F2:A7:31,Unknown,0,237
34229,VKS_4G_1,60:A4:B7:D0:B1:75,-91,1,4050,100,38162227514,WPA2,1,0,1,8,1.0;2.0;5.5;11.0;9.0;18.0;36.0;54.0;6.0;12.0;24.0;48.0,4,1,,1,40,2,1,60:A4:B7,Unknown,0,238
34281,JVACT,F0:A7:31:F8:68:16,-90,1,1002,100,714957114,WPA2,1,0,1,8,1.0;2.0;5.5;11.0;9.0;18.0;36.0;54.0;6.0;12.0;24.0;48.0,4,1,,1,40,2,1,F0:A7:31,Unknown,0,235
34324,JVACT5G,F2:A7:31:F9:68:16,-92,1,1003,100,714959204,WPA2,1,0,1,8,1.0;2.0;5.5;11.0;9.0;18.0;36.0;54.0;6.0;12.0;24.0;48.0,4,1,,1,40,2,1,F2:A7:31,Unknown,0,237
34377,VKS_4G_1,60:A4:B7:D0:B1:75,-92,1,4051,100,38162329915,WPA2,1,0,1,8,1.0;2.0;5.5;11.0;9.0;18.0;36.0;54.0;6.0;12.0;24.0;48.0,4,1,,1,40,2,1,60:A4:B7,Unknown,0,238
34419,JVACT,F0:A7:31:F8:68:16,-93,1,1004,100,715059514,WPA2,1,0,1,8,1.0;2.0;5.5;11.0;9.0;18.0;36.0;54.0;6.0;12.0;24.0;48.0,4,1,,1,40,2,1,F0:A7:31,Unknown,0,235
34469,JVACT5G,F2:A7:31:F9:68:16,-93,1,1005,100,715061604,WPA2,1,0,1,8,1.0;2.0;5.5;11.0;9.0;18.0;36.0;54.0;6.0;12.0;24.0;48.0,4,1,,1,40,2,1,F2:A7:31,Unknown,0,237
34522,Satz,10:27:F5:5C:C6:A3,-80,2,2431,100,803476992391,WPA2,1,0,1,8,1.0;2.0;5.5;11.0;18.0;24.0;36.0;54.0;6.0;9.0;12.0;48.0,4,3,,1,40,2,1,10:27:F5,Unknown,0,254
34564,VKS_4G_1,60:A4:B7:D0:B1:75,-91,2,4052,100,38162432320,WPA2,1,0,1,8,1.0;2.0;5.5;11.0;9.0;18.0;36.0;54.0;6.0;12.0;24.0;48.0,4,1,,1,40,2,1,60:A4:B7,Unknown,0,238
34617,Satz,10:27:F5:5C:C6:A3,-77,2,2432,100,803477094798,WPA2,1,0,1,8,1.0;2.0;5.5;11.0;18.0;24.0;36.0;54.0;6.0;9.0;12.0;48.0,4,3,,1,40,2,1,10:27:F5,Unknown,0,254
34689,Satz,10:27:F5:5C:C6:A3,-80,3,2435,100,803477299602,WPA2,1,0,1,8,1.0;2.0;5.5;11.0;18.0;24.0;36.0;54.0;6.0;9.0;12.0;48.0,4,3,,1,40,2,1,10:27:F5,Unknown,0,254
34791,Satz,10:27:F5:5C:C6:A3,-82,3,2436,100,803477401991,WPA2,1,0,1,8,1.0;2.0;5.5;11.0;18.0;24.0;36.0;54.0;6.0;9.0;12.0;48.0,4,3,,1,40,2,1,10:27:F5,Unknown,0,254
34893,Satz,10:27:F5:5C:C6:A3,-84,4,2437,100,803477504408,WPA2,1,0,1,8,1.0;2.0;5.5;11.0;18.0;24.0;36.0;54.0;6.0;9.0;12.0;48.0,4,3,,1,40,2,1,10:27:F5,Unknown,0,254
35146,Airtel__dontuse,30:BD:13:27:87:96,-90,5,2571,100,180378931222,WPA2,1,0,1,8,1.0;2.0;5.5;11.0;6.0;9.0;12.0;18.0;24.0;36.0;48.0;54.0,4,6,IN,1,20,2,1,30:BD:13,Unknown,0,311
35350,Airtel__dontuse,30:BD:13:27:87:96,-87,6,2573,100,180379136048,WPA2,1,0,1,8,1.0;2.0;5.5;11.0;6.0;9.0;12.0;18.0;24.0;36.0;48.0;54.0,4,6,IN,1,20,2,1,30:BD:13,Unknown,0,311
35403,JioFiber-CqkfQ,9A:78:C9:62:4F:27,-94,6,3292,100,803473920396,WPA2,1,0,1,8,1.0;2.0;5.5;11.0;18.0;24.0;36.0;54.0;6.0;9.0;12.0;48.0,4,6,IN,1,40,2,1,9A:78:C9,Unknown,0,234
35453,Airtel__dontuse,30:BD:13:27:87:96,-88,6,2574,100,180379238439,WPA2,1,0,1,8,1.0;2.0;5.5;11.0;6.0;9.0;12.0;18.0;24.0;36.0;48.0;54.0,4,6,IN,1,20,2,1,30:BD:13,Unknown,0,311
35505,JioFiber-CqkfQ,9A:78:C9:62:4F:27,-93,6,3293,100,803474022791,WPA2,1,0,1,8,1.0;2.0;5.5;11.0;18.0;24.0;36.0;54.0;6.0;9.0;12.0;48.0,4,6,IN,1,40,2,1,9A:78:C9,Unknown,0,234
35558,JioFiber-satz,C0:68:CC:6E:74:72,-94,6,3207,100,11322573210,WPA2,1,0,1,8,1.0;2.0;5.5;11.0;9.0;18.0;36.0;54.0;6.0;12.0;24.0;48.0,4,6,IN,1,20,2,1,C0:68:CC,Unknown,0,245
35601,Airtel__dontuse,30:BD:13:27:87:96,-86,6,2575,100,180379340839,WPA2,1,0,1,8,1.0;2.0;5.5;11.0;6.0;9.0;12.0;18.0;24.0;36.0;48.0;54.0,4,6,IN,1,20,2,1,30:BD:13,Unknown,0,311
35654,JioFiber-CqkfQ,9A:78:C9:62:4F:27,-90,6,3294,100,803474125201,WPA2,1,0,1,8,1.0;2.0;5.5;11.0;18.0;24.0;36.0;54.0;6.0;9.0;12.0;48.0,4,6,IN,1,40,2,1,9A:78:C9,Unknown,0,234
35706,DIRECT-dQ-BRAVIA,B2:10:41:BD:D6:51,-68,7,2950,100,2316902784,WPA2,1,1,1,8,6.0;9.0;12.0;18.0;24.0;36.0;48.0;54.0,0,7,,1,20,2,0,B2:10:41,Unknown,0,263
35759,JioFiber-satz,C0:68:CC:6E:74:72,-90,7,3209,100,11322778019,WPA2,1,0,1,8,1.0;2.0;5.5;11.0;9.0;18.0;36.0;54.0;6.0;12.0;24.0;48.0,4,6,IN,1,20,2,1,C0:68:CC,Unknown,0,245
35801,DIRECT-dQ-BRAVIA,B2:10:41:BD:D6:51,-68,7,2951,100,2317005184,WPA2,1,1,1,8,6.0;9.0;12.0;18.0;24.0;36.0;48.0;54.0,0,7,,1,20,2,0,B2:10:41,Unknown,0,263
35854,JioFiber-satz,C0:68:CC:6E:74:72,-88,7,3210,100,11322880401,WPA2,1,0,1,8,1.0;2.0;5.5;11.0;9.0;18.0;36.0;54.0;6.0;12.0;24.0;48.0,4,6,IN,1,20,2,1,C0:68:CC,Unknown,0,245
35896,DIRECT-dQ-BRAVIA,B2:10:41:BD:D6:51,-69,7,2952,100,2317107584,WPA2,1,1,1,8,6.0;9.0;12.0;18.0;24.0;36.0;48.0;54.0,0,7,,1,20,2,0,B2:10:41,Unknown,0,263
36592,Cctv,50:2B:73:FD:4F:28,-94,11,877,100,501670195582,WPA2,1,0,1,8,1.0;2.0;5.5;11.0;6.0;9.0;12.0;18.0;24.0;36.0;48.0;54.0,4,11,,1,40,2,1,50:2B:73,Unknown,0,276
36634,SanD-JioFiber_EXT,8C:90:2D:3B:B6:5A,-92,11,3916,100,3029402013,WPA2,1,0,1,8,1.0;2.0;5.5;11.0;9.0;18.0;36.0;54.0;6.0;12.0;24.0;48.0,4,11,,1,20,2,0,8C:90:2D,Unknown,0,223
36687,JVACT1,A4:2B:B0:01:A6:3A,-94,11,2832,100,803501773896,WPA2,1,0,1,8,1.0;2.0;5.5;11.0;9.0;18.0;36.0;54.0;6.0;12.0;24.0;48.0,4,11,,1,40,2,0,A4:2B:B0,Unknown,0,260
36729,SanD-JioFiber,BA:A9:15:4E:AF:EE,-94,11,1707,100,802596864401,WPA2,1,0,1,8,1.0;2.0;5.5;11.0;18.0;24.0;36.0;54.0;6.0;9.0;12.0;48.0,4,11,IN,1,40,2,1,BA:A9:15,Unknown,0,233
36792,Cctv,50:2B:73:FD:4F:28,-93,11,878,100,501670297991,WPA2,1,0,1,8,1.0;2.0;5.5;11.0;6.0;9.0;12.0;18.0;24.0;36.0;48.0;54.0,4,11,,1,40,2,1,50:2B:73,Unknown,0,276
36843,SanD-JioFiber_EXT,8C:90:2D:3B:B6:5A,-96,11,3917,100,3029504409,WPA2,1,0,1,8,1.0;2.0;5.5;11.0;9.0;18.0;36.0;54.0;6.0;12.0;24.0;48.0,4,11,,1,20,2,0,8C:90:2D,Unknown,0,223
36896,JVACT1,A4:2B:B0:01:A6:3A,-95,11,2833,100,803501876291,WPA2,1,0,1,8,1.0;2.0;5.5;11.0;9.0;18.0;36.0;54.0;6.0;12.0;24.0;48.0,4,11,,1,40,2,0,A4:2B:B0,Unknown,0,260
36939,SanD-JioFiber,BA:A9:15:4E:AF:EE,-94,11,1708,100,802596966796,WPA2,1,0,1,8,1.0;2.0;5.5;11.0;18.0;24.0;36.0;54.0;6.0;9.0;12.0;48.0,4,11,IN,1,40,2,1,BA:A9:15,Unknown,0,233
37002,Cctv,50:2B:73:FD:4F:28,-92,11,879,100,501670400409,WPA2,1,0,1,8,1.0;2.0;5.5;11.0;6.0;9.0;12.0;18.0;24.0;36.0;48.0;54.0,4,11,,1,40,2,1,50:2B:73,Unknown,0,276
37044,SanD-JioFiber_EXT,8C:90:2D:3B:B6:5A,-94,11,3918,100,3029606810,WPA2,1,0,1,8,1.0;2.0;5.5;11.0;9.0;18.0;36.0;54.0;6.0;12.0;24.0;48.0,4,11,,1,20,2,0,8C:90:2D,Unknown,0,223
37095,SanD-JioFiber,BA:A9:15:4E:AF:EE,-94,11,1709,100,802597069194,WPA2,1,0,1,8,1.0;2.0;5.5;11.0;18.0;24.0;36.0;54.0;6.0;9.0;12.0;48.0,4,11,IN,1,40,2,1,BA:A9:15,Unknown,0,233
37149,Cctv,50:2B:73:FD:4F:28,-90,13,882,100,501670707591,WPA2,1,0,1,8,1.0;2.0;5.5;11.0;6.0;9.0;12.0;18.0;24.0;36.0;48.0;54.0,4,11,,1,40,2,1,50:2B:73,Unknown,0,276
37351,Satz,10:27:F5:5C:C6:A3,-84,1,2461,100,803479962046,WPA2,1,0,1,8,1.0;2.0;5.5;11.0;18.0;24.0;36.0;54.0;6.0;9.0;12.0;48.0,4,3,,1,40,2,1,10:27:F5,Unknown,0,254
37404,VKS_4G_1,60:A4:B7:D0:B1:75,-89,1,4081,100,38165401974,WPA2,1,0,1,8,1.0;2.0;5.5;11.0;9.0;18.0;36.0;54.0;6.0;12.0;24.0;48.0,4,1,,1,40,2,1,60:A4:B7,Unknown,0,238
37446,JVACT,F0:A7:31:F8:68:16,-83,1,1064,100,718131548,WPA2,1,0,1,8,1.0;2.0;5.5;11.0;9.0;18.0;36.0;54.0;6.0;12.0;24.0;48.0,4,1,,1,40,2,1,F0:A7:31,Unknown,0,235
37498,JVACT5G,F2:A7:31:F9:68:16,-84,1,1065,100,718133638,WPA2,1,0,1,8,1.0;2.0;5.5;11.0;9.0;18.0;36.0;54.0;6.0;12.0;24.0;48.0,4,1,,1,40,2,1,F2:A7:31,Unknown,0,237
37550,JioFiber_24GH_KRR,A8:88:1F:20:7B:61,-92,1,1449,100,284158362012,WPA2,1,0,1,8,1.0;2.0;5.5;11.0;9.0;18.0;36.0;54.0;6.0;12.0;24.0;48.0,4,1,IN,1,20,2,1,A8:88:1F,Unknown,0,290
37604,Satz,10:27:F5:5C:C6:A3,-83,1,2462,100,803480064411,WPA2,1,0,1,8,1.0;2.0;5.5;11.0;18.0;24.0;36.0;54.0;6.0;9.0;12.0;48.0,4,3,,1,40,2,1,10:27:F5,Unknown,0,254
37656,VKS_4G_1,60:A4:B7:D0:B1:75,-92,1,4082,100,38165504346,WPA2,1,0,1,8,1.0;2.0;5.5;11.0;9.0;18.0;36.0;54.0;6.0;12.0;24.0;48.0,4,1,,1,40,2,1,60:A4:B7,Unknown,0,238
37699,JVACT,F0:A7:31:F8:68:16,-85,1,1066,100,718234191,WPA2,1,0,1,8,1.0;2.0;5.5;11.0;9.0;18.0;36.0;54.0;6.0;12.0;24.0;48.0,4,1,,1,40,2,1,F0:A7:31,Unknown,0,235
37749,JVACT5G,F2:A7:31:F9:68:16,-87,1,1067,100,718236280,WPA2,1,0,1,8,1.0;2.0;5.5;11.0;9.0;18.0;36.0;54.0;6.0;12.0;24.0;48.0,4,1,,1,40,2,1,F2:A7:31,Unknown,0,237
37792,JVACT,F0:A7:31:F8:68:16,-90,2,1068,100,718336351,WPA2,1,0,1,8,1.0;2.0;5.5;11.0;9.0;18.0;36.0;54.0;6.0;12.0;24.0;48.0,4,1,,1,40,2,1,F0:A7:31,Unknown,0,235
37844,JVACT5G,F2:A7:31:F9:68:16,-90,2,1069,100,718338440,WPA2,1,0,1,8,1.0;2.0;5.5;11.0;9.0;18.0;36.0;54.0;6.0;12.0;24.0;48.0,4,1,,1,40,2,1,F2:A7:31,Unknown,0,237
37897,Satz,10:27:F5:5C:C6:A3,-76,2,2464,100,803480269210,WPA2,1,0,1,8,1.0;2.0;5.5;11.0;18.0;24.0;36.0;54.0;6.0;9.0;12.0;48.0,4,3,,1,40,2,1,10:27:F5,Unknown,0,254
37939,VKS_4G_1,60:A4:B7:D0:B1:75,-88,2,4084,100,38165709149,WPA2,1,0,1,8,1.0;2.0;5.5;11.0;9.0;18.0;36.0;54.0;6.0;12.0;24.0;48.0,4,1,,1,40,2,1,60:A4:B7,Unknown,0,238
37992,JVACT5G,F2:A7:31:F9:68:16,-85,2,1073,100,718543244,WPA2,1,0,1,8,1.0;2.0;5.5;11.0;9.0;18.0;36.0;54.0;6.0;12.0;24.0;48.0,4,1,,1,40,2,1,F2:A7:31,Unknown,0,237
38044,JioFiber_24GH_KRR,A8:88:1F:20:7B:61,-92,2,1453,100,284158771617,WPA2,1,0,1,8,1.0;2.0;5.5;11.0;9.0;18.0;36.0;54.0;6.0;12.0;24.0;48.0,4,1,IN,1,20,2,1,A8:88:1F,Unknown,0,290
38097,Satz,10:27:F5:5C:C6:A3,-84,2,2466,100,803480473999,WPA2,1,0,1,8,1.0;2.0;5.5;11.0;18.0;24.0;36.0;54.0;6.0;9.0;12.0;48.0,4,3,,1,40,2,1,10:27:F5,Unknown,0,254
38149,JVACT,F0:A7:31:F8:68:16,-82,2,1074,100,718646750,WPA2,1,0,1,8,1.0;2.0;5.5;11.0;9.0;18.0;36.0;54.0;6.0;12.0;24.0;48.0,4,1,,1,40,2,1,F0:A7:31,Unknown,0,235
38192,Satz,10:27:F5:5C:C6:A3,-73,3,2469,100,803480678801,WPA2,1,0,1,8,1.0;2.0;5.5;11.0;18.0;24.0;36.0;54.0;6.0;9.0;12.0;48.0,4,3,,1,40,2,1,10:27:F5,Unknown,0,254
38252,Satz,10:27:F5:5C:C6:A3,-77,3,2470,100,803480781208,WPA2,1,0,1,8,1.0;2.0;5.5;11.0;18.0;24.0;36.0;54.0;6.0;9.0;12.0;48.0,4,3,,1,40,2,1,10:27:F5,Unknown,0,254
38305,Satz,10:27:F5:5C:C6:A3,-85,4,2471,100,803480883606,WPA2,1,0,1,8,1.0;2.0;5.5;11.0;18.0;24.0;36.0;54.0;6.0;9.0;12.0;48.0,4,3,,1,40,2,1,10:27:F5,Unknown,0,254
38473,JioFiber-satz,C0:68:CC:6E:74:72,-85,5,3236,100,11325542797,WPA2,1,0,1,8,1.0;2.0;5.5;11.0;9.0;18.0;36.0;54.0;6.0;12.0;24.0;48.0,4,6,IN,1,20,2,1,C0:68:CC,Unknown,0,245
38519,suresh4G,CA:78:C9:FE:B1:3C,-90,5,3649,100,9756879236,WPA2,1,0,1,8,1.0;2.0;5.5;11.0;18.0;24.0;36.0;54.0;6.0;9.0;12.0;48.0,4,6,IN,1,40,2,1,CA:78:C9,Unknown,0,228
38572,Airtel__dontuse,30:BD:13:27:87:96,-83,5,2604,100,180382310430,WPA2,1,0,1,8,1.0;2.0;5.5;11.0;6.0;9.0;12.0;18.0;24.0;36.0;48.0;54.0,4,6,IN,1,20,2,1,30:BD:13,Unknown,0,311
38657,JioFiber-CqkfQ,9A:78:C9:62:4F:27,-94,6,3324,100,803477197205,WPA2,1,0,1,8,1.0;2.0;5.5;11.0;18.0;24.0;36.0;54.0;6.0;9.0;12.0;48.0,4,6,IN,1,40,2,1,9A:78:C9,Unknown,0,234
38710,JioFiber-satz,C0:68:CC:6E:74:72,-86,6,3238,100,11325747613,WPA2,1,0,1,8,1.0;2.0;5.5;11.0;9.0;18.0;36.0;54.0;6.0;12.0;24.0;48.0,4,6,IN,1,20,2,1,C0:68:CC,Unknown,0,245
38753,Charleshome_4g,60:A4:B7:D0:B1:81,-94,6,1090,100,17824768368,WPA2,1,0,1,8,1.0;2.0;5.5;11.0;9.0;18.0;36.0;54.0;6.0;12.0;24.0;48.0,4,6,,1,40,2,1,60:A4:B7,Unknown,0,244
38805,Charleshome_5g,62:A4:B7:D1:B1:81,-92,6,1091,100,17824770530,WPA2,1,0,1,8,1.0;2.0;5.5;11.0;9.0;18.0;36.0;54.0;6.0;12.0;24.0;48.0,4,6,,1,40,2,1,62:A4:B7,Unknown,0,244
38858,babu_5G,CA:78:C9:FE:B1:30,-85,6,3652,100,9757082007,WPA2,1,0,1,8,1.0;2.0;5.5;11.0;18.0;24.0;36.0;54.0;6.0;9.0;12.0;48.0,4,6,IN,1,40,2,1,CA:78:C9,Unknown,0,227
38909,suresh4G,CA:78:C9:FE:B1:3C,-86,6,3653,100,9757084053,WPA2,1,0,1,8,1.0;2.0;5.5;11.0;18.0;24.0;36.0;54.0;6.0;9.0;12.0;48.0,4,6,IN,1,40,2,1,CA:78:C9,Unknown,0,228
38962,JioFiber-satz,C0:68:CC:6E:74:72,-83,6,3239,100,11325849997,WPA2,1,0,1,8,1.0;2.0;5.5;11.0;9.0;18.0;36.0;54.0;6.0;12.0;24.0;48.0,4,6,IN,1,20,2,1,C0:68:CC,Unknown,0,245
39005,Charleshome_4g,60:A4:B7:D0:B1:81,-91,6,1092,100,17824870763,WPA2,1,0,1,8,1.0;2.0;5.5;11.0;9.0;18.0;36.0;54.0;6.0;12.0;24.0;48.0,4,6,,1,40,2,1,60:A4:B7,Unknown,0,244
39057,Charleshome_5g,62:A4:B7:D1:B1:81,-92,6,1093,100,17824872924,WPA2,1,0,1,8,1.0;2.0;5.5;11.0;9.0;18.0;36.0;54.0;6.0;12.0;24.0;48.0,4,6,,1,40,2,1,62:A4:B7,Unknown,0,244
39111,JioFiber-satz,C0:68:CC:6E:74:72,-83,7,3241,100,11326054827,WPA2,1,0,1,8,1.0;2.0;5.5;11.0;9.0;18.0;36.0;54.0;6.0;12.0;24.0;48.0,4,6,IN,1,20,2,1,C0:68:CC,Unknown,0,245
39168,DIRECT-dQ-BRAVIA,B2:10:41:BD:D6:51,-72,7,2983,100,2320281984,WPA2,1,1,1,8,6.0;9.0;12.0;18.0;24.0;36.0;48.0;54.0,0,7,,1,20,2,0,B2:10:41,Unknown,0,263
39220,Airtel__dontuse,30:BD:13:27:87:96,-75,7,2609,100,180382822448,WPA2,1,0,1,8,1.0;2.0;5.5;11.0;6.0;9.0;12.0;18.0;24.0;36.0;48.0;54.0,4,6,IN,1,20,2,1,30:BD:13,Unknown,0,311
39392,Vani,14:EB:B6:8A:64:71,-92,9,3660,100,443315098073,WPA2,1,0,1,8,1.0;2.0;5.5;11.0;9.0;18.0;36.0;54.0;6.0;12.0;24.0;48.0,4,9,,1,20,2,1,14:EB:B6,Unknown,0,332
39414,,16:EB:B6:AA:64:71,-90,9,3661,100,443315098026,WEP,1,0,1,0,,0,0,,0,0,0,0,16:EB:B6,Unknown,0,263
39766,Cctv,50:2B:73:FD:4F:28,-91,10,909,100,501673370000,WPA2,1,0,1,8,1.0;2.0;5.5;11.0;6.0;9.0;12.0;18.0;24.0;36.0;48.0;54.0,4,11,,1,40,2,1,50:2B:73,Unknown,0,276
39830,Vani,14:EB:B6:8A:64:71,-93,10,3668,100,443315507661,WPA2,1,0,1,8,1.0;2.0;5.5;11.0;9.0;18.0;36.0;54.0;6.0;12.0;24.0;48.0,4,9,,1,20,2,1,14:EB:B6,Unknown,0,332
39879,SanD-JioFiber_EXT,8C:90:2D:3B:B6:5A,-95,11,3951,100,3032678794,WPA2,1,0,1,8,1.0;2.0;5.5;11.0;9.0;18.0;36.0;54.0;6.0;12.0;24.0;48.0,4,11,,1,20,2,0,8C:90:2D,Unknown,0,223
39922,JVACT1,A4:2B:B0:01:A6:3A,-89,11,2864,100,803505050664,WPA2,1,0,1,8,1.0;2.0;5.5;11.0;9.0;18.0;36.0;54.0;6.0;12.0;24.0;48.0,4,11,,1,40,2,0,A4:2B:B0,Unknown,0,260
39974,SanD-JioFiber,BA:A9:15:4E:AF:EE,-92,11,1739,100,802600141196,WPA2,1,0,1,8,1.0;2.0;5.5;11.0;18.0;24.0;36.0;54.0;6.0;9.0;12.0;48.0,4,11,IN,1,40,2,1,BA:A9:15,Unknown,0,233
40027,Cctv,50:2B:73:FD:4F:28,-89,11,911,100,501673574782,WPA2,1,0,1,8,1.0;2.0;5.5;11.0;6.0;9.0;12.0;18.0;24.0;36.0;48.0;54.0,4,11,,1,40,2,1,50:2B:73,Unknown,0,276
40080,JVACT1,A4:2B:B0:01:A6:3A,-90,11,2865,100,803505153085,WPA2,1,0,1,8,1.0;2.0;5.5;11.0;9.0;18.0;36.0;54.0;6.0;12.0;24.0;48.0,4,11,,1,40,2,0,A4:2B:B0,Unknown,0,260
40132,SanD-JioFiber,BA:A9:15:4E:AF:EE,-92,11,1740,100,802600243615,WPA2,1,0,1,8,1.0;2.0;5.5;11.0;18.0;24.0;36.0;54.0;6.0;9.0;12.0;48.0,4,11,IN,1,40,2,1,BA:A9:15,Unknown,0,233
40291,JVACT1,A4:2B:B0:01:A6:3A,-90,12,2868,100,803505460293,WPA2,1,0,1,8,1.0;2.0;5.5;11.0;9.0;18.0;36.0;54.0;6.0;12.0;24.0;48.0,4,11,,1,40,2,0,A4:2B:B0,Unknown,0,260
40610,JioFiber_24GH_KRR,A8:88:1F:20:7B:61,-91,1,1482,100,284161536399,WPA2,1,0,1,8,1.0;2.0;5.5;11.0;9.0;18.0;36.0;54.0;6.0;12.0;24.0;48.0,4,1,IN,1,20,2,1,A8:88:1F,Unknown,0,290
40653,VKS_4G_1,60:A4:B7:D0:B1:75,-93,1,17,100,38168678715,WPA2,1,0,1,8,1.0;2.0;5.5;11.0;9.0;18.0;36.0;54.0;6.0;12.0;24.0;48.0,4,1,,1,40,2,1,60:A4:B7,Unknown,0,238
40702,JVACT,F0:A7:31:F8:68:16,-83,1,1128,100,721408314,WPA2,1,0,1,8,1.0;2.0;5.5;11.0;9.0;18.0;36.0;54.0;6.0;12.0;24.0;48.0,4,1,,1,40,2,1,F0:A7:31,Unknown,0,235
40755,JVACT5G,F2:A7:31:F9:68:16,-84,1,1129,100,721410404,WPA2,1,0,1,8,1.0;2.0;5.5;11.0;9.0;18.0;36.0;54.0;6.0;12.0;24.0;48.0,4,1,,1,40,2,1,F2:A7:31,Unknown,0,237
40807,JioFiber_24GH_KRR,A8:88:1F:20:7B:61,-90,1,1483,100,284161638825,WPA2,1,0,1,8,1.0;2.0;5.5;11.0;9.0;18.0;36.0;54.0;6.0;12.0;24.0;48.0,4,1,IN,1,20,2,1,A8:88:1F,Unknown,0,290
40851,VKS_4G_1,60:A4:B7:D0:B1:75,-91,1,18,100,38168781114,WPA2,1,0,1,8,1.0;2.0;5.5;11.0;9.0;18.0;36.0;54.0;6.0;12.0;24.0;48.0,4,1,,1,40,2,1,60:A4:B7,Unknown,0,238
40903,JVACT,F0:A7:31:F8:68:16,-86,1,1130,100,721510720,WPA2,1,0,1,8,1.0;2.0;5.5;11.0;9.0;18.0;36.0;54.0;6.0;12.0;24.0;48.0,4,1,,1,40,2,1,F0:A7:31,Unknown,0,235
40956,JVACT5G,F2:A7:31:F9:68:16,-84,1,1131,100,721512810,WPA2,1,0,1,8,1.0;2.0;5.5;11.0;9.0;18.0;36.0;54.0;6.0;12.0;24.0;48.0,4,1,,1,40,2,1,F2:A7:31,Unknown,0,237
41008,JioFiber_24GH_KRR,A8:88:1F:20:7B:61,-88,1,1484,100,284161741214,WPA2,1,0,1,8,1.0;2.0;5.5;11.0;9.0;18.0;36.0;54.0;6.0;12.0;24.0;48.0,4,1,IN,1,20,2,1,A8:88:1F,Unknown,0,290
41061,JVACT,F0:A7:31:F8:68:16,-85,2,1132,100,721613115,WPA2,1,0,1,8,1.0;2.0;5.5;11.0;9.0;18.0;36.0;54.0;6.0;12.0;24.0;48.0,4,1,,1,40,2,1,F0:A7:31,Unknown,0,235
41114,JioFiber_24GH_KRR,A8:88:1F:20:7B:61,-90,2,1485,100,284161843605,WPA2,1,0,1,8,1.0;2.0;5.5;11.0;9.0;18.0;36.0;54.0;6.0;12.0;24.0;48.0,4,1,IN,1,20,2,1,A8:88:1F,Unknown,0,290
41166,JVACT,F0:A7:31:F8:68:16,-85,2,1134,100,721715520,WPA2,1,0,1,8,1.0;2.0;5.5;11.0;9.0;18.0;36.0;54.0;6.0;12.0;24.0;48.0,4,1,,1,40,2,1,F0:A7:31,Unknown,0,235
41214,JVACT5G,F2:A7:31:F9:68:16,-86,2,1135,100,721717610,WPA2,1,0,1,8,1.0;2.0;5.5;11.0;9.0;18.0;36.0;54.0;6.0;12.0;24.0;48.0,4,1,,1,40,2,1,F2:A7:31,Unknown,0,237
41258,JVACT,F0:A7:31:F8:68:16,-84,3,1136,100,721817924,WPA2,1,0,1,8,1.0;2.0;5.5;11.0;9.0;18.0;36.0;54.0;6.0;12.0;24.0;48.0,4,1,,1,40,2,1,F0:A7:31,Unknown,0,235
41310,JioFiber_24GH_KRR,A8:88:1F:20:7B:61,-90,3,1487,100,284162048418,WPA2,1,0,1,8,1.0;2.0;5.5;11.0;9.0;18.0;36.0;54.0;6.0;12.0;24.0;48.0,4,1,IN,1,20,2,1,A8:88:1F,Unknown,0,290
41363,Satz,10:27:F5:5C:C6:A3,-76,3,2507,100,803483750790,WPA2,1,0,1,8,1.0;2.0;5.5;11.0;18.0;24.0;36.0;54.0;6.0;9.0;12.0;48.0,4,3,,1,40,2,1,10:27:F5,Unknown,0,254
41415,JVACT,F0:A7:31:F8:68:16,-85,3,1138,100,721920325,WPA2,1,0,1,8,1.0;2.0;5.5;11.0;9.0;18.0;36.0;54.0;6.0;12.0;24.0;48.0,4,1,,1,40,2,1,F0:A7:31,Unknown,0,235
41469,Satz,10:27:F5:5C:C6:A3,-66,4,2509,100,803483955617,WPA2,1,0,1,8,1.0;2.0;5.5;11.0;18.0;24.0;36.0;54.0;6.0;9.0;12.0;48.0,4,3,,1,40,2,1,10:27:F5,Unknown,0,254
41521,Satz,10:27:F5:5C:C6:A3,-74,4,2510,100,803484058002,WPA2,1,0,1,8,1.0;2.0;5.5;11.0;18.0;24.0;36.0;54.0;6.0;9.0;12.0;48.0,4,3,,1,40,2,1,10:27:F5,Unknown,0,254
41574,Satz,10:27:F5:5C:C6:A3,-75,4,2511,100,803484160390,WPA2,1,0,1,8,1.0;2.0;5.5;11.0;18.0;24.0;36.0;54.0;6.0;9.0;12.0;48.0,4,3,,1,40,2,1,10:27:F5,Unknown,0,254
41648,JioFiber-satz,C0:68:CC:6E:74:72,-86,5,3274,100,11328717796,WPA2,1,0,1,8,1.0;2.0;5.5;11.0;9.0;18.0;36.0;54.0;6.0;12.0;24.0;48.0,4,6,IN,1,20,2,1,C0:68:CC,Unknown,0,245
41717,NISHA-SEN,D8:0D:17:F6:48:8A,-91,5,1501,100,121248056886,WPA2,1,1,1,8,1.0;2.0;5.5;11.0;6.0;9.0;12.0;18.0;24.0;36.0;48.0;54.0,4,5,,1,40,3,1,D8:0D:17,Unknown,0,272
41801,Airtel__dontuse,30:BD:13:27:87:96,-80,5,2636,100,180385587299,WPA2,1,0,1,8,1.0;2.0;5.5;11.0;6.0;9.0;12.0;18.0;24.0;36.0;48.0;54.0,4,6,IN,1,20,2,1,30:BD:13,Unknown,0,311
41855,NISHA-SEN,D8:0D:17:F6:48:8A,-94,5,1504,100,121248153984,WPA2,1,1,1,8,1.0;2.0;5.5;11.0;6.0;9.0;12.0;18.0;24.0;36.0;48.0;54.0,4,5,,1,40,3,1,D8:0D:17,Unknown,0,272
41908,JioFiber-satz,C0:68:CC:6E:74:72,-82,6,3276,100,11328922236,WPA2,1,0,1,8,1.0;2.0;5.5;11.0;9.0;18.0;36.0;54.0;6.0;12.0;24.0;48.0,4,6,IN,1,20,2,1,C0:68:CC,Unknown,0,245
41950,babu_5G,CA:78:C9:FE:B1:30,-92,6,3726,100,9760256416,WPA2,1,0,1,8,1.0;2.0;5.5;11.0;18.0;24.0;36.0;54.0;6.0;9.0;12.0;48.0,4,6,IN,1,40,2,1,CA:78:C9,Unknown,0,227
42003,suresh4G,CA:78:C9:FE:B1:3C,-90,6,3727,100,9760258461,WPA2,1,0,1,8,1.0;2.0;5.5;11.0;18.0;24.0;36.0;54.0;6.0;9.0;12.0;48.0,4,6,IN,1,40,2,1,CA:78:C9,Unknown,0,228
42061,Airtel__dontuse,30:BD:13:27:87:96,-84,6,2637,100,180385689622,WPA2,1,0,1,8,1.0;2.0;5.5;11.0;6.0;9.0;12.0;18.0;24.0;36.0;48.0;54.0,4,6,IN,1,20,2,1,30:BD:13,Unknown,0,311
42104,Ganesh ,54:AF:97:5B:06:91,-92,6,1550,100,803498086716,WPA2,1,0,1,8,1.0;2.0;5.5;11.0;9.0;18.0;36.0;54.0;6.0;12.0;24.0;48.0,4,6,,1,40,2,1,54:AF:97,Unknown,0,288
42156,ganesh_5g,56:AF:97:59:06:91,-92,6,1551,100,803498089230,WPA2,1,0,1,8,1.0;2.0;5.5;11.0;9.0;18.0;36.0;54.0;6.0;12.0;24.0;48.0,4,6,,1,40,2,1,56:AF:97,Unknown,0,239
42200,Airtel__dontuse,30:BD:13:27:87:96,-80,6,2638,100,180385792030,WPA2,1,0,1,8,1.0;2.0;5.5;11.0;6.0;9.0;12.0;18.0;24.0;36.0;48.0;54.0,4,6,IN,1,20,2,1,30:BD:13,Unknown,0,311
42252,ganesh_5g,56:AF:97:59:06:91,-93,6,1553,100,803498191634,WPA2,1,0,1,8,1.0;2.0;5.5;11.0;9.0;18.0;36.0;54.0;6.0;12.0;24.0;48.0,4,6,,1,40,2,1,56:AF:97,Unknown,0,239
42315,VKS_4G,FC:7A:58:1B:1B:9A,-88,6,3488,100,544028467599,WPA2,1,0,1,8,1.0;2.0;5.5;11.0;9.0;18.0;36.0;54.0;6.0;12.0;24.0;48.0,4,6,IN,1,20,2,1,FC:7A:58,Unknown,0,356
42367,JioFiber-satz,C0:68:CC:6E:74:72,-86,6,3278,100,11329126822,WPA2,1,0,1,8,1.0;2.0;5.5;11.0;9.0;18.0;36.0;54.0;6.0;12.0;24.0;48.0,4,6,IN,1,20,2,1,C0:68:CC,Unknown,0,245
42411,Airtel__dontuse,30:BD:13:27:87:96,-82,7,2640,100,180386002180,WPA2,1,0,1,8,1.0;2.0;5.5;11.0;6.0;9.0;12.0;18.0;24.0;36.0;48.0;54.0,4,6,IN,1,20,2,1,30:BD:13,Unknown,0,311
42474,VKS_4G,FC:7A:58:1B:1B:9A,-89,7,3492,100,544028672425,WPA2,1,0,1,8,1.0;2.0;5.5;11.0;9.0;18.0;36.0;54.0;6.0;12.0;24.0;48.0,4,6,IN,1,20,2,1,FC:7A:58,Unknown,0,356
42526,JioFiber-satz,C0:68:CC:6E:74:72,-79,7,3280,100,11329331655,WPA2,1,0,1,8,1.0;2.0;5.5;11.0;9.0;18.0;36.0;54.0;6.0;12.0;24.0;48.0,4,6,IN,1,20,2,1,C0:68:CC,Unknown,0,245
42579,DIRECT-dQ-BRAVIA,B2:10:41:BD:D6:51,-72,7,3017,100,2323558784,WPA2,1,1,1,8,6.0;9.0;12.0;18.0;24.0;36.0;48.0;54.0,0,7,,1,20,2,0,B2:10:41,Unknown,0,263
42669,Vani,14:EB:B6:8A:64:71,-92,9,3724,100,443318374837,WPA2,1,0,1,8,1.0;2.0;5.5;11.0;9.0;18.0;36.0;54.0;6.0;12.0;24.0;48.0,4,9,,1,20,2,1,14:EB:B6,Unknown,0,332
42691,,16:EB:B6:AA:64:71,-90,9,3725,100,443318374799,WEP,1,0,1,0,,0,0,,0,0,0,0,16:EB:B6,Unknown,0,263
42771,Vani,14:EB:B6:8A:64:71,-92,9,3726,100,443318477196,WPA2,1,0,1,8,1.0;2.0;5.5;11.0;9.0;18.0;36.0;54.0;6.0;12.0;24.0;48.0,4,9,,1,20,2,1,14:EB:B6,Unknown,0,332
42793,,16:EB:B6:AA:64:71,-92,9,3727,100,443318477301,WEP,1,0,1,0,,0,0,,0,0,0,0,16:EB:B6,Unknown,0,263
42851,JVACT1,A4:2B:B0:01:A6:3A,-89,10,2893,100,803508020250,WPA2,1,0,1,8,1.0;2.0;5.5;11.0;9.0;18.0;36.0;54.0;6.0;12.0;24.0;48.0,4,11,,1,40,2,0,A4:2B:B0,Unknown,0,260
42941,Cctv,50:2B:73:FD:4F:28,-90,10,940,100,501676544400,WPA2,1,0,1,8,1.0;2.0;5.5;11.0;6.0;9.0;12.0;18.0;24.0;36.0;48.0;54.0,4,11,,1,40,2,1,50:2B:73,Unknown,0,276
42983,JVACT1,A4:2B:B0:01:A6:3A,-90,10,2894,100,803508122667,WPA2,1,0,1,8,1.0;2.0;5.5;11.0;9.0;18.0;36.0;54.0;6.0;12.0;24.0;48.0,4,11,,1,40,2,0,A4:2B:B0,Unknown,0,260
43046,Vani,14:EB:B6:8A:64:71,-92,10,3730,100,443318682124,WPA2,1,0,1,8,1.0;2.0;5.5;11.0;9.0;18.0;36.0;54.0;6.0;12.0;24.0;48.0,4,9,,1,20,2,1,14:EB:B6,Unknown,0,332
43067,,16:EB:B6:AA:64:71,-91,10,3731,100,443318682213,WEP,1,0,1,0,,0,0,,0,0,0,0,16:EB:B6,Unknown,0,263
43129,Cctv,50:2B:73:FD:4F:28,-89,10,941,100,501676646791,WPA2,1,0,1,8,1.0;2.0;5.5;11.0;6.0;9.0;12.0;18.0;24.0;36.0;48.0;54.0,4,11,,1,40,2,1,50:2B:73,Unknown,0,276
43182,Cctv,50:2B:73:FD:4F:28,-90,11,942,100,501676749191,WPA2,1,0,1,8,1.0;2.0;5.5;11.0;6.0;9.0;12.0;18.0;24.0;36.0;48.0;54.0,4,11,,1,40,2,1,50:2B:73,Unknown,0,276
43234,JVACT1,A4:2B:B0:01:A6:3A,-90,11,2896,100,803508327449,WPA2,1,0,1,8,1.0;2.0;5.5;11.0;9.0;18.0;36.0;54.0;6.0;12.0;24.0;48.0,4,11,,1,40,2,0,A4:2B:B0,Unknown,0,260
43287,Cctv,50:2B:73:FD:4F:28,-89,11,943,100,501676851609,WPA2,1,0,1,8,1.0;2.0;5.5;11.0;6.0;9.0;12.0;18.0;24.0;36.0;48.0;54.0,4,11,,1,40,2,1,50:2B:73,Unknown,0,276
43340,JVACT1,A4:2B:B0:01:A6:3A,-90,11,2897,100,803508429858,WPA2,1,0,1,8,1.0;2.0;5.5;11.0;9.0;18.0;36.0;54.0;6.0;12.0;24.0;48.0,4,11,,1,40,2,0,A4:2B:B0,Unknown,0,260
43402,Cctv,50:2B:73:FD:4F:28,-90,12,944,100,501676954000,WPA2,1,0,1,8,1.0;2.0;5.5;11.0;6.0;9.0;12.0;18.0;24.0;36.0;48.0;54.0,4,11,,1,40,2,1,50:2B:73,Unknown,0,276
43445,JVACT1,A4:2B:B0:01:A6:3A,-90,12,2898,100,803508532274,WPA2,1,0,1,8,1.0;2.0;5.5;11.0;9.0;18.0;36.0;54.0;6.0;12.0;24.0;48.0,4,11,,1,40,2,0,A4:2B:B0,Unknown,0,260
43497,Cctv,50:2B:73:FD:4F:28,-89,12,945,100,501677056409,WPA2,1,0,1,8,1.0;2.0;5.5;11.0;6.0;9.0;12.0;18.0;24.0;36.0;48.0;54.0,4,11,,1,40,2,1,50:2B:73,Unknown,0,276
43550,JVACT1,A4:2B:B0:01:A6:3A,-89,12,2899,100,803508634663,WPA2,1,0,1,8,1.0;2.0;5.5;11.0;9.0;18.0;36.0;54.0;6.0;12.0;24.0;48.0,4,11,,1,40,2,0,A4:2B:B0,Unknown,0,260
43603,Cctv,50:2B:73:FD:4F:28,-90,12,946,100,501677158809,WPA2,1,0,1,8,1.0;2.0;5.5;11.0;6.0;9.0;12.0;18.0;24.0;36.0;48.0;54.0,4,11,,1,40,2,1,50:2B:73,Unknown,0,276
43857,JVACT,F0:A7:31:F8:68:16,-77,1,1190,100,724588681,WPA2,1,0,1,8,1.0;2.0;5.5;11.0;9.0;18.0;36.0;54.0;6.0;12.0;24.0;48.0,4,1,,1,40,2,1,F0:A7:31,Unknown,0,235
43899,JVACT5G,F2:A7:31:F9:68:16,-77,1,1191,100,724590770,WPA2,1,0,1,8,1.0;2.0;5.5;11.0;9.0;18.0;36.0;54.0;6.0;12.0;24.0;48.0,4,1,,1,40,2,1,F2:A7:31,Unknown,0,237
43952,VKS_4G_1,60:A4:B7:D0:B1:75,-86,1,49,100,38171955550,WPA2,1,0,1,8,1.0;2.0;5.5;11.0;9.0;18.0;36.0;54.0;6.0;12.0;24.0;48.0,4,1,,1,40,2,1,60:A4:B7,Unknown,0,238
43995,JVACT,F0:A7:31:F8:68:16,-84,1,1192,100,724685144,WPA2,1,0,1,8,1.0;2.0;5.5;11.0;9.0;18.0;36.0;54.0;6.0;12.0;24.0;48.0,4,1,,1,40,2,1,F0:A7:31,Unknown,0,235
44047,JVACT5G,F2:A7:31:F9:68:16,-84,1,1193,100,724687234,WPA2,1,0,1,8,1.0;2.0;5.5;11.0;9.0;18.0;36.0;54.0;6.0;12.0;24.0;48.0,4,1,,1,40,2,1,F2:A7:31,Unknown,0,237
44108,JioFiber_24GH_KRR,A8:88:1F:20:7B:61,-92,1,1521,100,284164915614,WPA2,1,0,1,8,1.0;2.0;5.5;11.0;9.0;18.0;36.0;54.0;6.0;12.0;24.0;48.0,4,1,IN,1,20,2,1,A8:88:1F,Unknown,0,290
44152,VKS_4G_1,60:A4:B7:D0:B1:75,-90,1,50,100,38172058002,WPA2,1,0,1,8,1.0;2.0;5.5;11.0;9.0;18.0;36.0;54.0;6.0;12.0;24.0;48.0,4,1,,1,40,2,1,60:A4:B7,Unknown,0,238
44204,JVACT,F0:A7:31:F8:68:16,-80,1,1194,100,724790818,WPA2,1,0,1,8,1.0;2.0;5.5;11.0;9.0;18.0;36.0;54.0;6.0;12.0;24.0;48.0,4,1,,1,40,2,1,F0:A7:31,Unknown,0,235
44246,JVACT5G,F2:A7:31:F9:68:16,-80,1,1195,100,724792907,WPA2,1,0,1,8,1.0;2.0;5.5;11.0;9.0;18.0;36.0;54.0;6.0;12.0;24.0;48.0,4,1,,1,40,2,1,F2:A7:31,Unknown,0,237
44299,Satz,10:27:F5:5C:C6:A3,-86,1,2536,100,803486720451,WPA2,1,0,1,8,1.0;2.0;5.5;11.0;18.0;24.0;36.0;54.0;6.0;9.0;12.0;48.0,4,3,,1,40,2,1,10:27:F5,Unknown,0,254
44352,JVACT,F0:A7:31:F8:68:16,-85,2,1196,100,724891094,WPA2,1,0,1,8,1.0;2.0;5.5;11.0;9.0;18.0;36.0;54.0;6.0;12.0;24.0;48.0,4,1,,1,40,2,1,F0:A7:31,Unknown,0,235
44404,JVACT5G,F2:A7:31:F9:68:16,-83,2,1197,100,724893184,WPA2,1,0,1,8,1.0;2.0;5.5;11.0;9.0;18.0;36.0;54.0;6.0;12.0;24.0;48.0,4,1,,1,40,2,1,F2:A7:31,Unknown,0,237
44446,VKS_4G_1,60:A4:B7:D0:B1:75,-91,2,52,100,38172262901,WPA2,1,0,1,8,1.0;2.0;5.5;11.0;9.0;18.0;36.0;54.0;6.0;12.0;24.0;48.0,4,1,,1,40,2,1,60:A4:B7,Unknown,0,238
44499,JVACT,F0:A7:31:F8:68:16,-81,2,1198,100,724992585,WPA2,1,0,1,8,1.0;2.0;5.5;11.0;9.0;18.0;36.0;54.0;6.0;12.0;24.0;48.0,4,1,,1,40,2,1,F0:A7:31,Unknown,0,235
44542,Satz,10:27:F5:5C:C6:A3,-77,3,2538,100,803487027590,WPA2,1,0,1,8,1.0;2.0;5.5;11.0;18.0;24.0;36.0;54.0;6.0;9.0;12.0;48.0,4,3,,1,40,2,1,10:27:F5,Unknown,0,254
44601,Satz,10:27:F5:5C:C6:A3,-81,3,2541,100,803487130005,WPA2,1,0,1,8,1.0;2.0;5.5;11.0;18.0;24.0;36.0;54.0;6.0;9.0;12.0;48.0,4,3,,1,40,2,1,10:27:F5,Unknown,0,254
44654,Satz,10:27:F5:5C:C6:A3,-73,4,2543,100,803487232390,WPA2,1,0,1,8,1.0;2.0;5.5;11.0;18.0;24.0;36.0;54.0;6.0;9.0;12.0;48.0,4,3,,1,40,2,1,10:27:F5,Unknown,0,254
44724,Satz,10:27:F5:5C:C6:A3,-76,4,2544,100,803487334791,WPA2,1,0,1,8,1.0;2.0;5.5;11.0;18.0;24.0;36.0;54.0;6.0;9.0;12.0;48.0,4,3,,1,40,2,1,10:27:F5,Unknown,0,254
44782,NISHA-SEN,D8:0D:17:F6:48:8A,-91,4,1541,100,121251123584,WPA2,1,1,1,8,1.0;2.0;5.5;11.0;6.0;9.0;12.0;18.0;24.0;36.0;48.0;54.0,4,5,,1,40,3,1,D8:0D:17,Unknown,0,272
44868,suresh4G,CA:78:C9:FE:B1:3C,-83,5,3787,100,9763228053,WPA2,1,0,1,8,1.0;2.0;5.5;11.0;18.0;24.0;36.0;54.0;6.0;9.0;12.0;48.0,4,6,IN,1,40,2,1,CA:78:C9,Unknown,0,228
44932,NISHA-SEN,D8:0D:17:F6:48:8A,-92,5,1542,100,121251227942,WPA2,1,1,1,8,1.0;2.0;5.5;11.0;6.0;9.0;12.0;18.0;24.0;36.0;48.0;54.0,4,5,,1,40,3,1,D8:0D:17,Unknown,0,272
44984,JioFiber-satz,C0:68:CC:6E:74:72,-78,5,3306,100,11331994026,WPA2,1,0,1,8,1.0;2.0;5.5;11.0;9.0;18.0;36.0;54.0;6.0;12.0;24.0;48.0,4,6,IN,1,20,2,1,C0:68:CC,Unknown,0,245
45027,babu_5G,CA:78:C9:FE:B1:30,-84,5,3788,100,9763328402,WPA2,1,0,1,8,1.0;2.0;5.5;11.0;18.0;24.0;36.0;54.0;6.0;9.0;12.0;48.0,4,6,IN,1,40,2,1,CA:78:C9,Unknown,0,227
45079,Airtel__dontuse,30:BD:13:27:87:96,-92,5,2667,100,180388761639,WPA2,1,0,1,8,1.0;2.0;5.5;11.0;6.0;9.0;12.0;18.0;24.0;36.0;48.0;54.0,4,6,IN,1,20,2,1,30:BD:13,Unknown,0,311
45101,,FE:7A:58:1B:1B:9A,-91,5,3547,100,544031437210,WEP,1,0,1,0,,0,0,,0,0,0,0,FE:7A:58,Unknown,0,320
45163,JioFiber-satz,C0:68:CC:6E:74:72,-77,5,3307,100,11332096403,WPA2,1,0,1,8,1.0;2.0;5.5;11.0;9.0;18.0;36.0;54.0;6.0;12.0;24.0;48.0,4,6,IN,1,20,2,1,C0:68:CC,Unknown,0,245
45216,Airtel__dontuse,30:BD:13:27:87:96,-89,6,2668,100,180388864030,WPA2,1,0,1,8,1.0;2.0;5.5;11.0;6.0;9.0;12.0;18.0;24.0;36.0;48.0;54.0,4,6,IN,1,20,2,1,30:BD:13,Unknown,0,311
45269,NISHA-SEN,D8:0D:17:F6:48:8A,-92,6,1544,100,121251430784,WPA2,1,1,1,8,1.0;2.0;5.5;11.0;6.0;9.0;12.0;18.0;24.0;36.0;48.0;54.0,4,5,,1,40,3,1,D8:0D:17,Unknown,0,272
45290,,FE:7A:58:1B:1B:9A,-89,6,3549,100,544031539599,WEP,1,0,1,0,,0,0,,0,0,0,0,FE:7A:58,Unknown,0,320
45343,Airtel__dontuse,30:BD:13:27:87:96,-89,6,2669,100,180388966430,WPA2,1,0,1,8,1.0;2.0;5.5;11.0;6.0;9.0;12.0;18.0;24.0;36.0;48.0;54.0,4,6,IN,1,20,2,1,30:BD:13,Unknown,0,311
45372,,FE:7A:58:1B:1B:9A,-94,6,3551,100,544031641999,WEP,1,0,1,0,,0,0,,0,0,0,0,FE:7A:58,Unknown,0,320
45425,JioFiber-satz,C0:68:CC:6E:74:72,-76,6,3309,100,11332301225,WPA2,1,0,1,8,1.0;2.0;5.5;11.0;9.0;18.0;36.0;54.0;6.0;12.0;24.0;48.0,4,6,IN,1,20,2,1,C0:68:CC,Unknown,0,245
45478,babu_5G,CA:78:C9:FE:B1:30,-85,6,3794,100,9763635616,WPA2,1,0,1,8,1.0;2.0;5.5;11.0;18.0;24.0;36.0;54.0;6.0;9.0;12.0;48.0,4,6,IN,1,40,2,1,CA:78:C9,Unknown,0,227
45520,DIRECT-dQ-BRAVIA,B2:10:41:BD:D6:51,-72,7,3048,100,2326733184,WPA2,1,1,1,8,6.0;9.0;12.0;18.0;24.0;36.0;48.0;54.0,0,7,,1,20,2,0,B2:10:41,Unknown,0,263
45573,babu_5G,CA:78:C9:FE:B1:30,-86,7,3798,100,9763840401,WPA2,1,0,1,8,1.0;2.0;5.5;11.0;18.0;24.0;36.0;54.0;6.0;9.0;12.0;48.0,4,6,IN,1,40,2,1,CA:78:C9,Unknown,0,227
45625,suresh4G,CA:78:C9:FE:B1:3C,-86,7,3799,100,9763842437,WPA2,1,0,1,8,1.0;2.0;5.5;11.0;18.0;24.0;36.0;54.0;6.0;9.0;12.0;48.0,4,6,IN,1,40,2,1,CA:78:C9,Unknown,0,228
45678,Airtel__dontuse,30:BD:13:27:87:96,-84,7,2672,100,180389273630,WPA2,1,0,1,8,1.0;2.0;5.5;11.0;6.0;9.0;12.0;18.0;24.0;36.0;48.0;54.0,4,6,IN,1,20,2,1,30:BD:13,Unknown,0,311
45721,JioFiber-satz,C0:68:CC:6E:74:72,-82,7,3312,100,11332608407,WPA2,1,0,1,8,1.0;2.0;5.5;11.0;9.0;18.0;36.0;54.0;6.0;12.0;24.0;48.0,4,6,IN,1,20,2,1,C0:68:CC,Unknown,0,245
45773,DIRECT-dQ-BRAVIA,B2:10:41:BD:D6:51,-76,7,3049,100,2326835584,WPA2,1,1,1,8,6.0;9.0;12.0;18.0;24.0;36.0;48.0;54.0,0,7,,1,20,2,0,B2:10:41,Unknown,0,263
45816,suresh4G,CA:78:C9:FE:B1:3C,-87,7,3801,100,9763944858,WPA2,1,0,1,8,1.0;2.0;5.5;11.0;18.0;24.0;36.0;54.0;6.0;9.0;12.0;48.0,4,6,IN,1,40,2,1,CA:78:C9,Unknown,0,228
45874,Airtel__dontuse,30:BD:13:27:87:96,-83,7,2673,100,180389376039,WPA2,1,0,1,8,1.0;2.0;5.5;11.0;6.0;9.0;12.0;18.0;24.0;36.0;48.0;54.0,4,6,IN,1,20,2,1,30:BD:13,Unknown,0,311
45928,JioFiber-satz,C0:68:CC:6E:74:72,-84,8,3314,100,11332813227,WPA2,1,0,1,8,1.0;2.0;5.5;11.0;9.0;18.0;36.0;54.0;6.0;12.0;24.0;48.0,4,6,IN,1,20,2,1,C0:68:CC,Unknown,0,245
45980,JioFiber-satz,C0:68:CC:6E:74:72,-85,8,3315,100,11332915594,WPA2,1,0,1,8,1.0;2.0;5.5;11.0;9.0;18.0;36.0;54.0;6.0;12.0;24.0;48.0,4,6,IN,1,20,2,1,C0:68:CC,Unknown,0,245
46033,Vani,14:EB:B6:8A:64:71,-96,9,3788,100,443321651692,WPA2,1,0,1,8,1.0;2.0;5.5;11.0;9.0;18.0;36.0;54.0;6.0;12.0;24.0;48.0,4,9,,1,20,2,1,14:EB:B6,Unknown,0,332
46097,Vani,14:EB:B6:8A:64:71,-93,9,3790,100,443321754077,WPA2,1,0,1,8,1.0;2.0;5.5;11.0;9.0;18.0;36.0;54.0;6.0;12.0;24.0;48.0,4,9,,1,20,2,1,14:EB:B6,Unknown,0,332
46128,,16:EB:B6:AA:64:71,-94,9,3791,100,443321754015,WEP,1,0,1,0,,0,0,,0,0,0,0,16:EB:B6,Unknown,0,263
46171,SanD-JioFiber,BA:A9:15:4E:AF:EE,-89,10,1803,100,802606285214,WPA2,1,0,1,8,1.0;2.0;5.5;11.0;18.0;24.0;36.0;54.0;6.0;9.0;12.0;48.0,4,11,IN,1,40,2,1,BA:A9:15,Unknown,0,233
46234,Cctv,50:2B:73:FD:4F:28,-87,10,971,100,501679718809,WPA2,1,0,1,8,1.0;2.0;5.5;11.0;6.0;9.0;12.0;18.0;24.0;36.0;48.0;54.0,4,11,,1,40,2,1,50:2B:73,Unknown,0,276
46276,JVACT1,A4:2B:B0:01:A6:3A,-89,10,2925,100,803511297044,WPA2,1,0,1,8,1.0;2.0;5.5;11.0;9.0;18.0;36.0;54.0;6.0;12.0;24.0;48.0,4,11,,1,40,2,0,A4:2B:B0,Unknown,0,260
46339,Cctv,50:2B:73:FD:4F:28,-84,10,972,100,501679821182,WPA2,1,0,1,8,1.0;2.0;5.5;11.0;6.0;9.0;12.0;18.0;24.0;36.0;48.0;54.0,4,11,,1,40,2,1,50:2B:73,Unknown,0,276
46399,Cctv,50:2B:73:FD:4F:28,-83,10,973,100,501679923609,WPA2,1,0,1,8,1.0;2.0;5.5;11.0;6.0;9.0;12.0;18.0;24.0;36.0;48.0;54.0,4,11,,1,40,2,1,50:2B:73,Unknown,0,276
46453,Cctv,50:2B:73:FD:4F:28,-84,11,974,100,501680026009,WPA2,1,0,1,8,1.0;2.0;5.5;11.0;6.0;9.0;12.0;18.0;24.0;36.0;48.0;54.0,4,11,,1,40,2,1,50:2B:73,Unknown,0,276
46505,JVACT1,A4:2B:B0:01:A6:3A,-92,11,2928,100,803511604248,WPA2,1,0,1,8,1.0;2.0;5.5;11.0;9.0;18.0;36.0;54.0;6.0;12.0;24.0;48.0,4,11,,1,40,2,0,A4:2B:B0,Unknown,0,260
46548,SanD-JioFiber,BA:A9:15:4E:AF:EE,-87,11,1807,100,802606694792,WPA2,1,0,1,8,1.0;2.0;5.5;11.0;18.0;24.0;36.0;54.0;6.0;9.0;12.0;48.0,4,11,IN,1,40,2,1,BA:A9:15,Unknown,0,233
46611,Cctv,50:2B:73:FD:4F:28,-79,11,975,100,501680128391,WPA2,1,0,1,8,1.0;2.0;5.5;11.0;6.0;9.0;12.0;18.0;24.0;36.0;48.0;54.0,4,11,,1,40,2,1,50:2B:73,Unknown,0,276
46662,SanD-JioFiber_EXT,8C:90:2D:3B:B6:5A,-89,11,4034,100,3039334807,WPA2,1,0,1,8,1.0;2.0;5.5;11.0;9.0;18.0;36.0;54.0;6.0;12.0;24.0;48.0,4,11,,1,20,2,0,8C:90:2D,Unknown,0,223
46704,JVACT1,A4:2B:B0:01:A6:3A,-92,11,2929,100,803511706649,WPA2,1,0,1,8,1.0;2.0;5.5;11.0;9.0;18.0;36.0;54.0;6.0;12.0;24.0;48.0,4,11,,1,40,2,0,A4:2B:B0,Unknown,0,260
46758,SanD-JioFiber,BA:A9:15:4E:AF:EE,-92,12,1808,100,802606797191,WPA2,1,0,1,8,1.0;2.0;5.5;11.0;18.0;24.0;36.0;54.0;6.0;9.0;12.0;48.0,4,11,IN,1,40,2,1,BA:A9:15,Unknown,0,233
46810,Cctv,50:2B:73:FD:4F:28,-80,12,976,100,501680230809,WPA2,1,0,1,8,1.0;2.0;5.5;11.0;6.0;9.0;12.0;18.0;24.0;36.0;48.0;54.0,4,11,,1,40,2,1,50:2B:73,Unknown,0,276
46863,JVACT1,A4:2B:B0:01:A6:3A,-91,12,2930,100,803511809052,WPA2,1,0,1,8,1.0;2.0;5.5;11.0;9.0;18.0;36.0;54.0;6.0;12.0;24.0;48.0,4,11,,1,40,2,0,A4:2B:B0,Unknown,0,260
46915,SanD-JioFiber,BA:A9:15:4E:AF:EE,-92,12,1809,100,802606899591,WPA2,1,0,1,8,1.0;2.0;5.5;11.0;18.0;24.0;36.0;54.0;6.0;9.0;12.0;48.0,4,11,IN,1,40,2,1,BA:A9:15,Unknown,0,233
46979,Cctv,50:2B:73:FD:4F:28,-83,13,979,100,501680538000,WPA2,1,0,1,8,1.0;2.0;5.5;11.0;6.0;9.0;12.0;18.0;24.0;36.0;48.0;54.0,4,11,,1,40,2,1,50:2B:73,Unknown,0,276
47079,Satz,10:27:F5:5C:C6:A3,-85,1,2567,100,803489689993,WPA2,1,0,1,8,1.0;2.0;5.5;11.0;18.0;24.0;36.0;54.0;6.0;9.0;12.0;48.0,4,3,,1,40,2,1,10:27:F5,Unknown,0,254
47128,JVACT,F0:A7:31:F8:68:16,-79,1,1254,100,727859607,WPA2,1,0,1,8,1.0;2.0;5.5;11.0;9.0;18.0;36.0;54.0;6.0;12.0;24.0;48.0,4,1,,1,40,2,1,F0:A7:31,Unknown,0,235
47170,JVACT5G,F2:A7:31:F9:68:16,-79,1,1255,100,727861696,WPA2,1,0,1,8,1.0;2.0;5.5;11.0;9.0;18.0;36.0;54.0;6.0;12.0;24.0;48.0,4,1,,1,40,2,1,F2:A7:31,Unknown,0,237
47240,JioFiber_24GH_KRR,A8:88:1F:20:7B:61,-92,1,1552,100,284168090010,WPA2,1,0,1,8,1.0;2.0;5.5;11.0;9.0;18.0;36.0;54.0;6.0;12.0;24.0;48.0,4,1,IN,1,20,2,1,A8:88:1F,Unknown,0,290
47283,JVACT,F0:A7:31:F8:68:16,-80,1,1256,100,727961917,WPA2,1,0,1,8,1.0;2.0;5.5;11.0;9.0;18.0;36.0;54.0;6.0;12.0;24.0;48.0,4,1,,1,40,2,1,F0:A7:31,Unknown,0,235
47336,JVACT5G,F2:A7:31:F9:68:16,-79,1,1257,100,727964006,WPA2,1,0,1,8,1.0;2.0;5.5;11.0;9.0;18.0;36.0;54.0;6.0;12.0;24.0;48.0,4,1,,1,40,2,1,F2:A7:31,Unknown,0,237
47389,Tanyaa-4G,04:AB:08:2A:8A:52,-94,1,3258,100,623019930015,WPA2,1,0,1,8,1.0;2.0;5.5;11.0;9.0;18.0;36.0;54.0;6.0;12.0;24.0;48.0,4,1,IN,1,20,2,1,04:AB:08,Unknown,0,282
47431,JVACT,F0:A7:31:F8:68:16,-84,1,1258,100,728064320,WPA2,1,0,1,8,1.0;2.0;5.5;11.0;9.0;18.0;36.0;54.0;6.0;12.0;24.0;48.0,4,1,,1,40,2,1,F0:A7:31,Unknown,0,235
47483,JVACT5G,F2:A7:31:F9:68:16,-80,1,1259,100,728066410,WPA2,1,0,1,8,1.0;2.0;5.5;11.0;9.0;18.0;36.0;54.0;6.0;12.0;24.0;48.0,4,1,,1,40,2,1,F2:A7:31,Unknown,0,237
47545,JioFiber_24GH_KRR,A8:88:1F:20:7B:61,-90,1,1554,100,284168294792,WPA2,1,0,1,8,1.0;2.0;5.5;11.0;9.0;18.0;36.0;54.0;6.0;12.0;24.0;48.0,4,1,IN,1,20,2,1,A8:88:1F,Unknown,0,290
47589,JVACT,F0:A7:31:F8:68:16,-84,2,1260,100,728166717,WPA2,1,0,1,8,1.0;2.0;5.5;11.0;9.0;18.0;36.0;54.0;6.0;12.0;24.0;48.0,4,1,,1,40,2,1,F0:A7:31,Unknown,0,235
47641,Satz,10:27:F5:5C:C6:A3,-81,2,2571,100,803490099614,WPA2,1,0,1,8,1.0;2.0;5.5;11.0;18.0;24.0;36.0;54.0;6.0;9.0;12.0;48.0,4,3,,1,40,2,1,10:27:F5,Unknown,0,254
47684,JVACT,F0:A7:31:F8:68:16,-83,2,1262,100,728269121,WPA2,1,0,1,8,1.0;2.0;5.5;11.0;9.0;18.0;36.0;54.0;6.0;12.0;24.0;48.0,4,1,,1,40,2,1,F0:A7:31,Unknown,0,235
47734,JVACT5G,F2:A7:31:F9:68:16,-84,2,1263,100,728271211,WPA2,1,0,1,8,1.0;2.0;5.5;11.0;9.0;18.0;36.0;54.0;6.0;12.0;24.0;48.0,4,1,,1,40,2,1,F2:A7:31,Unknown,0,237
47787,Satz,10:27:F5:5C:C6:A3,-83,3,2572,100,803490201999,WPA2,1,0,1,8,1.0;2.0;5.5;11.0;18.0;24.0;36.0;54.0;6.0;9.0;12.0;48.0,4,3,,1,40,2,1,10:27:F5,Unknown,0,254
47840,.,9C:A2:F4:D7:B6:BF,-91,3,986,100,699993703086,WPA2,1,0,1,8,1.0;2.0;5.5;11.0;9.0;18.0;36.0;54.0;6.0;12.0;24.0;48.0,4,3,,1,40,2,1,9C:A2:F4,Unknown,0,376
47893,Athidi 1,9E:A2:F4:17:B6:BF,-94,3,987,100,699993702793,WPA2,1,0,1,8,1.0;2.0;5.5;11.0;9.0;18.0;36.0;54.0;6.0;12.0;24.0;48.0,4,3,,1,40,2,1,9E:A2:F4,Unknown,0,286
47914,,9E:A2:F4:27:B6:BF,-95,3,988,100,699993702815,WEP,1,0,1,0,,0,0,,0,0,0,0,9E:A2:F4,Unknown,0,334
47977,Satz,10:27:F5:5C:C6:A3,-75,3,2574,100,803490406793,WPA2,1,0,1,8,1.0;2.0;5.5;11.0;18.0;24.0;36.0;54.0;6.0;9.0;12.0;48.0,4,3,,1,40,2,1,10:27:F5,Unknown,0,254
48029,.,9C:A2:F4:D7:B6:BF,-92,3,998,100,699993907627,WPA2,1,0,1,8,1.0;2.0;5.5;11.0;9.0;18.0;36.0;54.0;6.0;12.0;24.0;48.0,4,3,,1,40,2,1,9C:A2:F4,Unknown,0,376
48082,Athidi 1,9E:A2:F4:17:B6:BF,-94,3,999,100,699993907604,WPA2,1,0,1,8,1.0;2.0;5.5;11.0;9.0;18.0;36.0;54.0;6.0;12.0;24.0;48.0,4,3,,1,40,2,1,9E:A2:F4,Unknown,0,286
48124,Satz,10:27:F5:5C:C6:A3,-74,3,2575,100,803490509197,WPA2,1,0,1,8,1.0;2.0;5.5;11.0;18.0;24.0;36.0;54.0;6.0;9.0;12.0;48.0,4,3,,1,40,2,1,10:27:F5,Unknown,0,254
48177,JioFiber-satz,C0:68:CC:6E:74:72,-84,5,3337,100,11335168416,WPA2,1,0,1,8,1.0;2.0;5.5;11.0;9.0;18.0;36.0;54.0;6.0;12.0;24.0;48.0,4,6,IN,1,20,2,1,C0:68:CC,Unknown,0,245
48303,JioFiber-satz,C0:68:CC:6E:74:72,-78,5,3339,100,11335373211,WPA2,1,0,1,8,1.0;2.0;5.5;11.0;9.0;18.0;36.0;54.0;6.0;12.0;24.0;48.0,4,6,IN,1,20,2,1,C0:68:CC,Unknown,0,245
48355,Airtel__dontuse,30:BD:13:27:87:96,-87,6,2700,100,180392140830,WPA2,1,0,1,8,1.0;2.0;5.5;11.0;6.0;9.0;12.0;18.0;24.0;36.0;48.0;54.0,4,6,IN,1,20,2,1,30:BD:13,Unknown,0,311
48408,VKS_4G,FC:7A:58:1B:1B:9A,-89,6,3612,100,544034816394,WPA2,1,0,1,8,1.0;2.0;5.5;11.0;9.0;18.0;36.0;54.0;6.0;12.0;24.0;48.0,4,6,IN,1,20,2,1,FC:7A:58,Unknown,0,356
48461,JioFiber-satz,C0:68:CC:6E:74:72,-77,6,3340,100,11335475609,WPA2,1,0,1,8,1.0;2.0;5.5;11.0;9.0;18.0;36.0;54.0;6.0;12.0;24.0;48.0,4,6,IN,1,20,2,1,C0:68:CC,Unknown,0,245
48513,babu_5G,CA:78:C9:FE:B1:30,-89,6,3892,100,9766810008,WPA2,1,0,1,8,1.0;2.0;5.5;11.0;18.0;24.0;36.0;54.0;6.0;9.0;12.0;48.0,4,6,IN,1,40,2,1,CA:78:C9,Unknown,0,227
48566,suresh4G,CA:78:C9:FE:B1:3C,-89,6,3893,100,9766812054,WPA2,1,0,1,8,1.0;2.0;5.5;11.0;18.0;24.0;36.0;54.0;6.0;9.0;12.0;48.0,4,6,IN,1,40,2,1,CA:78:C9,Unknown,0,228
48619,Airtel__dontuse,30:BD:13:27:87:96,-87,6,2701,100,180392243230,WPA2,1,0,1,8,1.0;2.0;5.5;11.0;6.0;9.0;12.0;18.0;24.0;36.0;48.0;54.0,4,6,IN,1,20,2,1,30:BD:13,Unknown,0,311
48671,Ganesh ,54:AF:97:5B:06:91,-93,6,1678,100,803504640314,WPA2,1,0,1,8,1.0;2.0;5.5;11.0;9.0;18.0;36.0;54.0;6.0;12.0;24.0;48.0,4,6,,1,40,2,1,54:AF:97,Unknown,0,288
48715,JioFiber-CqkfQ,9A:78:C9:62:4F:27,-88,7,3427,100,803487130015,WPA2,1,0,1,8,1.0;2.0;5.5;11.0;18.0;24.0;36.0;54.0;6.0;9.0;12.0;48.0,4,6,IN,1,40,2,1,9A:78:C9,Unknown,0,234
48767,JioFiber-satz,C0:68:CC:6E:74:72,-76,7,3342,100,11335680406,WPA2,1,0,1,8,1.0;2.0;5.5;11.0;9.0;18.0;36.0;54.0;6.0;12.0;24.0;48.0,4,6,IN,1,20,2,1,C0:68:CC,Unknown,0,245
48819,DIRECT-dQ-BRAVIA,B2:10:41:BD:D6:51,-73,7,3080,100,2330009984,WPA2,1,1,1,8,6.0;9.0;12.0;18.0;24.0;36.0;48.0;54.0,0,7,,1,20,2,0,B2:10:41,Unknown,0,263
48861,DIRECT-dQ-BRAVIA,B2:10:41:BD:D6:51,-74,8,3081,100,2330112384,WPA2,1,1,1,8,6.0;9.0;12.0;18.0;24.0;36.0;48.0;54.0,0,7,,1,20,2,0,B2:10:41,Unknown,0,263
49463,SanD-JioFiber,BA:A9:15:4E:AF:EE,-91,10,1840,100,802609664412,WPA2,1,0,1,8,1.0;2.0;5.5;11.0;18.0;24.0;36.0;54.0;6.0;9.0;12.0;48.0,4,11,IN,1,40,2,1,BA:A9:15,Unknown,0,233
49597,Cctv,50:2B:73:FD:4F:28,-85,11,1005,100,501683200400,WPA2,1,0,1,8,1.0;2.0;5.5;11.0;6.0;9.0;12.0;18.0;24.0;36.0;48.0;54.0,4,11,,1,40,2,1,50:2B:73,Unknown,0,276
49639,Sekar,3C:84:6A:7B:AF:FE,-94,11,2616,100,294707302761,WPA2,1,0,1,8,1.0;2.0;5.5;11.0;9.0;18.0;36.0;54.0;6.0;12.0;24.0;48.0,4,11,,1,40,2,0,3C:84:6A,Unknown,0,259
49699,JVACT1,A4:2B:B0:01:A6:3A,-90,11,2959,100,803514778622,WPA2,1,0,1,8,1.0;2.0;5.5;11.0;9.0;18.0;36.0;54.0;6.0;12.0;24.0;48.0,4,11,,1,40,2,0,A4:2B:B0,Unknown,0,260
49742,SanD-JioFiber,BA:A9:15:4E:AF:EE,-94,11,1842,100,802609869192,WPA2,1,0,1,8,1.0;2.0;5.5;11.0;18.0;24.0;36.0;54.0;6.0;9.0;12.0;48.0,4,11,IN,1,40,2,1,BA:A9:15,Unknown,0,233
49805,Cctv,50:2B:73:FD:4F:28,-84,11,1006,100,501683302800,WPA2,1,0,1,8,1.0;2.0;5.5;11.0;6.0;9.0;12.0;18.0;24.0;36.0;48.0;54.0,4,11,,1,40,2,1,50:2B:73,Unknown,0,276
49847,Sekar,3C:84:6A:7B:AF:FE,-93,11,2617,100,294707405160,WPA2,1,0,1,8,1.0;2.0;5.5;11.0;9.0;18.0;36.0;54.0;6.0;12.0;24.0;48.0,4,11,,1,40,2,0,3C:84:6A,Unknown,0,259
49899,JVACT1,A4:2B:B0:01:A6:3A,-93,11,2960,100,803514881035,WPA2,1,0,1,8,1.0;2.0;5.5;11.0;9.0;18.0;36.0;54.0;6.0;12.0;24.0;48.0,4,11,,1,40,2,0,A4:2B:B0,Unknown,0,260
49953,SanD-JioFiber,BA:A9:15:4E:AF:EE,-94,11,1843,100,802609971604,WPA2,1,0,1,8,1.0;2.0;5.5;11.0;18.0;24.0;36.0;54.0;6.0;9.0;12.0;48.0,4,11,IN,1,40,2,1,BA:A9:15,Unknown,0,233
50005,Cctv,50:2B:73:FD:4F:28,-82,11,1007,100,501683405209,WPA2,1,0,1,8,1.0;2.0;5.5;11.0;6.0;9.0;12.0;18.0;24.0;36.0;48.0;54.0,4,11,,1,40,2,1,50:2B:73,Unknown,0,276
50058,Sekar,3C:84:6A:7B:AF:FE,-97,11,2618,100,294707507559,WPA2,1,0,1,8,1.0;2.0;5.5;11.0;9.0;18.0;36.0;54.0;6.0;12.0;24.0;48.0,4,11,,1,40,2,0,3C:84:6A,Unknown,0,259
50100,SanD-JioFiber_EXT,8C:90:2D:3B:B6:5A,-93,11,4068,100,3042611604,WPA2,1,0,1,8,1.0;2.0;5.5;11.0;9.0;18.0;36.0;54.0;6.0;12.0;24.0;48.0,4,11,,1,20,2,0,8C:90:2D,Unknown,0,223
50153,Sekar,3C:84:6A:7B:AF:FE,-93,13,2621,100,294707814764,WPA2,1,0,1,8,1.0;2.0;5.5;11.0;9.0;18.0;36.0;54.0;6.0;12.0;24.0;48.0,4,11,,1,40,2,0,3C:84:6A,Unknown,0,259
50205,JVACT1,A4:2B:B0:01:A6:3A,-93,13,2964,100,803515290639,WPA2,1,0,1,8,1.0;2.0;5.5;11.0;9.0;18.0;36.0;54.0;6.0;12.0;24.0;48.0,4,11,,1,40,2,0,A4:2B:B0,Unknown,0,260
50339,JioFiber_24GH_KRR,A8:88:1F:20:7B:61,-89,1,1585,100,284171264423,WPA2,1,0,1,8,1.0;2.0;5.5;11.0;9.0;18.0;36.0;54.0;6.0;12.0;24.0;48.0,4,1,IN,1,20,2,1,A8:88:1F,Unknown,0,290
50381,VKS_4G_1,60:A4:B7:D0:B1:75,-95,1,112,100,38178406750,WPA2,1,0,1,8,1.0;2.0;5.5;11.0;9.0;18.0;36.0;54.0;6.0;12.0;24.0;48.0,4,1,,1,40,2,1,60:A4:B7,Unknown,0,238
50424,JVACT,F0:A7:31:F8:68:16,-76,1,1318,100,731136346,WPA2,1,0,1,8,1.0;2.0;5.5;11.0;9.0;18.0;36.0;54.0;6.0;12.0;24.0;48.0,4,1,,1,40,2,1,F0:A7:31,Unknown,0,235
50476,JVACT5G,F2:A7:31:F9:68:16,-75,1,1319,100,731138435,WPA2,1,0,1,8,1.0;2.0;5.5;11.0;9.0;18.0;36.0;54.0;6.0;12.0;24.0;48.0,4,1,,1,40,2,1,F2:A7:31,Unknown,0,237
50536,vasudha_4G,FC:7A:58:0E:CD:2A,-93,1,2054,100,554151425961,WPA2,1,0,1,8,1.0;2.0;5.5;11.0;9.0;18.0;36.0;54.0;6.0;12.0;24.0;48.0,4,1,IN,1,20,2,1,FC:7A:58,Unknown,0,283
50589,JioFiber_24GH_KRR,A8:88:1F:20:7B:61,-84,1,1586,100,284171366816,WPA2,1,0,1,8,1.0;2.0;5.5;11.0;9.0;18.0;36.0;54.0;6.0;12.0;24.0;48.0,4,1,IN,1,20,2,1,A8:88:1F,Unknown,0,290
50632,JVACT,F0:A7:31:F8:68:16,-73,1,1320,100,731238746,WPA2,1,0,1,8,1.0;2.0;5.5;11.0;9.0;18.0;36.0;54.0;6.0;12.0;24.0;48.0,4,1,,1,40,2,1,F0:A7:31,Unknown,0,235
50684,JVACT5G,F2:A7:31:F9:68:16,-79,1,1321,100,731240836,WPA2,1,0,1,8,1.0;2.0;5.5;11.0;9.0;18.0;36.0;54.0;6.0;12.0;24.0;48.0,4,1,,1,40,2,1,F2:A7:31,Unknown,0,237
50737,JioFiber_24GH_KRR,A8:88:1F:20:7B:61,-85,1,1587,100,284171469199,WPA2,1,0,1,8,1.0;2.0;5.5;11.0;9.0;18.0;36.0;54.0;6.0;12.0;24.0;48.0,4,1,IN,1,20,2,1,A8:88:1F,Unknown,0,290
50790,JVACT5G,F2:A7:31:F9:68:16,-74,2,1323,100,731344240,WPA2,1,0,1,8,1.0;2.0;5.5;11.0;9.0;18.0;36.0;54.0;6.0;12.0;24.0;48.0,4,1,,1,40,2,1,F2:A7:31,Unknown,0,237
50843,Satz,10:27:F5:5C:C6:A3,-75,2,2604,100,803493273991,WPA2,1,0,1,8,1.0;2.0;5.5;11.0;18.0;24.0;36.0;54.0;6.0;9.0;12.0;48.0,4,3,,1,40,2,1,10:27:F5,Unknown,0,254
50885,JVACT,F0:A7:31:F8:68:16,-74,2,1324,100,731443552,WPA2,1,0,1,8,1.0;2.0;5.5;11.0;9.0;18.0;36.0;54.0;6.0;12.0;24.0;48.0,4,1,,1,40,2,1,F0:A7:31,Unknown,0,235
50938,JVACT5G,F2:A7:31:F9:68:16,-74,2,1325,100,731445642,WPA2,1,0,1,8,1.0;2.0;5.5;11.0;9.0;18.0;36.0;54.0;6.0;12.0;24.0;48.0,4,1,,1,40,2,1,F2:A7:31,Unknown,0,237
50991,Satz,10:27:F5:5C:C6:A3,-77,3,2606,100,803493478800,WPA2,1,0,1,8,1.0;2.0;5.5;11.0;18.0;24.0;36.0;54.0;6.0;9.0;12.0;48.0,4,3,,1,40,2,1,10:27:F5,Unknown,0,254
51042,JVACT,F0:A7:31:F8:68:16,-82,3,1328,100,731648350,WPA2,1,0,1,8,1.0;2.0;5.5;11.0;9.0;18.0;36.0;54.0;6.0;12.0;24.0;48.0,4,1,,1,40,2,1,F0:A7:31,Unknown,0,235
51085,JVACT5G,F2:A7:31:F9:68:16,-76,3,1329,100,731650439,WPA2,1,0,1,8,1.0;2.0;5.5;11.0;9.0;18.0;36.0;54.0;6.0;12.0;24.0;48.0,4,1,,1,40,2,1,F2:A7:31,Unknown,0,237
51148,.,9C:A2:F4:D7:B6:BF,-92,3,1184,100,699997082014,WPA2,1,0,1,8,1.0;2.0;5.5;11.0;9.0;18.0;36.0;54.0;6.0;12.0;24.0;48.0,4,3,,1,40,2,1,9C:A2:F4,Unknown,0,376
51170,,9E:A2:F4:27:B6:BF,-91,3,1186,100,699997082020,WEP,1,0,1,0,,0,0,,0,0,0,0,9E:A2:F4,Unknown,0,334
51222,Satz,10:27:F5:5C:C6:A3,-81,3,2608,100,803493683604,WPA2,1,0,1,8,1.0;2.0;5.5;11.0;18.0;24.0;36.0;54.0;6.0;9.0;12.0;48.0,4,3,,1,40,2,1,10:27:F5,Unknown,0,254
51290,JioFiber-satz,C0:68:CC:6E:74:72,-87,4,3371,100,11338342810,WPA2,1,0,1,8,1.0;2.0;5.5;11.0;9.0;18.0;36.0;54.0;6.0;12.0;24.0;48.0,4,6,IN,1,20,2,1,C0:68:CC,Unknown,0,245
51332,Satz,10:27:F5:5C:C6:A3,-82,4,2611,100,803493888410,WPA2,1,0,1,8,1.0;2.0;5.5;11.0;18.0;24.0;36.0;54.0;6.0;9.0;12.0;48.0,4,3,,1,40,2,1,10:27:F5,Unknown,0,254
51386,NISHA-SEN,D8:0D:17:F6:48:8A,-92,5,1614,100,121257678001,WPA2,1,1,1,8,1.0;2.0;5.5;11.0;6.0;9.0;12.0;18.0;24.0;36.0;48.0;54.0,4,5,,1,40,3,1,D8:0D:17,Unknown,0,272
51438,Airtel__dontuse,30:BD:13:27:87:96,-82,5,2730,100,180395212848,WPA2,1,0,1,8,1.0;2.0;5.5;11.0;6.0;9.0;12.0;18.0;24.0;36.0;48.0;54.0,4,6,IN,1,20,2,1,30:BD:13,Unknown,0,311
51491,NISHA-SEN,D8:0D:17:F6:48:8A,-88,5,1615,100,121257780475,WPA2,1,1,1,8,1.0;2.0;5.5;11.0;6.0;9.0;12.0;18.0;24.0;36.0;48.0;54.0,4,5,,1,40,3,1,D8:0D:17,Unknown,0,272
51554,VKS_4G,FC:7A:58:1B:1B:9A,-89,5,3672,100,544037888396,WPA2,1,0,1,8,1.0;2.0;5.5;11.0;9.0;18.0;36.0;54.0;6.0;12.0;24.0;48.0,4,6,IN,1,20,2,1,FC:7A:58,Unknown,0,356
51607,JioFiber-satz,C0:68:CC:6E:74:72,-81,5,3373,100,11338547616,WPA2,1,0,1,8,1.0;2.0;5.5;11.0;9.0;18.0;36.0;54.0;6.0;12.0;24.0;48.0,4,6,IN,1,20,2,1,C0:68:CC,Unknown,0,245
51661,NISHA-SEN,D8:0D:17:F6:48:8A,-91,5,1616,100,121257882945,WPA2,1,1,1,8,1.0;2.0;5.5;11.0;6.0;9.0;12.0;18.0;24.0;36.0;48.0;54.0,4,5,,1,40,3,1,D8:0D:17,Unknown,0,272
51703,babu_5G,CA:78:C9:FE:B1:30,-81,5,3952,100,9769984412,WPA2,1,0,1,8,1.0;2.0;5.5;11.0;18.0;24.0;36.0;54.0;6.0;9.0;12.0;48.0,4,6,IN,1,40,2,1,CA:78:C9,Unknown,0,227
51756,suresh4G,CA:78:C9:FE:B1:3C,-81,5,3953,100,9769986439,WPA2,1,0,1,8,1.0;2.0;5.5;11.0;18.0;24.0;36.0;54.0;6.0;9.0;12.0;48.0,4,6,IN,1,40,2,1,CA:78:C9,Unknown,0,228
51814,Airtel__dontuse,30:BD:13:27:87:96,-82,5,2732,100,180395417630,WPA2,1,0,1,8,1.0;2.0;5.5;11.0;6.0;9.0;12.0;18.0;24.0;36.0;48.0;54.0,4,6,IN,1,20,2,1,30:BD:13,Unknown,0,311
51857,JioFiber-satz,C0:68:CC:6E:74:72,-74,6,3375,100,11338752402,WPA2,1,0,1,8,1.0;2.0;5.5;11.0;9.0;18.0;36.0;54.0;6.0;12.0;24.0;48.0,4,6,IN,1,20,2,1,C0:68:CC,Unknown,0,245
51910,JioFiber-satz,C0:68:CC:6E:74:72,-83,7,3377,100,11338957193,WPA2,1,0,1,8,1.0;2.0;5.5;11.0;9.0;18.0;36.0;54.0;6.0;12.0;24.0;48.0,4,6,IN,1,20,2,1,C0:68:CC,Unknown,0,245
51963,DIRECT-dQ-BRAVIA,B2:10:41:BD:D6:51,-72,7,3111,100,2333184384,WPA2,1,1,1,8,6.0;9.0;12.0;18.0;24.0;36.0;48.0;54.0,0,7,,1,20,2,0,B2:10:41,Unknown,0,263
52005,suresh4G,CA:78:C9:FE:B1:3C,-85,7,3959,100,9770293645,WPA2,1,0,1,8,1.0;2.0;5.5;11.0;18.0;24.0;36.0;54.0;6.0;9.0;12.0;48.0,4,6,IN,1,40,2,1,CA:78:C9,Unknown,0,228
52058,Airtel__dontuse,30:BD:13:27:87:96,-84,7,2735,100,180395724822,WPA2,1,0,1,8,1.0;2.0;5.5;11.0;6.0;9.0;12.0;18.0;24.0;36.0;48.0;54.0,4,6,IN,1,20,2,1,30:BD:13,Unknown,0,311
52111,JioFiber-satz,C0:68:CC:6E:74:72,-83,7,3378,100,11339059594,WPA2,1,0,1,8,1.0;2.0;5.5;11.0;9.0;18.0;36.0;54.0;6.0;12.0;24.0;48.0,4,6,IN,1,20,2,1,C0:68:CC,Unknown,0,245
52154,DIRECT-dQ-BRAVIA,B2:10:41:BD:D6:51,-70,7,3112,100,2333286784,WPA2,1,1,1,8,6.0;9.0;12.0;18.0;24.0;36.0;48.0;54.0,0,7,,1,20,2,0,B2:10:41,Unknown,0,263
52206,JioFiber-satz,C0:68:CC:6E:74:72,-85,7,3379,100,11339162025,WPA2,1,0,1,8,1.0;2.0;5.5;11.0;9.0;18.0;36.0;54.0;6.0;12.0;24.0;48.0,4,6,IN,1,20,2,1,C0:68:CC,Unknown,0,245
52362,Cctv,50:2B:73:FD:4F:28,-85,9,1032,100,501685965209,WPA2,1,0,1,8,1.0;2.0;5.5;11.0;6.0;9.0;12.0;18.0;24.0;36.0;48.0;54.0,4,11,,1,40,2,1,50:2B:73,Unknown,0,276
52579,JVACT1,A4:2B:B0:01:A6:3A,-87,10,2988,100,803517748245,WPA2,1,0,1,8,1.0;2.0;5.5;11.0;9.0;18.0;36.0;54.0;6.0;12.0;24.0;48.0,4,11,,1,40,2,0,A4:2B:B0,Unknown,0,260
52682,JVACT1,A4:2B:B0:01:A6:3A,-87,10,2989,100,803517850641,WPA2,1,0,1,8,1.0;2.0;5.5;11.0;9.0;18.0;36.0;54.0;6.0;12.0;24.0;48.0,4,11,,1,40,2,0,A4:2B:B0,Unknown,0,260
52782,SanD-JioFiber_EXT,8C:90:2D:3B:B6:5A,-89,10,10,100,3045581213,WPA2,1,0,1,8,1.0;2.0;5.5;11.0;9.0;18.0;36.0;54.0;6.0;12.0;24.0;48.0,4,11,,1,20,2,0,8C:90:2D,Unknown,0,223
52842,SanD-JioFiber,BA:A9:15:4E:AF:EE,-86,11,1877,100,802613043591,WPA2,1,0,1,8,1.0;2.0;5.5;11.0;18.0;24.0;36.0;54.0;6.0;9.0;12.0;48.0,4,11,IN,1,40,2,1,BA:A9:15,Unknown,0,233
52895,Cctv,50:2B:73:FD:4F:28,-80,11,1037,100,501686477191,WPA2,1,0,1,8,1.0;2.0;5.5;11.0;6.0;9.0;12.0;18.0;24.0;36.0;48.0;54.0,4,11,,1,40,2,1,50:2B:73,Unknown,0,276
52953,Sekar,3C:84:6A:7B:AF:FE,-95,11,2648,100,294710579525,WPA2,1,0,1,8,1.0;2.0;5.5;11.0;9.0;18.0;36.0;54.0;6.0;12.0;24.0;48.0,4,11,,1,40,2,0,3C:84:6A,Unknown,0,259
52996,SanD-JioFiber_EXT,8C:90:2D:3B:B6:5A,-91,11,11,100,3045683624,WPA2,1,0,1,8,1.0;2.0;5.5;11.0;9.0;18.0;36.0;54.0;6.0;12.0;24.0;48.0,4,11,,1,20,2,0,8C:90:2D,Unknown,0,223
53049,JVACT1,A4:2B:B0:01:A6:3A,-89,11,2991,100,803518055440,WPA2,1,0,1,8,1.0;2.0;5.5;11.0;9.0;18.0;36.0;54.0;6.0;12.0;24.0;48.0,4,11,,1,40,2,0,A4:2B:B0,Unknown,0,260
53091,SanD-JioFiber,BA:A9:15:4E:AF:EE,-85,11,1878,100,802613145991,WPA2,1,0,1,8,1.0;2.0;5.5;11.0;18.0;24.0;36.0;54.0;6.0;9.0;12.0;48.0,4,11,IN,1,40,2,1,BA:A9:15,Unknown,0,233
53154,Cctv,50:2B:73:FD:4F:28,-79,11,1038,100,501686579609,WPA2,1,0,1,8,1.0;2.0;5.5;11.0;6.0;9.0;12.0;18.0;24.0;36.0;48.0;54.0,4,11,,1,40,2,1,50:2B:73,Unknown,0,276
53206,Sekar,3C:84:6A:7B:AF:FE,-91,11,2649,100,294710681930,WPA2,1,0,1,8,1.0;2.0;5.5;11.0;9.0;18.0;36.0;54.0;6.0;12.0;24.0;48.0,4,11,,1,40,2,0,3C:84:6A,Unknown,0,259
53260,SanD-JioFiber,BA:A9:15:4E:AF:EE,-84,11,1882,100,802613248885,WPA2,1,0,1,8,1.0;2.0;5.5;11.0;18.0;24.0;36.0;54.0;6.0;9.0;12.0;48.0,4,11,IN,1,40,2,1,BA:A9:15,Unknown,0,233
53302,JVACT1,A4:2B:B0:01:A6:3A,-89,12,2995,100,803518465268,WPA2,1,0,1,8,1.0;2.0;5.5;11.0;9.0;18.0;36.0;54.0;6.0;12.0;24.0;48.0,4,11,,1,40,2,0,A4:2B:B0,Unknown,0,260
53386,Cctv,50:2B:73:FD:4F:28,-85,13,1042,100,501686989191,WPA2,1,0,1,8,1.0;2.0;5.5;11.0;6.0;9.0;12.0;18.0;24.0;36.0;48.0;54.0,4,11,,1,40,2,1,50:2B:73,Unknown,0,276
53579,JVACT,F0:A7:31:F8:68:16,-74,1,1380,100,734310987,WPA2,1,0,1,8,1.0;2.0;5.5;11.0;9.0;18.0;36.0;54.0;6.0;12.0;24.0;48.0,4,1,,1,40,2,1,F0:A7:31,Unknown,0,235
53630,JVACT5G,F2:A7:31:F9:68:16,-83,1,1381,100,734313076,WPA2,1,0,1,8,1.0;2.0;5.5;11.0;9.0;18.0;36.0;54.0;6.0;12.0;24.0;48.0,4,1,,1,40,2,1,F2:A7:31,Unknown,0,237
53682,JioFiber_24GH_KRR,A8:88:1F:20:7B:61,-85,1,1620,100,284174541528,WPA2,1,0,1,8,1.0;2.0;5.5;11.0;9.0;18.0;36.0;54.0;6.0;12.0;24.0;48.0,4,1,IN,1,20,2,1,A8:88:1F,Unknown,0,290
53725,JioFiber-3TFFK_EXT,8C:90:2D:3C:03:B3,-93,1,2114,100,603470336411,WPA2,1,0,1,8,1.0;2.0;5.5;11.0;9.0;18.0;36.0;54.0;6.0;12.0;24.0;48.0,4,1,,1,20,2,0,8C:90:2D,Unknown,0,224
53777,VKS_4G_1,60:A4:B7:D0:B1:75,-87,1,144,100,38181683511,WPA2,1,0,1,8,1.0;2.0;5.5;11.0;9.0;18.0;36.0;54.0;6.0;12.0;24.0;48.0,4,1,,1,40,2,1,60:A4:B7,Unknown,0,238
53820,JVACT,F0:A7:31:F8:68:16,-74,1,1382,100,734413113,WPA2,1,0,1,8,1.0;2.0;5.5;11.0;9.0;18.0;36.0;54.0;6.0;12.0;24.0;48.0,4,1,,1,40,2,1,F0:A7:31,Unknown,0,235
53881,JVACT5G,F2:A7:31:F9:68:16,-83,1,1383,100,734415202,WPA2,1,0,1,8,1.0;2.0;5.5;11.0;9.0;18.0;36.0;54.0;6.0;12.0;24.0;48.0,4,1,,1,40,2,1,F2:A7:31,Unknown,0,237
53933,JioFiber_24GH_KRR,A8:88:1F:20:7B:61,-85,1,1621,100,284174643603,WPA2,1,0,1,8,1.0;2.0;5.5;11.0;9.0;18.0;36.0;54.0;6.0;12.0;24.0;48.0,4,1,IN,1,20,2,1,A8:88:1F,Unknown,0,290
53987,JVACT,F0:A7:31:F8:68:16,-81,1,1384,100,734515515,WPA2,1,0,1,8,1.0;2.0;5.5;11.0;9.0;18.0;36.0;54.0;6.0;12.0;24.0;48.0,4,1,,1,40,2,1,F0:A7:31,Unknown,0,235
54029,JVACT5G,F2:A7:31:F9:68:16,-74,1,1385,100,734517605,WPA2,1,0,1,8,1.0;2.0;5.5;11.0;9.0;18.0;36.0;54.0;6.0;12.0;24.0;48.0,4,1,,1,40,2,1,F2:A7:31,Unknown,0,237
54092,JioFiber_24GH_KRR,A8:88:1F:20:7B:61,-85,1,1624,100,284174746017,WPA2,1,0,1,8,1.0;2.0;5.5;11.0;9.0;18.0;36.0;54.0;6.0;12.0;24.0;48.0,4,1,IN,1,20,2,1,A8:88:1F,Unknown,0,290
54145,JVACT,F0:A7:31:F8:68:16,-82,2,1388,100,734720315,WPA2,1,0,1,8,1.0;2.0;5.5;11.0;9.0;18.0;36.0;54.0;6.0;12.0;24.0;48.0,4,1,,1,40,2,1,F0:A7:31,Unknown,0,235
54188,JVACT5G,F2:A7:31:F9:68:16,-75,2,1389,100,734722404,WPA2,1,0,1,8,1.0;2.0;5.5;11.0;9.0;18.0;36.0;54.0;6.0;12.0;24.0;48.0,4,1,,1,40,2,1,F2:A7:31,Unknown,0,237
54250,.,9C:A2:F4:D7:B6:BF,-90,2,1358,100,700000051613,WPA2,1,0,1,8,1.0;2.0;5.5;11.0;9.0;18.0;36.0;54.0;6.0;12.0;24.0;48.0,4,3,,1,40,2,1,9C:A2:F4,Unknown,0,376
54293,VKS_4G_1,60:A4:B7:D0:B1:75,-89,2,148,100,38182093120,WPA2,1,0,1,8,1.0;2.0;5.5;11.0;9.0;18.0;36.0;54.0;6.0;12.0;24.0;48.0,4,1,,1,40,2,1,60:A4:B7,Unknown,0,238
54346,Satz,10:27:F5:5C:C6:A3,-90,3,2642,100,803496755616,WPA2,1,0,1,8,1.0;2.0;5.5;11.0;18.0;24.0;36.0;54.0;6.0;9.0;12.0;48.0,4,3,,1,40,2,1,10:27:F5,Unknown,0,254
54407,.,9C:A2:F4:D7:B6:BF,-89,3,1370,100,700000256423,WPA2,1,0,1,8,1.0;2.0;5.5;11.0;9.0;18.0;36.0;54.0;6.0;12.0;24.0;48.0,4,3,,1,40,2,1,9C:A2:F4,Unknown,0,376
54459,Athidi 1,9E:A2:F4:17:B6:BF,-90,3,1371,100,700000256427,WPA2,1,0,1,8,1.0;2.0;5.5;11.0;9.0;18.0;36.0;54.0;6.0;12.0;24.0;48.0,4,3,,1,40,2,1,9E:A2:F4,Unknown,0,286
54481,,9E:A2:F4:27:B6:BF,-92,3,1372,100,700000256412,WEP,1,0,1,0,,0,0,,0,0,0,0,9E:A2:F4,Unknown,0,334
54534,JioFiber-satz,C0:68:CC:6E:74:72,-91,4,3402,100,11341414792,WPA2,1,0,1,8,1.0;2.0;5.5;11.0;9.0;18.0;36.0;54.0;6.0;12.0;24.0;48.0,4,6,IN,1,20,2,1,C0:68:CC,Unknown,0,245
54586,Satz,10:27:F5:5C:C6:A3,-78,4,2645,100,803496960390,WPA2,1,0,1,8,1.0;2.0;5.5;11.0;18.0;24.0;36.0;54.0;6.0;9.0;12.0;48.0,4,3,,1,40,2,1,10:27:F5,Unknown,0,254
54616,,9E:A2:F4:27:B6:BF,-92,4,1390,100,700000563594,WEP,1,0,1,0,,0,0,,0,0,0,0,9E:A2:F4,Unknown,0,334
54697,babu_5G,CA:78:C9:FE:B1:30,-87,5,4028,100,9773056396,WPA2,1,0,1,8,1.0;2.0;5.5;11.0;18.0;24.0;36.0;54.0;6.0;9.0;12.0;48.0,4,6,IN,1,40,2,1,CA:78:C9,Unknown,0,227
54750,suresh4G,CA:78:C9:FE:B1:3C,-86,5,4029,100,9773058423,WPA2,1,0,1,8,1.0;2.0;5.5;11.0;18.0;24.0;36.0;54.0;6.0;9.0;12.0;48.0,4,6,IN,1,40,2,1,CA:78:C9,Unknown,0,228
54792,Airtel__dontuse,30:BD:13:27:87:96,-86,5,2764,100,180398489639,WPA2,1,0,1,8,1.0;2.0;5.5;11.0;6.0;9.0;12.0;18.0;24.0;36.0;48.0;54.0,4,6,IN,1,20,2,1,30:BD:13,Unknown,0,311
54845,NISHA-SEN,D8:0D:17:F6:48:8A,-89,5,1657,100,121261057306,WPA2,1,1,1,8,1.0;2.0;5.5;11.0;6.0;9.0;12.0;18.0;24.0;36.0;48.0;54.0,4,5,,1,40,3,1,D8:0D:17,Unknown,0,272
54916,JioFiber-satz,C0:68:CC:6E:74:72,-86,5,3407,100,11341824416,WPA2,1,0,1,8,1.0;2.0;5.5;11.0;9.0;18.0;36.0;54.0;6.0;12.0;24.0;48.0,4,6,IN,1,20,2,1,C0:68:CC,Unknown,0,245
54958,babu_5G,CA:78:C9:FE:B1:30,-88,5,4030,100,9773158813,WPA2,1,0,1,8,1.0;2.0;5.5;11.0;18.0;24.0;36.0;54.0;6.0;9.0;12.0;48.0,4,6,IN,1,40,2,1,CA:78:C9,Unknown,0,227
55011,NISHA-SEN,D8:0D:17:F6:48:8A,-91,5,1658,100,121261159770,WPA2,1,1,1,8,1.0;2.0;5.5;11.0;6.0;9.0;12.0;18.0;24.0;36.0;48.0;54.0,4,5,,1,40,3,1,D8:0D:17,Unknown,0,272
55074,VKS_4G,FC:7A:58:1B:1B:9A,-89,6,3740,100,544041369996,WPA2,1,0,1,8,1.0;2.0;5.5;11.0;9.0;18.0;36.0;54.0;6.0;12.0;24.0;48.0,4,6,IN,1,20,2,1,FC:7A:58,Unknown,0,356
55096,,FE:7A:58:1B:1B:9A,-88,6,3741,100,544041370020,WEP,1,0,1,0,,0,0,,0,0,0,0,FE:7A:58,Unknown,0,320
55147,JioFiber-satz,C0:68:CC:6E:74:72,-85,6,3409,100,11342029227,WPA2,1,0,1,8,1.0;2.0;5.5;11.0;9.0;18.0;36.0;54.0;6.0;12.0;24.0;48.0,4,6,IN,1,20,2,1,C0:68:CC,Unknown,0,245
55201,JioFiber-satz,C0:68:CC:6E:74:72,-83,6,3410,100,11342131606,WPA2,1,0,1,8,1.0;2.0;5.5;11.0;9.0;18.0;36.0;54.0;6.0;12.0;24.0;48.0,4,6,IN,1,20,2,1,C0:68:CC,Unknown,0,245
55253,Charleshome_4g,60:A4:B7:D0:B1:81,-93,6,1410,100,17841152334,WPA2,1,0,1,8,1.0;2.0;5.5;11.0;9.0;18.0;36.0;54.0;6.0;12.0;24.0;48.0,4,6,,1,40,2,1,60:A4:B7,Unknown,0,244
55295,Charleshome_5g,62:A4:B7:D1:B1:81,-91,6,1411,100,17841154495,WPA2,1,0,1,8,1.0;2.0;5.5;11.0;9.0;18.0;36.0;54.0;6.0;12.0;24.0;48.0,4,6,,1,40,2,1,62:A4:B7,Unknown,0,244
55349,babu_5G,CA:78:C9:FE:B1:30,-84,7,4038,100,9773568390,WPA2,1,0,1,8,1.0;2.0;5.5;11.0;18.0;24.0;36.0;54.0;6.0;9.0;12.0;48.0,4,6,IN,1,40,2,1,CA:78:C9,Unknown,0,227
55398,suresh4G,CA:78:C9:FE:B1:3C,-84,7,4039,100,9773570418,WPA2,1,0,1,8,1.0;2.0;5.5;11.0;18.0;24.0;36.0;54.0;6.0;9.0;12.0;48.0,4,6,IN,1,40,2,1,CA:78:C9,Unknown,0,228
55451,Airtel__dontuse,30:BD:13:27:87:96,-78,7,2769,100,180399001622,WPA2,1,0,1,8,1.0;2.0;5.5;11.0;6.0;9.0;12.0;18.0;24.0;36.0;48.0;54.0,4,6,IN,1,20,2,1,30:BD:13,Unknown,0,311
55504,JioFiber-CqkfQ,9A:78:C9:62:4F:27,-92,7,3495,100,803493786003,WPA2,1,0,1,8,1.0;2.0;5.5;11.0;18.0;24.0;36.0;54.0;6.0;9.0;12.0;48.0,4,6,IN,1,40,2,1,9A:78:C9,Unknown,0,234
55546,Airtel__dontuse,30:BD:13:27:87:96,-82,8,2771,100,180399206422,WPA2,1,0,1,8,1.0;2.0;5.5;11.0;6.0;9.0;12.0;18.0;24.0;36.0;48.0;54.0,4,6,IN,1,20,2,1,30:BD:13,Unknown,0,311
55914,SanD-JioFiber,BA:A9:15:4E:AF:EE,-89,10,1912,100,802616115591,WPA2,1,0,1,8,1.0;2.0;5.5;11.0;18.0;24.0;36.0;54.0;6.0;9.0;12.0;48.0,4,11,IN,1,40,2,1,BA:A9:15,Unknown,0,233
56048,Cctv,50:2B:73:FD:4F:28,-85,10,1068,100,501689651591,WPA2,1,0,1,8,1.0;2.0;5.5;11.0;6.0;9.0;12.0;18.0;24.0;36.0;48.0;54.0,4,11,,1,40,2,1,50:2B:73,Unknown,0,276
56119,SanD-JioFiber,BA:A9:15:4E:AF:EE,-90,11,1914,100,802616320416,WPA2,1,0,1,8,1.0;2.0;5.5;11.0;18.0;24.0;36.0;54.0;6.0;9.0;12.0;48.0,4,11,IN,1,40,2,1,BA:A9:15,Unknown,0,233
56172,Cctv,50:2B:73:FD:4F:28,-83,11,1069,100,501689753982,WPA2,1,0,1,8,1.0;2.0;5.5;11.0;6.0;9.0;12.0;18.0;24.0;36.0;48.0;54.0,4,11,,1,40,2,1,50:2B:73,Unknown,0,276
56224,Sekar,3C:84:6A:7B:AF:FE,-93,11,2680,100,294713856356,WPA2,1,0,1,8,1.0;2.0;5.5;11.0;9.0;18.0;36.0;54.0;6.0;12.0;24.0;48.0,4,11,,1,40,2,0,3C:84:6A,Unknown,0,259
56267,JVACT1,A4:2B:B0:01:A6:3A,-91,11,3023,100,803521332201,WPA2,1,0,1,8,1.0;2.0;5.5;11.0;9.0;18.0;36.0;54.0;6.0;12.0;24.0;48.0,4,11,,1,40,2,0,A4:2B:B0,Unknown,0,260
56329,SanD-JioFiber,BA:A9:15:4E:AF:EE,-90,11,1915,100,802616422814,WPA2,1,0,1,8,1.0;2.0;5.5;11.0;18.0;24.0;36.0;54.0;6.0;9.0;12.0;48.0,4,11,IN,1,40,2,1,BA:A9:15,Unknown,0,233
56392,Cctv,50:2B:73:FD:4F:28,-83,11,1070,100,501689856391,WPA2,1,0,1,8,1.0;2.0;5.5;11.0;6.0;9.0;12.0;18.0;24.0;36.0;48.0;54.0,4,11,,1,40,2,1,50:2B:73,Unknown,0,276
56434,Sekar,3C:84:6A:7B:AF:FE,-93,11,2681,100,294713958761,WPA2,1,0,1,8,1.0;2.0;5.5;11.0;9.0;18.0;36.0;54.0;6.0;12.0;24.0;48.0,4,11,,1,40,2,0,3C:84:6A,Unknown,0,259
56488,SanD-JioFiber,BA:A9:15:4E:AF:EE,-89,11,1916,100,802616525191,WPA2,1,0,1,8,1.0;2.0;5.5;11.0;18.0;24.0;36.0;54.0;6.0;9.0;12.0;48.0,4,11,IN,1,40,2,1,BA:A9:15,Unknown,0,233
56540,Cctv,50:2B:73:FD:4F:28,-83,11,1071,100,501689958791,WPA2,1,0,1,8,1.0;2.0;5.5;11.0;6.0;9.0;12.0;18.0;24.0;36.0;48.0;54.0,4,11,,1,40,2,1,50:2B:73,Unknown,0,276
56599,JVACT1,A4:2B:B0:01:A6:3A,-88,11,3025,100,803521537014,WPA2,1,0,1,8,1.0;2.0;5.5;11.0;9.0;18.0;36.0;54.0;6.0;12.0;24.0;48.0,4,11,,1,40,2,0,A4:2B:B0,Unknown,0,260
56652,SanD-JioFiber,BA:A9:15:4E:AF:EE,-89,11,1917,100,802616627590,WPA2,1,0,1,8,1.0;2.0;5.5;11.0;18.0;24.0;36.0;54.0;6.0;9.0;12.0;48.0,4,11,IN,1,40,2,1,BA:A9:15,Unknown,0,233
56695,SanD-JioFiber,BA:A9:15:4E:AF:EE,-88,12,1918,100,802616729991,WPA2,1,0,1,8,1.0;2.0;5.5;11.0;18.0;24.0;36.0;54.0;6.0;9.0;12.0;48.0,4,11,IN,1,40,2,1,BA:A9:15,Unknown,0,233
56747,SanD-JioFiber,BA:A9:15:4E:AF:EE,-90,12,1919,100,802616832393,WPA2,1,0,1,8,1.0;2.0;5.5;11.0;18.0;24.0;36.0;54.0;6.0;9.0;12.0;48.0,4,11,IN,1,40,2,1,BA:A9:15,Unknown,0,233
56790,JVACT1,A4:2B:B0:01:A6:3A,-86,12,3028,100,803521844237,WPA2,1,0,1,8,1.0;2.0;5.5;11.0;9.0;18.0;36.0;54.0;6.0;12.0;24.0;48.0,4,11,,1,40,2,0,A4:2B:B0,Unknown,0,260
56856,JVACT,F0:A7:31:F8:68:16,-72,1,1444,100,737587546,WPA2,1,0,1,8,1.0;2.0;5.5;11.0;9.0;18.0;36.0;54.0;6.0;12.0;24.0;48.0,4,1,,1,40,2,1,F0:A7:31,Unknown,0,235
56899,JVACT5G,F2:A7:31:F9:68:16,-80,1,1445,100,737589635,WPA2,1,0,1,8,1.0;2.0;5.5;11.0;9.0;18.0;36.0;54.0;6.0;12.0;24.0;48.0,4,1,,1,40,2,1,F2:A7:31,Unknown,0,237
56962,JioFiber_24GH_KRR,A8:88:1F:20:7B:61,-87,1,1656,100,284177818006,WPA2,1,0,1,8,1.0;2.0;5.5;11.0;9.0;18.0;36.0;54.0;6.0;12.0;24.0;48.0,4,1,IN,1,20,2,1,A8:88:1F,Unknown,0,290
57004,JioFiber-3TFFK_EXT,8C:90:2D:3C:03:B3,-93,1,2152,100,603473613222,WPA2,1,0,1,8,1.0;2.0;5.5;11.0;9.0;18.0;36.0;54.0;6.0;12.0;24.0;48.0,4,1,,1,20,2,0,8C:90:2D,Unknown,0,224
57047,VKS_4G_1,60:A4:B7:D0:B1:75,-87,1,176,100,38184960350,WPA2,1,0,1,8,1.0;2.0;5.5;11.0;9.0;18.0;36.0;54.0;6.0;12.0;24.0;48.0,4,1,,1,40,2,1,60:A4:B7,Unknown,0,238
57118,JioFiber-3TFFK,E8:22:B8:12:3E:9A,-96,1,298,100,803456410016,WPA2,1,0,1,8,1.0;2.0;5.5;11.0;9.0;18.0;36.0;54.0;6.0;12.0;24.0;48.0,4,1,IN,1,20,2,1,E8:22:B8,Unknown,0,287
57161,JVACT,F0:A7:31:F8:68:16,-81,1,1446,100,737690050,WPA2,1,0,1,8,1.0;2.0;5.5;11.0;9.0;18.0;36.0;54.0;6.0;12.0;24.0;48.0,4,1,,1,40,2,1,F0:A7:31,Unknown,0,235
57213,JVACT5G,F2:A7:31:F9:68:16,-81,1,1447,100,737692140,WPA2,1,0,1,8,1.0;2.0;5.5;11.0;9.0;18.0;36.0;54.0;6.0;12.0;24.0;48.0,4,1,,1,40,2,1,F2:A7:31,Unknown,0,237
57267,JioFiber-3TFFK,E8:22:B8:12:3E:9A,-94,1,299,100,803456512427,WPA2,1,0,1,8,1.0;2.0;5.5;11.0;9.0;18.0;36.0;54.0;6.0;12.0;24.0;48.0,4,1,IN,1,20,2,1,E8:22:B8,Unknown,0,287
57309,JVACT,F0:A7:31:F8:68:16,-80,1,1448,100,737792348,WPA2,1,0,1,8,1.0;2.0;5.5;11.0;9.0;18.0;36.0;54.0;6.0;12.0;24.0;48.0,4,1,,1,40,2,1,F0:A7:31,Unknown,0,235
57369,JVACT5G,F2:A7:31:F9:68:16,-73,1,1449,100,737794438,WPA2,1,0,1,8,1.0;2.0;5.5;11.0;9.0;18.0;36.0;54.0;6.0;12.0;24.0;48.0,4,1,,1,40,2,1,F2:A7:31,Unknown,0,237
57412,JVACT,F0:A7:31:F8:68:16,-82,2,1452,100,737997146,WPA2,1,0,1,8,1.0;2.0;5.5;11.0;9.0;18.0;36.0;54.0;6.0;12.0;24.0;48.0,4,1,,1,40,2,1,F0:A7:31,Unknown,0,235
57465,Satz,10:27:F5:5C:C6:A3,-74,2,2680,100,803499930002,WPA2,1,0,1,8,1.0;2.0;5.5;11.0;18.0;24.0;36.0;54.0;6.0;9.0;12.0;48.0,4,3,,1,40,2,1,10:27:F5,Unknown,0,254
57507,VKS_4G_1,60:A4:B7:D0:B1:75,-90,2,180,100,38185369952,WPA2,1,0,1,8,1.0;2.0;5.5;11.0;9.0;18.0;36.0;54.0;6.0;12.0;24.0;48.0,4,1,,1,40,2,1,60:A4:B7,Unknown,0,238
57559,JVACT,F0:A7:31:F8:68:16,-82,2,1454,100,738099548,WPA2,1,0,1,8,1.0;2.0;5.5;11.0;9.0;18.0;36.0;54.0;6.0;12.0;24.0;48.0,4,1,,1,40,2,1,F0:A7:31,Unknown,0,235
57871,babu_5G,CA:78:C9:FE:B1:30,-83,5,2,100,9776230802,WPA2,1,0,1,8,1.0;2.0;5.5;11.0;18.0;24.0;36.0;54.0;6.0;9.0;12.0;48.0,4,6,IN,1,40,2,1,CA:78:C9,Unknown,0,227
57930,JioFiber-satz,C0:68:CC:6E:74:72,-82,5,3443,100,11344999584,WPA2,1,0,1,8,1.0;2.0;5.5;11.0;9.0;18.0;36.0;54.0;6.0;12.0;24.0;48.0,4,6,IN,1,20,2,1,C0:68:CC,Unknown,0,245
58078,suresh4G,CA:78:C9:FE:B1:3C,-84,6,7,100,9776437636,WPA2,1,0,1,8,1.0;2.0;5.5;11.0;18.0;24.0;36.0;54.0;6.0;9.0;12.0;48.0,4,6,IN,1,40,2,1,CA:78:C9,Unknown,0,228
58131,Airtel__dontuse,30:BD:13:27:87:96,-80,6,2797,100,180401869077,WPA2,1,0,1,8,1.0;2.0;5.5;11.0;6.0;9.0;12.0;18.0;24.0;36.0;48.0;54.0,4,6,IN,1,20,2,1,30:BD:13,Unknown,0,311
58173,JioFiber-CqkfQ,9A:78:C9:62:4F:27,-84,6,3527,100,803496653215,WPA2,1,0,1,8,1.0;2.0;5.5;11.0;18.0;24.0;36.0;54.0;6.0;9.0;12.0;48.0,4,6,IN,1,40,2,1,9A:78:C9,Unknown,0,234
58235,JioFiber-satz,C0:68:CC:6E:74:72,-82,6,3445,100,11345203607,WPA2,1,0,1,8,1.0;2.0;5.5;11.0;9.0;18.0;36.0;54.0;6.0;12.0;24.0;48.0,4,6,IN,1,20,2,1,C0:68:CC,Unknown,0,245
58278,babu_5G,CA:78:C9:FE:B1:30,-89,6,8,100,9776538007,WPA2,1,0,1,8,1.0;2.0;5.5;11.0;18.0;24.0;36.0;54.0;6.0;9.0;12.0;48.0,4,6,IN,1,40,2,1,CA:78:C9,Unknown,0,227
58331,JioFiber-satz,C0:68:CC:6E:74:72,-81,6,3446,100,11345306417,WPA2,1,0,1,8,1.0;2.0;5.5;11.0;9.0;18.0;36.0;54.0;6.0;12.0;24.0;48.0,4,6,IN,1,20,2,1,C0:68:CC,Unknown,0,245
58383,babu_5G,CA:78:C9:FE:B1:30,-90,6,10,100,9776640400,WPA2,1,0,1,8,1.0;2.0;5.5;11.0;18.0;24.0;36.0;54.0;6.0;9.0;12.0;48.0,4,6,IN,1,40,2,1,CA:78:C9,Unknown,0,227
58437,JioFiber-satz,C0:68:CC:6E:74:72,-81,7,3447,100,11345408425,WPA2,1,0,1,8,1.0;2.0;5.5;11.0;9.0;18.0;36.0;54.0;6.0;12.0;24.0;48.0,4,6,IN,1,20,2,1,C0:68:CC,Unknown,0,245
58486,JioFiber-CqkfQ,9A:78:C9:62:4F:27,-86,7,3530,100,803496960395,WPA2,1,0,1,8,1.0;2.0;5.5;11.0;18.0;24.0;36.0;54.0;6.0;9.0;12.0;48.0,4,6,IN,1,40,2,1,9A:78:C9,Unknown,0,234
58539,JioFiber-satz,C0:68:CC:6E:74:72,-83,7,3448,100,11345510799,WPA2,1,0,1,8,1.0;2.0;5.5;11.0;9.0;18.0;36.0;54.0;6.0;12.0;24.0;48.0,4,6,IN,1,20,2,1,C0:68:CC,Unknown,0,245
58592,Airtel__dontuse,30:BD:13:27:87:96,-85,7,2801,100,180402278439,WPA2,1,0,1,8,1.0;2.0;5.5;11.0;6.0;9.0;12.0;18.0;24.0;36.0;48.0;54.0,4,6,IN,1,20,2,1,30:BD:13,Unknown,0,311
58634,JioFiber-CqkfQ,9A:78:C9:62:4F:27,-87,7,3531,100,803497062791,WPA2,1,0,1,8,1.0;2.0;5.5;11.0;18.0;24.0;36.0;54.0;6.0;9.0;12.0;48.0,4,6,IN,1,40,2,1,9A:78:C9,Unknown,0,234
58688,JioFiber-satz,C0:68:CC:6E:74:72,-83,7,3449,100,11345613195,WPA2,1,0,1,8,1.0;2.0;5.5;11.0;9.0;18.0;36.0;54.0;6.0;12.0;24.0;48.0,4,6,IN,1,20,2,1,C0:68:CC,Unknown,0,245
58740,DIRECT-dQ-BRAVIA,B2:10:41:BD:D6:51,-85,7,3199,100,2339840384,WPA2,1,1,1,8,6.0;9.0;12.0;18.0;24.0;36.0;48.0;54.0,0,7,,1,20,2,0,B2:10:41,Unknown,0,263
59120,Cctv,50:2B:73:FD:4F:28,-90,10,1098,100,501692723600,WPA2,1,0,1,8,1.0;2.0;5.5;11.0;6.0;9.0;12.0;18.0;24.0;36.0;48.0;54.0,4,11,,1,40,2,1,50:2B:73,Unknown,0,276
59163,JVACT1,A4:2B:B0:01:A6:3A,-88,10,3052,100,803524301820,WPA2,1,0,1,8,1.0;2.0;5.5;11.0;9.0;18.0;36.0;54.0;6.0;12.0;24.0;48.0,4,11,,1,40,2,0,A4:2B:B0,Unknown,0,260
59216,SanD-JioFiber,BA:A9:15:4E:AF:EE,-92,10,1947,100,802619392954,WPA2,1,0,1,8,1.0;2.0;5.5;11.0;18.0;24.0;36.0;54.0;6.0;9.0;12.0;48.0,4,11,IN,1,40,2,1,BA:A9:15,Unknown,0,233
59268,Cctv,50:2B:73:FD:4F:28,-89,10,1099,100,501692825991,WPA2,1,0,1,8,1.0;2.0;5.5;11.0;6.0;9.0;12.0;18.0;24.0;36.0;48.0;54.0,4,11,,1,40,2,1,50:2B:73,Unknown,0,276
59338,JVACT1,A4:2B:B0:01:A6:3A,-91,11,3054,100,803524506605,WPA2,1,0,1,8,1.0;2.0;5.5;11.0;9.0;18.0;36.0;54.0;6.0;12.0;24.0;48.0,4,11,,1,40,2,0,A4:2B:B0,Unknown,0,260
59396,SanD-JioFiber,BA:A9:15:4E:AF:EE,-88,11,1950,100,802619597199,WPA2,1,0,1,8,1.0;2.0;5.5;11.0;18.0;24.0;36.0;54.0;6.0;9.0;12.0;48.0,4,11,IN,1,40,2,1,BA:A9:15,Unknown,0,233
59448,Cctv,50:2B:73:FD:4F:28,-88,11,1101,100,501693030791,WPA2,1,0,1,8,1.0;2.0;5.5;11.0;6.0;9.0;12.0;18.0;24.0;36.0;48.0;54.0,4,11,,1,40,2,1,50:2B:73,Unknown,0,276
59501,Sekar,3C:84:6A:7B:AF:FE,-95,11,2712,100,294717133125,WPA2,1,0,1,8,1.0;2.0;5.5;11.0;9.0;18.0;36.0;54.0;6.0;12.0;24.0;48.0,4,11,,1,40,2,0,3C:84:6A,Unknown,0,259
59544,JVACT1,A4:2B:B0:01:A6:3A,-90,11,3055,100,803524609003,WPA2,1,0,1,8,1.0;2.0;5.5;11.0;9.0;18.0;36.0;54.0;6.0;12.0;24.0;48.0,4,11,,1,40,2,0,A4:2B:B0,Unknown,0,260
59602,SanD-JioFiber,BA:A9:15:4E:AF:EE,-86,11,1951,100,802619699609,WPA2,1,0,1,8,1.0;2.0;5.5;11.0;18.0;24.0;36.0;54.0;6.0;9.0;12.0;48.0,4,11,IN,1,40,2,1,BA:A9:15,Unknown,0,233
59665,Cctv,50:2B:73:FD:4F:28,-87,11,1102,100,501693133200,WPA2,1,0,1,8,1.0;2.0;5.5;11.0;6.0;9.0;12.0;18.0;24.0;36.0;48.0;54.0,4,11,,1,40,2,1,50:2B:73,Unknown,0,276
59708,SanD-JioFiber,BA:A9:15:4E:AF:EE,-89,11,1952,100,802619802006,WPA2,1,0,1,8,1.0;2.0;5.5;11.0;18.0;24.0;36.0;54.0;6.0;9.0;12.0;48.0,4,11,IN,1,40,2,1,BA:A9:15,Unknown,0,233
59771,Cctv,50:2B:73:FD:4F:28,-88,11,1103,100,501693235609,WPA2,1,0,1,8,1.0;2.0;5.5;11.0;6.0;9.0;12.0;18.0;24.0;36.0;48.0;54.0,4,11,,1,40,2,1,50:2B:73,Unknown,0,276
59824,Cctv,50:2B:73:FD:4F:28,-89,12,1104,100,501693337982,WPA2,1,0,1,8,1.0;2.0;5.5;11.0;6.0;9.0;12.0;18.0;24.0;36.0;48.0;54.0,4,11,,1,40,2,1,50:2B:73,Unknown,0,276
59876,JVACT1,A4:2B:B0:01:A6:3A,-92,12,3058,100,803524916182,WPA2,1,0,1,8,1.0;2.0;5.5;11.0;9.0;18.0;36.0;54.0;6.0;12.0;24.0;48.0,4,11,,1,40,2,0,A4:2B:B0,Unknown,0,260
59929,SanD-JioFiber,BA:A9:15:4E:AF:EE,-88,12,1954,100,802620006814,WPA2,1,0,1,8,1.0;2.0;5.5;11.0;18.0;24.0;36.0;54.0;6.0;9.0;12.0;48.0,4,11,IN,1,40,2,1,BA:A9:15,Unknown,0,233
59983,Cctv,50:2B:73:FD:4F:28,-91,13,1105,100,501693440400,WPA2,1,0,1,8,1.0;2.0;5.5;11.0;6.0;9.0;12.0;18.0;24.0;36.0;48.0;54.0,4,11,,1,40,2,1,50:2B:73,Unknown,0,276
60025,JVACT1,A4:2B:B0:01:A6:3A,-87,13,3059,100,803525018586,WPA2,1,0,1,8,1.0;2.0;5.5;11.0;9.0;18.0;36.0;54.0;6.0;12.0;24.0;48.0,4,11,,1,40,2,0,A4:2B:B0,Unknown,0,260
60078,JVACT1,A4:2B:B0:01:A6:3A,-91,13,3060,100,803525121001,WPA2,1,0,1,8,1.0;2.0;5.5;11.0;9.0;18.0;36.0;54.0;6.0;12.0;24.0;48.0,4,11,,1,40,2,0,A4:2B:B0,Unknown,0,260
60133,JVACT,F0:A7:31:F8:68:16,-74,1,1508,100,740864317,WPA2,1,0,1,8,1.0;2.0;5.5;11.0;9.0;18.0;36.0;54.0;6.0;12.0;24.0;48.0,4,1,,1,40,2,1,F0:A7:31,Unknown,0,235
60176,JVACT5G,F2:A7:31:F9:68:16,-74,1,1509,100,740866406,WPA2,1,0,1,8,1.0;2.0;5.5;11.0;9.0;18.0;36.0;54.0;6.0;12.0;24.0;48.0,4,1,,1,40,2,1,F2:A7:31,Unknown,0,237
60238,JioFiber_24GH_KRR,A8:88:1F:20:7B:61,-86,1,1691,100,284181094964,WPA2,1,0,1,8,1.0;2.0;5.5;11.0;9.0;18.0;36.0;54.0;6.0;12.0;24.0;48.0,4,1,IN,1,20,2,1,A8:88:1F,Unknown,0,290
60281,VKS_4G_1,60:A4:B7:D0:B1:75,-90,1,208,100,38188237115,WPA2,1,0,1,8,1.0;2.0;5.5;11.0;9.0;18.0;36.0;54.0;6.0;12.0;24.0;48.0,4,1,,1,40,2,1,60:A4:B7,Unknown,0,238
60334,JioFiber-3TFFK,E8:22:B8:12:3E:9A,-94,1,332,100,803459686815,WPA2,1,0,1,8,1.0;2.0;5.5;11.0;9.0;18.0;36.0;54.0;6.0;12.0;24.0;48.0,4,1,IN,1,20,2,1,E8:22:B8,Unknown,0,287
60386,JVACT,F0:A7:31:F8:68:16,-83,1,1510,100,740966718,WPA2,1,0,1,8,1.0;2.0;5.5;11.0;9.0;18.0;36.0;54.0;6.0;12.0;24.0;48.0,4,1,,1,40,2,1,F0:A7:31,Unknown,0,235
60428,JVACT5G,F2:A7:31:F9:68:16,-81,1,1511,100,740968807,WPA2,1,0,1,8,1.0;2.0;5.5;11.0;9.0;18.0;36.0;54.0;6.0;12.0;24.0;48.0,4,1,,1,40,2,1,F2:A7:31,Unknown,0,237
60482,VKS_4G_1,60:A4:B7:D0:B1:75,-86,1,209,100,38188339519,WPA2,1,0,1,8,1.0;2.0;5.5;11.0;9.0;18.0;36.0;54.0;6.0;12.0;24.0;48.0,4,1,,1,40,2,1,60:A4:B7,Unknown,0,238
60535,JioFiber-3TFFK,E8:22:B8:12:3E:9A,-94,1,333,100,803459789198,WPA2,1,0,1,8,1.0;2.0;5.5;11.0;9.0;18.0;36.0;54.0;6.0;12.0;24.0;48.0,4,1,IN,1,20,2,1,E8:22:B8,Unknown,0,287
60577,JVACT,F0:A7:31:F8:68:16,-82,1,1512,100,741069120,WPA2,1,0,1,8,1.0;2.0;5.5;11.0;9.0;18.0;36.0;54.0;6.0;12.0;24.0;48.0,4,1,,1,40,2,1,F0:A7:31,Unknown,0,235
60640,JVACT5G,F2:A7:31:F9:68:16,-83,1,1513,100,741071209,WPA2,1,0,1,8,1.0;2.0;5.5;11.0;9.0;18.0;36.0;54.0;6.0;12.0;24.0;48.0,4,1,,1,40,2,1,F2:A7:31,Unknown,0,237
60693,Satz,10:27:F5:5C:C6:A3,-84,2,2713,100,803503104399,WPA2,1,0,1,8,1.0;2.0;5.5;11.0;18.0;24.0;36.0;54.0;6.0;9.0;12.0;48.0,4,3,,1,40,2,1,10:27:F5,Unknown,0,254
60736,JVACT,F0:A7:31:F8:68:16,-81,2,1516,100,741273916,WPA2,1,0,1,8,1.0;2.0;5.5;11.0;9.0;18.0;36.0;54.0;6.0;12.0;24.0;48.0,4,1,,1,40,2,1,F0:A7:31,Unknown,0,235
60788,JVACT5G,F2:A7:31:F9:68:16,-82,2,1517,100,741276005,WPA2,1,0,1,8,1.0;2.0;5.5;11.0;9.0;18.0;36.0;54.0;6.0;12.0;24.0;48.0,4,1,,1,40,2,1,F2:A7:31,Unknown,0,237
60841,JioFiber_24GH_KRR,A8:88:1F:20:7B:61,-88,2,1695,100,284181504397,WPA2,1,0,1,8,1.0;2.0;5.5;11.0;9.0;18.0;36.0;54.0;6.0;12.0;24.0;48.0,4,1,IN,1,20,2,1,A8:88:1F,Unknown,0,290
60890,Satz,10:27:F5:5C:C6:A3,-75,3,2715,100,803503309210,WPA2,1,0,1,8,1.0;2.0;5.5;11.0;18.0;24.0;36.0;54.0;6.0;9.0;12.0;48.0,4,3,,1,40,2,1,10:27:F5,Unknown,0,254
60953,.,9C:A2:F4:D7:B6:BF,-93,3,1754,100,700006810021,WPA2,1,0,1,8,1.0;2.0;5.5;11.0;9.0;18.0;36.0;54.0;6.0;12.0;24.0;48.0,4,3,,1,40,2,1,9C:A2:F4,Unknown,0,376
60995,Athidi 1,9E:A2:F4:17:B6:BF,-89,3,1755,100,700006810007,WPA2,1,0,1,8,1.0;2.0;5.5;11.0;9.0;18.0;36.0;54.0;6.0;12.0;24.0;48.0,4,3,,1,40,2,1,9E:A2:F4,Unknown,0,286
61027,,9E:A2:F4:27:B6:BF,-89,3,1756,100,700006810019,WEP,1,0,1,0,,0,0,,0,0,0,0,9E:A2:F4,Unknown,0,334
61083,JioFiber-CqkfQ,9A:78:C9:62:4F:27,-88,5,3556,100,803499622804,WPA2,1,0,1,8,1.0;2.0;5.5;11.0;18.0;24.0;36.0;54.0;6.0;9.0;12.0;48.0,4,6,IN,1,40,2,1,9A:78:C9,Unknown,0,234
61146,JioFiber-satz,C0:68:CC:6E:74:72,-83,5,3474,100,11348173212,WPA2,1,0,1,8,1.0;2.0;5.5;11.0;9.0;18.0;36.0;54.0;6.0;12.0;24.0;48.0,4,6,IN,1,20,2,1,C0:68:CC,Unknown,0,245
61206,JioFiber-satz,C0:68:CC:6E:74:72,-82,5,3475,100,11348275606,WPA2,1,0,1,8,1.0;2.0;5.5;11.0;9.0;18.0;36.0;54.0;6.0;12.0;24.0;48.0,4,6,IN,1,20,2,1,C0:68:CC,Unknown,0,245
61261,babu_5G,CA:78:C9:FE:B1:30,-89,5,78,100,9779610011,WPA2,1,0,1,8,1.0;2.0;5.5;11.0;18.0;24.0;36.0;54.0;6.0;9.0;12.0;48.0,4,6,IN,1,40,2,1,CA:78:C9,Unknown,0,227
61303,Airtel__dontuse,30:BD:13:27:87:96,-87,5,2828,100,180405043239,WPA2,1,0,1,8,1.0;2.0;5.5;11.0;6.0;9.0;12.0;18.0;24.0;36.0;48.0;54.0,4,6,IN,1,20,2,1,30:BD:13,Unknown,0,311
61356,JioFiber-CqkfQ,9A:78:C9:62:4F:27,-90,5,3558,100,803499827603,WPA2,1,0,1,8,1.0;2.0;5.5;11.0;18.0;24.0;36.0;54.0;6.0;9.0;12.0;48.0,4,6,IN,1,40,2,1,9A:78:C9,Unknown,0,234
61407,JioFiber-satz,C0:68:CC:6E:74:72,-84,5,3476,100,11348378002,WPA2,1,0,1,8,1.0;2.0;5.5;11.0;9.0;18.0;36.0;54.0;6.0;12.0;24.0;48.0,4,6,IN,1,20,2,1,C0:68:CC,Unknown,0,245
61459,babu_5G,CA:78:C9:FE:B1:30,-85,5,80,100,9779712390,WPA2,1,0,1,8,1.0;2.0;5.5;11.0;18.0;24.0;36.0;54.0;6.0;9.0;12.0;48.0,4,6,IN,1,40,2,1,CA:78:C9,Unknown,0,227
61502,suresh4G,CA:78:C9:FE:B1:3C,-86,5,81,100,9779714418,WPA2,1,0,1,8,1.0;2.0;5.5;11.0;18.0;24.0;36.0;54.0;6.0;9.0;12.0;48.0,4,6,IN,1,40,2,1,CA:78:C9,Unknown,0,228
61554,Airtel__dontuse,30:BD:13:27:87:96,-86,5,2829,100,180405145639,WPA2,1,0,1,8,1.0;2.0;5.5;11.0;6.0;9.0;12.0;18.0;24.0;36.0;48.0;54.0,4,6,IN,1,20,2,1,30:BD:13,Unknown,0,311
61608,JioFiber-satz,C0:68:CC:6E:74:72,-81,6,3477,100,11348480403,WPA2,1,0,1,8,1.0;2.0;5.5;11.0;9.0;18.0;36.0;54.0;6.0;12.0;24.0;48.0,4,6,IN,1,20,2,1,C0:68:CC,Unknown,0,245
61659,Charleshome_4g,60:A4:B7:D0:B1:81,-93,6,1534,100,17847501155,WPA2,1,0,1,8,1.0;2.0;5.5;11.0;9.0;18.0;36.0;54.0;6.0;12.0;24.0;48.0,4,6,,1,40,2,1,60:A4:B7,Unknown,0,244
61711,Charleshome_5g,62:A4:B7:D1:B1:81,-90,6,1535,100,17847503317,WPA2,1,0,1,8,1.0;2.0;5.5;11.0;9.0;18.0;36.0;54.0;6.0;12.0;24.0;48.0,4,6,,1,40,2,1,62:A4:B7,Unknown,0,244
61754,babu_5G,CA:78:C9:FE:B1:30,-81,6,82,100,9779814790,WPA2,1,0,1,8,1.0;2.0;5.5;11.0;18.0;24.0;36.0;54.0;6.0;9.0;12.0;48.0,4,6,IN,1,40,2,1,CA:78:C9,Unknown,0,227
61807,JioFiber-satz,C0:68:CC:6E:74:72,-83,7,3481,100,11348685203,WPA2,1,0,1,8,1.0;2.0;5.5;11.0;9.0;18.0;36.0;54.0;6.0;12.0;24.0;48.0,4,6,IN,1,20,2,1,C0:68:CC,Unknown,0,245
61859,DIRECT-dQ-BRAVIA,B2:10:41:BD:D6:51,-84,7,3259,100,2342912384,WPA2,1,1,1,8,6.0;9.0;12.0;18.0;24.0;36.0;48.0;54.0,0,7,,1,20,2,0,B2:10:41,Unknown,0,263
61912,suresh4G,CA:78:C9:FE:B1:3C,-81,7,87,100,9780021648,WPA2,1,0,1,8,1.0;2.0;5.5;11.0;18.0;24.0;36.0;54.0;6.0;9.0;12.0;48.0,4,6,IN,1,40,2,1,CA:78:C9,Unknown,0,228
61965,JioFiber-CqkfQ,9A:78:C9:62:4F:27,-89,7,3563,100,803500339597,WPA2,1,0,1,8,1.0;2.0;5.5;11.0;18.0;24.0;36.0;54.0;6.0;9.0;12.0;48.0,4,6,IN,1,40,2,1,9A:78:C9,Unknown,0,234
62007,JioFiber-satz,C0:68:CC:6E:74:72,-83,7,3486,100,11348889994,WPA2,1,0,1,8,1.0;2.0;5.5;11.0;9.0;18.0;36.0;54.0;6.0;12.0;24.0;48.0,4,6,IN,1,20,2,1,C0:68:CC,Unknown,0,245
62060,DIRECT-dQ-BRAVIA,B2:10:41:BD:D6:51,-82,7,3265,100,2343117184,WPA2,1,1,1,8,6.0;9.0;12.0;18.0;24.0;36.0;48.0;54.0,0,7,,1,20,2,0,B2:10:41,Unknown,0,263
62397,Cctv,50:2B:73:FD:4F:28,-90,10,1130,100,501696000391,WPA2,1,0,1,8,1.0;2.0;5.5;11.0;6.0;9.0;12.0;18.0;24.0;36.0;48.0;54.0,4,11,,1,40,2,1,50:2B:73,Unknown,0,276
62499,Cctv,50:2B:73:FD:4F:28,-89,10,1131,100,501696102791,WPA2,1,0,1,8,1.0;2.0;5.5;11.0;6.0;9.0;12.0;18.0;24.0;36.0;48.0;54.0,4,11,,1,40,2,1,50:2B:73,Unknown,0,276
62542,JVACT1,A4:2B:B0:01:A6:3A,-91,10,3085,100,803527680992,WPA2,1,0,1,8,1.0;2.0;5.5;11.0;9.0;18.0;36.0;54.0;6.0;12.0;24.0;48.0,4,11,,1,40,2,0,A4:2B:B0,Unknown,0,260
62602,Cctv,50:2B:73:FD:4F:28,-89,11,1132,100,501696205200,WPA2,1,0,1,8,1.0;2.0;5.5;11.0;6.0;9.0;12.0;18.0;24.0;36.0;48.0;54.0,4,11,,1,40,2,1,50:2B:73,Unknown,0,276
62644,Sekar,3C:84:6A:7B:AF:FE,-94,11,2743,100,294720307559,WPA2,1,0,1,8,1.0;2.0;5.5;11.0;9.0;18.0;36.0;54.0;6.0;12.0;24.0;48.0,4,11,,1,40,2,0,3C:84:6A,Unknown,0,259
62697,JVACT1,A4:2B:B0:01:A6:3A,-89,11,3086,100,803527783393,WPA2,1,0,1,8,1.0;2.0;5.5;11.0;9.0;18.0;36.0;54.0;6.0;12.0;24.0;48.0,4,11,,1,40,2,0,A4:2B:B0,Unknown,0,260
62748,SanD-JioFiber,BA:A9:15:4E:AF:EE,-86,11,1982,100,802622873991,WPA2,1,0,1,8,1.0;2.0;5.5;11.0;18.0;24.0;36.0;54.0;6.0;9.0;12.0;48.0,4,11,IN,1,40,2,1,BA:A9:15,Unknown,0,233
62801,Cctv,50:2B:73:FD:4F:28,-88,11,1133,100,501696307582,WPA2,1,0,1,8,1.0;2.0;5.5;11.0;6.0;9.0;12.0;18.0;24.0;36.0;48.0;54.0,4,11,,1,40,2,1,50:2B:73,Unknown,0,276
62854,JVACT1,A4:2B:B0:01:A6:3A,-90,11,3087,100,803527885820,WPA2,1,0,1,8,1.0;2.0;5.5;11.0;9.0;18.0;36.0;54.0;6.0;12.0;24.0;48.0,4,11,,1,40,2,0,A4:2B:B0,Unknown,0,260
62897,SanD-JioFiber,BA:A9:15:4E:AF:EE,-87,11,1983,100,802622976411,WPA2,1,0,1,8,1.0;2.0;5.5;11.0;18.0;24.0;36.0;54.0;6.0;9.0;12.0;48.0,4,11,IN,1,40,2,1,BA:A9:15,Unknown,0,233
62960,Cctv,50:2B:73:FD:4F:28,-86,11,1134,100,501696410000,WPA2,1,0,1,8,1.0;2.0;5.5;11.0;6.0;9.0;12.0;18.0;24.0;36.0;48.0;54.0,4,11,,1,40,2,1,50:2B:73,Unknown,0,276
63013,JVACT1,A4:2B:B0:01:A6:3A,-92,12,3089,100,803528090574,WPA2,1,0,1,8,1.0;2.0;5.5;11.0;9.0;18.0;36.0;54.0;6.0;12.0;24.0;48.0,4,11,,1,40,2,0,A4:2B:B0,Unknown,0,260
63065,SanD-JioFiber,BA:A9:15:4E:AF:EE,-92,12,1985,100,802623181214,WPA2,1,0,1,8,1.0;2.0;5.5;11.0;18.0;24.0;36.0;54.0;6.0;9.0;12.0;48.0,4,11,IN,1,40,2,1,BA:A9:15,Unknown,0,233
63108,JVACT1,A4:2B:B0:01:A6:3A,-90,12,3090,100,803528192973,WPA2,1,0,1,8,1.0;2.0;5.5;11.0;9.0;18.0;36.0;54.0;6.0;12.0;24.0;48.0,4,11,,1,40,2,0,A4:2B:B0,Unknown,0,260
63161,SanD-JioFiber,BA:A9:15:4E:AF:EE,-89,12,1986,100,802623283591,WPA2,1,0,1,8,1.0;2.0;5.5;11.0;18.0;24.0;36.0;54.0;6.0;9.0;12.0;48.0,4,11,IN,1,40,2,1,BA:A9:15,Unknown,0,233
63214,Cctv,50:2B:73:FD:4F:28,-89,12,1137,100,501696717200,WPA2,1,0,1,8,1.0;2.0;5.5;11.0;6.0;9.0;12.0;18.0;24.0;36.0;48.0;54.0,4,11,,1,40,2,1,50:2B:73,Unknown,0,276
63344,JioFiber_24GH_KRR,A8:88:1F:20:7B:61,-85,1,1726,100,284184269272,WPA2,1,0,1,8,1.0;2.0;5.5;11.0;9.0;18.0;36.0;54.0;6.0;12.0;24.0;48.0,4,1,IN,1,20,2,1,A8:88:1F,Unknown,0,290
63387,VKS_4G_1,60:A4:B7:D0:B1:75,-88,1,239,100,38191411547,WPA2,1,0,1,8,1.0;2.0;5.5;11.0;9.0;18.0;36.0;54.0;6.0;12.0;24.0;48.0,4,1,,1,40,2,1,60:A4:B7,Unknown,0,238
63429,JVACT,F0:A7:31:F8:68:16,-74,1,1572,100,744141150,WPA2,1,0,1,8,1.0;2.0;5.5;11.0;9.0;18.0;36.0;54.0;6.0;12.0;24.0;48.0,4,1,,1,40,2,1,F0:A7:31,Unknown,0,235
63482,JVACT5G,F2:A7:31:F9:68:16,-74,1,1573,100,744143240,WPA2,1,0,1,8,1.0;2.0;5.5;11.0;9.0;18.0;36.0;54.0;6.0;12.0;24.0;48.0,4,1,,1,40,2,1,F2:A7:31,Unknown,0,237
63535,JioFiber_24GH_KRR,A8:88:1F:20:7B:61,-87,1,1727,100,284184371626,WPA2,1,0,1,8,1.0;2.0;5.5;11.0;9.0;18.0;36.0;54.0;6.0;12.0;24.0;48.0,4,1,IN,1,20,2,1,A8:88:1F,Unknown,0,290
63595,JioFiber-3TFFK_EXT,8C:90:2D:3C:03:B3,-96,1,2237,100,603480166810,WPA2,1,0,1,8,1.0;2.0;5.5;11.0;9.0;18.0;36.0;54.0;6.0;12.0;24.0;48.0,4,1,,1,20,2,0,8C:90:2D,Unknown,0,224
63647,Satz,10:27:F5:5C:C6:A3,-85,1,2742,100,803506074013,WPA2,1,0,1,8,1.0;2.0;5.5;11.0;18.0;24.0;36.0;54.0;6.0;9.0;12.0;48.0,4,3,,1,40,2,1,10:27:F5,Unknown,0,254
63701,JioFiber_24GH_KRR,A8:88:1F:20:7B:61,-85,1,1728,100,284184474861,WPA2,1,0,1,8,1.0;2.0;5.5;11.0;9.0;18.0;36.0;54.0;6.0;12.0;24.0;48.0,4,1,IN,1,20,2,1,A8:88:1F,Unknown,0,290
63743,JioFiber-3TFFK_EXT,8C:90:2D:3C:03:B3,-95,1,2238,100,603480269196,WPA2,1,0,1,8,1.0;2.0;5.5;11.0;9.0;18.0;36.0;54.0;6.0;12.0;24.0;48.0,4,1,,1,20,2,0,8C:90:2D,Unknown,0,224
63796,VKS_4G_1,60:A4:B7:D0:B1:75,-90,1,241,100,38191616349,WPA2,1,0,1,8,1.0;2.0;5.5;11.0;9.0;18.0;36.0;54.0;6.0;12.0;24.0;48.0,4,1,,1,40,2,1,60:A4:B7,Unknown,0,238
63859,JioFiber-3TFFK,E8:22:B8:12:3E:9A,-94,1,367,100,803463066027,WPA2,1,0,1,8,1.0;2.0;5.5;11.0;9.0;18.0;36.0;54.0;6.0;12.0;24.0;48.0,4,1,IN,1,20,2,1,E8:22:B8,Unknown,0,287
63903,JVACT5G,F2:A7:31:F9:68:16,-82,2,1579,100,744450624,WPA2,1,0,1,8,1.0;2.0;5.5;11.0;9.0;18.0;36.0;54.0;6.0;12.0;24.0;48.0,4,1,,1,40,2,1,F2:A7:31,Unknown,0,237
63955,JioFiber_24GH_KRR,A8:88:1F:20:7B:61,-87,2,1730,100,284184678800,WPA2,1,0,1,8,1.0;2.0;5.5;11.0;9.0;18.0;36.0;54.0;6.0;12.0;24.0;48.0,4,1,IN,1,20,2,1,A8:88:1F,Unknown,0,290
64008,JVACT,F0:A7:31:F8:68:16,-76,2,1580,100,744550748,WPA2,1,0,1,8,1.0;2.0;5.5;11.0;9.0;18.0;36.0;54.0;6.0;12.0;24.0;48.0,4,1,,1,40,2,1,F0:A7:31,Unknown,0,235
64050,JVACT5G,F2:A7:31:F9:68:16,-82,2,1581,100,744552838,WPA2,1,0,1,8,1.0;2.0;5.5;11.0;9.0;18.0;36.0;54.0;6.0;12.0;24.0;48.0,4,1,,1,40,2,1,F2:A7:31,Unknown,0,237
64111,.,9C:A2:F4:D7:B6:BF,-90,3,1942,100,700009984425,WPA2,1,0,1,8,1.0;2.0;5.5;11.0;9.0;18.0;36.0;54.0;6.0;12.0;24.0;48.0,4,3,,1,40,2,1,9C:A2:F4,Unknown,0,376
64164,Athidi 1,9E:A2:F4:17:B6:BF,-90,3,1943,100,700009984420,WPA2,1,0,1,8,1.0;2.0;5.5;11.0;9.0;18.0;36.0;54.0;6.0;12.0;24.0;48.0,4,3,,1,40,2,1,9E:A2:F4,Unknown,0,286
64185,,9E:A2:F4:27:B6:BF,-92,3,1944,100,700009989104,WEP,1,0,1,0,,0,0,,0,0,0,0,9E:A2:F4,Unknown,0,334
64238,Satz,10:27:F5:5C:C6:A3,-78,4,2750,100,803506790794,WPA2,1,0,1,8,1.0;2.0;5.5;11.0;18.0;24.0;36.0;54.0;6.0;9.0;12.0;48.0,4,3,,1,40,2,1,10:27:F5,Unknown,0,254
64293,Satz,10:27:F5:5C:C6:A3,-85,4,2751,100,803506893191,WPA2,1,0,1,8,1.0;2.0;5.5;11.0;18.0;24.0;36.0;54.0;6.0;9.0;12.0;48.0,4,3,,1,40,2,1,10:27:F5,Unknown,0,254
64380,JioFiber-satz,C0:68:CC:6E:74:72,-84,5,3511,100,11351450018,WPA2,1,0,1,8,1.0;2.0;5.5;11.0;9.0;18.0;36.0;54.0;6.0;12.0;24.0;48.0,4,6,IN,1,20,2,1,C0:68:CC,Unknown,0,245
64435,babu_5G,CA:78:C9:FE:B1:30,-80,5,139,100,9782784398,WPA2,1,0,1,8,1.0;2.0;5.5;11.0;18.0;24.0;36.0;54.0;6.0;9.0;12.0;48.0,4,6,IN,1,40,2,1,CA:78:C9,Unknown,0,227
64478,Airtel__dontuse,30:BD:13:27:87:96,-80,5,2860,100,180408217648,WPA2,1,0,1,8,1.0;2.0;5.5;11.0;6.0;9.0;12.0;18.0;24.0;36.0;48.0;54.0,4,6,IN,1,20,2,1,30:BD:13,Unknown,0,311
64531,JioFiber-satz,C0:68:CC:6E:74:72,-84,5,3512,100,11351552405,WPA2,1,0,1,8,1.0;2.0;5.5;11.0;9.0;18.0;36.0;54.0;6.0;12.0;24.0;48.0,4,6,IN,1,20,2,1,C0:68:CC,Unknown,0,245
64584,babu_5G,CA:78:C9:FE:B1:30,-81,5,149,100,9782886790,WPA2,1,0,1,8,1.0;2.0;5.5;11.0;18.0;24.0;36.0;54.0;6.0;9.0;12.0;48.0,4,6,IN,1,40,2,1,CA:78:C9,Unknown,0,227
64635,suresh4G,CA:78:C9:FE:B1:3C,-81,5,150,100,9782888844,WPA2,1,0,1,8,1.0;2.0;5.5;11.0;18.0;24.0;36.0;54.0;6.0;9.0;12.0;48.0,4,6,IN,1,40,2,1,CA:78:C9,Unknown,0,228
64687,Airtel__dontuse,30:BD:13:27:87:96,-80,5,2861,100,180408320039,WPA2,1,0,1,8,1.0;2.0;5.5;11.0;6.0;9.0;12.0;18.0;24.0;36.0;48.0;54.0,4,6,IN,1,20,2,1,30:BD:13,Unknown,0,311
64741,JioFiber-satz,C0:68:CC:6E:74:72,-84,6,3513,100,11351654814,WPA2,1,0,1,8,1.0;2.0;5.5;11.0;9.0;18.0;36.0;54.0;6.0;12.0;24.0;48.0,4,6,IN,1,20,2,1,C0:68:CC,Unknown,0,245
64783,suresh4G,CA:78:C9:FE:B1:3C,-83,6,156,100,9782991226,WPA2,1,0,1,8,1.0;2.0;5.5;11.0;18.0;24.0;36.0;54.0;6.0;9.0;12.0;48.0,4,6,IN,1,40,2,1,CA:78:C9,Unknown,0,228
64836,Airtel__dontuse,30:BD:13:27:87:96,-81,6,2862,100,180408422448,WPA2,1,0,1,8,1.0;2.0;5.5;11.0;6.0;9.0;12.0;18.0;24.0;36.0;48.0;54.0,4,6,IN,1,20,2,1,30:BD:13,Unknown,0,311
64887,JioFiber-satz,C0:68:CC:6E:74:72,-83,6,3514,100,11351757225,WPA2,1,0,1,8,1.0;2.0;5.5;11.0;9.0;18.0;36.0;54.0;6.0;12.0;24.0;48.0,4,6,IN,1,20,2,1,C0:68:CC,Unknown,0,245
64941,suresh4G,CA:78:C9:FE:B1:3C,-82,6,158,100,9783093626,WPA2,1,0,1,8,1.0;2.0;5.5;11.0;18.0;24.0;36.0;54.0;6.0;9.0;12.0;48.0,4,6,IN,1,40,2,1,CA:78:C9,Unknown,0,228
64983,Airtel__dontuse,30:BD:13:27:87:96,-83,6,2863,100,180408524830,WPA2,1,0,1,8,1.0;2.0;5.5;11.0;6.0;9.0;12.0;18.0;24.0;36.0;48.0;54.0,4,6,IN,1,20,2,1,30:BD:13,Unknown,0,311
65036,JioFiber-satz,C0:68:CC:6E:74:72,-82,6,3515,100,11351859597,WPA2,1,0,1,8,1.0;2.0;5.5;11.0;9.0;18.0;36.0;54.0;6.0;12.0;24.0;48.0,4,6,IN,1,20,2,1,C0:68:CC,Unknown,0,245
65088,Charleshome_4g,60:A4:B7:D0:B1:81,-94,6,1600,100,17850880363,WPA2,1,0,1,8,1.0;2.0;5.5;11.0;9.0;18.0;36.0;54.0;6.0;12.0;24.0;48.0,4,6,,1,40,2,1,60:A4:B7,Unknown,0,244
65140,babu_5G,CA:78:C9:FE:B1:30,-82,7,161,100,9783296390,WPA2,1,0,1,8,1.0;2.0;5.5;11.0;18.0;24.0;36.0;54.0;6.0;9.0;12.0;48.0,4,6,IN,1,40,2,1,CA:78:C9,Unknown,0,227
65193,JioFiber-CqkfQ,9A:78:C9:62:4F:27,-90,7,3597,100,803503514010,WPA2,1,0,1,8,1.0;2.0;5.5;11.0;18.0;24.0;36.0;54.0;6.0;9.0;12.0;48.0,4,6,IN,1,40,2,1,9A:78:C9,Unknown,0,234
65246,JioFiber-satz,C0:68:CC:6E:74:72,-84,7,3517,100,11352064417,WPA2,1,0,1,8,1.0;2.0;5.5;11.0;9.0;18.0;36.0;54.0;6.0;12.0;24.0;48.0,4,6,IN,1,20,2,1,C0:68:CC,Unknown,0,245
65288,DIRECT-dQ-BRAVIA,B2:10:41:BD:D6:51,-83,7,3300,100,2346291584,WPA2,1,1,1,8,6.0;9.0;12.0;18.0;24.0;36.0;48.0;54.0,0,7,,1,20,2,0,B2:10:41,Unknown,0,263
65584,JVACT1,A4:2B:B0:01:A6:3A,-91,10,3115,100,803530752956,WPA2,1,0,1,8,1.0;2.0;5.5;11.0;9.0;18.0;36.0;54.0;6.0;12.0;24.0;48.0,4,11,,1,40,2,0,A4:2B:B0,Unknown,0,260
65674,Cctv,50:2B:73:FD:4F:28,-89,10,1162,100,501699277191,WPA2,1,0,1,8,1.0;2.0;5.5;11.0;6.0;9.0;12.0;18.0;24.0;36.0;48.0;54.0,4,11,,1,40,2,1,50:2B:73,Unknown,0,276
65716,JVACT1,A4:2B:B0:01:A6:3A,-90,10,3116,100,803530855389,WPA2,1,0,1,8,1.0;2.0;5.5;11.0;9.0;18.0;36.0;54.0;6.0;12.0;24.0;48.0,4,11,,1,40,2,0,A4:2B:B0,Unknown,0,260
65769,SanD-JioFiber,BA:A9:15:4E:AF:EE,-87,10,2016,100,802625946010,WPA2,1,0,1,8,1.0;2.0;5.5;11.0;18.0;24.0;36.0;54.0;6.0;9.0;12.0;48.0,4,11,IN,1,40,2,1,BA:A9:15,Unknown,0,233
65847,SanD-JioFiber,BA:A9:15:4E:AF:EE,-87,11,2017,100,802626048416,WPA2,1,0,1,8,1.0;2.0;5.5;11.0;18.0;24.0;36.0;54.0;6.0;9.0;12.0;48.0,4,11,IN,1,40,2,1,BA:A9:15,Unknown,0,233
65900,Cctv,50:2B:73:FD:4F:28,-88,11,1164,100,501699482009,WPA2,1,0,1,8,1.0;2.0;5.5;11.0;6.0;9.0;12.0;18.0;24.0;36.0;48.0;54.0,4,11,,1,40,2,1,50:2B:73,Unknown,0,276
65962,Sekar,3C:84:6A:7B:AF:FE,-95,11,2775,100,294723584330,WPA2,1,0,1,8,1.0;2.0;5.5;11.0;9.0;18.0;36.0;54.0;6.0;12.0;24.0;48.0,4,11,,1,40,2,0,3C:84:6A,Unknown,0,259
66014,SanD-JioFiber_EXT,8C:90:2D:3B:B6:5A,-91,11,165,100,3058688407,WPA2,1,0,1,8,1.0;2.0;5.5;11.0;9.0;18.0;36.0;54.0;6.0;12.0;24.0;48.0,4,11,,1,20,2,0,8C:90:2D,Unknown,0,223
66057,JVACT1,A4:2B:B0:01:A6:3A,-90,11,3118,100,803531060169,WPA2,1,0,1,8,1.0;2.0;5.5;11.0;9.0;18.0;36.0;54.0;6.0;12.0;24.0;48.0,4,11,,1,40,2,0,A4:2B:B0,Unknown,0,260
66110,SanD-JioFiber,BA:A9:15:4E:AF:EE,-86,11,2018,100,802626150813,WPA2,1,0,1,8,1.0;2.0;5.5;11.0;18.0;24.0;36.0;54.0;6.0;9.0;12.0;48.0,4,11,IN,1,40,2,1,BA:A9:15,Unknown,0,233
66162,Cctv,50:2B:73:FD:4F:28,-86,11,1165,100,501699584391,WPA2,1,0,1,8,1.0;2.0;5.5;11.0;6.0;9.0;12.0;18.0;24.0;36.0;48.0;54.0,4,11,,1,40,2,1,50:2B:73,Unknown,0,276
66225,Cctv,50:2B:73:FD:4F:28,-87,11,1166,100,501699686782,WPA2,1,0,1,8,1.0;2.0;5.5;11.0;6.0;9.0;12.0;18.0;24.0;36.0;48.0;54.0,4,11,,1,40,2,1,50:2B:73,Unknown,0,276
66268,Sekar,3C:84:6A:7B:AF:FE,-95,11,2777,100,294723789129,WPA2,1,0,1,8,1.0;2.0;5.5;11.0;9.0;18.0;36.0;54.0;6.0;12.0;24.0;48.0,4,11,,1,40,2,0,3C:84:6A,Unknown,0,259
66320,SanD-JioFiber_EXT,8C:90:2D:3B:B6:5A,-92,11,167,100,3058893964,WPA2,1,0,1,8,1.0;2.0;5.5;11.0;9.0;18.0;36.0;54.0;6.0;12.0;24.0;48.0,4,11,,1,20,2,0,8C:90:2D,Unknown,0,223
66362,JVACT1,A4:2B:B0:01:A6:3A,-87,11,3120,100,803531265725,WPA2,1,0,1,8,1.0;2.0;5.5;11.0;9.0;18.0;36.0;54.0;6.0;12.0;24.0;48.0,4,11,,1,40,2,0,A4:2B:B0,Unknown,0,260
66416,SanD-JioFiber,BA:A9:15:4E:AF:EE,-88,12,2021,100,802626458016,WPA2,1,0,1,8,1.0;2.0;5.5;11.0;18.0;24.0;36.0;54.0;6.0;9.0;12.0;48.0,4,11,IN,1,40,2,1,BA:A9:15,Unknown,0,233
66477,Cctv,50:2B:73:FD:4F:28,-89,12,1168,100,501699891600,WPA2,1,0,1,8,1.0;2.0;5.5;11.0;6.0;9.0;12.0;18.0;24.0;36.0;48.0;54.0,4,11,,1,40,2,1,50:2B:73,Unknown,0,276
66530,JVACT1,A4:2B:B0:01:A6:3A,-88,12,3122,100,803531469770,WPA2,1,0,1,8,1.0;2.0;5.5;11.0;9.0;18.0;36.0;54.0;6.0;12.0;24.0;48.0,4,11,,1,40,2,0,A4:2B:B0,Unknown,0,260
66572,SanD-JioFiber,BA:A9:15:4E:AF:EE,-86,12,2022,100,802626560391,WPA2,1,0,1,8,1.0;2.0;5.5;11.0;18.0;24.0;36.0;54.0;6.0;9.0;12.0;48.0,4,11,IN,1,40,2,1,BA:A9:15,Unknown,0,233
66641,VKS_4G_1,60:A4:B7:D0:B1:75,-89,1,271,100,38194688317,WPA2,1,0,1,8,1.0;2.0;5.5;11.0;9.0;18.0;36.0;54.0;6.0;12.0;24.0;48.0,4,1,,1,40,2,1,60:A4:B7,Unknown,0,238
66694,JioFiber-3TFFK,E8:22:B8:12:3E:9A,-94,1,400,100,803466138010,WPA2,1,0,1,8,1.0;2.0;5.5;11.0;9.0;18.0;36.0;54.0;6.0;12.0;24.0;48.0,4,1,IN,1,20,2,1,E8:22:B8,Unknown,0,287
66745,JVACT,F0:A7:31:F8:68:16,-73,1,1636,100,747417914,WPA2,1,0,1,8,1.0;2.0;5.5;11.0;9.0;18.0;36.0;54.0;6.0;12.0;24.0;48.0,4,1,,1,40,2,1,F0:A7:31,Unknown,0,235
66788,JVACT5G,F2:A7:31:F9:68:16,-82,1,1637,100,747420004,WPA2,1,0,1,8,1.0;2.0;5.5;11.0;9.0;18.0;36.0;54.0;6.0;12.0;24.0;48.0,4,1,,1,40,2,1,F2:A7:31,Unknown,0,237
66851,JioFiber_24GH_KRR,A8:88:1F:20:7B:61,-86,1,1762,100,284187648534,WPA2,1,0,1,8,1.0;2.0;5.5;11.0;9.0;18.0;36.0;54.0;6.0;12.0;24.0;48.0,4,1,IN,1,20,2,1,A8:88:1F,Unknown,0,290
66894,Satz,10:27:F5:5C:C6:A3,-84,1,2777,100,803509350805,WPA2,1,0,1,8,1.0;2.0;5.5;11.0;18.0;24.0;36.0;54.0;6.0;9.0;12.0;48.0,4,3,,1,40,2,1,10:27:F5,Unknown,0,254
66947,JioFiber-3TFFK,E8:22:B8:12:3E:9A,-93,1,401,100,803466240412,WPA2,1,0,1,8,1.0;2.0;5.5;11.0;9.0;18.0;36.0;54.0;6.0;12.0;24.0;48.0,4,1,IN,1,20,2,1,E8:22:B8,Unknown,0,287
67006,JVACT,F0:A7:31:F8:68:16,-73,1,1638,100,747520317,WPA2,1,0,1,8,1.0;2.0;5.5;11.0;9.0;18.0;36.0;54.0;6.0;12.0;24.0;48.0,4,1,,1,40,2,1,F0:A7:31,Unknown,0,235
67059,JioFiber_24GH_KRR,A8:88:1F:20:7B:61,-86,2,1764,100,284187853219,WPA2,1,0,1,8,1.0;2.0;5.5;11.0;9.0;18.0;36.0;54.0;6.0;12.0;24.0;48.0,4,1,IN,1,20,2,1,A8:88:1F,Unknown,0,290
67112,Satz,10:27:F5:5C:C6:A3,-83,2,2779,100,803509555607,WPA2,1,0,1,8,1.0;2.0;5.5;11.0;18.0;24.0;36.0;54.0;6.0;9.0;12.0;48.0,4,3,,1,40,2,1,10:27:F5,Unknown,0,254
67164,Satz,10:27:F5:5C:C6:A3,-82,2,2780,100,803509658014,WPA2,1,0,1,8,1.0;2.0;5.5;11.0;18.0;24.0;36.0;54.0;6.0;9.0;12.0;48.0,4,3,,1,40,2,1,10:27:F5,Unknown,0,254
67207,VKS_4G_1,60:A4:B7:D0:B1:75,-90,2,275,100,38195097914,WPA2,1,0,1,8,1.0;2.0;5.5;11.0;9.0;18.0;36.0;54.0;6.0;12.0;24.0;48.0,4,1,,1,40,2,1,60:A4:B7,Unknown,0,238
67270,JVACT,F0:A7:31:F8:68:16,-75,2,1644,100,747827515,WPA2,1,0,1,8,1.0;2.0;5.5;11.0;9.0;18.0;36.0;54.0;6.0;12.0;24.0;48.0,4,1,,1,40,2,1,F0:A7:31,Unknown,0,235
67312,JVACT5G,F2:A7:31:F9:68:16,-82,2,1645,100,747829604,WPA2,1,0,1,8,1.0;2.0;5.5;11.0;9.0;18.0;36.0;54.0;6.0;12.0;24.0;48.0,4,1,,1,40,2,1,F2:A7:31,Unknown,0,237
67365,Satz,10:27:F5:5C:C6:A3,-81,2,2781,100,803509760416,WPA2,1,0,1,8,1.0;2.0;5.5;11.0;18.0;24.0;36.0;54.0;6.0;9.0;12.0;48.0,4,3,,1,40,2,1,10:27:F5,Unknown,0,254
67419,.,9C:A2:F4:D7:B6:BF,-93,3,2132,100,700013261208,WPA2,1,0,1,8,1.0;2.0;5.5;11.0;9.0;18.0;36.0;54.0;6.0;12.0;24.0;48.0,4,3,,1,40,2,1,9C:A2:F4,Unknown,0,376
67471,Athidi 1,9E:A2:F4:17:B6:BF,-91,3,2133,100,700013261212,WPA2,1,0,1,8,1.0;2.0;5.5;11.0;9.0;18.0;36.0;54.0;6.0;12.0;24.0;48.0,4,3,,1,40,2,1,9E:A2:F4,Unknown,0,286
67502,,9E:A2:F4:27:B6:BF,-92,3,2134,100,700013261225,WEP,1,0,1,0,,0,0,,0,0,0,0,9E:A2:F4,Unknown,0,334
67554,.,9C:A2:F4:D7:B6:BF,-91,3,2138,100,700013363618,WPA2,1,0,1,8,1.0;2.0;5.5;11.0;9.0;18.0;36.0;54.0;6.0;12.0;24.0;48.0,4,3,,1,40,2,1,9C:A2:F4,Unknown,0,376
67608,Satz,10:27:F5:5C:C6:A3,-86,4,2784,100,803510067596,WPA2,1,0,1,8,1.0;2.0;5.5;11.0;18.0;24.0;36.0;54.0;6.0;9.0;12.0;48.0,4,3,,1,40,2,1,10:27:F5,Unknown,0,254
67660,Satz,10:27:F5:5C:C6:A3,-85,4,2785,100,803510169994,WPA2,1,0,1,8,1.0;2.0;5.5;11.0;18.0;24.0;36.0;54.0;6.0;9.0;12.0;48.0,4,3,,1,40,2,1,10:27:F5,Unknown,0,254
67703,babu_5G,CA:78:C9:FE:B1:30,-79,5,215,100,9786061197,WPA2,1,0,1,8,1.0;2.0;5.5;11.0;18.0;24.0;36.0;54.0;6.0;9.0;12.0;48.0,4,6,IN,1,40,2,1,CA:78:C9,Unknown,0,227
67763,suresh4G,CA:78:C9:FE:B1:3C,-80,5,216,100,9786063242,WPA2,1,0,1,8,1.0;2.0;5.5;11.0;18.0;24.0;36.0;54.0;6.0;9.0;12.0;48.0,4,6,IN,1,40,2,1,CA:78:C9,Unknown,0,228
67815,Airtel__dontuse,30:BD:13:27:87:96,-79,5,2892,100,180411494430,WPA2,1,0,1,8,1.0;2.0;5.5;11.0;6.0;9.0;12.0;18.0;24.0;36.0;48.0;54.0,4,6,IN,1,20,2,1,30:BD:13,Unknown,0,311
67858,babu_5G,CA:78:C9:FE:B1:30,-80,5,217,100,9786164313,WPA2,1,0,1,8,1.0;2.0;5.5;11.0;18.0;24.0;36.0;54.0;6.0;9.0;12.0;48.0,4,6,IN,1,40,2,1,CA:78:C9,Unknown,0,227
67911,suresh4G,CA:78:C9:FE:B1:3C,-79,5,218,100,9786166350,WPA2,1,0,1,8,1.0;2.0;5.5;11.0;18.0;24.0;36.0;54.0;6.0;9.0;12.0;48.0,4,6,IN,1,40,2,1,CA:78:C9,Unknown,0,228
67953,Airtel__dontuse,30:BD:13:27:87:96,-79,5,2893,100,180411596848,WPA2,1,0,1,8,1.0;2.0;5.5;11.0;6.0;9.0;12.0;18.0;24.0;36.0;48.0;54.0,4,6,IN,1,20,2,1,30:BD:13,Unknown,0,311
68027,JioFiber-satz,C0:68:CC:6E:74:72,-83,6,3545,100,11354931599,WPA2,1,0,1,8,1.0;2.0;5.5;11.0;9.0;18.0;36.0;54.0;6.0;12.0;24.0;48.0,4,6,IN,1,20,2,1,C0:68:CC,Unknown,0,245
68069,Charleshome_4g,60:A4:B7:D0:B1:81,-91,6,1660,100,17853952328,WPA2,1,0,1,8,1.0;2.0;5.5;11.0;9.0;18.0;36.0;54.0;6.0;12.0;24.0;48.0,4,6,,1,40,2,1,60:A4:B7,Unknown,0,244
68122,Charleshome_5g,62:A4:B7:D1:B1:81,-91,6,1661,100,17853954490,WPA2,1,0,1,8,1.0;2.0;5.5;11.0;9.0;18.0;36.0;54.0;6.0;12.0;24.0;48.0,4,6,,1,40,2,1,62:A4:B7,Unknown,0,244
68164,babu_5G,CA:78:C9:FE:B1:30,-78,6,219,100,9786266002,WPA2,1,0,1,8,1.0;2.0;5.5;11.0;18.0;24.0;36.0;54.0;6.0;9.0;12.0;48.0,4,6,IN,1,40,2,1,CA:78:C9,Unknown,0,227
68228,VKS_4G,FC:7A:58:1B:1B:9A,-92,6,3998,100,544054477195,WPA2,1,0,1,8,1.0;2.0;5.5;11.0;9.0;18.0;36.0;54.0;6.0;12.0;24.0;48.0,4,6,IN,1,20,2,1,FC:7A:58,Unknown,0,356
68276,JioFiber-satz,C0:68:CC:6E:74:72,-83,6,3547,100,11355136409,WPA2,1,0,1,8,1.0;2.0;5.5;11.0;9.0;18.0;36.0;54.0;6.0;12.0;24.0;48.0,4,6,IN,1,20,2,1,C0:68:CC,Unknown,0,245
68329,babu_5G,CA:78:C9:FE:B1:30,-79,7,227,100,9786573190,WPA2,1,0,1,8,1.0;2.0;5.5;11.0;18.0;24.0;36.0;54.0;6.0;9.0;12.0;48.0,4,6,IN,1,40,2,1,CA:78:C9,Unknown,0,227
68372,Airtel__dontuse,30:BD:13:27:87:96,-78,7,2897,100,180412006430,WPA2,1,0,1,8,1.0;2.0;5.5;11.0;6.0;9.0;12.0;18.0;24.0;36.0;48.0;54.0,4,6,IN,1,20,2,1,30:BD:13,Unknown,0,311
68434,VKS_4G,FC:7A:58:1B:1B:9A,-91,7,4002,100,544054682024,WPA2,1,0,1,8,1.0;2.0;5.5;11.0;9.0;18.0;36.0;54.0;6.0;12.0;24.0;48.0,4,6,IN,1,20,2,1,FC:7A:58,Unknown,0,356
68487,JioFiber-satz,C0:68:CC:6E:74:72,-88,7,3549,100,11355341222,WPA2,1,0,1,8,1.0;2.0;5.5;11.0;9.0;18.0;36.0;54.0;6.0;12.0;24.0;48.0,4,6,IN,1,20,2,1,C0:68:CC,Unknown,0,245
68540,Airtel__dontuse,30:BD:13:27:87:96,-76,8,2898,100,180412115029,WPA2,1,0,1,8,1.0;2.0;5.5;11.0;6.0;9.0;12.0;18.0;24.0;36.0;48.0;54.0,4,6,IN,1,20,2,1,30:BD:13,Unknown,0,311
68593,DIRECT-dQ-BRAVIA,B2:10:41:BD:D6:51,-78,8,3333,100,2349670784,WPA2,1,1,1,8,6.0;9.0;12.0;18.0;24.0;36.0;48.0;54.0,0,7,,1,20,2,0,B2:10:41,Unknown,0,263
68635,babu_5G,CA:78:C9:FE:B1:30,-80,8,231,100,9786777990,WPA2,1,0,1,8,1.0;2.0;5.5;11.0;18.0;24.0;36.0;54.0;6.0;9.0;12.0;48.0,4,6,IN,1,40,2,1,CA:78:C9,Unknown,0,227
68688,suresh4G,CA:78:C9:FE:B1:3C,-81,8,232,100,9786780036,WPA2,1,0,1,8,1.0;2.0;5.5;11.0;18.0;24.0;36.0;54.0;6.0;9.0;12.0;48.0,4,6,IN,1,40,2,1,CA:78:C9,Unknown,0,228
68919,SanD-JioFiber,BA:A9:15:4E:AF:EE,-88,10,2047,100,802629120392,WPA2,1,0,1,8,1.0;2.0;5.5;11.0;18.0;24.0;36.0;54.0;6.0;9.0;12.0;48.0,4,11,IN,1,40,2,1,BA:A9:15,Unknown,0,233
69064,SanD-JioFiber_EXT,8C:90:2D:3B:B6:5A,-90,10,205,100,3061862827,WPA2,1,0,1,8,1.0;2.0;5.5;11.0;9.0;18.0;36.0;54.0;6.0;12.0;24.0;48.0,4,11,,1,20,2,0,8C:90:2D,Unknown,0,223
69156,Cctv,50:2B:73:FD:4F:28,-89,11,1196,100,501702758791,WPA2,1,0,1,8,1.0;2.0;5.5;11.0;6.0;9.0;12.0;18.0;24.0;36.0;48.0;54.0,4,11,,1,40,2,1,50:2B:73,Unknown,0,276
69198,SanD-JioFiber_EXT,8C:90:2D:3B:B6:5A,-90,11,206,100,3061965202,WPA2,1,0,1,8,1.0;2.0;5.5;11.0;9.0;18.0;36.0;54.0;6.0;12.0;24.0;48.0,4,11,,1,20,2,0,8C:90:2D,Unknown,0,223
69251,JVACT1,A4:2B:B0:01:A6:3A,-88,11,3150,100,803534336951,WPA2,1,0,1,8,1.0;2.0;5.5;11.0;9.0;18.0;36.0;54.0;6.0;12.0;24.0;48.0,4,11,,1,40,2,0,A4:2B:B0,Unknown,0,260
69293,SanD-JioFiber,BA:A9:15:4E:AF:EE,-84,11,2049,100,802629427595,WPA2,1,0,1,8,1.0;2.0;5.5;11.0;18.0;24.0;36.0;54.0;6.0;9.0;12.0;48.0,4,11,IN,1,40,2,1,BA:A9:15,Unknown,0,233
69352,Cctv,50:2B:73:FD:4F:28,-88,11,1197,100,501702861209,WPA2,1,0,1,8,1.0;2.0;5.5;11.0;6.0;9.0;12.0;18.0;24.0;36.0;48.0;54.0,4,11,,1,40,2,1,50:2B:73,Unknown,0,276
69404,SanD-JioFiber_EXT,8C:90:2D:3B:B6:5A,-89,11,207,100,3062067606,WPA2,1,0,1,8,1.0;2.0;5.5;11.0;9.0;18.0;36.0;54.0;6.0;12.0;24.0;48.0,4,11,,1,20,2,0,8C:90:2D,Unknown,0,223
69447,JVACT1,A4:2B:B0:01:A6:3A,-90,11,3151,100,803534439355,WPA2,1,0,1,8,1.0;2.0;5.5;11.0;9.0;18.0;36.0;54.0;6.0;12.0;24.0;48.0,4,11,,1,40,2,0,A4:2B:B0,Unknown,0,260
69510,Cctv,50:2B:73:FD:4F:28,-88,12,1198,100,501702963600,WPA2,1,0,1,8,1.0;2.0;5.5;11.0;6.0;9.0;12.0;18.0;24.0;36.0;48.0;54.0,4,11,,1,40,2,1,50:2B:73,Unknown,0,276
69553,SanD-JioFiber_EXT,8C:90:2D:3B:B6:5A,-94,12,208,100,3062170006,WPA2,1,0,1,8,1.0;2.0;5.5;11.0;9.0;18.0;36.0;54.0;6.0;12.0;24.0;48.0,4,11,,1,20,2,0,8C:90:2D,Unknown,0,223
69605,JVACT1,A4:2B:B0:01:A6:3A,-88,12,3152,100,803534541755,WPA2,1,0,1,8,1.0;2.0;5.5;11.0;9.0;18.0;36.0;54.0;6.0;12.0;24.0;48.0,4,11,,1,40,2,0,A4:2B:B0,Unknown,0,260
69658,SanD-JioFiber,BA:A9:15:4E:AF:EE,-83,12,2051,100,802629632395,WPA2,1,0,1,8,1.0;2.0;5.5;11.0;18.0;24.0;36.0;54.0;6.0;9.0;12.0;48.0,4,11,IN,1,40,2,1,BA:A9:15,Unknown,0,233
69701,SanD-JioFiber,BA:A9:15:4E:AF:EE,-84,12,2052,100,802629734792,WPA2,1,0,1,8,1.0;2.0;5.5;11.0;18.0;24.0;36.0;54.0;6.0;9.0;12.0;48.0,4,11,IN,1,40,2,1,BA:A9:15,Unknown,0,233
69764,Cctv,50:2B:73:FD:4F:28,-88,12,1200,100,501703168382,WPA2,1,0,1,8,1.0;2.0;5.5;11.0;6.0;9.0;12.0;18.0;24.0;36.0;48.0;54.0,4,11,,1,40,2,1,50:2B:73,Unknown,0,276
69806,JVACT1,A4:2B:B0:01:A6:3A,-88,12,3154,100,803534746567,WPA2,1,0,1,8,1.0;2.0;5.5;11.0;9.0;18.0;36.0;54.0;6.0;12.0;24.0;48.0,4,11,,1,40,2,0,A4:2B:B0,Unknown,0,260
69859,SanD-JioFiber,BA:A9:15:4E:AF:EE,-83,12,2053,100,802629837207,WPA2,1,0,1,8,1.0;2.0;5.5;11.0;18.0;24.0;36.0;54.0;6.0;9.0;12.0;48.0,4,11,IN,1,40,2,1,BA:A9:15,Unknown,0,233
69918,VKS_4G_1,60:A4:B7:D0:B1:75,-87,1,303,100,38197965142,WPA2,1,0,1,8,1.0;2.0;5.5;11.0;9.0;18.0;36.0;54.0;6.0;12.0;24.0;48.0,4,1,,1,40,2,1,60:A4:B7,Unknown,0,238
69971,JioFiber-3TFFK,E8:22:B8:12:3E:9A,-92,1,436,100,803469414807,WPA2,1,0,1,8,1.0;2.0;5.5;11.0;9.0;18.0;36.0;54.0;6.0;12.0;24.0;48.0,4,1,IN,1,20,2,1,E8:22:B8,Unknown,0,287
70013,JVACT,F0:A7:31:F8:68:16,-76,1,1700,100,750694745,WPA2,1,0,1,8,1.0;2.0;5.5;11.0;9.0;18.0;36.0;54.0;6.0;12.0;24.0;48.0,4,1,,1,40,2,1,F0:A7:31,Unknown,0,235
70066,JVACT5G,F2:A7:31:F9:68:16,-82,1,1701,100,750696849,WPA2,1,0,1,8,1.0;2.0;5.5;11.0;9.0;18.0;36.0;54.0;6.0;12.0;24.0;48.0,4,1,,1,40,2,1,F2:A7:31,Unknown,0,237
70124,JioFiber_24GH_KRR,A8:88:1F:20:7B:61,-88,1,1799,100,284190925192,WPA2,1,0,1,8,1.0;2.0;5.5;11.0;9.0;18.0;36.0;54.0;6.0;12.0;24.0;48.0,4,1,IN,1,20,2,1,A8:88:1F,Unknown,0,290
70167,VKS_4G_1,60:A4:B7:D0:B1:75,-89,1,304,100,38198067545,WPA2,1,0,1,8,1.0;2.0;5.5;11.0;9.0;18.0;36.0;54.0;6.0;12.0;24.0;48.0,4,1,,1,40,2,1,60:A4:B7,Unknown,0,238
70220,JioFiber-3TFFK,E8:22:B8:12:3E:9A,-93,1,437,100,803469517222,WPA2,1,0,1,8,1.0;2.0;5.5;11.0;9.0;18.0;36.0;54.0;6.0;12.0;24.0;48.0,4,1,IN,1,20,2,1,E8:22:B8,Unknown,0,287
70272,JVACT,F0:A7:31:F8:68:16,-83,1,1702,100,750797424,WPA2,1,0,1,8,1.0;2.0;5.5;11.0;9.0;18.0;36.0;54.0;6.0;12.0;24.0;48.0,4,1,,1,40,2,1,F0:A7:31,Unknown,0,235
70315,JVACT5G,F2:A7:31:F9:68:16,-75,1,1703,100,750799514,WPA2,1,0,1,8,1.0;2.0;5.5;11.0;9.0;18.0;36.0;54.0;6.0;12.0;24.0;48.0,4,1,,1,40,2,1,F2:A7:31,Unknown,0,237
70378,Satz,10:27:F5:5C:C6:A3,-83,2,2813,100,803512832398,WPA2,1,0,1,8,1.0;2.0;5.5;11.0;18.0;24.0;36.0;54.0;6.0;9.0;12.0;48.0,4,3,,1,40,2,1,10:27:F5,Unknown,0,254
70431,VKS_4G_1,60:A4:B7:D0:B1:75,-89,2,306,100,38198272352,WPA2,1,0,1,8,1.0;2.0;5.5;11.0;9.0;18.0;36.0;54.0;6.0;12.0;24.0;48.0,4,1,,1,40,2,1,60:A4:B7,Unknown,0,238
70483,Satz,10:27:F5:5C:C6:A3,-84,2,2814,100,803512934791,WPA2,1,0,1,8,1.0;2.0;5.5;11.0;18.0;24.0;36.0;54.0;6.0;9.0;12.0;48.0,4,3,,1,40,2,1,10:27:F5,Unknown,0,254
70526,VKS_4G_1,60:A4:B7:D0:B1:75,-88,2,307,100,38198374747,WPA2,1,0,1,8,1.0;2.0;5.5;11.0;9.0;18.0;36.0;54.0;6.0;12.0;24.0;48.0,4,1,,1,40,2,1,60:A4:B7,Unknown,0,238
70579,.,9C:A2:F4:D7:B6:BF,-95,3,2324,100,700016538003,WPA2,1,0,1,8,1.0;2.0;5.5;11.0;9.0;18.0;36.0;54.0;6.0;12.0;24.0;48.0,4,3,,1,40,2,1,9C:A2:F4,Unknown,0,376
70641,Athidi 1,9E:A2:F4:17:B6:BF,-91,3,2325,100,700016538007,WPA2,1,0,1,8,1.0;2.0;5.5;11.0;9.0;18.0;36.0;54.0;6.0;12.0;24.0;48.0,4,3,,1,40,2,1,9E:A2:F4,Unknown,0,286
70673,,9E:A2:F4:27:B6:BF,-95,3,2326,100,700016538001,WEP,1,0,1,0,,0,0,,0,0,0,0,9E:A2:F4,Unknown,0,334
70715,Satz,10:27:F5:5C:C6:A3,-82,3,2816,100,803513139610,WPA2,1,0,1,8,1.0;2.0;5.5;11.0;18.0;24.0;36.0;54.0;6.0;9.0;12.0;48.0,4,3,,1,40,2,1,10:27:F5,Unknown,0,254
70769,Athidi 1,9E:A2:F4:17:B6:BF,-92,4,2331,100,700016640417,WPA2,1,0,1,8,1.0;2.0;5.5;11.0;9.0;18.0;36.0;54.0;6.0;12.0;24.0;48.0,4,3,,1,40,2,1,9E:A2:F4,Unknown,0,286
70791,,9E:A2:F4:27:B6:BF,-94,4,2332,100,700016640412,WEP,1,0,1,0,,0,0,,0,0,0,0,9E:A2:F4,Unknown,0,334
70849,Satz,10:27:F5:5C:C6:A3,-81,4,2817,100,803513241991,WPA2,1,0,1,8,1.0;2.0;5.5;11.0;18.0;24.0;36.0;54.0;6.0;9.0;12.0;48.0,4,3,,1,40,2,1,10:27:F5,Unknown,0,254
70902,Athidi 1,9E:A2:F4:17:B6:BF,-93,4,2337,100,700016742809,WPA2,1,0,1,8,1.0;2.0;5.5;11.0;9.0;18.0;36.0;54.0;6.0;12.0;24.0;48.0,4,3,,1,40,2,1,9E:A2:F4,Unknown,0,286
70955,.,9C:A2:F4:D7:B6:BF,-94,4,2342,100,700016845224,WPA2,1,0,1,8,1.0;2.0;5.5;11.0;9.0;18.0;36.0;54.0;6.0;12.0;24.0;48.0,4,3,,1,40,2,1,9C:A2:F4,Unknown,0,376
71008,Satz,10:27:F5:5C:C6:A3,-77,4,2819,100,803513446808,WPA2,1,0,1,8,1.0;2.0;5.5;11.0;18.0;24.0;36.0;54.0;6.0;9.0;12.0;48.0,4,3,,1,40,2,1,10:27:F5,Unknown,0,254
71060,NISHA-SEN,D8:0D:17:F6:48:8A,-87,5,1847,100,121277337984,WPA2,1,1,1,8,1.0;2.0;5.5;11.0;6.0;9.0;12.0;18.0;24.0;36.0;48.0;54.0,4,5,,1,40,3,1,D8:0D:17,Unknown,0,272
71112,babu_5G,CA:78:C9:FE:B1:30,-86,6,293,100,9789440397,WPA2,1,0,1,8,1.0;2.0;5.5;11.0;18.0;24.0;36.0;54.0;6.0;9.0;12.0;48.0,4,6,IN,1,40,2,1,CA:78:C9,Unknown,0,227
71175,VKS_4G,FC:7A:58:1B:1B:9A,-91,6,4058,100,544057549206,WPA2,1,0,1,8,1.0;2.0;5.5;11.0;9.0;18.0;36.0;54.0;6.0;12.0;24.0;48.0,4,6,IN,1,20,2,1,FC:7A:58,Unknown,0,356
71197,,FE:7A:58:1B:1B:9A,-91,6,4059,100,544057549205,WEP,1,0,1,0,,0,0,,0,0,0,0,FE:7A:58,Unknown,0,320
71249,JioFiber-CqkfQ,9A:78:C9:62:4F:27,-88,6,3661,100,803509660477,WPA2,1,0,1,8,1.0;2.0;5.5;11.0;18.0;24.0;36.0;54.0;6.0;9.0;12.0;48.0,4,6,IN,1,40,2,1,9A:78:C9,Unknown,0,234
71302,JioFiber-satz,C0:68:CC:6E:74:72,-81,6,3577,100,11358208395,WPA2,1,0,1,8,1.0;2.0;5.5;11.0;9.0;18.0;36.0;54.0;6.0;12.0;24.0;48.0,4,6,IN,1,20,2,1,C0:68:CC,Unknown,0,245
71354,Charleshome_5g,62:A4:B7:D1:B1:81,-94,6,1725,100,17857231328,WPA2,1,0,1,8,1.0;2.0;5.5;11.0;9.0;18.0;36.0;54.0;6.0;12.0;24.0;48.0,4,6,,1,40,2,1,62:A4:B7,Unknown,0,244
71407,babu_5G,CA:78:C9:FE:B1:30,-81,6,295,100,9789542790,WPA2,1,0,1,8,1.0;2.0;5.5;11.0;18.0;24.0;36.0;54.0;6.0;9.0;12.0;48.0,4,6,IN,1,40,2,1,CA:78:C9,Unknown,0,227
71449,suresh4G,CA:78:C9:FE:B1:3C,-81,6,296,100,9789544845,WPA2,1,0,1,8,1.0;2.0;5.5;11.0;18.0;24.0;36.0;54.0;6.0;9.0;12.0;48.0,4,6,IN,1,40,2,1,CA:78:C9,Unknown,0,228
71502,Airtel__dontuse,30:BD:13:27:87:96,-80,6,2928,100,180414976022,WPA2,1,0,1,8,1.0;2.0;5.5;11.0;6.0;9.0;12.0;18.0;24.0;36.0;48.0;54.0,4,6,IN,1,20,2,1,30:BD:13,Unknown,0,311
71544,DIRECT-dQ-BRAVIA,B2:10:41:BD:D6:51,-79,7,3362,100,2352640384,WPA2,1,1,1,8,6.0;9.0;12.0;18.0;24.0;36.0;48.0;54.0,0,7,,1,20,2,0,B2:10:41,Unknown,0,263
71606,babu_5G,CA:78:C9:FE:B1:30,-80,7,299,100,9789747598,WPA2,1,0,1,8,1.0;2.0;5.5;11.0;18.0;24.0;36.0;54.0;6.0;9.0;12.0;48.0,4,6,IN,1,40,2,1,CA:78:C9,Unknown,0,227
71658,suresh4G,CA:78:C9:FE:B1:3C,-79,7,300,100,9789749653,WPA2,1,0,1,8,1.0;2.0;5.5;11.0;18.0;24.0;36.0;54.0;6.0;9.0;12.0;48.0,4,6,IN,1,40,2,1,CA:78:C9,Unknown,0,228
71701,Airtel__dontuse,30:BD:13:27:87:96,-78,7,2930,100,180415180830,WPA2,1,0,1,8,1.0;2.0;5.5;11.0;6.0;9.0;12.0;18.0;24.0;36.0;48.0;54.0,4,6,IN,1,20,2,1,30:BD:13,Unknown,0,311
71754,JioFiber-satz,C0:68:CC:6E:74:72,-84,7,3581,100,11358618019,WPA2,1,0,1,8,1.0;2.0;5.5;11.0;9.0;18.0;36.0;54.0;6.0;12.0;24.0;48.0,4,6,IN,1,20,2,1,C0:68:CC,Unknown,0,245
71796,DIRECT-dQ-BRAVIA,B2:10:41:BD:D6:51,-80,7,3364,100,2352845184,WPA2,1,1,1,8,6.0;9.0;12.0;18.0;24.0;36.0;48.0;54.0,0,7,,1,20,2,0,B2:10:41,Unknown,0,263
71857,Airtel__dontuse,30:BD:13:27:87:96,-80,7,2932,100,180415385648,WPA2,1,0,1,8,1.0;2.0;5.5;11.0;6.0;9.0;12.0;18.0;24.0;36.0;48.0;54.0,4,6,IN,1,20,2,1,30:BD:13,Unknown,0,311
71910,JioFiber-satz,C0:68:CC:6E:74:72,-87,7,3582,100,11358720392,WPA2,1,0,1,8,1.0;2.0;5.5;11.0;9.0;18.0;36.0;54.0;6.0;12.0;24.0;48.0,4,6,IN,1,20,2,1,C0:68:CC,Unknown,0,245
72503,SanD-JioFiber,BA:A9:15:4E:AF:EE,-82,11,2086,100,802632704391,WPA2,1,0,1,8,1.0;2.0;5.5;11.0;18.0;24.0;36.0;54.0;6.0;9.0;12.0;48.0,4,11,IN,1,40,2,1,BA:A9:15,Unknown,0,233
72546,SanD-JioFiber_EXT,8C:90:2D:3B:B6:5A,-91,11,248,100,3065344424,WPA2,1,0,1,8,1.0;2.0;5.5;11.0;9.0;18.0;36.0;54.0;6.0;12.0;24.0;48.0,4,11,,1,20,2,0,8C:90:2D,Unknown,0,223
73092,VKS_4G_1,60:A4:B7:D0:B1:75,-90,1,334,100,38201139515,WPA2,1,0,1,8,1.0;2.0;5.5;11.0;9.0;18.0;36.0;54.0;6.0;12.0;24.0;48.0,4,1,,1,40,2,1,60:A4:B7,Unknown,0,238
73138,JVACT,F0:A7:31:F8:68:16,-82,1,1762,100,753869109,WPA2,1,0,1,8,1.0;2.0;5.5;11.0;9.0;18.0;36.0;54.0;6.0;12.0;24.0;48.0,4,1,,1,40,2,1,F0:A7:31,Unknown,0,235
73191,JVACT5G,F2:A7:31:F9:68:16,-82,1,1763,100,753871198,WPA2,1,0,1,8,1.0;2.0;5.5;11.0;9.0;18.0;36.0;54.0;6.0;12.0;24.0;48.0,4,1,,1,40,2,1,F2:A7:31,Unknown,0,237
73243,JioFiber_24GH_KRR,A8:88:1F:20:7B:61,-85,1,1833,100,284194099620,WPA2,1,0,1,8,1.0;2.0;5.5;11.0;9.0;18.0;36.0;54.0;6.0;12.0;24.0;48.0,4,1,IN,1,20,2,1,A8:88:1F,Unknown,0,290
73296,Satz,10:27:F5:5C:C6:A3,-86,1,2844,100,803515802050,WPA2,1,0,1,8,1.0;2.0;5.5;11.0;18.0;24.0;36.0;54.0;6.0;9.0;12.0;48.0,4,3,,1,40,2,1,10:27:F5,Unknown,0,254
73338,JVACT,F0:A7:31:F8:68:16,-81,1,1764,100,753971517,WPA2,1,0,1,8,1.0;2.0;5.5;11.0;9.0;18.0;36.0;54.0;6.0;12.0;24.0;48.0,4,1,,1,40,2,1,F0:A7:31,Unknown,0,235
73410,JioFiber_24GH_KRR,A8:88:1F:20:7B:61,-83,1,1834,100,284194202884,WPA2,1,0,1,8,1.0;2.0;5.5;11.0;9.0;18.0;36.0;54.0;6.0;12.0;24.0;48.0,4,1,IN,1,20,2,1,A8:88:1F,Unknown,0,290
73453,JVACT,F0:A7:31:F8:68:16,-80,2,1766,100,754073917,WPA2,1,0,1,8,1.0;2.0;5.5;11.0;9.0;18.0;36.0;54.0;6.0;12.0;24.0;48.0,4,1,,1,40,2,1,F0:A7:31,Unknown,0,235
73506,JVACT,F0:A7:31:F8:68:16,-80,2,1768,100,754176314,WPA2,1,0,1,8,1.0;2.0;5.5;11.0;9.0;18.0;36.0;54.0;6.0;12.0;24.0;48.0,4,1,,1,40,2,1,F0:A7:31,Unknown,0,235
73548,JVACT5G,F2:A7:31:F9:68:16,-81,2,1769,100,754178404,WPA2,1,0,1,8,1.0;2.0;5.5;11.0;9.0;18.0;36.0;54.0;6.0;12.0;24.0;48.0,4,1,,1,40,2,1,F2:A7:31,Unknown,0,237
73601,Satz,10:27:F5:5C:C6:A3,-78,2,2847,100,803516109197,WPA2,1,0,1,8,1.0;2.0;5.5;11.0;18.0;24.0;36.0;54.0;6.0;9.0;12.0;48.0,4,3,,1,40,2,1,10:27:F5,Unknown,0,254
73652,Satz,10:27:F5:5C:C6:A3,-84,3,2848,100,803516211617,WPA2,1,0,1,8,1.0;2.0;5.5;11.0;18.0;24.0;36.0;54.0;6.0;9.0;12.0;48.0,4,3,,1,40,2,1,10:27:F5,Unknown,0,254
73704,Satz,10:27:F5:5C:C6:A3,-77,3,2849,100,803516314189,WPA2,1,0,1,8,1.0;2.0;5.5;11.0;18.0;24.0;36.0;54.0;6.0;9.0;12.0;48.0,4,3,,1,40,2,1,10:27:F5,Unknown,0,254
73806,Satz,10:27:F5:5C:C6:A3,-84,3,2850,100,803516416397,WPA2,1,0,1,8,1.0;2.0;5.5;11.0;18.0;24.0;36.0;54.0;6.0;9.0;12.0;48.0,4,3,,1,40,2,1,10:27:F5,Unknown,0,254
74110,JioFiber-satz,C0:68:CC:6E:74:72,-81,5,3606,100,11361178895,WPA2,1,0,1,8,1.0;2.0;5.5;11.0;9.0;18.0;36.0;54.0;6.0;12.0;24.0;48.0,4,6,IN,1,20,2,1,C0:68:CC,Unknown,0,245
74165,suresh4G,CA:78:C9:FE:B1:3C,-89,5,354,100,9792514460,WPA2,1,0,1,8,1.0;2.0;5.5;11.0;18.0;24.0;36.0;54.0;6.0;9.0;12.0;48.0,4,6,IN,1,40,2,1,CA:78:C9,Unknown,0,228
74217,Airtel__dontuse,30:BD:13:27:87:96,-82,5,2957,100,180417945648,WPA2,1,0,1,8,1.0;2.0;5.5;11.0;6.0;9.0;12.0;18.0;24.0;36.0;48.0;54.0,4,6,IN,1,20,2,1,30:BD:13,Unknown,0,311
74270,JioFiber-satz,C0:68:CC:6E:74:72,-82,5,3607,100,11361280392,WPA2,1,0,1,8,1.0;2.0;5.5;11.0;9.0;18.0;36.0;54.0;6.0;12.0;24.0;48.0,4,6,IN,1,20,2,1,C0:68:CC,Unknown,0,245
74323,Airtel__dontuse,30:BD:13:27:87:96,-82,5,2958,100,180418048257,WPA2,1,0,1,8,1.0;2.0;5.5;11.0;6.0;9.0;12.0;18.0;24.0;36.0;48.0;54.0,4,6,IN,1,20,2,1,30:BD:13,Unknown,0,311
74366,babu_5G,CA:78:C9:FE:B1:30,-90,6,357,100,9792717204,WPA2,1,0,1,8,1.0;2.0;5.5;11.0;18.0;24.0;36.0;54.0;6.0;9.0;12.0;48.0,4,6,IN,1,40,2,1,CA:78:C9,Unknown,0,227
74418,JioFiber-satz,C0:68:CC:6E:74:72,-77,6,3609,100,11361487741,WPA2,1,0,1,8,1.0;2.0;5.5;11.0;9.0;18.0;36.0;54.0;6.0;12.0;24.0;48.0,4,6,IN,1,20,2,1,C0:68:CC,Unknown,0,245
74498,JioFiber-CqkfQ,9A:78:C9:62:4F:27,-89,6,3694,100,803513037207,WPA2,1,0,1,8,1.0;2.0;5.5;11.0;18.0;24.0;36.0;54.0;6.0;9.0;12.0;48.0,4,6,IN,1,40,2,1,9A:78:C9,Unknown,0,234
74551,JioFiber-satz,C0:68:CC:6E:74:72,-76,6,3610,100,11361587756,WPA2,1,0,1,8,1.0;2.0;5.5;11.0;9.0;18.0;36.0;54.0;6.0;12.0;24.0;48.0,4,6,IN,1,20,2,1,C0:68:CC,Unknown,0,245
74639,DIRECT-dQ-BRAVIA,B2:10:41:BD:D6:51,-86,7,3394,100,2355917184,WPA2,1,1,1,8,6.0;9.0;12.0;18.0;24.0;36.0;48.0;54.0,0,7,,1,20,2,0,B2:10:41,Unknown,0,263
74681,babu_5G,CA:78:C9:FE:B1:30,-89,7,363,100,9793024390,WPA2,1,0,1,8,1.0;2.0;5.5;11.0;18.0;24.0;36.0;54.0;6.0;9.0;12.0;48.0,4,6,IN,1,40,2,1,CA:78:C9,Unknown,0,227
74734,Airtel__dontuse,30:BD:13:27:87:96,-86,7,2962,100,180418457639,WPA2,1,0,1,8,1.0;2.0;5.5;11.0;6.0;9.0;12.0;18.0;24.0;36.0;48.0;54.0,4,6,IN,1,20,2,1,30:BD:13,Unknown,0,311
74797,JioFiber-satz,C0:68:CC:6E:74:72,-77,7,3612,100,11361793644,WPA2,1,0,1,8,1.0;2.0;5.5;11.0;9.0;18.0;36.0;54.0;6.0;12.0;24.0;48.0,4,6,IN,1,20,2,1,C0:68:CC,Unknown,0,245
74840,JioFiber-satz,C0:68:CC:6E:74:72,-78,8,3613,100,11361894815,WPA2,1,0,1,8,1.0;2.0;5.5;11.0;9.0;18.0;36.0;54.0;6.0;12.0;24.0;48.0,4,6,IN,1,20,2,1,C0:68:CC,Unknown,0,245
75233,Vani,14:EB:B6:8A:64:71,-94,9,264,100,443350938021,WPA2,1,0,1,8,1.0;2.0;5.5;11.0;9.0;18.0;36.0;54.0;6.0;12.0;24.0;48.0,4,9,,1,20,2,1,14:EB:B6,Unknown,0,332
75255,,16:EB:B6:AA:64:71,-93,9,265,100,443350938075,WEP,1,0,1,0,,0,0,,0,0,0,0,16:EB:B6,Unknown,0,263
75613,Sekar,3C:84:6A:7B:AF:FE,-94,11,2870,100,294733312355,WPA2,1,0,1,8,1.0;2.0;5.5;11.0;9.0;18.0;36.0;54.0;6.0;12.0;24.0;48.0,4,11,,1,40,2,0,3C:84:6A,Unknown,0,259
75715,Sekar,3C:84:6A:7B:AF:FE,-93,11,2871,100,294733414756,WPA2,1,0,1,8,1.0;2.0;5.5;11.0;9.0;18.0;36.0;54.0;6.0;12.0;24.0;48.0,4,11,,1,40,2,0,3C:84:6A,Unknown,0,259
75822,SanD-JioFiber_EXT,8C:90:2D:3B:B6:5A,-90,11,280,100,3068621205,WPA2,1,0,1,8,1.0;2.0;5.5;11.0;9.0;18.0;36.0;54.0;6.0;12.0;24.0;48.0,4,11,,1,20,2,0,8C:90:2D,Unknown,0,223
75865,JVACT1,A4:2B:B0:01:A6:3A,-87,12,3215,100,803540992927,WPA2,1,0,1,8,1.0;2.0;5.5;11.0;9.0;18.0;36.0;54.0;6.0;12.0;24.0;48.0,4,11,,1,40,2,0,A4:2B:B0,Unknown,0,260
75918,SanD-JioFiber,BA:A9:15:4E:AF:EE,-86,12,2120,100,802636083592,WPA2,1,0,1,8,1.0;2.0;5.5;11.0;18.0;24.0;36.0;54.0;6.0;9.0;12.0;48.0,4,11,IN,1,40,2,1,BA:A9:15,Unknown,0,233
75985,SanD-JioFiber,BA:A9:15:4E:AF:EE,-87,12,2121,100,802636185995,WPA2,1,0,1,8,1.0;2.0;5.5;11.0;18.0;24.0;36.0;54.0;6.0;9.0;12.0;48.0,4,11,IN,1,40,2,1,BA:A9:15,Unknown,0,233
76035,JVACT1,A4:2B:B0:01:A6:3A,-89,12,3217,100,803541197739,WPA2,1,0,1,8,1.0;2.0;5.5;11.0;9.0;18.0;36.0;54.0;6.0;12.0;24.0;48.0,4,11,,1,40,2,0,A4:2B:B0,Unknown,0,260
76415,JVACT,F0:A7:31:F8:68:16,-83,1,1826,100,757145943,WPA2,1,0,1,8,1.0;2.0;5.5;11.0;9.0;18.0;36.0;54.0;6.0;12.0;24.0;48.0,4,1,,1,40,2,1,F0:A7:31,Unknown,0,235
76458,JVACT5G,F2:A7:31:F9:68:16,-81,1,1827,100,757148032,WPA2,1,0,1,8,1.0;2.0;5.5;11.0;9.0;18.0;36.0;54.0;6.0;12.0;24.0;48.0,4,1,,1,40,2,1,F2:A7:31,Unknown,0,237
76520,JioFiber_24GH_KRR,A8:88:1F:20:7B:61,-83,1,1872,100,284197376420,WPA2,1,0,1,8,1.0;2.0;5.5;11.0;9.0;18.0;36.0;54.0;6.0;12.0;24.0;48.0,4,1,IN,1,20,2,1,A8:88:1F,Unknown,0,290
76563,Satz,10:27:F5:5C:C6:A3,-84,1,2877,100,803519079450,WPA2,1,0,1,8,1.0;2.0;5.5;11.0;18.0;24.0;36.0;54.0;6.0;9.0;12.0;48.0,4,3,,1,40,2,1,10:27:F5,Unknown,0,254
76624,JVACT,F0:A7:31:F8:68:16,-77,1,1828,100,757248344,WPA2,1,0,1,8,1.0;2.0;5.5;11.0;9.0;18.0;36.0;54.0;6.0;12.0;24.0;48.0,4,1,,1,40,2,1,F0:A7:31,Unknown,0,235
76667,VKS_4G_1,60:A4:B7:D0:B1:75,-89,1,368,100,38204621148,WPA2,1,0,1,8,1.0;2.0;5.5;11.0;9.0;18.0;36.0;54.0;6.0;12.0;24.0;48.0,4,1,,1,40,2,1,60:A4:B7,Unknown,0,238
76720,JVACT,F0:A7:31:F8:68:16,-81,1,1830,100,757350751,WPA2,1,0,1,8,1.0;2.0;5.5;11.0;9.0;18.0;36.0;54.0;6.0;12.0;24.0;48.0,4,1,,1,40,2,1,F0:A7:31,Unknown,0,235
76762,JVACT5G,F2:A7:31:F9:68:16,-78,1,1831,100,757352841,WPA2,1,0,1,8,1.0;2.0;5.5;11.0;9.0;18.0;36.0;54.0;6.0;12.0;24.0;48.0,4,1,,1,40,2,1,F2:A7:31,Unknown,0,237
76815,JioFiber_24GH_KRR,A8:88:1F:20:7B:61,-84,1,1874,100,284197581491,WPA2,1,0,1,8,1.0;2.0;5.5;11.0;9.0;18.0;36.0;54.0;6.0;12.0;24.0;48.0,4,1,IN,1,20,2,1,A8:88:1F,Unknown,0,290
76875,Satz,10:27:F5:5C:C6:A3,-86,2,2879,100,803519283592,WPA2,1,0,1,8,1.0;2.0;5.5;11.0;18.0;24.0;36.0;54.0;6.0;9.0;12.0;48.0,4,3,,1,40,2,1,10:27:F5,Unknown,0,254
76927,VKS_4G_1,60:A4:B7:D0:B1:75,-90,2,369,100,38204723544,WPA2,1,0,1,8,1.0;2.0;5.5;11.0;9.0;18.0;36.0;54.0;6.0;12.0;24.0;48.0,4,1,,1,40,2,1,60:A4:B7,Unknown,0,238
76970,JVACT,F0:A7:31:F8:68:16,-83,2,1832,100,757453999,WPA2,1,0,1,8,1.0;2.0;5.5;11.0;9.0;18.0;36.0;54.0;6.0;12.0;24.0;48.0,4,1,,1,40,2,1,F0:A7:31,Unknown,0,235
77022,JVACT5G,F2:A7:31:F9:68:16,-82,2,1833,100,757456089,WPA2,1,0,1,8,1.0;2.0;5.5;11.0;9.0;18.0;36.0;54.0;6.0;12.0;24.0;48.0,4,1,,1,40,2,1,F2:A7:31,Unknown,0,237
77075,Satz,10:27:F5:5C:C6:A3,-85,3,2881,100,803519488413,WPA2,1,0,1,8,1.0;2.0;5.5;11.0;18.0;24.0;36.0;54.0;6.0;9.0;12.0;48.0,4,3,,1,40,2,1,10:27:F5,Unknown,0,254
77128,Satz,10:27:F5:5C:C6:A3,-77,3,2882,100,803519590805,WPA2,1,0,1,8,1.0;2.0;5.5;11.0;18.0;24.0;36.0;54.0;6.0;9.0;12.0;48.0,4,3,,1,40,2,1,10:27:F5,Unknown,0,254
77181,Satz,10:27:F5:5C:C6:A3,-84,4,2883,100,803519693191,WPA2,1,0,1,8,1.0;2.0;5.5;11.0;18.0;24.0;36.0;54.0;6.0;9.0;12.0;48.0,4,3,,1,40,2,1,10:27:F5,Unknown,0,254
77288,Satz,10:27:F5:5C:C6:A3,-86,4,2886,100,803519898013,WPA2,1,0,1,8,1.0;2.0;5.5;11.0;18.0;24.0;36.0;54.0;6.0;9.0;12.0;48.0,4,3,,1,40,2,1,10:27:F5,Unknown,0,254
77386,JioFiber-satz,C0:68:CC:6E:74:72,-78,5,3638,100,11364454818,WPA2,1,0,1,8,1.0;2.0;5.5;11.0;9.0;18.0;36.0;54.0;6.0;12.0;24.0;48.0,4,6,IN,1,20,2,1,C0:68:CC,Unknown,0,245
77438,NISHA-SEN,D8:0D:17:F6:48:8A,-92,5,1921,100,121283789184,WPA2,1,1,1,8,1.0;2.0;5.5;11.0;6.0;9.0;12.0;18.0;24.0;36.0;48.0;54.0,4,5,,1,40,3,1,D8:0D:17,Unknown,0,272
77502,Airtel__dontuse,30:BD:13:27:87:96,-84,5,2990,100,180421222422,WPA2,1,0,1,8,1.0;2.0;5.5;11.0;6.0;9.0;12.0;18.0;24.0;36.0;48.0;54.0,4,6,IN,1,20,2,1,30:BD:13,Unknown,0,311
77554,NISHA-SEN,D8:0D:17:F6:48:8A,-91,5,1922,100,121283893584,WPA2,1,1,1,8,1.0;2.0;5.5;11.0;6.0;9.0;12.0;18.0;24.0;36.0;48.0;54.0,4,5,,1,40,3,1,D8:0D:17,Unknown,0,272
77608,JioFiber-satz,C0:68:CC:6E:74:72,-81,6,3640,100,11364659619,WPA2,1,0,1,8,1.0;2.0;5.5;11.0;9.0;18.0;36.0;54.0;6.0;12.0;24.0;48.0,4,6,IN,1,20,2,1,C0:68:CC,Unknown,0,245
77661,babu_5G,CA:78:C9:FE:B1:30,-87,6,433,100,9795994005,WPA2,1,0,1,8,1.0;2.0;5.5;11.0;18.0;24.0;36.0;54.0;6.0;9.0;12.0;48.0,4,6,IN,1,40,2,1,CA:78:C9,Unknown,0,227
77703,suresh4G,CA:78:C9:FE:B1:3C,-87,6,434,100,9795996041,WPA2,1,0,1,8,1.0;2.0;5.5;11.0;18.0;24.0;36.0;54.0;6.0;9.0;12.0;48.0,4,6,IN,1,40,2,1,CA:78:C9,Unknown,0,228
77761,Airtel__dontuse,30:BD:13:27:87:96,-83,6,2992,100,180421427230,WPA2,1,0,1,8,1.0;2.0;5.5;11.0;6.0;9.0;12.0;18.0;24.0;36.0;48.0;54.0,4,6,IN,1,20,2,1,30:BD:13,Unknown,0,311
77814,JioFiber-CqkfQ,9A:78:C9:62:4F:27,-90,6,3728,100,803516211600,WPA2,1,0,1,8,1.0;2.0;5.5;11.0;18.0;24.0;36.0;54.0;6.0;9.0;12.0;48.0,4,6,IN,1,40,2,1,9A:78:C9,Unknown,0,234
77867,JioFiber-satz,C0:68:CC:6E:74:72,-76,6,3641,100,11364762009,WPA2,1,0,1,8,1.0;2.0;5.5;11.0;9.0;18.0;36.0;54.0;6.0;12.0;24.0;48.0,4,6,IN,1,20,2,1,C0:68:CC,Unknown,0,245
77909,suresh4G,CA:78:C9:FE:B1:3C,-86,6,436,100,9796098418,WPA2,1,0,1,8,1.0;2.0;5.5;11.0;18.0;24.0;36.0;54.0;6.0;9.0;12.0;48.0,4,6,IN,1,40,2,1,CA:78:C9,Unknown,0,228
77961,Airtel__dontuse,30:BD:13:27:87:96,-81,6,2993,100,180421529622,WPA2,1,0,1,8,1.0;2.0;5.5;11.0;6.0;9.0;12.0;18.0;24.0;36.0;48.0;54.0,4,6,IN,1,20,2,1,30:BD:13,Unknown,0,311
78015,babu_5G,CA:78:C9:FE:B1:30,-85,7,437,100,9796198799,WPA2,1,0,1,8,1.0;2.0;5.5;11.0;18.0;24.0;36.0;54.0;6.0;9.0;12.0;48.0,4,6,IN,1,40,2,1,CA:78:C9,Unknown,0,227
78068,suresh4G,CA:78:C9:FE:B1:3C,-86,7,438,100,9796200845,WPA2,1,0,1,8,1.0;2.0;5.5;11.0;18.0;24.0;36.0;54.0;6.0;9.0;12.0;48.0,4,6,IN,1,40,2,1,CA:78:C9,Unknown,0,228
78110,Airtel__dontuse,30:BD:13:27:87:96,-82,7,2994,100,180421632039,WPA2,1,0,1,8,1.0;2.0;5.5;11.0;6.0;9.0;12.0;18.0;24.0;36.0;48.0;54.0,4,6,IN,1,20,2,1,30:BD:13,Unknown,0,311
78162,JioFiber-satz,C0:68:CC:6E:74:72,-76,7,3643,100,11364966814,WPA2,1,0,1,8,1.0;2.0;5.5;11.0;9.0;18.0;36.0;54.0;6.0;12.0;24.0;48.0,4,6,IN,1,20,2,1,C0:68:CC,Unknown,0,245
78216,DIRECT-dQ-BRAVIA,B2:10:41:BD:D6:51,-85,7,3427,100,2359296384,WPA2,1,1,1,8,6.0;9.0;12.0;18.0;24.0;36.0;48.0;54.0,0,7,,1,20,2,0,B2:10:41,Unknown,0,263
78268,JioFiber-satz,C0:68:CC:6E:74:72,-80,7,3645,100,11365171608,WPA2,1,0,1,8,1.0;2.0;5.5;11.0;9.0;18.0;36.0;54.0;6.0;12.0;24.0;48.0,4,6,IN,1,20,2,1,C0:68:CC,Unknown,0,245
78321,DIRECT-dQ-BRAVIA,B2:10:41:BD:D6:51,-85,7,3428,100,2359398784,WPA2,1,1,1,8,6.0;9.0;12.0;18.0;24.0;36.0;48.0;54.0,0,7,,1,20,2,0,B2:10:41,Unknown,0,263
78363,babu_5G,CA:78:C9:FE:B1:30,-88,7,443,100,9796506002,WPA2,1,0,1,8,1.0;2.0;5.5;11.0;18.0;24.0;36.0;54.0;6.0;9.0;12.0;48.0,4,6,IN,1,40,2,1,CA:78:C9,Unknown,0,227
78510,Vani,14:EB:B6:8A:64:71,-95,9,328,100,443354214957,WPA2,1,0,1,8,1.0;2.0;5.5;11.0;9.0;18.0;36.0;54.0;6.0;12.0;24.0;48.0,4,9,,1,20,2,1,14:EB:B6,Unknown,0,332
78532,,16:EB:B6:AA:64:71,-93,9,329,100,443354214827,WEP,1,0,1,0,,0,0,,0,0,0,0,16:EB:B6,Unknown,0,263
78750,SanD-JioFiber,BA:A9:15:4E:AF:EE,-84,10,2153,100,802638950792,WPA2,1,0,1,8,1.0;2.0;5.5;11.0;18.0;24.0;36.0;54.0;6.0;9.0;12.0;48.0,4,11,IN,1,40,2,1,BA:A9:15,Unknown,0,233
78794,,16:EB:B6:AA:64:71,-94,10,335,100,443354522063,WEP,1,0,1,0,,0,0,,0,0,0,0,16:EB:B6,Unknown,0,263
78852,SanD-JioFiber,BA:A9:15:4E:AF:EE,-82,11,2154,100,802639053217,WPA2,1,0,1,8,1.0;2.0;5.5;11.0;18.0;24.0;36.0;54.0;6.0;9.0;12.0;48.0,4,11,IN,1,40,2,1,BA:A9:15,Unknown,0,233
78905,Cctv,50:2B:73:FD:4F:28,-90,11,1291,100,501712486791,WPA2,1,0,1,8,1.0;2.0;5.5;11.0;6.0;9.0;12.0;18.0;24.0;36.0;48.0;54.0,4,11,,1,40,2,1,50:2B:73,Unknown,0,276
78958,SanD-JioFiber_EXT,8C:90:2D:3B:B6:5A,-89,11,319,100,3071693225,WPA2,1,0,1,8,1.0;2.0;5.5;11.0;9.0;18.0;36.0;54.0;6.0;12.0;24.0;48.0,4,11,,1,20,2,0,8C:90:2D,Unknown,0,223
79010,JVACT1,A4:2B:B0:01:A6:3A,-89,11,3245,100,803544064934,WPA2,1,0,1,8,1.0;2.0;5.5;11.0;9.0;18.0;36.0;54.0;6.0;12.0;24.0;48.0,4,11,,1,40,2,0,A4:2B:B0,Unknown,0,260
79063,SanD-JioFiber,BA:A9:15:4E:AF:EE,-84,11,2155,100,802639155606,WPA2,1,0,1,8,1.0;2.0;5.5;11.0;18.0;24.0;36.0;54.0;6.0;9.0;12.0;48.0,4,11,IN,1,40,2,1,BA:A9:15,Unknown,0,233
79105,JVACT1,A4:2B:B0:01:A6:3A,-87,11,3246,100,803544167332,WPA2,1,0,1,8,1.0;2.0;5.5;11.0;9.0;18.0;36.0;54.0;6.0;12.0;24.0;48.0,4,11,,1,40,2,0,A4:2B:B0,Unknown,0,260
79159,SanD-JioFiber,BA:A9:15:4E:AF:EE,-82,11,2156,100,802639258005,WPA2,1,0,1,8,1.0;2.0;5.5;11.0;18.0;24.0;36.0;54.0;6.0;9.0;12.0;48.0,4,11,IN,1,40,2,1,BA:A9:15,Unknown,0,233
79211,Cctv,50:2B:73:FD:4F:28,-92,11,1293,100,501712691600,WPA2,1,0,1,8,1.0;2.0;5.5;11.0;6.0;9.0;12.0;18.0;24.0;36.0;48.0;54.0,4,11,,1,40,2,1,50:2B:73,Unknown,0,276
79261,Sekar,3C:84:6A:7B:AF:FE,-94,11,2904,100,294736793924,WPA2,1,0,1,8,1.0;2.0;5.5;11.0;9.0;18.0;36.0;54.0;6.0;12.0;24.0;48.0,4,11,,1,40,2,0,3C:84:6A,Unknown,0,259
79314,SanD-JioFiber_EXT,8C:90:2D:3B:B6:5A,-89,11,321,100,3071898002,WPA2,1,0,1,8,1.0;2.0;5.5;11.0;9.0;18.0;36.0;54.0;6.0;12.0;24.0;48.0,4,11,,1,20,2,0,8C:90:2D,Unknown,0,223
79367,Cctv,50:2B:73:FD:4F:28,-92,12,1294,100,501712793991,WPA2,1,0,1,8,1.0;2.0;5.5;11.0;6.0;9.0;12.0;18.0;24.0;36.0;48.0;54.0,4,11,,1,40,2,1,50:2B:73,Unknown,0,276
79420,SanD-JioFiber,BA:A9:15:4E:AF:EE,-83,12,2158,100,802639462817,WPA2,1,0,1,8,1.0;2.0;5.5;11.0;18.0;24.0;36.0;54.0;6.0;9.0;12.0;48.0,4,11,IN,1,40,2,1,BA:A9:15,Unknown,0,233
79472,Cctv,50:2B:73:FD:4F:28,-91,12,1295,100,501712896409,WPA2,1,0,1,8,1.0;2.0;5.5;11.0;6.0;9.0;12.0;18.0;24.0;36.0;48.0;54.0,4,11,,1,40,2,1,50:2B:73,Unknown,0,276
79590,JVACT,F0:A7:31:F8:68:16,-77,1,1888,100,760320411,WPA2,1,0,1,8,1.0;2.0;5.5;11.0;9.0;18.0;36.0;54.0;6.0;12.0;24.0;48.0,4,1,,1,40,2,1,F0:A7:31,Unknown,0,235
79632,JVACT5G,F2:A7:31:F9:68:16,-78,1,1889,100,760322501,WPA2,1,0,1,8,1.0;2.0;5.5;11.0;9.0;18.0;36.0;54.0;6.0;12.0;24.0;48.0,4,1,,1,40,2,1,F2:A7:31,Unknown,0,237
79695,JioFiber_24GH_KRR,A8:88:1F:20:7B:61,-85,1,1909,100,284200550797,WPA2,1,0,1,8,1.0;2.0;5.5;11.0;9.0;18.0;36.0;54.0;6.0;12.0;24.0;48.0,4,1,IN,1,20,2,1,A8:88:1F,Unknown,0,290
79738,VKS_4G_1,60:A4:B7:D0:B1:75,-88,1,398,100,38207693111,WPA2,1,0,1,8,1.0;2.0;5.5;11.0;9.0;18.0;36.0;54.0;6.0;12.0;24.0;48.0,4,1,,1,40,2,1,60:A4:B7,Unknown,0,238
79780,JVACT,F0:A7:31:F8:68:16,-78,1,1890,100,760422712,WPA2,1,0,1,8,1.0;2.0;5.5;11.0;9.0;18.0;36.0;54.0;6.0;12.0;24.0;48.0,4,1,,1,40,2,1,F0:A7:31,Unknown,0,235
79843,JVACT5G,F2:A7:31:F9:68:16,-82,1,1891,100,760424802,WPA2,1,0,1,8,1.0;2.0;5.5;11.0;9.0;18.0;36.0;54.0;6.0;12.0;24.0;48.0,4,1,,1,40,2,1,F2:A7:31,Unknown,0,237
79896,JioFiber_24GH_KRR,A8:88:1F:20:7B:61,-84,1,1910,100,284200653212,WPA2,1,0,1,8,1.0;2.0;5.5;11.0;9.0;18.0;36.0;54.0;6.0;12.0;24.0;48.0,4,1,IN,1,20,2,1,A8:88:1F,Unknown,0,290
79949,VKS_4G_1,60:A4:B7:D0:B1:75,-90,1,399,100,38207795513,WPA2,1,0,1,8,1.0;2.0;5.5;11.0;9.0;18.0;36.0;54.0;6.0;12.0;24.0;48.0,4,1,,1,40,2,1,60:A4:B7,Unknown,0,238
79991,JVACT,F0:A7:31:F8:68:16,-83,1,1892,100,760525395,WPA2,1,0,1,8,1.0;2.0;5.5;11.0;9.0;18.0;36.0;54.0;6.0;12.0;24.0;48.0,4,1,,1,40,2,1,F0:A7:31,Unknown,0,235
80044,JVACT5G,F2:A7:31:F9:68:16,-78,1,1893,100,760527485,WPA2,1,0,1,8,1.0;2.0;5.5;11.0;9.0;18.0;36.0;54.0;6.0;12.0;24.0;48.0,4,1,,1,40,2,1,F2:A7:31,Unknown,0,237
80104,JioFiber_24GH_KRR,A8:88:1F:20:7B:61,-84,1,1911,100,284200755599,WPA2,1,0,1,8,1.0;2.0;5.5;11.0;9.0;18.0;36.0;54.0;6.0;12.0;24.0;48.0,4,1,IN,1,20,2,1,A8:88:1F,Unknown,0,290
80147,JVACT,F0:A7:31:F8:68:16,-79,2,1896,100,760731260,WPA2,1,0,1,8,1.0;2.0;5.5;11.0;9.0;18.0;36.0;54.0;6.0;12.0;24.0;48.0,4,1,,1,40,2,1,F0:A7:31,Unknown,0,235
80200,JVACT5G,F2:A7:31:F9:68:16,-83,2,1897,100,760733350,WPA2,1,0,1,8,1.0;2.0;5.5;11.0;9.0;18.0;36.0;54.0;6.0;12.0;24.0;48.0,4,1,,1,40,2,1,F2:A7:31,Unknown,0,237
80252,JioFiber_24GH_KRR,A8:88:1F:20:7B:61,-86,2,1913,100,284200960393,WPA2,1,0,1,8,1.0;2.0;5.5;11.0;9.0;18.0;36.0;54.0;6.0;12.0;24.0;48.0,4,1,IN,1,20,2,1,A8:88:1F,Unknown,0,290
80295,JVACT5G,F2:A7:31:F9:68:16,-83,2,1899,100,760834531,WPA2,1,0,1,8,1.0;2.0;5.5;11.0;9.0;18.0;36.0;54.0;6.0;12.0;24.0;48.0,4,1,,1,40,2,1,F2:A7:31,Unknown,0,237
80357,Satz,10:27:F5:5C:C6:A3,-85,3,2915,100,803522765191,WPA2,1,0,1,8,1.0;2.0;5.5;11.0;18.0;24.0;36.0;54.0;6.0;9.0;12.0;48.0,4,3,,1,40,2,1,10:27:F5,Unknown,0,254
80458,JioFiber-satz,C0:68:CC:6E:74:72,-87,4,3668,100,11367526823,WPA2,1,0,1,8,1.0;2.0;5.5;11.0;9.0;18.0;36.0;54.0;6.0;12.0;24.0;48.0,4,6,IN,1,20,2,1,C0:68:CC,Unknown,0,245
80565,Satz,10:27:F5:5C:C6:A3,-85,4,2919,100,803523174810,WPA2,1,0,1,8,1.0;2.0;5.5;11.0;18.0;24.0;36.0;54.0;6.0;9.0;12.0;48.0,4,3,,1,40,2,1,10:27:F5,Unknown,0,254
80662,JioFiber-satz,C0:68:CC:6E:74:72,-78,5,3670,100,11367731594,WPA2,1,0,1,8,1.0;2.0;5.5;11.0;9.0;18.0;36.0;54.0;6.0;12.0;24.0;48.0,4,6,IN,1,20,2,1,C0:68:CC,Unknown,0,245
80715,NISHA-SEN,D8:0D:17:F6:48:8A,-92,5,1968,100,121287065984,WPA2,1,1,1,8,1.0;2.0;5.5;11.0;6.0;9.0;12.0;18.0;24.0;36.0;48.0;54.0,4,5,,1,40,3,1,D8:0D:17,Unknown,0,272
80776,Airtel__dontuse,30:BD:13:27:87:96,-83,5,3024,100,180424499239,WPA2,1,0,1,8,1.0;2.0;5.5;11.0;6.0;9.0;12.0;18.0;24.0;36.0;48.0;54.0,4,6,IN,1,20,2,1,30:BD:13,Unknown,0,311
80829,NISHA-SEN,D8:0D:17:F6:48:8A,-93,5,1969,100,121287168421,WPA2,1,1,1,8,1.0;2.0;5.5;11.0;6.0;9.0;12.0;18.0;24.0;36.0;48.0;54.0,4,5,,1,40,3,1,D8:0D:17,Unknown,0,272
80881,suresh4G,CA:78:C9:FE:B1:3C,-89,5,494,100,9799170434,WPA2,1,0,1,8,1.0;2.0;5.5;11.0;18.0;24.0;36.0;54.0;6.0;9.0;12.0;48.0,4,6,IN,1,40,2,1,CA:78:C9,Unknown,0,228
80935,JioFiber-satz,C0:68:CC:6E:74:72,-81,6,3672,100,11367936403,WPA2,1,0,1,8,1.0;2.0;5.5;11.0;9.0;18.0;36.0;54.0;6.0;12.0;24.0;48.0,4,6,IN,1,20,2,1,C0:68:CC,Unknown,0,245
80987,NISHA-SEN,D8:0D:17:F6:48:8A,-92,6,1970,100,121287270949,WPA2,1,1,1,8,1.0;2.0;5.5;11.0;6.0;9.0;12.0;18.0;24.0;36.0;48.0;54.0,4,5,,1,40,3,1,D8:0D:17,Unknown,0,272
81050,JioFiber-satz,C0:68:CC:6E:74:72,-76,6,3673,100,11368038807,WPA2,1,0,1,8,1.0;2.0;5.5;11.0;9.0;18.0;36.0;54.0;6.0;12.0;24.0;48.0,4,6,IN,1,20,2,1,C0:68:CC,Unknown,0,245
81092,suresh4G,CA:78:C9:FE:B1:3C,-89,6,498,100,9799375261,WPA2,1,0,1,8,1.0;2.0;5.5;11.0;18.0;24.0;36.0;54.0;6.0;9.0;12.0;48.0,4,6,IN,1,40,2,1,CA:78:C9,Unknown,0,228
81145,JioFiber-CqkfQ,9A:78:C9:62:4F:27,-91,6,3762,100,803519590817,WPA2,1,0,1,8,1.0;2.0;5.5;11.0;18.0;24.0;36.0;54.0;6.0;9.0;12.0;48.0,4,6,IN,1,40,2,1,9A:78:C9,Unknown,0,234
81198,JioFiber-satz,C0:68:CC:6E:74:72,-76,6,3674,100,11368141202,WPA2,1,0,1,8,1.0;2.0;5.5;11.0;9.0;18.0;36.0;54.0;6.0;12.0;24.0;48.0,4,6,IN,1,20,2,1,C0:68:CC,Unknown,0,245
81240,babu_5G,CA:78:C9:FE:B1:30,-87,6,499,100,9799475600,WPA2,1,0,1,8,1.0;2.0;5.5;11.0;18.0;24.0;36.0;54.0;6.0;9.0;12.0;48.0,4,6,IN,1,40,2,1,CA:78:C9,Unknown,0,227
81302,suresh4G,CA:78:C9:FE:B1:3C,-89,6,500,100,9799477645,WPA2,1,0,1,8,1.0;2.0;5.5;11.0;18.0;24.0;36.0;54.0;6.0;9.0;12.0;48.0,4,6,IN,1,40,2,1,CA:78:C9,Unknown,0,228
81355,JioFiber-satz,C0:68:CC:6E:74:72,-78,7,3675,100,11368243623,WPA2,1,0,1,8,1.0;2.0;5.5;11.0;9.0;18.0;36.0;54.0;6.0;12.0;24.0;48.0,4,6,IN,1,20,2,1,C0:68:CC,Unknown,0,245
81397,DIRECT-dQ-BRAVIA,B2:10:41:BD:D6:51,-86,7,3458,100,2362470784,WPA2,1,1,1,8,6.0;9.0;12.0;18.0;24.0;36.0;48.0;54.0,0,7,,1,20,2,0,B2:10:41,Unknown,0,263
81450,Airtel__dontuse,30:BD:13:27:87:96,-84,7,3029,100,180425011222,WPA2,1,0,1,8,1.0;2.0;5.5;11.0;6.0;9.0;12.0;18.0;24.0;36.0;48.0;54.0,4,6,IN,1,20,2,1,30:BD:13,Unknown,0,311
81492,DIRECT-dQ-BRAVIA,B2:10:41:BD:D6:51,-84,7,3459,100,2362573184,WPA2,1,1,1,8,6.0;9.0;12.0;18.0;24.0;36.0;48.0;54.0,0,7,,1,20,2,0,B2:10:41,Unknown,0,263
81553,JioFiber-satz,C0:68:CC:6E:74:72,-85,8,3678,100,11368550809,WPA2,1,0,1,8,1.0;2.0;5.5;11.0;9.0;18.0;36.0;54.0;6.0;12.0;24.0;48.0,4,6,IN,1,20,2,1,C0:68:CC,Unknown,0,245
81685,Vani,14:EB:B6:8A:64:71,-95,9,390,100,443357389233,WPA2,1,0,1,8,1.0;2.0;5.5;11.0;9.0;18.0;36.0;54.0;6.0;12.0;24.0;48.0,4,9,,1,20,2,1,14:EB:B6,Unknown,0,332
81764,,16:EB:B6:AA:64:71,-94,9,393,100,443357491680,WEP,1,0,1,0,,0,0,,0,0,0,0,16:EB:B6,Unknown,0,263
81866,JVACT1,A4:2B:B0:01:A6:3A,-89,10,3274,100,803547034499,WPA2,1,0,1,8,1.0;2.0;5.5;11.0;9.0;18.0;36.0;54.0;6.0;12.0;24.0;48.0,4,11,,1,40,2,0,A4:2B:B0,Unknown,0,260
81966,SanD-JioFiber_EXT,8C:90:2D:3B:B6:5A,-91,10,358,100,3074765204,WPA2,1,0,1,8,1.0;2.0;5.5;11.0;9.0;18.0;36.0;54.0;6.0;12.0;24.0;48.0,4,11,,1,20,2,0,8C:90:2D,Unknown,0,223
82018,JVACT1,A4:2B:B0:01:A6:3A,-90,10,3275,100,803547136901,WPA2,1,0,1,8,1.0;2.0;5.5;11.0;9.0;18.0;36.0;54.0;6.0;12.0;24.0;48.0,4,11,,1,40,2,0,A4:2B:B0,Unknown,0,260
82070,SanD-JioFiber,BA:A9:15:4E:AF:EE,-83,10,2185,100,802642227603,WPA2,1,0,1,8,1.0;2.0;5.5;11.0;18.0;24.0;36.0;54.0;6.0;9.0;12.0;48.0,4,11,IN,1,40,2,1,BA:A9:15,Unknown,0,233
82129,SanD-JioFiber,BA:A9:15:4E:AF:EE,-81,11,2186,100,802642329991,WPA2,1,0,1,8,1.0;2.0;5.5;11.0;18.0;24.0;36.0;54.0;6.0;9.0;12.0;48.0,4,11,IN,1,40,2,1,BA:A9:15,Unknown,0,233
82182,Cctv,50:2B:73:FD:4F:28,-93,11,1323,100,501715763600,WPA2,1,0,1,8,1.0;2.0;5.5;11.0;6.0;9.0;12.0;18.0;24.0;36.0;48.0;54.0,4,11,,1,40,2,1,50:2B:73,Unknown,0,276
82234,SanD-JioFiber_EXT,8C:90:2D:3B:B6:5A,-89,11,360,100,3074970000,WPA2,1,0,1,8,1.0;2.0;5.5;11.0;9.0;18.0;36.0;54.0;6.0;12.0;24.0;48.0,4,11,,1,20,2,0,8C:90:2D,Unknown,0,223
82286,JVACT1,A4:2B:B0:01:A6:3A,-88,11,3277,100,803547341696,WPA2,1,0,1,8,1.0;2.0;5.5;11.0;9.0;18.0;36.0;54.0;6.0;12.0;24.0;48.0,4,11,,1,40,2,0,A4:2B:B0,Unknown,0,260
82338,SanD-JioFiber,BA:A9:15:4E:AF:EE,-82,11,2187,100,802642432392,WPA2,1,0,1,8,1.0;2.0;5.5;11.0;18.0;24.0;36.0;54.0;6.0;9.0;12.0;48.0,4,11,IN,1,40,2,1,BA:A9:15,Unknown,0,233
82391,Cctv,50:2B:73:FD:4F:28,-91,11,1324,100,501715865991,WPA2,1,0,1,8,1.0;2.0;5.5;11.0;6.0;9.0;12.0;18.0;24.0;36.0;48.0;54.0,4,11,,1,40,2,1,50:2B:73,Unknown,0,276
82444,SanD-JioFiber_EXT,8C:90:2D:3B:B6:5A,-86,11,361,100,3075072405,WPA2,1,0,1,8,1.0;2.0;5.5;11.0;9.0;18.0;36.0;54.0;6.0;12.0;24.0;48.0,4,11,,1,20,2,0,8C:90:2D,Unknown,0,223
82487,SanD-JioFiber,BA:A9:15:4E:AF:EE,-81,12,2188,100,802642534806,WPA2,1,0,1,8,1.0;2.0;5.5;11.0;18.0;24.0;36.0;54.0;6.0;9.0;12.0;48.0,4,11,IN,1,40,2,1,BA:A9:15,Unknown,0,233
82548,Cctv,50:2B:73:FD:4F:28,-94,12,1325,100,501715968617,WPA2,1,0,1,8,1.0;2.0;5.5;11.0;6.0;9.0;12.0;18.0;24.0;36.0;48.0;54.0,4,11,,1,40,2,1,50:2B:73,Unknown,0,276
82592,SanD-JioFiber,BA:A9:15:4E:AF:EE,-84,12,2190,100,802642739616,WPA2,1,0,1,8,1.0;2.0;5.5;11.0;18.0;24.0;36.0;54.0;6.0;9.0;12.0;48.0,4,11,IN,1,40,2,1,BA:A9:15,Unknown,0,233
82654,Cctv,50:2B:73:FD:4F:28,-92,12,1327,100,501716173182,WPA2,1,0,1,8,1.0;2.0;5.5;11.0;6.0;9.0;12.0;18.0;24.0;36.0;48.0;54.0,4,11,,1,40,2,1,50:2B:73,Unknown,0,276
82697,SanD-JioFiber_EXT,8C:90:2D:3B:B6:5A,-89,12,373,100,3075379592,WPA2,1,0,1,8,1.0;2.0;5.5;11.0;9.0;18.0;36.0;54.0;6.0;12.0;24.0;48.0,4,11,,1,20,2,0,8C:90:2D,Unknown,0,223
82749,JVACT1,A4:2B:B0:01:A6:3A,-91,12,3281,100,803547751286,WPA2,1,0,1,8,1.0;2.0;5.5;11.0;9.0;18.0;36.0;54.0;6.0;12.0;24.0;48.0,4,11,,1,40,2,0,A4:2B:B0,Unknown,0,260
82866,JVACT,F0:A7:31:F8:68:16,-76,1,1952,100,763597140,WPA2,1,0,1,8,1.0;2.0;5.5;11.0;9.0;18.0;36.0;54.0;6.0;12.0;24.0;48.0,4,1,,1,40,2,1,F0:A7:31,Unknown,0,235
82909,JVACT5G,F2:A7:31:F9:68:16,-78,1,1953,100,763599230,WPA2,1,0,1,8,1.0;2.0;5.5;11.0;9.0;18.0;36.0;54.0;6.0;12.0;24.0;48.0,4,1,,1,40,2,1,F2:A7:31,Unknown,0,237
82972,JioFiber_24GH_KRR,A8:88:1F:20:7B:61,-84,1,1944,100,284203827603,WPA2,1,0,1,8,1.0;2.0;5.5;11.0;9.0;18.0;36.0;54.0;6.0;12.0;24.0;48.0,4,1,IN,1,20,2,1,A8:88:1F,Unknown,0,290
83015,Satz,10:27:F5:5C:C6:A3,-83,1,2942,100,803525530014,WPA2,1,0,1,8,1.0;2.0;5.5;11.0;18.0;24.0;36.0;54.0;6.0;9.0;12.0;48.0,4,3,,1,40,2,1,10:27:F5,Unknown,0,254
83067,VKS_4G_1,60:A4:B7:D0:B1:75,-91,1,430,100,38210969942,WPA2,1,0,1,8,1.0;2.0;5.5;11.0;9.0;18.0;36.0;54.0;6.0;12.0;24.0;48.0,4,1,,1,40,2,1,60:A4:B7,Unknown,0,238
83116,JVACT5G,F2:A7:31:F9:68:16,-77,1,1955,100,763701638,WPA2,1,0,1,8,1.0;2.0;5.5;11.0;9.0;18.0;36.0;54.0;6.0;12.0;24.0;48.0,4,1,,1,40,2,1,F2:A7:31,Unknown,0,237
83169,JioFiber_24GH_KRR,A8:88:1F:20:7B:61,-84,1,1945,100,284203930180,WPA2,1,0,1,8,1.0;2.0;5.5;11.0;9.0;18.0;36.0;54.0;6.0;12.0;24.0;48.0,4,1,IN,1,20,2,1,A8:88:1F,Unknown,0,290
83222,VKS_4G_1,60:A4:B7:D0:B1:75,-88,1,431,100,38211072346,WPA2,1,0,1,8,1.0;2.0;5.5;11.0;9.0;18.0;36.0;54.0;6.0;12.0;24.0;48.0,4,1,,1,40,2,1,60:A4:B7,Unknown,0,238
83265,JVACT,F0:A7:31:F8:68:16,-83,1,1956,100,763801943,WPA2,1,0,1,8,1.0;2.0;5.5;11.0;9.0;18.0;36.0;54.0;6.0;12.0;24.0;48.0,4,1,,1,40,2,1,F0:A7:31,Unknown,0,235
83317,JVACT5G,F2:A7:31:F9:68:16,-83,1,1957,100,763804033,WPA2,1,0,1,8,1.0;2.0;5.5;11.0;9.0;18.0;36.0;54.0;6.0;12.0;24.0;48.0,4,1,,1,40,2,1,F2:A7:31,Unknown,0,237
83380,JioFiber_24GH_KRR,A8:88:1F:20:7B:61,-84,1,1946,100,284204032400,WPA2,1,0,1,8,1.0;2.0;5.5;11.0;9.0;18.0;36.0;54.0;6.0;12.0;24.0;48.0,4,1,IN,1,20,2,1,A8:88:1F,Unknown,0,290
83433,Satz,10:27:F5:5C:C6:A3,-85,2,2946,100,803525837212,WPA2,1,0,1,8,1.0;2.0;5.5;11.0;18.0;24.0;36.0;54.0;6.0;9.0;12.0;48.0,4,3,,1,40,2,1,10:27:F5,Unknown,0,254
83476,JVACT,F0:A7:31:F8:68:16,-84,2,1960,100,764006747,WPA2,1,0,1,8,1.0;2.0;5.5;11.0;9.0;18.0;36.0;54.0;6.0;12.0;24.0;48.0,4,1,,1,40,2,1,F0:A7:31,Unknown,0,235
83528,JVACT5G,F2:A7:31:F9:68:16,-84,2,1961,100,764008836,WPA2,1,0,1,8,1.0;2.0;5.5;11.0;9.0;18.0;36.0;54.0;6.0;12.0;24.0;48.0,4,1,,1,40,2,1,F2:A7:31,Unknown,0,237
83571,Satz,10:27:F5:5C:C6:A3,-86,2,2947,100,803525939590,WPA2,1,0,1,8,1.0;2.0;5.5;11.0;18.0;24.0;36.0;54.0;6.0;9.0;12.0;48.0,4,3,,1,40,2,1,10:27:F5,Unknown,0,254
83633,Satz,10:27:F5:5C:C6:A3,-85,3,2948,100,803526042016,WPA2,1,0,1,8,1.0;2.0;5.5;11.0;18.0;24.0;36.0;54.0;6.0;9.0;12.0;48.0,4,3,,1,40,2,1,10:27:F5,Unknown,0,254
83685,Satz,10:27:F5:5C:C6:A3,-86,3,2949,100,803526144398,WPA2,1,0,1,8,1.0;2.0;5.5;11.0;18.0;24.0;36.0;54.0;6.0;9.0;12.0;48.0,4,3,,1,40,2,1,10:27:F5,Unknown,0,254
83738,JioFiber-satz,C0:68:CC:6E:74:72,-85,4,3699,100,11370701206,WPA2,1,0,1,8,1.0;2.0;5.5;11.0;9.0;18.0;36.0;54.0;6.0;12.0;24.0;48.0,4,6,IN,1,20,2,1,C0:68:CC,Unknown,0,245
83791,JioFiber-satz,C0:68:CC:6E:74:72,-85,4,3700,100,11370803613,WPA2,1,0,1,8,1.0;2.0;5.5;11.0;9.0;18.0;36.0;54.0;6.0;12.0;24.0;48.0,4,6,IN,1,20,2,1,C0:68:CC,Unknown,0,245
83874,NISHA-SEN,D8:0D:17:F6:48:8A,-91,5,2007,100,121290240738,WPA2,1,1,1,8,1.0;2.0;5.5;11.0;6.0;9.0;12.0;18.0;24.0;36.0;48.0;54.0,4,5,,1,40,3,1,D8:0D:17,Unknown,0,272
83989,Airtel__dontuse,30:BD:13:27:87:96,-82,5,3058,100,180427776022,WPA2,1,0,1,8,1.0;2.0;5.5;11.0;6.0;9.0;12.0;18.0;24.0;36.0;48.0;54.0,4,6,IN,1,20,2,1,30:BD:13,Unknown,0,311
84042,JioFiber-satz,C0:68:CC:6E:74:72,-81,5,3705,100,11371110823,WPA2,1,0,1,8,1.0;2.0;5.5;11.0;9.0;18.0;36.0;54.0;6.0;12.0;24.0;48.0,4,6,IN,1,20,2,1,C0:68:CC,Unknown,0,245
84095,NISHA-SEN,D8:0D:17:F6:48:8A,-92,5,2011,100,121290446266,WPA2,1,1,1,8,1.0;2.0;5.5;11.0;6.0;9.0;12.0;18.0;24.0;36.0;48.0;54.0,4,5,,1,40,3,1,D8:0D:17,Unknown,0,272
84148,suresh4G,CA:78:C9:FE:B1:3C,-85,6,572,100,9802447230,WPA2,1,0,1,8,1.0;2.0;5.5;11.0;18.0;24.0;36.0;54.0;6.0;9.0;12.0;48.0,4,6,IN,1,40,2,1,CA:78:C9,Unknown,0,228
84190,Airtel__dontuse,30:BD:13:27:87:96,-80,6,3059,100,180427878422,WPA2,1,0,1,8,1.0;2.0;5.5;11.0;6.0;9.0;12.0;18.0;24.0;36.0;48.0;54.0,4,6,IN,1,20,2,1,30:BD:13,Unknown,0,311
84253,JioFiber-satz,C0:68:CC:6E:74:72,-76,6,3708,100,11371213224,WPA2,1,0,1,8,1.0;2.0;5.5;11.0;9.0;18.0;36.0;54.0;6.0;12.0;24.0;48.0,4,6,IN,1,20,2,1,C0:68:CC,Unknown,0,245
84306,babu_5G,CA:78:C9:FE:B1:30,-84,6,573,100,9802547617,WPA2,1,0,1,8,1.0;2.0;5.5;11.0;18.0;24.0;36.0;54.0;6.0;9.0;12.0;48.0,4,6,IN,1,40,2,1,CA:78:C9,Unknown,0,227
84348,suresh4G,CA:78:C9:FE:B1:3C,-85,6,574,100,9802549671,WPA2,1,0,1,8,1.0;2.0;5.5;11.0;18.0;24.0;36.0;54.0;6.0;9.0;12.0;48.0,4,6,IN,1,40,2,1,CA:78:C9,Unknown,0,228
84401,Airtel__dontuse,30:BD:13:27:87:96,-80,6,3060,100,180427980822,WPA2,1,0,1,8,1.0;2.0;5.5;11.0;6.0;9.0;12.0;18.0;24.0;36.0;48.0;54.0,4,6,IN,1,20,2,1,30:BD:13,Unknown,0,311
84454,JioFiber-satz,C0:68:CC:6E:74:72,-77,6,3710,100,11371315612,WPA2,1,0,1,8,1.0;2.0;5.5;11.0;9.0;18.0;36.0;54.0;6.0;12.0;24.0;48.0,4,6,IN,1,20,2,1,C0:68:CC,Unknown,0,245
84514,babu_5G,CA:78:C9:FE:B1:30,-85,6,575,100,9802649990,WPA2,1,0,1,8,1.0;2.0;5.5;11.0;18.0;24.0;36.0;54.0;6.0;9.0;12.0;48.0,4,6,IN,1,40,2,1,CA:78:C9,Unknown,0,227
84567,suresh4G,CA:78:C9:FE:B1:3C,-86,6,576,100,9802652036,WPA2,1,0,1,8,1.0;2.0;5.5;11.0;18.0;24.0;36.0;54.0;6.0;9.0;12.0;48.0,4,6,IN,1,40,2,1,CA:78:C9,Unknown,0,228
84620,JioFiber-satz,C0:68:CC:6E:74:72,-80,7,3712,100,11371520394,WPA2,1,0,1,8,1.0;2.0;5.5;11.0;9.0;18.0;36.0;54.0;6.0;12.0;24.0;48.0,4,6,IN,1,20,2,1,C0:68:CC,Unknown,0,245
84663,DIRECT-dQ-BRAVIA,B2:10:41:BD:D6:51,-87,7,3492,100,2365747584,WPA2,1,1,1,8,6.0;9.0;12.0;18.0;24.0;36.0;48.0;54.0,0,7,,1,20,2,0,B2:10:41,Unknown,0,263
84715,JioFiber-satz,C0:68:CC:6E:74:72,-80,7,3713,100,11371622812,WPA2,1,0,1,8,1.0;2.0;5.5;11.0;9.0;18.0;36.0;54.0;6.0;12.0;24.0;48.0,4,6,IN,1,20,2,1,C0:68:CC,Unknown,0,245
84859,Vani,14:EB:B6:8A:64:71,-91,9,455,100,443360563595,WPA2,1,0,1,8,1.0;2.0;5.5;11.0;9.0;18.0;36.0;54.0;6.0;12.0;24.0;48.0,4,9,,1,20,2,1,14:EB:B6,Unknown,0,332
84962,Vani,14:EB:B6:8A:64:71,-94,9,457,100,443360666101,WPA2,1,0,1,8,1.0;2.0;5.5;11.0;9.0;18.0;36.0;54.0;6.0;12.0;24.0;48.0,4,9,,1,20,2,1,14:EB:B6,Unknown,0,332
84983,,16:EB:B6:AA:64:71,-92,9,458,100,443360666097,WEP,1,0,1,0,,0,0,,0,0,0,0,16:EB:B6,Unknown,0,263
85064,Vani,14:EB:B6:8A:64:71,-93,9,459,100,443360768457,WPA2,1,0,1,8,1.0;2.0;5.5;11.0;9.0;18.0;36.0;54.0;6.0;12.0;24.0;48.0,4,9,,1,20,2,1,14:EB:B6,Unknown,0,332
85167,Vani,14:EB:B6:8A:64:71,-92,10,461,100,443360870796,WPA2,1,0,1,8,1.0;2.0;5.5;11.0;9.0;18.0;36.0;54.0;6.0;12.0;24.0;48.0,4,9,,1,20,2,1,14:EB:B6,Unknown,0,332
85220,SanD-JioFiber,BA:A9:15:4E:AF:EE,-83,10,2224,100,802645402011,WPA2,1,0,1,8,1.0;2.0;5.5;11.0;18.0;24.0;36.0;54.0;6.0;9.0;12.0;48.0,4,11,IN,1,40,2,1,BA:A9:15,Unknown,0,233
85303,SanD-JioFiber,BA:A9:15:4E:AF:EE,-86,10,2225,100,802645504406,WPA2,1,0,1,8,1.0;2.0;5.5;11.0;18.0;24.0;36.0;54.0;6.0;9.0;12.0;48.0,4,11,IN,1,40,2,1,BA:A9:15,Unknown,0,233
85406,SanD-JioFiber,BA:A9:15:4E:AF:EE,-82,11,2226,100,802645606813,WPA2,1,0,1,8,1.0;2.0;5.5;11.0;18.0;24.0;36.0;54.0;6.0;9.0;12.0;48.0,4,11,IN,1,40,2,1,BA:A9:15,Unknown,0,233
85459,Cctv,50:2B:73:FD:4F:28,-93,11,1355,100,501719040391,WPA2,1,0,1,8,1.0;2.0;5.5;11.0;6.0;9.0;12.0;18.0;24.0;36.0;48.0;54.0,4,11,,1,40,2,1,50:2B:73,Unknown,0,276
85511,SanD-JioFiber_EXT,8C:90:2D:3B:B6:5A,-88,11,401,100,3078246816,WPA2,1,0,1,8,1.0;2.0;5.5;11.0;9.0;18.0;36.0;54.0;6.0;12.0;24.0;48.0,4,11,,1,20,2,0,8C:90:2D,Unknown,0,223
85560,JVACT1,A4:2B:B0:01:A6:3A,-88,11,3309,100,803550618498,WPA2,1,0,1,8,1.0;2.0;5.5;11.0;9.0;18.0;36.0;54.0;6.0;12.0;24.0;48.0,4,11,,1,40,2,0,A4:2B:B0,Unknown,0,260
85613,SanD-JioFiber,BA:A9:15:4E:AF:EE,-82,11,2227,100,802645709197,WPA2,1,0,1,8,1.0;2.0;5.5;11.0;18.0;24.0;36.0;54.0;6.0;9.0;12.0;48.0,4,11,IN,1,40,2,1,BA:A9:15,Unknown,0,233
85665,Cctv,50:2B:73:FD:4F:28,-91,11,1356,100,501719142800,WPA2,1,0,1,8,1.0;2.0;5.5;11.0;6.0;9.0;12.0;18.0;24.0;36.0;48.0;54.0,4,11,,1,40,2,1,50:2B:73,Unknown,0,276
85719,SanD-JioFiber,BA:A9:15:4E:AF:EE,-83,12,2228,100,802645811591,WPA2,1,0,1,8,1.0;2.0;5.5;11.0;18.0;24.0;36.0;54.0;6.0;9.0;12.0;48.0,4,11,IN,1,40,2,1,BA:A9:15,Unknown,0,233
85771,Cctv,50:2B:73:FD:4F:28,-92,12,1357,100,501719245191,WPA2,1,0,1,8,1.0;2.0;5.5;11.0;6.0;9.0;12.0;18.0;24.0;36.0;48.0;54.0,4,11,,1,40,2,1,50:2B:73,Unknown,0,276
85824,Sekar,3C:84:6A:7B:AF:FE,-92,12,2968,100,294743347530,WPA2,1,0,1,8,1.0;2.0;5.5;11.0;9.0;18.0;36.0;54.0;6.0;12.0;24.0;48.0,4,11,,1,40,2,0,3C:84:6A,Unknown,0,259
85876,SanD-JioFiber_EXT,8C:90:2D:3B:B6:5A,-91,12,403,100,3078451620,WPA2,1,0,1,8,1.0;2.0;5.5;11.0;9.0;18.0;36.0;54.0;6.0;12.0;24.0;48.0,4,11,,1,20,2,0,8C:90:2D,Unknown,0,223
85919,SanD-JioFiber,BA:A9:15:4E:AF:EE,-83,12,2229,100,802645914127,WPA2,1,0,1,8,1.0;2.0;5.5;11.0;18.0;24.0;36.0;54.0;6.0;9.0;12.0;48.0,4,11,IN,1,40,2,1,BA:A9:15,Unknown,0,233
85982,Cctv,50:2B:73:FD:4F:28,-96,12,1358,100,501719347582,WPA2,1,0,1,8,1.0;2.0;5.5;11.0;6.0;9.0;12.0;18.0;24.0;36.0;48.0;54.0,4,11,,1,40,2,1,50:2B:73,Unknown,0,276
86025,SanD-JioFiber_EXT,8C:90:2D:3B:B6:5A,-90,12,404,100,3078554002,WPA2,1,0,1,8,1.0;2.0;5.5;11.0;9.0;18.0;36.0;54.0;6.0;12.0;24.0;48.0,4,11,,1,20,2,0,8C:90:2D,Unknown,0,223
86559,JVACT1,A4:2B:B0:01:A6:3A,-91,12,3312,100,803550925682,WPA2,1,0,1,8,1.0;2.0;5.5;11.0;9.0;18.0;36.0;54.0;6.0;12.0;24.0;48.0,4,11,,1,40,2,0,A4:2B:B0,Unknown,0,260
86607,Satz,10:27:F5:5C:C6:A3,-85,2,2986,100,803529216398,WPA2,1,0,1,8,1.0;2.0;5.5;11.0;18.0;24.0;36.0;54.0;6.0;9.0;12.0;48.0,4,3,,1,40,2,1,10:27:F5,Unknown,0,254
86712,VKS_4G_1,60:A4:B7:D0:B1:75,-89,2,467,100,38214758716,WPA2,1,0,1,8,1.0;2.0;5.5;11.0;9.0;18.0;36.0;54.0;6.0;12.0;24.0;48.0,4,1,,1,40,2,1,60:A4:B7,Unknown,0,238
86758,JVACT,F0:A7:31:F8:68:16,-80,2,2028,100,767488320,WPA2,1,0,1,8,1.0;2.0;5.5;11.0;9.0;18.0;36.0;54.0;6.0;12.0;24.0;48.0,4,1,,1,40,2,1,F0:A7:31,Unknown,0,235
86811,Satz,10:27:F5:5C:C6:A3,-79,2,2987,100,803529421210,WPA2,1,0,1,8,1.0;2.0;5.5;11.0;18.0;24.0;36.0;54.0;6.0;9.0;12.0;48.0,4,3,,1,40,2,1,10:27:F5,Unknown,0,254
86860,JVACT,F0:A7:31:F8:68:16,-80,3,2030,100,767590715,WPA2,1,0,1,8,1.0;2.0;5.5;11.0;9.0;18.0;36.0;54.0;6.0;12.0;24.0;48.0,4,1,,1,40,2,1,F0:A7:31,Unknown,0,235
86914,Satz,10:27:F5:5C:C6:A3,-83,3,2988,100,803529523607,WPA2,1,0,1,8,1.0;2.0;5.5;11.0;18.0;24.0;36.0;54.0;6.0;9.0;12.0;48.0,4,3,,1,40,2,1,10:27:F5,Unknown,0,254
87114,JioFiber-satz,C0:68:CC:6E:74:72,-86,4,3744,100,11374183366,WPA2,1,0,1,8,1.0;2.0;5.5;11.0;9.0;18.0;36.0;54.0;6.0;12.0;24.0;48.0,4,6,IN,1,20,2,1,C0:68:CC,Unknown,0,245
87167,Satz,10:27:F5:5C:C6:A3,-86,4,2990,100,803529728391,WPA2,1,0,1,8,1.0;2.0;5.5;11.0;18.0;24.0;36.0;54.0;6.0;9.0;12.0;48.0,4,3,,1,40,2,1,10:27:F5,Unknown,0,254
87422,JioFiber-satz,C0:68:CC:6E:74:72,-81,5,3747,100,11374491172,WPA2,1,0,1,8,1.0;2.0;5.5;11.0;9.0;18.0;36.0;54.0;6.0;12.0;24.0;48.0,4,6,IN,1,20,2,1,C0:68:CC,Unknown,0,245
87475,Airtel__dontuse,30:BD:13:27:87:96,-83,5,3092,100,180431257622,WPA2,1,0,1,8,1.0;2.0;5.5;11.0;6.0;9.0;12.0;18.0;24.0;36.0;48.0;54.0,4,6,IN,1,20,2,1,30:BD:13,Unknown,0,311
87523,JioFiber-satz,C0:68:CC:6E:74:72,-80,5,3748,100,11374592402,WPA2,1,0,1,8,1.0;2.0;5.5;11.0;9.0;18.0;36.0;54.0;6.0;12.0;24.0;48.0,4,6,IN,1,20,2,1,C0:68:CC,Unknown,0,245
87628,JioFiber-satz,C0:68:CC:6E:74:72,-75,6,3749,100,11374696910,WPA2,1,0,1,8,1.0;2.0;5.5;11.0;9.0;18.0;36.0;54.0;6.0;12.0;24.0;48.0,4,6,IN,1,20,2,1,C0:68:CC,Unknown,0,245
87681,babu_5G,CA:78:C9:FE:B1:30,-89,6,651,100,9806029206,WPA2,1,0,1,8,1.0;2.0;5.5;11.0;18.0;24.0;36.0;54.0;6.0;9.0;12.0;48.0,4,6,IN,1,40,2,1,CA:78:C9,Unknown,0,227
87728,JioFiber-satz,C0:68:CC:6E:74:72,-76,6,3750,100,11374797228,WPA2,1,0,1,8,1.0;2.0;5.5;11.0;9.0;18.0;36.0;54.0;6.0;12.0;24.0;48.0,4,6,IN,1,20,2,1,C0:68:CC,Unknown,0,245
87810,JioFiber-CqkfQ,9A:78:C9:62:4F:27,-96,6,3835,100,803526349212,WPA2,1,0,1,8,1.0;2.0;5.5;11.0;18.0;24.0;36.0;54.0;6.0;9.0;12.0;48.0,4,6,IN,1,40,2,1,9A:78:C9,Unknown,0,234
87864,JioFiber-satz,C0:68:CC:6E:74:72,-76,6,3751,100,11374900472,WPA2,1,0,1,8,1.0;2.0;5.5;11.0;9.0;18.0;36.0;54.0;6.0;12.0;24.0;48.0,4,6,IN,1,20,2,1,C0:68:CC,Unknown,0,245
87906,Airtel__dontuse,30:BD:13:27:87:96,-86,7,3096,100,180431667230,WPA2,1,0,1,8,1.0;2.0;5.5;11.0;6.0;9.0;12.0;18.0;24.0;36.0;48.0;54.0,4,6,IN,1,20,2,1,30:BD:13,Unknown,0,311
87959,JioFiber-satz,C0:68:CC:6E:74:72,-79,7,3752,100,11375002900,WPA2,1,0,1,8,1.0;2.0;5.5;11.0;9.0;18.0;36.0;54.0;6.0;12.0;24.0;48.0,4,6,IN,1,20,2,1,C0:68:CC,Unknown,0,245
88012,DIRECT-dQ-BRAVIA,B2:10:41:BD:D6:51,-85,7,3558,100,2369229184,WPA2,1,1,1,8,6.0;9.0;12.0;18.0;24.0;36.0;48.0;54.0,0,7,,1,20,2,0,B2:10:41,Unknown,0,263
88060,JioFiber-satz,C0:68:CC:6E:74:72,-78,7,3753,100,11375104414,WPA2,1,0,1,8,1.0;2.0;5.5;11.0;9.0;18.0;36.0;54.0;6.0;12.0;24.0;48.0,4,6,IN,1,20,2,1,C0:68:CC,Unknown,0,245
88114,DIRECT-dQ-BRAVIA,B2:10:41:BD:D6:51,-86,7,3560,100,2369331584,WPA2,1,1,1,8,6.0;9.0;12.0;18.0;24.0;36.0;48.0;54.0,0,7,,1,20,2,0,B2:10:41,Unknown,0,263
88730,SanD-JioFiber_EXT,8C:90:2D:3B:B6:5A,-93,10,442,100,3081528169,WPA2,1,0,1,8,1.0;2.0;5.5;11.0;9.0;18.0;36.0;54.0;6.0;12.0;24.0;48.0,4,11,,1,20,2,0,8C:90:2D,Unknown,0,223
88892,SanD-JioFiber,BA:A9:15:4E:AF:EE,-83,11,2260,100,802649093212,WPA2,1,0,1,8,1.0;2.0;5.5;11.0;18.0;24.0;36.0;54.0;6.0;9.0;12.0;48.0,4,11,IN,1,40,2,1,BA:A9:15,Unknown,0,233
88935,SanD-JioFiber_EXT,8C:90:2D:3B:B6:5A,-90,11,444,100,3081728395,WPA2,1,0,1,8,1.0;2.0;5.5;11.0;9.0;18.0;36.0;54.0;6.0;12.0;24.0;48.0,4,11,,1,20,2,0,8C:90:2D,Unknown,0,223
88998,JVACT1,A4:2B:B0:01:A6:3A,-88,11,3343,100,803554100062,WPA2,1,0,1,8,1.0;2.0;5.5;11.0;9.0;18.0;36.0;54.0;6.0;12.0;24.0;48.0,4,11,,1,40,2,0,A4:2B:B0,Unknown,0,260
89051,SanD-JioFiber,BA:A9:15:4E:AF:EE,-84,11,2261,100,802649191852,WPA2,1,0,1,8,1.0;2.0;5.5;11.0;18.0;24.0;36.0;54.0;6.0;9.0;12.0;48.0,4,11,IN,1,40,2,1,BA:A9:15,Unknown,0,233
89093,Sekar,3C:84:6A:7B:AF:FE,-93,11,3001,100,294746726759,WPA2,1,0,1,8,1.0;2.0;5.5;11.0;9.0;18.0;36.0;54.0;6.0;12.0;24.0;48.0,4,11,,1,40,2,0,3C:84:6A,Unknown,0,259
89145,SanD-JioFiber_EXT,8C:90:2D:3B:B6:5A,-92,11,445,100,3081831491,WPA2,1,0,1,8,1.0;2.0;5.5;11.0;9.0;18.0;36.0;54.0;6.0;12.0;24.0;48.0,4,11,,1,20,2,0,8C:90:2D,Unknown,0,223
89188,JVACT1,A4:2B:B0:01:A6:3A,-89,11,3344,100,803554203158,WPA2,1,0,1,8,1.0;2.0;5.5;11.0;9.0;18.0;36.0;54.0;6.0;12.0;24.0;48.0,4,11,,1,40,2,0,A4:2B:B0,Unknown,0,260
89252,SanD-JioFiber,BA:A9:15:4E:AF:EE,-81,11,2265,100,802649293244,WPA2,1,0,1,8,1.0;2.0;5.5;11.0;18.0;24.0;36.0;54.0;6.0;9.0;12.0;48.0,4,11,IN,1,40,2,1,BA:A9:15,Unknown,0,233
89625,JVACT,F0:A7:31:F8:68:16,-82,1,2084,100,770355546,WPA2,1,0,1,8,1.0;2.0;5.5;11.0;9.0;18.0;36.0;54.0;6.0;12.0;24.0;48.0,4,1,,1,40,2,1,F0:A7:31,Unknown,0,235
89668,JVACT5G,F2:A7:31:F9:68:16,-79,1,2085,100,770357635,WPA2,1,0,1,8,1.0;2.0;5.5;11.0;9.0;18.0;36.0;54.0;6.0;12.0;24.0;48.0,4,1,,1,40,2,1,F2:A7:31,Unknown,0,237
89730,JioFiber_24GH_KRR,A8:88:1F:20:7B:61,-85,1,2014,100,284210586016,WPA2,1,0,1,8,1.0;2.0;5.5;11.0;9.0;18.0;36.0;54.0;6.0;12.0;24.0;48.0,4,1,IN,1,20,2,1,A8:88:1F,Unknown,0,290
89773,VKS_4G_1,60:A4:B7:D0:B1:75,-89,1,496,100,38217728343,WPA2,1,0,1,8,1.0;2.0;5.5;11.0;9.0;18.0;36.0;54.0;6.0;12.0;24.0;48.0,4,1,,1,40,2,1,60:A4:B7,Unknown,0,238
89821,JVACT,F0:A7:31:F8:68:16,-83,1,2086,100,770457945,WPA2,1,0,1,8,1.0;2.0;5.5;11.0;9.0;18.0;36.0;54.0;6.0;12.0;24.0;48.0,4,1,,1,40,2,1,F0:A7:31,Unknown,0,235
89874,JVACT5G,F2:A7:31:F9:68:16,-79,1,2087,100,770460035,WPA2,1,0,1,8,1.0;2.0;5.5;11.0;9.0;18.0;36.0;54.0;6.0;12.0;24.0;48.0,4,1,,1,40,2,1,F2:A7:31,Unknown,0,237
89926,JioFiber_24GH_KRR,A8:88:1F:20:7B:61,-85,1,2015,100,284210688566,WPA2,1,0,1,8,1.0;2.0;5.5;11.0;9.0;18.0;36.0;54.0;6.0;12.0;24.0;48.0,4,1,IN,1,20,2,1,A8:88:1F,Unknown,0,290
89980,JVACT,F0:A7:31:F8:68:16,-82,1,2088,100,770560351,WPA2,1,0,1,8,1.0;2.0;5.5;11.0;9.0;18.0;36.0;54.0;6.0;12.0;24.0;48.0,4,1,,1,40,2,1,F0:A7:31,Unknown,0,235
90022,JVACT5G,F2:A7:31:F9:68:16,-82,1,2089,100,770562441,WPA2,1,0,1,8,1.0;2.0;5.5;11.0;9.0;18.0;36.0;54.0;6.0;12.0;24.0;48.0,4,1,,1,40,2,1,F2:A7:31,Unknown,0,237
90082,Satz,10:27:F5:5C:C6:A3,-83,1,3018,100,803532493202,WPA2,1,0,1,8,1.0;2.0;5.5;11.0;18.0;24.0;36.0;54.0;6.0;9.0;12.0;48.0,4,3,,1,40,2,1,10:27:F5,Unknown,0,254
90134,VKS_4G_1,60:A4:B7:D0:B1:75,-89,1,498,100,38217933145,WPA2,1,0,1,8,1.0;2.0;5.5;11.0;9.0;18.0;36.0;54.0;6.0;12.0;24.0;48.0,4,1,,1,40,2,1,60:A4:B7,Unknown,0,238
90178,Satz,10:27:F5:5C:C6:A3,-75,2,3019,100,803532595895,WPA2,1,0,1,8,1.0;2.0;5.5;11.0;18.0;24.0;36.0;54.0;6.0;9.0;12.0;48.0,4,3,,1,40,2,1,10:27:F5,Unknown,0,254
90230,VKS_4G_1,60:A4:B7:D0:B1:75,-90,2,499,100,38218035548,WPA2,1,0,1,8,1.0;2.0;5.5;11.0;9.0;18.0;36.0;54.0;6.0;12.0;24.0;48.0,4,1,,1,40,2,1,60:A4:B7,Unknown,0,238
90272,JVACT,F0:A7:31:F8:68:16,-81,2,2092,100,770765148,WPA2,1,0,1,8,1.0;2.0;5.5;11.0;9.0;18.0;36.0;54.0;6.0;12.0;24.0;48.0,4,1,,1,40,2,1,F0:A7:31,Unknown,0,235
90333,Satz,10:27:F5:5C:C6:A3,-88,2,3020,100,803532698003,WPA2,1,0,1,8,1.0;2.0;5.5;11.0;18.0;24.0;36.0;54.0;6.0;9.0;12.0;48.0,4,3,,1,40,2,1,10:27:F5,Unknown,0,254
90387,Satz,10:27:F5:5C:C6:A3,-69,3,3021,100,803532800535,WPA2,1,0,1,8,1.0;2.0;5.5;11.0;18.0;24.0;36.0;54.0;6.0;9.0;12.0;48.0,4,3,,1,40,2,1,10:27:F5,Unknown,0,254
90439,Satz,10:27:F5:5C:C6:A3,-74,3,3022,100,803532903796,WPA2,1,0,1,8,1.0;2.0;5.5;11.0;18.0;24.0;36.0;54.0;6.0;9.0;12.0;48.0,4,3,,1,40,2,1,10:27:F5,Unknown,0,254
90481,JVACT,F0:A7:31:F8:68:16,-86,3,2098,100,771072352,WPA2,1,0,1,8,1.0;2.0;5.5;11.0;9.0;18.0;36.0;54.0;6.0;12.0;24.0;48.0,4,1,,1,40,2,1,F0:A7:31,Unknown,0,235
90534,Satz,10:27:F5:5C:C6:A3,-85,4,3024,100,803533107609,WPA2,1,0,1,8,1.0;2.0;5.5;11.0;18.0;24.0;36.0;54.0;6.0;9.0;12.0;48.0,4,3,,1,40,2,1,10:27:F5,Unknown,0,254
90628,NISHA-SEN,D8:0D:17:F6:48:8A,-92,5,2092,100,121296998784,WPA2,1,1,1,8,1.0;2.0;5.5;11.0;6.0;9.0;12.0;18.0;24.0;36.0;48.0;54.0,4,5,,1,40,3,1,D8:0D:17,Unknown,0,272
90681,babu_5G,CA:78:C9:FE:B1:30,-87,5,723,100,9808998796,WPA2,1,0,1,8,1.0;2.0;5.5;11.0;18.0;24.0;36.0;54.0;6.0;9.0;12.0;48.0,4,6,IN,1,40,2,1,CA:78:C9,Unknown,0,227
90734,suresh4G,CA:78:C9:FE:B1:3C,-88,5,724,100,9809000823,WPA2,1,0,1,8,1.0;2.0;5.5;11.0;18.0;24.0;36.0;54.0;6.0;9.0;12.0;48.0,4,6,IN,1,40,2,1,CA:78:C9,Unknown,0,228
90776,Airtel__dontuse,30:BD:13:27:87:96,-81,5,3123,100,180434432022,WPA2,1,0,1,8,1.0;2.0;5.5;11.0;6.0;9.0;12.0;18.0;24.0;36.0;48.0;54.0,4,6,IN,1,20,2,1,30:BD:13,Unknown,0,311
90829,JioFiber-satz,C0:68:CC:6E:74:72,-81,5,3779,100,11377766979,WPA2,1,0,1,8,1.0;2.0;5.5;11.0;9.0;18.0;36.0;54.0;6.0;12.0;24.0;48.0,4,6,IN,1,20,2,1,C0:68:CC,Unknown,0,245
90893,NISHA-SEN,D8:0D:17:F6:48:8A,-90,5,2093,100,121297101184,WPA2,1,1,1,8,1.0;2.0;5.5;11.0;6.0;9.0;12.0;18.0;24.0;36.0;48.0;54.0,4,5,,1,40,3,1,D8:0D:17,Unknown,0,272
90935,babu_5G,CA:78:C9:FE:B1:30,-88,5,725,100,9809102210,WPA2,1,0,1,8,1.0;2.0;5.5;11.0;18.0;24.0;36.0;54.0;6.0;9.0;12.0;48.0,4,6,IN,1,40,2,1,CA:78:C9,Unknown,0,227
90988,Airtel__dontuse,30:BD:13:27:87:96,-81,5,3124,100,180434535424,WPA2,1,0,1,8,1.0;2.0;5.5;11.0;6.0;9.0;12.0;18.0;24.0;36.0;48.0;54.0,4,6,IN,1,20,2,1,30:BD:13,Unknown,0,311
91041,babu_5G,CA:78:C9:FE:B1:30,-90,5,727,100,9809203607,WPA2,1,0,1,8,1.0;2.0;5.5;11.0;18.0;24.0;36.0;54.0;6.0;9.0;12.0;48.0,4,6,IN,1,40,2,1,CA:78:C9,Unknown,0,227
91084,suresh4G,CA:78:C9:FE:B1:3C,-88,5,728,100,9809205634,WPA2,1,0,1,8,1.0;2.0;5.5;11.0;18.0;24.0;36.0;54.0;6.0;9.0;12.0;48.0,4,6,IN,1,40,2,1,CA:78:C9,Unknown,0,228
91134,Airtel__dontuse,30:BD:13:27:87:96,-81,5,3125,100,180434636822,WPA2,1,0,1,8,1.0;2.0;5.5;11.0;6.0;9.0;12.0;18.0;24.0;36.0;48.0;54.0,4,6,IN,1,20,2,1,30:BD:13,Unknown,0,311
91187,JioFiber-satz,C0:68:CC:6E:74:72,-81,5,3781,100,11377971597,WPA2,1,0,1,8,1.0;2.0;5.5;11.0;9.0;18.0;36.0;54.0;6.0;12.0;24.0;48.0,4,6,IN,1,20,2,1,C0:68:CC,Unknown,0,245
91240,babu_5G,CA:78:C9:FE:B1:30,-85,6,731,100,9809408417,WPA2,1,0,1,8,1.0;2.0;5.5;11.0;18.0;24.0;36.0;54.0;6.0;9.0;12.0;48.0,4,6,IN,1,40,2,1,CA:78:C9,Unknown,0,227
91283,suresh4G,CA:78:C9:FE:B1:3C,-84,6,732,100,9809410581,WPA2,1,0,1,8,1.0;2.0;5.5;11.0;18.0;24.0;36.0;54.0;6.0;9.0;12.0;48.0,4,6,IN,1,40,2,1,CA:78:C9,Unknown,0,228
91335,Airtel__dontuse,30:BD:13:27:87:96,-78,6,3127,100,180434841784,WPA2,1,0,1,8,1.0;2.0;5.5;11.0;6.0;9.0;12.0;18.0;24.0;36.0;48.0;54.0,4,6,IN,1,20,2,1,30:BD:13,Unknown,0,311
91396,VKS_4G,FC:7A:58:1B:1B:9A,-91,6,354,100,544077517258,WPA2,1,0,1,8,1.0;2.0;5.5;11.0;9.0;18.0;36.0;54.0;6.0;12.0;24.0;48.0,4,6,IN,1,20,2,1,FC:7A:58,Unknown,0,356
91449,suresh4G,CA:78:C9:FE:B1:3C,-85,7,736,100,9809615245,WPA2,1,0,1,8,1.0;2.0;5.5;11.0;18.0;24.0;36.0;54.0;6.0;9.0;12.0;48.0,4,6,IN,1,40,2,1,CA:78:C9,Unknown,0,228
91492,Airtel__dontuse,30:BD:13:27:87:96,-79,7,3129,100,180435046467,WPA2,1,0,1,8,1.0;2.0;5.5;11.0;6.0;9.0;12.0;18.0;24.0;36.0;48.0;54.0,4,6,IN,1,20,2,1,30:BD:13,Unknown,0,311
91544,JioFiber-satz,C0:68:CC:6E:74:72,-82,7,3785,100,11378381224,WPA2,1,0,1,8,1.0;2.0;5.5;11.0;9.0;18.0;36.0;54.0;6.0;12.0;24.0;48.0,4,6,IN,1,20,2,1,C0:68:CC,Unknown,0,245
91597,DIRECT-dQ-BRAVIA,B2:10:41:BD:D6:51,-84,7,3616,100,2372608384,WPA2,1,1,1,8,6.0;9.0;12.0;18.0;24.0;36.0;48.0;54.0,0,7,,1,20,2,0,B2:10:41,Unknown,0,263
91960,SanD-JioFiber,BA:A9:15:4E:AF:EE,-93,10,2294,100,802652160397,WPA2,1,0,1,8,1.0;2.0;5.5;11.0;18.0;24.0;36.0;54.0;6.0;9.0;12.0;48.0,4,11,IN,1,40,2,1,BA:A9:15,Unknown,0,233
92012,Cctv,50:2B:73:FD:4F:28,-91,10,1419,100,501725593991,WPA2,1,0,1,8,1.0;2.0;5.5;11.0;6.0;9.0;12.0;18.0;24.0;36.0;48.0;54.0,4,11,,1,40,2,1,50:2B:73,Unknown,0,276
92093,Cctv,50:2B:73:FD:4F:28,-92,10,1420,100,501725696382,WPA2,1,0,1,8,1.0;2.0;5.5;11.0;6.0;9.0;12.0;18.0;24.0;36.0;48.0;54.0,4,11,,1,40,2,1,50:2B:73,Unknown,0,276
92164,SanD-JioFiber,BA:A9:15:4E:AF:EE,-91,11,2296,100,802652365210,WPA2,1,0,1,8,1.0;2.0;5.5;11.0;18.0;24.0;36.0;54.0;6.0;9.0;12.0;48.0,4,11,IN,1,40,2,1,BA:A9:15,Unknown,0,233
92217,Cctv,50:2B:73:FD:4F:28,-91,11,1421,100,501725798791,WPA2,1,0,1,8,1.0;2.0;5.5;11.0;6.0;9.0;12.0;18.0;24.0;36.0;48.0;54.0,4,11,,1,40,2,1,50:2B:73,Unknown,0,276
92279,Sekar,3C:84:6A:7B:AF:FE,-94,11,3032,100,294749901127,WPA2,1,0,1,8,1.0;2.0;5.5;11.0;9.0;18.0;36.0;54.0;6.0;12.0;24.0;48.0,4,11,,1,40,2,0,3C:84:6A,Unknown,0,259
92332,SanD-JioFiber_EXT,8C:90:2D:3B:B6:5A,-90,11,485,100,3085005209,WPA2,1,0,1,8,1.0;2.0;5.5;11.0;9.0;18.0;36.0;54.0;6.0;12.0;24.0;48.0,4,11,,1,20,2,0,8C:90:2D,Unknown,0,223
92375,JVACT1,A4:2B:B0:01:A6:3A,-89,11,3375,100,803557376863,WPA2,1,0,1,8,1.0;2.0;5.5;11.0;9.0;18.0;36.0;54.0;6.0;12.0;24.0;48.0,4,11,,1,40,2,0,A4:2B:B0,Unknown,0,260
92427,Cctv,50:2B:73:FD:4F:28,-91,11,1422,100,501725901200,WPA2,1,0,1,8,1.0;2.0;5.5;11.0;6.0;9.0;12.0;18.0;24.0;36.0;48.0;54.0,4,11,,1,40,2,1,50:2B:73,Unknown,0,276
92480,JVACT1,A4:2B:B0:01:A6:3A,-89,11,3376,100,803557479284,WPA2,1,0,1,8,1.0;2.0;5.5;11.0;9.0;18.0;36.0;54.0;6.0;12.0;24.0;48.0,4,11,,1,40,2,0,A4:2B:B0,Unknown,0,260
92532,SanD-JioFiber_EXT,8C:90:2D:3B:B6:5A,-93,12,493,100,3085209994,WPA2,1,0,1,8,1.0;2.0;5.5;11.0;9.0;18.0;36.0;54.0;6.0;12.0;24.0;48.0,4,11,,1,20,2,0,8C:90:2D,Unknown,0,223
92856,VKS_4G_1,60:A4:B7:D0:B1:75,-90,1,527,100,38220902712,WPA2,1,0,1,8,1.0;2.0;5.5;11.0;9.0;18.0;36.0;54.0;6.0;12.0;24.0;48.0,4,1,,1,40,2,1,60:A4:B7,Unknown,0,238
92909,JioFiber-3TFFK,E8:22:B8:12:3E:9A,-93,1,686,100,803492352407,WPA2,1,0,1,8,1.0;2.0;5.5;11.0;9.0;18.0;36.0;54.0;6.0;12.0;24.0;48.0,4,1,IN,1,20,2,1,E8:22:B8,Unknown,0,287
92951,JVACT,F0:A7:31:F8:68:16,-80,1,2148,100,773632318,WPA2,1,0,1,8,1.0;2.0;5.5;11.0;9.0;18.0;36.0;54.0;6.0;12.0;24.0;48.0,4,1,,1,40,2,1,F0:A7:31,Unknown,0,235
93004,JVACT5G,F2:A7:31:F9:68:16,-81,1,2149,100,773634407,WPA2,1,0,1,8,1.0;2.0;5.5;11.0;9.0;18.0;36.0;54.0;6.0;12.0;24.0;48.0,4,1,,1,40,2,1,F2:A7:31,Unknown,0,237
93065,JioFiber_24GH_KRR,A8:88:1F:20:7B:61,-82,1,2050,100,284213862827,WPA2,1,0,1,8,1.0;2.0;5.5;11.0;9.0;18.0;36.0;54.0;6.0;12.0;24.0;48.0,4,1,IN,1,20,2,1,A8:88:1F,Unknown,0,290
93108,VKS_4G_1,60:A4:B7:D0:B1:75,-89,1,528,100,38221005112,WPA2,1,0,1,8,1.0;2.0;5.5;11.0;9.0;18.0;36.0;54.0;6.0;12.0;24.0;48.0,4,1,,1,40,2,1,60:A4:B7,Unknown,0,238
93171,JioFiber-3TFFK,E8:22:B8:12:3E:9A,-94,1,687,100,803492454798,WPA2,1,0,1,8,1.0;2.0;5.5;11.0;9.0;18.0;36.0;54.0;6.0;12.0;24.0;48.0,4,1,IN,1,20,2,1,E8:22:B8,Unknown,0,287
93213,JVACT,F0:A7:31:F8:68:16,-80,1,2150,100,773734713,WPA2,1,0,1,8,1.0;2.0;5.5;11.0;9.0;18.0;36.0;54.0;6.0;12.0;24.0;48.0,4,1,,1,40,2,1,F0:A7:31,Unknown,0,235
93266,JVACT5G,F2:A7:31:F9:68:16,-82,1,2151,100,773736803,WPA2,1,0,1,8,1.0;2.0;5.5;11.0;9.0;18.0;36.0;54.0;6.0;12.0;24.0;48.0,4,1,,1,40,2,1,F2:A7:31,Unknown,0,237
93318,Satz,10:27:F5:5C:C6:A3,-80,2,3055,100,803535769994,WPA2,1,0,1,8,1.0;2.0;5.5;11.0;18.0;24.0;36.0;54.0;6.0;9.0;12.0;48.0,4,3,,1,40,2,1,10:27:F5,Unknown,0,254
93370,VKS_4G_1,60:A4:B7:D0:B1:75,-89,2,530,100,38221209921,WPA2,1,0,1,8,1.0;2.0;5.5;11.0;9.0;18.0;36.0;54.0;6.0;12.0;24.0;48.0,4,1,,1,40,2,1,60:A4:B7,Unknown,0,238
93413,JVACT,F0:A7:31:F8:68:16,-82,2,2154,100,773939518,WPA2,1,0,1,8,1.0;2.0;5.5;11.0;9.0;18.0;36.0;54.0;6.0;12.0;24.0;48.0,4,1,,1,40,2,1,F0:A7:31,Unknown,0,235
93465,JVACT5G,F2:A7:31:F9:68:16,-83,2,2155,100,773941608,WPA2,1,0,1,8,1.0;2.0;5.5;11.0;9.0;18.0;36.0;54.0;6.0;12.0;24.0;48.0,4,1,,1,40,2,1,F2:A7:31,Unknown,0,237
93508,JVACT,F0:A7:31:F8:68:16,-77,2,2156,100,774041918,WPA2,1,0,1,8,1.0;2.0;5.5;11.0;9.0;18.0;36.0;54.0;6.0;12.0;24.0;48.0,4,1,,1,40,2,1,F0:A7:31,Unknown,0,235
93560,JVACT5G,F2:A7:31:F9:68:16,-79,2,2157,100,774044008,WPA2,1,0,1,8,1.0;2.0;5.5;11.0;9.0;18.0;36.0;54.0;6.0;12.0;24.0;48.0,4,1,,1,40,2,1,F2:A7:31,Unknown,0,237
93612,JVACT,F0:A7:31:F8:68:16,-78,2,2158,100,774144320,WPA2,1,0,1,8,1.0;2.0;5.5;11.0;9.0;18.0;36.0;54.0;6.0;12.0;24.0;48.0,4,1,,1,40,2,1,F0:A7:31,Unknown,0,235
93654,JVACT5G,F2:A7:31:F9:68:16,-78,2,2159,100,774146409,WPA2,1,0,1,8,1.0;2.0;5.5;11.0;9.0;18.0;36.0;54.0;6.0;12.0;24.0;48.0,4,1,,1,40,2,1,F2:A7:31,Unknown,0,237
93708,.,9C:A2:F4:D7:B6:BF,-95,3,3680,100,700039578009,WPA2,1,0,1,8,1.0;2.0;5.5;11.0;9.0;18.0;36.0;54.0;6.0;12.0;24.0;48.0,4,3,,1,40,2,1,9C:A2:F4,Unknown,0,376
93761,Satz,10:27:F5:5C:C6:A3,-77,3,3059,100,803536179591,WPA2,1,0,1,8,1.0;2.0;5.5;11.0;18.0;24.0;36.0;54.0;6.0;9.0;12.0;48.0,4,3,,1,40,2,1,10:27:F5,Unknown,0,254
93822,.,9C:A2:F4:D7:B6:BF,-93,3,3686,100,700039680427,WPA2,1,0,1,8,1.0;2.0;5.5;11.0;9.0;18.0;36.0;54.0;6.0;12.0;24.0;48.0,4,3,,1,40,2,1,9C:A2:F4,Unknown,0,376
93874,Satz,10:27:F5:5C:C6:A3,-79,3,3060,100,803536282007,WPA2,1,0,1,8,1.0;2.0;5.5;11.0;18.0;24.0;36.0;54.0;6.0;9.0;12.0;48.0,4,3,,1,40,2,1,10:27:F5,Unknown,0,254
93917,Satz,10:27:F5:5C:C6:A3,-82,4,3061,100,803536384390,WPA2,1,0,1,8,1.0;2.0;5.5;11.0;18.0;24.0;36.0;54.0;6.0;9.0;12.0;48.0,4,3,,1,40,2,1,10:27:F5,Unknown,0,254
93970,Airtel__dontuse,30:BD:13:27:87:96,-89,5,3155,100,180437708969,WPA2,1,0,1,8,1.0;2.0;5.5;11.0;6.0;9.0;12.0;18.0;24.0;36.0;48.0;54.0,4,6,IN,1,20,2,1,30:BD:13,Unknown,0,311
94023,NISHA-SEN,D8:0D:17:F6:48:8A,-91,5,2131,100,121300380141,WPA2,1,1,1,8,1.0;2.0;5.5;11.0;6.0;9.0;12.0;18.0;24.0;36.0;48.0;54.0,4,5,,1,40,3,1,D8:0D:17,Unknown,0,272
94084,babu_5G,CA:78:C9:FE:B1:30,-85,5,789,100,9812378011,WPA2,1,0,1,8,1.0;2.0;5.5;11.0;18.0;24.0;36.0;54.0;6.0;9.0;12.0;48.0,4,6,IN,1,40,2,1,CA:78:C9,Unknown,0,227
94137,JioFiber-satz,C0:68:CC:6E:74:72,-76,5,3812,100,11381146021,WPA2,1,0,1,8,1.0;2.0;5.5;11.0;9.0;18.0;36.0;54.0;6.0;12.0;24.0;48.0,4,6,IN,1,20,2,1,C0:68:CC,Unknown,0,245
94190,NISHA-SEN,D8:0D:17:F6:48:8A,-92,5,2134,100,121300486428,WPA2,1,1,1,8,1.0;2.0;5.5;11.0;6.0;9.0;12.0;18.0;24.0;36.0;48.0;54.0,4,5,,1,40,3,1,D8:0D:17,Unknown,0,272
94243,suresh4G,CA:78:C9:FE:B1:3C,-88,5,792,100,9812482436,WPA2,1,0,1,8,1.0;2.0;5.5;11.0;18.0;24.0;36.0;54.0;6.0;9.0;12.0;48.0,4,6,IN,1,40,2,1,CA:78:C9,Unknown,0,228
94295,JioFiber-satz,C0:68:CC:6E:74:72,-75,5,3813,100,11381248415,WPA2,1,0,1,8,1.0;2.0;5.5;11.0;9.0;18.0;36.0;54.0;6.0;12.0;24.0;48.0,4,6,IN,1,20,2,1,C0:68:CC,Unknown,0,245
94345,Charleshome_5g,62:A4:B7:D1:B1:81,-92,6,2175,100,17880271294,WPA2,1,0,1,8,1.0;2.0;5.5;11.0;9.0;18.0;36.0;54.0;6.0;12.0;24.0;48.0,4,6,,1,40,2,1,62:A4:B7,Unknown,0,244
94398,suresh4G,CA:78:C9:FE:B1:3C,-82,6,794,100,9812584845,WPA2,1,0,1,8,1.0;2.0;5.5;11.0;18.0;24.0;36.0;54.0;6.0;9.0;12.0;48.0,4,6,IN,1,40,2,1,CA:78:C9,Unknown,0,228
94440,Airtel__dontuse,30:BD:13:27:87:96,-83,6,3158,100,180438016209,WPA2,1,0,1,8,1.0;2.0;5.5;11.0;6.0;9.0;12.0;18.0;24.0;36.0;48.0;54.0,4,6,IN,1,20,2,1,30:BD:13,Unknown,0,311
94494,JioFiber-CqkfQ,9A:78:C9:62:4F:27,-88,7,3904,100,803532902814,WPA2,1,0,1,8,1.0;2.0;5.5;11.0;18.0;24.0;36.0;54.0;6.0;9.0;12.0;48.0,4,6,IN,1,40,2,1,9A:78:C9,Unknown,0,234
94546,JioFiber-satz,C0:68:CC:6E:74:72,-81,7,3815,100,11381453215,WPA2,1,0,1,8,1.0;2.0;5.5;11.0;9.0;18.0;36.0;54.0;6.0;12.0;24.0;48.0,4,6,IN,1,20,2,1,C0:68:CC,Unknown,0,245
94599,babu_5G,CA:78:C9:FE:B1:30,-90,7,797,100,9812787600,WPA2,1,0,1,8,1.0;2.0;5.5;11.0;18.0;24.0;36.0;54.0;6.0;9.0;12.0;48.0,4,6,IN,1,40,2,1,CA:78:C9,Unknown,0,227
94652,suresh4G,CA:78:C9:FE:B1:3C,-91,7,798,100,9812789645,WPA2,1,0,1,8,1.0;2.0;5.5;11.0;18.0;24.0;36.0;54.0;6.0;9.0;12.0;48.0,4,6,IN,1,40,2,1,CA:78:C9,Unknown,0,228
94695,DIRECT-dQ-BRAVIA,B2:10:41:BD:D6:51,-71,7,3647,100,2375782784,WPA2,1,1,1,8,6.0;9.0;12.0;18.0;24.0;36.0;48.0;54.0,0,7,,1,20,2,0,B2:10:41,Unknown,0,263
94748,JioFiber-CqkfQ,9A:78:C9:62:4F:27,-88,7,3906,100,803533107598,WPA2,1,0,1,8,1.0;2.0;5.5;11.0;18.0;24.0;36.0;54.0;6.0;9.0;12.0;48.0,4,6,IN,1,40,2,1,9A:78:C9,Unknown,0,234
94790,DIRECT-dQ-BRAVIA,B2:10:41:BD:D6:51,-68,7,3648,100,2375885316,WPA2,1,1,1,8,6.0;9.0;12.0;18.0;24.0;36.0;48.0;54.0,0,7,,1,20,2,0,B2:10:41,Unknown,0,263
94842,JioFiber-satz,C0:68:CC:6E:74:72,-84,8,3819,100,11381862799,WPA2,1,0,1,8,1.0;2.0;5.5;11.0;9.0;18.0;36.0;54.0;6.0;12.0;24.0;48.0,4,6,IN,1,20,2,1,C0:68:CC,Unknown,0,245
95166,Cctv,50:2B:73:FD:4F:28,-90,10,1450,100,501728768409,WPA2,1,0,1,8,1.0;2.0;5.5;11.0;6.0;9.0;12.0;18.0;24.0;36.0;48.0;54.0,4,11,,1,40,2,1,50:2B:73,Unknown,0,276
95370,Cctv,50:2B:73:FD:4F:28,-84,11,1452,100,501728973182,WPA2,1,0,1,8,1.0;2.0;5.5;11.0;6.0;9.0;12.0;18.0;24.0;36.0;48.0;54.0,4,11,,1,40,2,1,50:2B:73,Unknown,0,276
95413,SanD-JioFiber_EXT,8C:90:2D:3B:B6:5A,-92,11,522,100,3088179597,WPA2,1,0,1,8,1.0;2.0;5.5;11.0;9.0;18.0;36.0;54.0;6.0;12.0;24.0;48.0,4,11,,1,20,2,0,8C:90:2D,Unknown,0,223
95466,JVACT1,A4:2B:B0:01:A6:3A,-94,11,3406,100,803560551271,WPA2,1,0,1,8,1.0;2.0;5.5;11.0;9.0;18.0;36.0;54.0;6.0;12.0;24.0;48.0,4,11,,1,40,2,0,A4:2B:B0,Unknown,0,260
95515,SanD-JioFiber,BA:A9:15:4E:AF:EE,-89,11,2337,100,802655641991,WPA2,1,0,1,8,1.0;2.0;5.5;11.0;18.0;24.0;36.0;54.0;6.0;9.0;12.0;48.0,4,11,IN,1,40,2,1,BA:A9:15,Unknown,0,233
95578,Cctv,50:2B:73:FD:4F:28,-83,11,1453,100,501729075591,WPA2,1,0,1,8,1.0;2.0;5.5;11.0;6.0;9.0;12.0;18.0;24.0;36.0;48.0;54.0,4,11,,1,40,2,1,50:2B:73,Unknown,0,276
95620,SanD-JioFiber_EXT,8C:90:2D:3B:B6:5A,-92,11,523,100,3088282008,WPA2,1,0,1,8,1.0;2.0;5.5;11.0;9.0;18.0;36.0;54.0;6.0;12.0;24.0;48.0,4,11,,1,20,2,0,8C:90:2D,Unknown,0,223
95674,SanD-JioFiber,BA:A9:15:4E:AF:EE,-92,11,2339,100,802655744411,WPA2,1,0,1,8,1.0;2.0;5.5;11.0;18.0;24.0;36.0;54.0;6.0;9.0;12.0;48.0,4,11,IN,1,40,2,1,BA:A9:15,Unknown,0,233
95727,Cctv,50:2B:73:FD:4F:28,-84,11,1454,100,501729177991,WPA2,1,0,1,8,1.0;2.0;5.5;11.0;6.0;9.0;12.0;18.0;24.0;36.0;48.0;54.0,4,11,,1,40,2,1,50:2B:73,Unknown,0,276
95779,SanD-JioFiber_EXT,8C:90:2D:3B:B6:5A,-92,11,524,100,3088384398,WPA2,1,0,1,8,1.0;2.0;5.5;11.0;9.0;18.0;36.0;54.0;6.0;12.0;24.0;48.0,4,11,,1,20,2,0,8C:90:2D,Unknown,0,223
95822,JVACT1,A4:2B:B0:01:A6:3A,-93,11,3408,100,803560756039,WPA2,1,0,1,8,1.0;2.0;5.5;11.0;9.0;18.0;36.0;54.0;6.0;12.0;24.0;48.0,4,11,,1,40,2,0,A4:2B:B0,Unknown,0,260
95875,SanD-JioFiber,BA:A9:15:4E:AF:EE,-91,12,2341,100,802655949200,WPA2,1,0,1,8,1.0;2.0;5.5;11.0;18.0;24.0;36.0;54.0;6.0;9.0;12.0;48.0,4,11,IN,1,40,2,1,BA:A9:15,Unknown,0,233
95928,SanD-JioFiber,BA:A9:15:4E:AF:EE,-88,12,2342,100,802656051602,WPA2,1,0,1,8,1.0;2.0;5.5;11.0;18.0;24.0;36.0;54.0;6.0;9.0;12.0;48.0,4,11,IN,1,40,2,1,BA:A9:15,Unknown,0,233
96133,VKS_4G_1,60:A4:B7:D0:B1:75,-90,1,559,100,38224179546,WPA2,1,0,1,8,1.0;2.0;5.5;11.0;9.0;18.0;36.0;54.0;6.0;12.0;24.0;48.0,4,1,,1,40,2,1,60:A4:B7,Unknown,0,238
96185,JVACT,F0:A7:31:F8:68:16,-74,1,2212,100,776909195,WPA2,1,0,1,8,1.0;2.0;5.5;11.0;9.0;18.0;36.0;54.0;6.0;12.0;24.0;48.0,4,1,,1,40,2,1,F0:A7:31,Unknown,0,235
96237,JVACT5G,F2:A7:31:F9:68:16,-80,1,2213,100,776911285,WPA2,1,0,1,8,1.0;2.0;5.5;11.0;9.0;18.0;36.0;54.0;6.0;12.0;24.0;48.0,4,1,,1,40,2,1,F2:A7:31,Unknown,0,237
96290,JioFiber_24GH_KRR,A8:88:1F:20:7B:61,-85,1,2083,100,284217139596,WPA2,1,0,1,8,1.0;2.0;5.5;11.0;9.0;18.0;36.0;54.0;6.0;12.0;24.0;48.0,4,1,IN,1,20,2,1,A8:88:1F,Unknown,0,290
96333,VKS_4G_1,60:A4:B7:D0:B1:75,-90,1,560,100,38224281943,WPA2,1,0,1,8,1.0;2.0;5.5;11.0;9.0;18.0;36.0;54.0;6.0;12.0;24.0;48.0,4,1,,1,40,2,1,60:A4:B7,Unknown,0,238
96395,JioFiber-3TFFK,E8:22:B8:12:3E:9A,-91,1,720,100,803495731596,WPA2,1,0,1,8,1.0;2.0;5.5;11.0;9.0;18.0;36.0;54.0;6.0;12.0;24.0;48.0,4,1,IN,1,20,2,1,E8:22:B8,Unknown,0,287
96445,JVACT,F0:A7:31:F8:68:16,-78,1,2214,100,777011549,WPA2,1,0,1,8,1.0;2.0;5.5;11.0;9.0;18.0;36.0;54.0;6.0;12.0;24.0;48.0,4,1,,1,40,2,1,F0:A7:31,Unknown,0,235
96488,JVACT5G,F2:A7:31:F9:68:16,-79,1,2215,100,777013638,WPA2,1,0,1,8,1.0;2.0;5.5;11.0;9.0;18.0;36.0;54.0;6.0;12.0;24.0;48.0,4,1,,1,40,2,1,F2:A7:31,Unknown,0,237
96551,JioFiber_24GH_KRR,A8:88:1F:20:7B:61,-84,1,2084,100,284217242031,WPA2,1,0,1,8,1.0;2.0;5.5;11.0;9.0;18.0;36.0;54.0;6.0;12.0;24.0;48.0,4,1,IN,1,20,2,1,A8:88:1F,Unknown,0,290
96593,VKS_4G_1,60:A4:B7:D0:B1:75,-91,1,561,100,38224384346,WPA2,1,0,1,8,1.0;2.0;5.5;11.0;9.0;18.0;36.0;54.0;6.0;12.0;24.0;48.0,4,1,,1,40,2,1,60:A4:B7,Unknown,0,238
96636,JVACT,F0:A7:31:F8:68:16,-77,2,2218,100,777216414,WPA2,1,0,1,8,1.0;2.0;5.5;11.0;9.0;18.0;36.0;54.0;6.0;12.0;24.0;48.0,4,1,,1,40,2,1,F0:A7:31,Unknown,0,235
96699,JVACT5G,F2:A7:31:F9:68:16,-75,2,2221,100,777320836,WPA2,1,0,1,8,1.0;2.0;5.5;11.0;9.0;18.0;36.0;54.0;6.0;12.0;24.0;48.0,4,1,,1,40,2,1,F2:A7:31,Unknown,0,237
96752,Satz,10:27:F5:5C:C6:A3,-82,3,3092,100,803539251599,WPA2,1,0,1,8,1.0;2.0;5.5;11.0;18.0;24.0;36.0;54.0;6.0;9.0;12.0;48.0,4,3,,1,40,2,1,10:27:F5,Unknown,0,254
96794,JVACT,F0:A7:31:F8:68:16,-85,3,2222,100,777421155,WPA2,1,0,1,8,1.0;2.0;5.5;11.0;9.0;18.0;36.0;54.0;6.0;12.0;24.0;48.0,4,1,,1,40,2,1,F0:A7:31,Unknown,0,235
96847,Satz,10:27:F5:5C:C6:A3,-85,3,3093,100,803539353999,WPA2,1,0,1,8,1.0;2.0;5.5;11.0;18.0;24.0;36.0;54.0;6.0;9.0;12.0;48.0,4,3,,1,40,2,1,10:27:F5,Unknown,0,254
96900,Satz,10:27:F5:5C:C6:A3,-80,3,3094,100,803539456391,WPA2,1,0,1,8,1.0;2.0;5.5;11.0;18.0;24.0;36.0;54.0;6.0;9.0;12.0;48.0,4,3,,1,40,2,1,10:27:F5,Unknown,0,254
96949,Satz,10:27:F5:5C:C6:A3,-87,4,3095,100,803539558797,WPA2,1,0,1,8,1.0;2.0;5.5;11.0;18.0;24.0;36.0;54.0;6.0;9.0;12.0;48.0,4,3,,1,40,2,1,10:27:F5,Unknown,0,254
97149,JioFiber-satz,C0:68:CC:6E:74:72,-81,5,3847,100,11384218008,WPA2,1,0,1,8,1.0;2.0;5.5;11.0;9.0;18.0;36.0;54.0;6.0;12.0;24.0;48.0,4,6,IN,1,20,2,1,C0:68:CC,Unknown,0,245
97196,suresh4G,CA:78:C9:FE:B1:3C,-82,5,864,100,9815554458,WPA2,1,0,1,8,1.0;2.0;5.5;11.0;18.0;24.0;36.0;54.0;6.0;9.0;12.0;48.0,4,6,IN,1,40,2,1,CA:78:C9,Unknown,0,228
97249,Airtel__dontuse,30:BD:13:27:87:96,-82,5,3187,100,180440985974,WPA2,1,0,1,8,1.0;2.0;5.5;11.0;6.0;9.0;12.0;18.0;24.0;36.0;48.0;54.0,4,6,IN,1,20,2,1,30:BD:13,Unknown,0,311
97302,JioFiber-satz,C0:68:CC:6E:74:72,-85,5,3848,100,11384320412,WPA2,1,0,1,8,1.0;2.0;5.5;11.0;9.0;18.0;36.0;54.0;6.0;12.0;24.0;48.0,4,6,IN,1,20,2,1,C0:68:CC,Unknown,0,245
97399,babu_5G,CA:78:C9:FE:B1:30,-85,6,867,100,9815757190,WPA2,1,0,1,8,1.0;2.0;5.5;11.0;18.0;24.0;36.0;54.0;6.0;9.0;12.0;48.0,4,6,IN,1,40,2,1,CA:78:C9,Unknown,0,227
97452,suresh4G,CA:78:C9:FE:B1:3C,-83,6,868,100,9815759245,WPA2,1,0,1,8,1.0;2.0;5.5;11.0;18.0;24.0;36.0;54.0;6.0;9.0;12.0;48.0,4,6,IN,1,40,2,1,CA:78:C9,Unknown,0,228
97494,Airtel__dontuse,30:BD:13:27:87:96,-76,6,3189,100,180441190779,WPA2,1,0,1,8,1.0;2.0;5.5;11.0;6.0;9.0;12.0;18.0;24.0;36.0;48.0;54.0,4,6,IN,1,20,2,1,30:BD:13,Unknown,0,311
97557,VKS_4G,FC:7A:58:1B:1B:9A,-87,6,478,100,544083865996,WPA2,1,0,1,8,1.0;2.0;5.5;11.0;9.0;18.0;36.0;54.0;6.0;12.0;24.0;48.0,4,6,IN,1,20,2,1,FC:7A:58,Unknown,0,356
97579,,FE:7A:58:1B:1B:9A,-87,6,479,100,544083866002,WEP,1,0,1,0,,0,0,,0,0,0,0,FE:7A:58,Unknown,0,320
97632,JioFiber-satz,C0:68:CC:6E:74:72,-82,6,3850,100,11384525199,WPA2,1,0,1,8,1.0;2.0;5.5;11.0;9.0;18.0;36.0;54.0;6.0;12.0;24.0;48.0,4,6,IN,1,20,2,1,C0:68:CC,Unknown,0,245
97685,Charleshome_5g,62:A4:B7:D1:B1:81,-93,6,2239,100,17883548129,WPA2,1,0,1,8,1.0;2.0;5.5;11.0;9.0;18.0;36.0;54.0;6.0;12.0;24.0;48.0,4,6,,1,40,2,1,62:A4:B7,Unknown,0,244
97727,babu_5G,CA:78:C9:FE:B1:30,-89,6,869,100,9815859602,WPA2,1,0,1,8,1.0;2.0;5.5;11.0;18.0;24.0;36.0;54.0;6.0;9.0;12.0;48.0,4,6,IN,1,40,2,1,CA:78:C9,Unknown,0,227
97780,suresh4G,CA:78:C9:FE:B1:3C,-90,6,870,100,9815861629,WPA2,1,0,1,8,1.0;2.0;5.5;11.0;18.0;24.0;36.0;54.0;6.0;9.0;12.0;48.0,4,6,IN,1,40,2,1,CA:78:C9,Unknown,0,228
97832,JioFiber-satz,C0:68:CC:6E:74:72,-83,7,3852,100,11384730005,WPA2,1,0,1,8,1.0;2.0;5.5;11.0;9.0;18.0;36.0;54.0;6.0;12.0;24.0;48.0,4,6,IN,1,20,2,1,C0:68:CC,Unknown,0,245
97881,DIRECT-dQ-BRAVIA,B2:10:41:BD:D6:51,-76,7,3680,100,2378957184,WPA2,1,1,1,8,6.0;9.0;12.0;18.0;24.0;36.0;48.0;54.0,0,7,,1,20,2,0,B2:10:41,Unknown,0,263
97933,babu_5G,CA:78:C9:FE:B1:30,-89,7,873,100,9816064405,WPA2,1,0,1,8,1.0;2.0;5.5;11.0;18.0;24.0;36.0;54.0;6.0;9.0;12.0;48.0,4,6,IN,1,40,2,1,CA:78:C9,Unknown,0,227
97986,JioFiber-satz,C0:68:CC:6E:74:72,-75,7,3853,100,11384832394,WPA2,1,0,1,8,1.0;2.0;5.5;11.0;9.0;18.0;36.0;54.0;6.0;12.0;24.0;48.0,4,6,IN,1,20,2,1,C0:68:CC,Unknown,0,245
98029,DIRECT-dQ-BRAVIA,B2:10:41:BD:D6:51,-85,8,3682,100,2379161984,WPA2,1,1,1,8,6.0;9.0;12.0;18.0;24.0;36.0;48.0;54.0,0,7,,1,20,2,0,B2:10:41,Unknown,0,263
98071,DIRECT-dQ-BRAVIA,B2:10:41:BD:D6:51,-77,8,3683,100,2379264384,WPA2,1,1,1,8,6.0;9.0;12.0;18.0;24.0;36.0;48.0;54.0,0,7,,1,20,2,0,B2:10:41,Unknown,0,263
98134,babu_5G,CA:78:C9:FE:B1:30,-86,8,879,100,9816371605,WPA2,1,0,1,8,1.0;2.0;5.5;11.0;18.0;24.0;36.0;54.0;6.0;9.0;12.0;48.0,4,6,IN,1,40,2,1,CA:78:C9,Unknown,0,227
98545,Cctv,50:2B:73:FD:4F:28,-86,10,1483,100,501732147582,WPA2,1,0,1,8,1.0;2.0;5.5;11.0;6.0;9.0;12.0;18.0;24.0;36.0;48.0;54.0,4,11,,1,40,2,1,50:2B:73,Unknown,0,276
98588,JVACT1,A4:2B:B0:01:A6:3A,-88,10,3437,100,803563725639,WPA2,1,0,1,8,1.0;2.0;5.5;11.0;9.0;18.0;36.0;54.0;6.0;12.0;24.0;48.0,4,11,,1,40,2,0,A4:2B:B0,Unknown,0,260
98647,Cctv,50:2B:73:FD:4F:28,-92,11,1484,100,501732249991,WPA2,1,0,1,8,1.0;2.0;5.5;11.0;6.0;9.0;12.0;18.0;24.0;36.0;48.0;54.0,4,11,,1,40,2,1,50:2B:73,Unknown,0,276
98690,SanD-JioFiber_EXT,8C:90:2D:3B:B6:5A,-95,11,563,100,3091456423,WPA2,1,0,1,8,1.0;2.0;5.5;11.0;9.0;18.0;36.0;54.0;6.0;12.0;24.0;48.0,4,11,,1,20,2,0,8C:90:2D,Unknown,0,223
98750,JVACT1,A4:2B:B0:01:A6:3A,-92,11,3438,100,803563828051,WPA2,1,0,1,8,1.0;2.0;5.5;11.0;9.0;18.0;36.0;54.0;6.0;12.0;24.0;48.0,4,11,,1,40,2,0,A4:2B:B0,Unknown,0,260
98793,SanD-JioFiber,BA:A9:15:4E:AF:EE,-88,11,2370,100,802658918791,WPA2,1,0,1,8,1.0;2.0;5.5;11.0;18.0;24.0;36.0;54.0;6.0;9.0;12.0;48.0,4,11,IN,1,40,2,1,BA:A9:15,Unknown,0,233
98856,Cctv,50:2B:73:FD:4F:28,-82,11,1485,100,501732352400,WPA2,1,0,1,8,1.0;2.0;5.5;11.0;6.0;9.0;12.0;18.0;24.0;36.0;48.0;54.0,4,11,,1,40,2,1,50:2B:73,Unknown,0,276
98898,Sekar,3C:84:6A:7B:AF:FE,-95,11,3096,100,294756454724,WPA2,1,0,1,8,1.0;2.0;5.5;11.0;9.0;18.0;36.0;54.0;6.0;12.0;24.0;48.0,4,11,,1,40,2,0,3C:84:6A,Unknown,0,259
98940,SanD-JioFiber_EXT,8C:90:2D:3B:B6:5A,-96,11,564,100,3091558818,WPA2,1,0,1,8,1.0;2.0;5.5;11.0;9.0;18.0;36.0;54.0;6.0;12.0;24.0;48.0,4,11,,1,20,2,0,8C:90:2D,Unknown,0,223
99002,SanD-JioFiber,BA:A9:15:4E:AF:EE,-91,11,2371,100,802659021209,WPA2,1,0,1,8,1.0;2.0;5.5;11.0;18.0;24.0;36.0;54.0;6.0;9.0;12.0;48.0,4,11,IN,1,40,2,1,BA:A9:15,Unknown,0,233
99055,Cctv,50:2B:73:FD:4F:28,-82,11,1486,100,501732454800,WPA2,1,0,1,8,1.0;2.0;5.5;11.0;6.0;9.0;12.0;18.0;24.0;36.0;48.0;54.0,4,11,,1,40,2,1,50:2B:73,Unknown,0,276
99108,SanD-JioFiber_EXT,8C:90:2D:3B:B6:5A,-91,11,565,100,3091661193,WPA2,1,0,1,8,1.0;2.0;5.5;11.0;9.0;18.0;36.0;54.0;6.0;12.0;24.0;48.0,4,11,,1,20,2,0,8C:90:2D,Unknown,0,223
99160,GJ-4G,48:55:5E:2B:F9:AA,-94,11,2357,100,110065152403,WPA2,1,0,1,8,1.0;2.0;5.5;11.0;9.0;18.0;36.0;54.0;6.0;12.0;24.0;48.0,4,11,IN,1,20,2,1,48:55:5E,Unknown,0,278
99203,SanD-JioFiber,BA:A9:15:4E:AF:EE,-95,12,2373,100,802659225995,WPA2,1,0,1,8,1.0;2.0;5.5;11.0;18.0;24.0;36.0;54.0;6.0;9.0;12.0;48.0,4,11,IN,1,40,2,1,BA:A9:15,Unknown,0,233
99277,Cctv,50:2B:73:FD:4F:28,-84,12,1489,100,501732761982,WPA2,1,0,1,8,1.0;2.0;5.5;11.0;6.0;9.0;12.0;18.0;24.0;36.0;48.0;54.0,4,11,,1,40,2,1,50:2B:73,Unknown,0,276
99329,JVACT1,A4:2B:B0:01:A6:3A,-90,12,3443,100,803564340035,WPA2,1,0,1,8,1.0;2.0;5.5;11.0;9.0;18.0;36.0;54.0;6.0;12.0;24.0;48.0,4,11,,1,40,2,0,A4:2B:B0,Unknown,0,260
99431,Aadhav_Aarhav,62:A3:99:84:AC:E3,-91,1,3776,100,192797491614,WPA2,1,0,1,8,1.0;2.0;5.5;11.0;18.0;24.0;36.0;54.0;6.0;9.0;12.0;48.0,4,1,IN,1,40,2,1,62:A3:99,Unknown,0,233
99484,Aadhav_Aarhav5,62:A3:99:84:AC:E7,-92,1,3777,100,192797493699,WPA2,1,0,1,8,1.0;2.0;5.5;11.0;18.0;24.0;36.0;54.0;6.0;9.0;12.0;48.0,4,1,IN,1,40,2,1,62:A3:99,Unknown,0,234
99526,JVACT,F0:A7:31:F8:68:16,-76,1,2276,100,780186040,WPA2,1,0,1,8,1.0;2.0;5.5;11.0;9.0;18.0;36.0;54.0;6.0;12.0;24.0;48.0,4,1,,1,40,2,1,F0:A7:31,Unknown,0,235
99576,JVACT5G,F2:A7:31:F9:68:16,-77,1,2277,100,780188130,WPA2,1,0,1,8,1.0;2.0;5.5;11.0;9.0;18.0;36.0;54.0;6.0;12.0;24.0;48.0,4,1,,1,40,2,1,F2:A7:31,Unknown,0,237
99630,JioFiber_24GH_KRR,A8:88:1F:20:7B:61,-93,1,2115,100,284220416727,WPA2,1,0,1,8,1.0;2.0;5.5;11.0;9.0;18.0;36.0;54.0;6.0;12.0;24.0;48.0,4,1,IN,1,20,2,1,A8:88:1F,Unknown,0,290
99682,VKS_4G_1,60:A4:B7:D0:B1:75,-89,1,592,100,38227558716,WPA2,1,0,1,8,1.0;2.0;5.5;11.0;9.0;18.0;36.0;54.0;6.0;12.0;24.0;48.0,4,1,,1,40,2,1,60:A4:B7,Unknown,0,238
99724,JVACT5G,F2:A7:31:F9:68:16,-72,1,2279,100,780290407,WPA2,1,0,1,8,1.0;2.0;5.5;11.0;9.0;18.0;36.0;54.0;6.0;12.0;24.0;48.0,4,1,,1,40,2,1,F2:A7:31,Unknown,0,237
99777,VKS_4G_1,60:A4:B7:D0:B1:75,-91,1,593,100,38227661114,WPA2,1,0,1,8,1.0;2.0;5.5;11.0;9.0;18.0;36.0;54.0;6.0;12.0;24.0;48.0,4,1,,1,40,2,1,60:A4:B7,Unknown,0,238
99829,JVACT5G,F2:A7:31:F9:68:16,-75,2,2281,100,780392804,WPA2,1,0,1,8,1.0;2.0;5.5;11.0;9.0;18.0;36.0;54.0;6.0;12.0;24.0;48.0,4,1,,1,40,2,1,F2:A7:31,Unknown,0,237
99881,Satz,10:27:F5:5C:C6:A3,-80,2,3124,100,803542323601,WPA2,1,0,1,8,1.0;2.0;5.5;11.0;18.0;24.0;36.0;54.0;6.0;9.0;12.0;48.0,4,3,,1,40,2,1,10:27:F5,Unknown,0,254
99934,Aadhav_Aarhav5,62:A3:99:84:AC:E7,-89,2,3781,100,192797800906,WPA2,1,0,1,8,1.0;2.0;5.5;11.0;18.0;24.0;36.0;54.0;6.0;9.0;12.0;48.0,4,1,IN,1,40,2,1,62:A3:99,Unknown,0,234
99976,JVACT,F0:A7:31:F8:68:16,-84,2,2282,100,780493116,WPA2,1,0,1,8,1.0;2.0;5.5;11.0;9.0;18.0;36.0;54.0;6.0;12.0;24.0;48.0,4,1,,1,40,2,1,F0:A7:31,Unknown,0,235
100019,JVACT,F0:A7:31:F8:68:16,-85,2,2284,100,780595522,WPA2,1,0,1,8,1.0;2.0;5.5;11.0;9.0;18.0;36.0;54.0;6.0;12.0;24.0;48.0,4,1,,1,40,2,1,F0:A7:31,Unknown,0,235
100082,Satz,10:27:F5:5C:C6:A3,-80,2,3126,100,803542528391,WPA2,1,0,1,8,1.0;2.0;5.5;11.0;18.0;24.0;36.0;54.0;6.0;9.0;12.0;48.0,4,3,,1,40,2,1,10:27:F5,Unknown,0,254
100135,JVACT,F0:A7:31:F8:68:16,-86,2,2286,100,780697921,WPA2,1,0,1,8,1.0;2.0;5.5;11.0;9.0;18.0;36.0;54.0;6.0;12.0;24.0;48.0,4,1,,1,40,2,1,F0:A7:31,Unknown,0,235
100188,.,9C:A2:F4:D7:B6:BF,-93,3,4095,100,700046131617,WPA2,1,0,1,8,1.0;2.0;5.5;11.0;9.0;18.0;36.0;54.0;6.0;12.0;24.0;48.0,4,3,,1,40,2,1,9C:A2:F4,Unknown,0,376
100241,Athidi 1,9E:A2:F4:17:B6:BF,-93,3,0,100,700046131621,WPA2,1,0,1,8,1.0;2.0;5.5;11.0;9.0;18.0;36.0;54.0;6.0;12.0;24.0;48.0,4,3,,1,40,2,1,9E:A2:F4,Unknown,0,286
100262,,9E:A2:F4:27:B6:BF,-93,3,1,100,700046131625,WEP,1,0,1,0,,0,0,,0,0,0,0,9E:A2:F4,Unknown,0,334
100322,Satz,10:27:F5:5C:C6:A3,-78,3,3128,100,803542733194,WPA2,1,0,1,8,1.0;2.0;5.5;11.0;18.0;24.0;36.0;54.0;6.0;9.0;12.0;48.0,4,3,,1,40,2,1,10:27:F5,Unknown,0,254
100373,Airtel__dontuse,30:BD:13:27:87:96,-73,5,3218,100,180444160512,WPA2,1,0,1,8,1.0;2.0;5.5;11.0;6.0;9.0;12.0;18.0;24.0;36.0;48.0;54.0,4,6,IN,1,20,2,1,30:BD:13,Unknown,0,311
100426,JioFiber-satz,C0:68:CC:6E:74:72,-84,5,3879,100,11387494827,WPA2,1,0,1,8,1.0;2.0;5.5;11.0;9.0;18.0;36.0;54.0;6.0;12.0;24.0;48.0,4,6,IN,1,20,2,1,C0:68:CC,Unknown,0,245
100479,Charleshome_5g,62:A4:B7:D1:B1:81,-90,5,2297,100,17886517690,WPA2,1,0,1,8,1.0;2.0;5.5;11.0;9.0;18.0;36.0;54.0;6.0;12.0;24.0;48.0,4,6,,1,40,2,1,62:A4:B7,Unknown,0,244
100521,Airtel__dontuse,30:BD:13:27:87:96,-73,5,3219,100,180444262914,WPA2,1,0,1,8,1.0;2.0;5.5;11.0;6.0;9.0;12.0;18.0;24.0;36.0;48.0;54.0,4,6,IN,1,20,2,1,30:BD:13,Unknown,0,311
100583,Charleshome_4g,60:A4:B7:D0:B1:81,-88,5,2298,100,17886617930,WPA2,1,0,1,8,1.0;2.0;5.5;11.0;9.0;18.0;36.0;54.0;6.0;12.0;24.0;48.0,4,6,,1,40,2,1,60:A4:B7,Unknown,0,244
100625,Charleshome_5g,62:A4:B7:D1:B1:81,-87,5,2299,100,17886620092,WPA2,1,0,1,8,1.0;2.0;5.5;11.0;9.0;18.0;36.0;54.0;6.0;12.0;24.0;48.0,4,6,,1,40,2,1,62:A4:B7,Unknown,0,244
100679,Airtel__dontuse,30:BD:13:27:87:96,-76,5,3220,100,180444365327,WPA2,1,0,1,8,1.0;2.0;5.5;11.0;6.0;9.0;12.0;18.0;24.0;36.0;48.0;54.0,4,6,IN,1,20,2,1,30:BD:13,Unknown,0,311
100731,JioFiber-satz,C0:68:CC:6E:74:72,-82,5,3881,100,11387699608,WPA2,1,0,1,8,1.0;2.0;5.5;11.0;9.0;18.0;36.0;54.0;6.0;12.0;24.0;48.0,4,6,IN,1,20,2,1,C0:68:CC,Unknown,0,245
100785,JioFiber-satz,C0:68:CC:6E:74:72,-84,6,3882,100,11387802008,WPA2,1,0,1,8,1.0;2.0;5.5;11.0;9.0;18.0;36.0;54.0;6.0;12.0;24.0;48.0,4,6,IN,1,20,2,1,C0:68:CC,Unknown,0,245
100835,Charleshome_4g,60:A4:B7:D0:B1:81,-93,6,2302,100,17886822731,WPA2,1,0,1,8,1.0;2.0;5.5;11.0;9.0;18.0;36.0;54.0;6.0;12.0;24.0;48.0,4,6,,1,40,2,1,60:A4:B7,Unknown,0,244
100888,Charleshome_5g,62:A4:B7:D1:B1:81,-94,6,2303,100,17886824892,WPA2,1,0,1,8,1.0;2.0;5.5;11.0;9.0;18.0;36.0;54.0;6.0;12.0;24.0;48.0,4,6,,1,40,2,1,62:A4:B7,Unknown,0,244
100931,babu_5G,CA:78:C9:FE:B1:30,-87,6,947,100,9819136411,WPA2,1,0,1,8,1.0;2.0;5.5;11.0;18.0;24.0;36.0;54.0;6.0;9.0;12.0;48.0,4,6,IN,1,40,2,1,CA:78:C9,Unknown,0,227
100984,suresh4G,CA:78:C9:FE:B1:3C,-87,6,948,100,9819138457,WPA2,1,0,1,8,1.0;2.0;5.5;11.0;18.0;24.0;36.0;54.0;6.0;9.0;12.0;48.0,4,6,IN,1,40,2,1,CA:78:C9,Unknown,0,228
101036,Airtel__dontuse,30:BD:13:27:87:96,-88,6,3222,100,180444570146,WPA2,1,0,1,8,1.0;2.0;5.5;11.0;6.0;9.0;12.0;18.0;24.0;36.0;48.0;54.0,4,6,IN,1,20,2,1,30:BD:13,Unknown,0,311
101098,VKS_4G,FC:7A:58:1B:1B:9A,-91,6,544,100,544087245204,WPA2,1,0,1,8,1.0;2.0;5.5;11.0;9.0;18.0;36.0;54.0;6.0;12.0;24.0;48.0,4,6,IN,1,20,2,1,FC:7A:58,Unknown,0,356
101152,JioFiber-satz,C0:68:CC:6E:74:72,-79,7,3884,100,11388006800,WPA2,1,0,1,8,1.0;2.0;5.5;11.0;9.0;18.0;36.0;54.0;6.0;12.0;24.0;48.0,4,6,IN,1,20,2,1,C0:68:CC,Unknown,0,245
101194,DIRECT-dQ-BRAVIA,B2:10:41:BD:D6:51,-90,7,3712,100,2382233984,WPA2,1,1,1,8,6.0;9.0;12.0;18.0;24.0;36.0;48.0;54.0,0,7,,1,20,2,0,B2:10:41,Unknown,0,263
101247,Airtel__dontuse,30:BD:13:27:87:96,-85,7,3224,100,180444774971,WPA2,1,0,1,8,1.0;2.0;5.5;11.0;6.0;9.0;12.0;18.0;24.0;36.0;48.0;54.0,4,6,IN,1,20,2,1,30:BD:13,Unknown,0,311
101299,JioFiber-satz,C0:68:CC:6E:74:72,-80,7,3885,100,11388109223,WPA2,1,0,1,8,1.0;2.0;5.5;11.0;9.0;18.0;36.0;54.0;6.0;12.0;24.0;48.0,4,6,IN,1,20,2,1,C0:68:CC,Unknown,0,245
101330,,16:EB:B6:AA:64:71,-85,8,776,100,443376947641,WEP,1,0,1,0,,0,0,,0,0,0,0,16:EB:B6,Unknown,0,263
101449,Vani,14:EB:B6:8A:64:71,-90,9,779,100,443377152456,WPA2,1,0,1,8,1.0;2.0;5.5;11.0;9.0;18.0;36.0;54.0;6.0;12.0;24.0;48.0,4,9,,1,20,2,1,14:EB:B6,Unknown,0,332
101551,Vani,14:EB:B6:8A:64:71,-91,9,781,100,443377254795,WPA2,1,0,1,8,1.0;2.0;5.5;11.0;9.0;18.0;36.0;54.0;6.0;12.0;24.0;48.0,4,9,,1,20,2,1,14:EB:B6,Unknown,0,332
101573,,16:EB:B6:AA:64:71,-91,9,782,100,443377254846,WEP,1,0,1,0,,0,0,,0,0,0,0,16:EB:B6,Unknown,0,263
101719,Cctv,50:2B:73:FD:4F:28,-72,10,1514,100,501735322009,WPA2,1,0,1,8,1.0;2.0;5.5;11.0;6.0;9.0;12.0;18.0;24.0;36.0;48.0;54.0,4,11,,1,40,2,1,50:2B:73,Unknown,0,276
101822,Cctv,50:2B:73:FD:4F:28,-76,10,1515,100,501735424391,WPA2,1,0,1,8,1.0;2.0;5.5;11.0;6.0;9.0;12.0;18.0;24.0;36.0;48.0;54.0,4,11,,1,40,2,1,50:2B:73,Unknown,0,276
101893,SanD-JioFiber,BA:A9:15:4E:AF:EE,-93,11,2405,100,802662093213,WPA2,1,0,1,8,1.0;2.0;5.5;11.0;18.0;24.0;36.0;54.0;6.0;9.0;12.0;48.0,4,11,IN,1,40,2,1,BA:A9:15,Unknown,0,233
101946,Cctv,50:2B:73:FD:4F:28,-76,11,1516,100,501735526791,WPA2,1,0,1,8,1.0;2.0;5.5;11.0;6.0;9.0;12.0;18.0;24.0;36.0;48.0;54.0,4,11,,1,40,2,1,50:2B:73,Unknown,0,276
101998,Sekar,3C:84:6A:7B:AF:FE,-87,11,3127,100,294759629155,WPA2,1,0,1,8,1.0;2.0;5.5;11.0;9.0;18.0;36.0;54.0;6.0;12.0;24.0;48.0,4,11,,1,40,2,0,3C:84:6A,Unknown,0,259
102040,SanD-JioFiber_EXT,8C:90:2D:3B:B6:5A,-92,11,604,100,3094733208,WPA2,1,0,1,8,1.0;2.0;5.5;11.0;9.0;18.0;36.0;54.0;6.0;12.0;24.0;48.0,4,11,,1,20,2,0,8C:90:2D,Unknown,0,223
102111,JVACT1,A4:2B:B0:01:A6:3A,-89,11,3470,100,803567104963,WPA2,1,0,1,8,1.0;2.0;5.5;11.0;9.0;18.0;36.0;54.0;6.0;12.0;24.0;48.0,4,11,,1,40,2,0,A4:2B:B0,Unknown,0,260
102163,SanD-JioFiber,BA:A9:15:4E:AF:EE,-90,11,2406,100,802662195613,WPA2,1,0,1,8,1.0;2.0;5.5;11.0;18.0;24.0;36.0;54.0;6.0;9.0;12.0;48.0,4,11,IN,1,40,2,1,BA:A9:15,Unknown,0,233
102216,Cctv,50:2B:73:FD:4F:28,-79,11,1517,100,501735629209,WPA2,1,0,1,8,1.0;2.0;5.5;11.0;6.0;9.0;12.0;18.0;24.0;36.0;48.0;54.0,4,11,,1,40,2,1,50:2B:73,Unknown,0,276
102268,Sekar,3C:84:6A:7B:AF:FE,-87,11,3128,100,294759731563,WPA2,1,0,1,8,1.0;2.0;5.5;11.0;9.0;18.0;36.0;54.0;6.0;12.0;24.0;48.0,4,11,,1,40,2,0,3C:84:6A,Unknown,0,259
102311,Sekar,3C:84:6A:7B:AF:FE,-86,12,3129,100,294759833961,WPA2,1,0,1,8,1.0;2.0;5.5;11.0;9.0;18.0;36.0;54.0;6.0;12.0;24.0;48.0,4,11,,1,40,2,0,3C:84:6A,Unknown,0,259
102371,SanD-JioFiber_EXT,8C:90:2D:3B:B6:5A,-91,12,606,100,3094938028,WPA2,1,0,1,8,1.0;2.0;5.5;11.0;9.0;18.0;36.0;54.0;6.0;12.0;24.0;48.0,4,11,,1,20,2,0,8C:90:2D,Unknown,0,223
102424,Cctv,50:2B:73:FD:4F:28,-77,12,1519,100,501735833982,WPA2,1,0,1,8,1.0;2.0;5.5;11.0;6.0;9.0;12.0;18.0;24.0;36.0;48.0;54.0,4,11,,1,40,2,1,50:2B:73,Unknown,0,276
102477,Cctv,50:2B:73:FD:4F:28,-74,13,1521,100,501736038809,WPA2,1,0,1,8,1.0;2.0;5.5;11.0;6.0;9.0;12.0;18.0;24.0;36.0;48.0;54.0,4,11,,1,40,2,1,50:2B:73,Unknown,0,276
102530,Sekar,3C:84:6A:7B:AF:FE,-91,13,3132,100,294760141167,WPA2,1,0,1,8,1.0;2.0;5.5;11.0;9.0;18.0;36.0;54.0;6.0;12.0;24.0;48.0,4,11,,1,40,2,0,3C:84:6A,Unknown,0,259
102617,RAJ4G,A8:DA:0C:A9:02:87,-94,1,429,100,692522291606,WPA2,1,0,1,8,1.0;2.0;5.5;11.0;9.0;18.0;36.0;54.0;6.0;12.0;24.0;48.0,4,1,IN,1,20,2,1,A8:DA:0C,Unknown,0,278
102680,JVACT,F0:A7:31:F8:68:16,-89,1,2338,100,783360348,WPA2,1,0,1,8,1.0;2.0;5.5;11.0;9.0;18.0;36.0;54.0;6.0;12.0;24.0;48.0,4,1,,1,40,2,1,F0:A7:31,Unknown,0,235
102732,JVACT5G,F2:A7:31:F9:68:16,-90,1,2339,100,783362438,WPA2,1,0,1,8,1.0;2.0;5.5;11.0;9.0;18.0;36.0;54.0;6.0;12.0;24.0;48.0,4,1,,1,40,2,1,F2:A7:31,Unknown,0,237
102785,JioFiber_24GH_KRR,A8:88:1F:20:7B:61,-93,1,2150,100,284223590806,WPA2,1,0,1,8,1.0;2.0;5.5;11.0;9.0;18.0;36.0;54.0;6.0;12.0;24.0;48.0,4,1,IN,1,20,2,1,A8:88:1F,Unknown,0,290
102838,RAJ4G,A8:DA:0C:A9:02:87,-95,1,430,100,692522394017,WPA2,1,0,1,8,1.0;2.0;5.5;11.0;9.0;18.0;36.0;54.0;6.0;12.0;24.0;48.0,4,1,IN,1,20,2,1,A8:DA:0C,Unknown,0,278
102891,JioFiber-Venkat,E8:22:B8:10:0E:BA,-94,1,3968,100,2296847053215,WPA2,1,0,1,8,1.0;2.0;5.5;11.0;9.0;18.0;36.0;54.0;6.0;12.0;24.0;48.0,4,1,IN,1,20,2,1,E8:22:B8,Unknown,0,289
102952,JVACT,F0:A7:31:F8:68:16,-87,1,2340,100,783462746,WPA2,1,0,1,8,1.0;2.0;5.5;11.0;9.0;18.0;36.0;54.0;6.0;12.0;24.0;48.0,4,1,,1,40,2,1,F0:A7:31,Unknown,0,235
102996,JVACT,F0:A7:31:F8:68:16,-79,1,2342,100,783565144,WPA2,1,0,1,8,1.0;2.0;5.5;11.0;9.0;18.0;36.0;54.0;6.0;12.0;24.0;48.0,4,1,,1,40,2,1,F0:A7:31,Unknown,0,235
103048,Aadhav_Aarhav,62:A3:99:84:AC:E3,-90,1,3870,100,192800973190,WPA2,1,0,1,8,1.0;2.0;5.5;11.0;18.0;24.0;36.0;54.0;6.0;9.0;12.0;48.0,4,1,IN,1,40,2,1,62:A3:99,Unknown,0,233
103101,Aadhav_Aarhav5,62:A3:99:84:AC:E7,-92,1,3871,100,192800975266,WPA2,1,0,1,8,1.0;2.0;5.5;11.0;18.0;24.0;36.0;54.0;6.0;9.0;12.0;48.0,4,1,IN,1,40,2,1,62:A3:99,Unknown,0,234
103153,JioFiber-Venkat,E8:22:B8:10:0E:BA,-92,1,3970,100,2296847258014,WPA2,1,0,1,8,1.0;2.0;5.5;11.0;9.0;18.0;36.0;54.0;6.0;12.0;24.0;48.0,4,1,IN,1,20,2,1,E8:22:B8,Unknown,0,289
103203,Satz,10:27:F5:5C:C6:A3,-85,2,3156,100,803545614955,WPA2,1,0,1,8,1.0;2.0;5.5;11.0;18.0;24.0;36.0;54.0;6.0;9.0;12.0;48.0,4,3,,1,40,2,1,10:27:F5,Unknown,0,254
103256,JVACT,F0:A7:31:F8:68:16,-83,2,2346,100,783772858,WPA2,1,0,1,8,1.0;2.0;5.5;11.0;9.0;18.0;36.0;54.0;6.0;12.0;24.0;48.0,4,1,,1,40,2,1,F0:A7:31,Unknown,0,235
103298,JVACT5G,F2:A7:31:F9:68:16,-83,2,2347,100,783774947,WPA2,1,0,1,8,1.0;2.0;5.5;11.0;9.0;18.0;36.0;54.0;6.0;12.0;24.0;48.0,4,1,,1,40,2,1,F2:A7:31,Unknown,0,237
103351,Satz,10:27:F5:5C:C6:A3,-81,2,3157,100,803545702802,WPA2,1,0,1,8,1.0;2.0;5.5;11.0;18.0;24.0;36.0;54.0;6.0;9.0;12.0;48.0,4,3,,1,40,2,1,10:27:F5,Unknown,0,254
103650,Airtel__dontuse,30:BD:13:27:87:96,-85,5,3250,100,180447437474,WPA2,1,0,1,8,1.0;2.0;5.5;11.0;6.0;9.0;12.0;18.0;24.0;36.0;48.0;54.0,4,6,IN,1,20,2,1,30:BD:13,Unknown,0,311
103705,JioFiber-satz,C0:68:CC:6E:74:72,-77,5,3911,100,11390773827,WPA2,1,0,1,8,1.0;2.0;5.5;11.0;9.0;18.0;36.0;54.0;6.0;12.0;24.0;48.0,4,6,IN,1,20,2,1,C0:68:CC,Unknown,0,245
103760,suresh4G,CA:78:C9:FE:B1:3C,-85,5,1010,100,9822108036,WPA2,1,0,1,8,1.0;2.0;5.5;11.0;18.0;24.0;36.0;54.0;6.0;9.0;12.0;48.0,4,6,IN,1,40,2,1,CA:78:C9,Unknown,0,228
103803,Airtel__dontuse,30:BD:13:27:87:96,-89,5,3251,100,180447539894,WPA2,1,0,1,8,1.0;2.0;5.5;11.0;6.0;9.0;12.0;18.0;24.0;36.0;48.0;54.0,4,6,IN,1,20,2,1,30:BD:13,Unknown,0,311
103855,JioFiber-satz,C0:68:CC:6E:74:72,-79,5,3912,100,11390874024,WPA2,1,0,1,8,1.0;2.0;5.5;11.0;9.0;18.0;36.0;54.0;6.0;12.0;24.0;48.0,4,6,IN,1,20,2,1,C0:68:CC,Unknown,0,245
103909,Airtel__dontuse,30:BD:13:27:87:96,-84,6,3252,100,180447642304,WPA2,1,0,1,8,1.0;2.0;5.5;11.0;6.0;9.0;12.0;18.0;24.0;36.0;48.0;54.0,4,6,IN,1,20,2,1,30:BD:13,Unknown,0,311
103971,JioFiber-satz,C0:68:CC:6E:74:72,-76,6,3913,100,11390976393,WPA2,1,0,1,8,1.0;2.0;5.5;11.0;9.0;18.0;36.0;54.0;6.0;12.0;24.0;48.0,4,6,IN,1,20,2,1,C0:68:CC,Unknown,0,245
104013,Charleshome_5g,62:A4:B7:D1:B1:81,-82,6,2365,100,17889999327,WPA2,1,0,1,8,1.0;2.0;5.5;11.0;9.0;18.0;36.0;54.0;6.0;12.0;24.0;48.0,4,6,,1,40,2,1,62:A4:B7,Unknown,0,244
104066,Airtel__dontuse,30:BD:13:27:87:96,-80,6,3253,100,180447744730,WPA2,1,0,1,8,1.0;2.0;5.5;11.0;6.0;9.0;12.0;18.0;24.0;36.0;48.0;54.0,4,6,IN,1,20,2,1,30:BD:13,Unknown,0,311
104119,JioFiber-satz,C0:68:CC:6E:74:72,-80,6,3914,100,11391078826,WPA2,1,0,1,8,1.0;2.0;5.5;11.0;9.0;18.0;36.0;54.0;6.0;12.0;24.0;48.0,4,6,IN,1,20,2,1,C0:68:CC,Unknown,0,245
104161,Charleshome_4g,60:A4:B7:D0:B1:81,-87,6,2366,100,17890099563,WPA2,1,0,1,8,1.0;2.0;5.5;11.0;9.0;18.0;36.0;54.0;6.0;12.0;24.0;48.0,4,6,,1,40,2,1,60:A4:B7,Unknown,0,244
104221,Charleshome_5g,62:A4:B7:D1:B1:81,-88,6,2367,100,17890101724,WPA2,1,0,1,8,1.0;2.0;5.5;11.0;9.0;18.0;36.0;54.0;6.0;12.0;24.0;48.0,4,6,,1,40,2,1,62:A4:B7,Unknown,0,244
104274,suresh4G,CA:78:C9:FE:B1:3C,-90,6,1016,100,9822415227,WPA2,1,0,1,8,1.0;2.0;5.5;11.0;18.0;24.0;36.0;54.0;6.0;9.0;12.0;48.0,4,6,IN,1,40,2,1,CA:78:C9,Unknown,0,228
104316,JioFiber-satz,C0:68:CC:6E:74:72,-83,7,3915,100,11391181194,WPA2,1,0,1,8,1.0;2.0;5.5;11.0;9.0;18.0;36.0;54.0;6.0;12.0;24.0;48.0,4,6,IN,1,20,2,1,C0:68:CC,Unknown,0,245
104369,babu_5G,CA:78:C9:FE:B1:30,-90,7,1017,100,9822515590,WPA2,1,0,1,8,1.0;2.0;5.5;11.0;18.0;24.0;36.0;54.0;6.0;9.0;12.0;48.0,4,6,IN,1,40,2,1,CA:78:C9,Unknown,0,227
104422,babu_5G,CA:78:C9:FE:B1:30,-86,7,1019,100,9822617997,WPA2,1,0,1,8,1.0;2.0;5.5;11.0;18.0;24.0;36.0;54.0;6.0;9.0;12.0;48.0,4,6,IN,1,40,2,1,CA:78:C9,Unknown,0,227
104474,suresh4G,CA:78:C9:FE:B1:3C,-87,7,1020,100,9822620043,WPA2,1,0,1,8,1.0;2.0;5.5;11.0;18.0;24.0;36.0;54.0;6.0;9.0;12.0;48.0,4,6,IN,1,40,2,1,CA:78:C9,Unknown,0,228
104528,JioFiber-satz,C0:68:CC:6E:74:72,-83,7,3917,100,11391388412,WPA2,1,0,1,8,1.0;2.0;5.5;11.0;9.0;18.0;36.0;54.0;6.0;12.0;24.0;48.0,4,6,IN,1,20,2,1,C0:68:CC,Unknown,0,245
104580,JioFiber-satz,C0:68:CC:6E:74:72,-78,7,3918,100,11391488404,WPA2,1,0,1,8,1.0;2.0;5.5;11.0;9.0;18.0;36.0;54.0;6.0;12.0;24.0;48.0,4,6,IN,1,20,2,1,C0:68:CC,Unknown,0,245
105170,SanD-JioFiber,BA:A9:15:4E:AF:EE,-90,11,2438,100,802665370000,WPA2,1,0,1,8,1.0;2.0;5.5;11.0;18.0;24.0;36.0;54.0;6.0;9.0;12.0;48.0,4,11,IN,1,40,2,1,BA:A9:15,Unknown,0,233
105222,Cctv,50:2B:73:FD:4F:28,-62,11,1548,100,501738803582,WPA2,1,0,1,8,1.0;2.0;5.5;11.0;6.0;9.0;12.0;18.0;24.0;36.0;48.0;54.0,4,11,,1,40,2,1,50:2B:73,Unknown,0,276
105284,Sekar,3C:84:6A:7B:AF:FE,-86,11,3159,100,294762905925,WPA2,1,0,1,8,1.0;2.0;5.5;11.0;9.0;18.0;36.0;54.0;6.0;12.0;24.0;48.0,4,11,,1,40,2,0,3C:84:6A,Unknown,0,259
105326,SanD-JioFiber_EXT,8C:90:2D:3B:B6:5A,-94,11,642,100,3098010003,WPA2,1,0,1,8,1.0;2.0;5.5;11.0;9.0;18.0;36.0;54.0;6.0;12.0;24.0;48.0,4,11,,1,20,2,0,8C:90:2D,Unknown,0,223
105390,Cctv,50:2B:73:FD:4F:28,-64,11,1549,100,501738906009,WPA2,1,0,1,8,1.0;2.0;5.5;11.0;6.0;9.0;12.0;18.0;24.0;36.0;48.0;54.0,4,11,,1,40,2,1,50:2B:73,Unknown,0,276
105432,Sekar,3C:84:6A:7B:AF:FE,-79,11,3160,100,294763008327,WPA2,1,0,1,8,1.0;2.0;5.5;11.0;9.0;18.0;36.0;54.0;6.0;12.0;24.0;48.0,4,11,,1,40,2,0,3C:84:6A,Unknown,0,259
105485,SanD-JioFiber_EXT,8C:90:2D:3B:B6:5A,-92,11,643,100,3098112405,WPA2,1,0,1,8,1.0;2.0;5.5;11.0;9.0;18.0;36.0;54.0;6.0;12.0;24.0;48.0,4,11,,1,20,2,0,8C:90:2D,Unknown,0,223
105535,JVACT1,A4:2B:B0:01:A6:3A,-95,11,3503,100,803570484007,WPA2,1,0,1,8,1.0;2.0;5.5;11.0;9.0;18.0;36.0;54.0;6.0;12.0;24.0;48.0,4,11,,1,40,2,0,A4:2B:B0,Unknown,0,260
105588,TP-Link_0C69,9C:A2:F4:A6:0C:69,-94,12,2031,100,803579494814,WPA2,1,0,1,8,1.0;2.0;5.5;11.0;9.0;18.0;36.0;54.0;6.0;12.0;24.0;48.0,4,11,,1,40,2,0,9C:A2:F4,Unknown,0,265
105630,Sekar,3C:84:6A:7B:AF:FE,-89,12,3161,100,294763110728,WPA2,1,0,1,8,1.0;2.0;5.5;11.0;9.0;18.0;36.0;54.0;6.0;12.0;24.0;48.0,4,11,,1,40,2,0,3C:84:6A,Unknown,0,259
105683,Sekar,3C:84:6A:7B:AF:FE,-87,12,3162,100,294763213127,WPA2,1,0,1,8,1.0;2.0;5.5;11.0;9.0;18.0;36.0;54.0;6.0;12.0;24.0;48.0,4,11,,1,40,2,0,3C:84:6A,Unknown,0,259
105736,Cctv,50:2B:73:FD:4F:28,-66,13,1553,100,501739315609,WPA2,1,0,1,8,1.0;2.0;5.5;11.0;6.0;9.0;12.0;18.0;24.0;36.0;48.0;54.0,4,11,,1,40,2,1,50:2B:73,Unknown,0,276
105789,Sekar,3C:84:6A:7B:AF:FE,-85,13,3164,100,294763417936,WPA2,1,0,1,8,1.0;2.0;5.5;11.0;9.0;18.0;36.0;54.0;6.0;12.0;24.0;48.0,4,11,,1,40,2,0,3C:84:6A,Unknown,0,259
105891,Tanyaa-4G,04:AB:08:2A:8A:52,-89,1,3832,100,623078502794,WPA2,1,0,1,8,1.0;2.0;5.5;11.0;9.0;18.0;36.0;54.0;6.0;12.0;24.0;48.0,4,1,IN,1,20,2,1,04:AB:08,Unknown,0,282
105933,Aadhav_Aarhav5,62:A3:99:84:AC:E7,-92,1,3949,100,192803944868,WPA2,1,0,1,8,1.0;2.0;5.5;11.0;18.0;24.0;36.0;54.0;6.0;9.0;12.0;48.0,4,1,IN,1,40,2,1,62:A3:99,Unknown,0,234
105985,Aadhav_Aarhav,62:A3:99:84:AC:E3,-94,1,3952,100,192804045704,WPA2,1,0,1,8,1.0;2.0;5.5;11.0;18.0;24.0;36.0;54.0;6.0;9.0;12.0;48.0,4,1,IN,1,40,2,1,62:A3:99,Unknown,0,233
106038,Aadhav_Aarhav5,62:A3:99:84:AC:E7,-90,1,3953,100,192804047779,WPA2,1,0,1,8,1.0;2.0;5.5;11.0;18.0;24.0;36.0;54.0;6.0;9.0;12.0;48.0,4,1,IN,1,40,2,1,62:A3:99,Unknown,0,234
106100,Tanyaa-4G,04:AB:08:2A:8A:52,-93,1,3834,100,623078707736,WPA2,1,0,1,8,1.0;2.0;5.5;11.0;9.0;18.0;36.0;54.0;6.0;12.0;24.0;48.0,4,1,IN,1,20,2,1,04:AB:08,Unknown,0,282
106143,JVACT,F0:A7:31:F8:68:16,-91,2,2406,100,786841915,WPA2,1,0,1,8,1.0;2.0;5.5;11.0;9.0;18.0;36.0;54.0;6.0;12.0;24.0;48.0,4,1,,1,40,2,1,F0:A7:31,Unknown,0,235
106196,JVACT5G,F2:A7:31:F9:68:16,-91,2,2407,100,786844004,WPA2,1,0,1,8,1.0;2.0;5.5;11.0;9.0;18.0;36.0;54.0;6.0;12.0;24.0;48.0,4,1,,1,40,2,1,F2:A7:31,Unknown,0,237
106238,JVACT,F0:A7:31:F8:68:16,-90,2,2408,100,786944492,WPA2,1,0,1,8,1.0;2.0;5.5;11.0;9.0;18.0;36.0;54.0;6.0;12.0;24.0;48.0,4,1,,1,40,2,1,F0:A7:31,Unknown,0,235
106291,Palani,9C:A2:F4:E8:A2:D4,-89,2,2983,100,802673664330,WPA2,1,0,1,8,1.0;2.0;5.5;11.0;9.0;18.0;36.0;54.0;6.0;12.0;24.0;48.0,4,2,,1,40,2,1,9C:A2:F4,Unknown,0,236
106351,Tanyaa-4G,04:AB:08:2A:8A:52,-92,2,3836,100,623078912396,WPA2,1,0,1,8,1.0;2.0;5.5;11.0;9.0;18.0;36.0;54.0;6.0;12.0;24.0;48.0,4,1,IN,1,20,2,1,04:AB:08,Unknown,0,282
106393,JVACT5G,F2:A7:31:F9:68:16,-90,2,2411,100,787048810,WPA2,1,0,1,8,1.0;2.0;5.5;11.0;9.0;18.0;36.0;54.0;6.0;12.0;24.0;48.0,4,1,,1,40,2,1,F2:A7:31,Unknown,0,237
106447,Satz,10:27:F5:5C:C6:A3,-86,3,3190,100,803548979591,WPA2,1,0,1,8,1.0;2.0;5.5;11.0;18.0;24.0;36.0;54.0;6.0;9.0;12.0;48.0,4,3,,1,40,2,1,10:27:F5,Unknown,0,254
106489,Palani,9C:A2:F4:E8:A2:D4,-87,3,2984,100,802673766733,WPA2,1,0,1,8,1.0;2.0;5.5;11.0;9.0;18.0;36.0;54.0;6.0;12.0;24.0;48.0,4,2,,1,40,2,1,9C:A2:F4,Unknown,0,236
106542,Tanyaa-4G,04:AB:08:2A:8A:52,-91,3,3837,100,623079014824,WPA2,1,0,1,8,1.0;2.0;5.5;11.0;9.0;18.0;36.0;54.0;6.0;12.0;24.0;48.0,4,1,IN,1,20,2,1,04:AB:08,Unknown,0,282
106605,JVACT5G,F2:A7:31:F9:68:16,-85,3,2413,100,787151206,WPA2,1,0,1,8,1.0;2.0;5.5;11.0;9.0;18.0;36.0;54.0;6.0;12.0;24.0;48.0,4,1,,1,40,2,1,F2:A7:31,Unknown,0,237
106658,Satz,10:27:F5:5C:C6:A3,-80,3,3191,100,803549082010,WPA2,1,0,1,8,1.0;2.0;5.5;11.0;18.0;24.0;36.0;54.0;6.0;9.0;12.0;48.0,4,3,,1,40,2,1,10:27:F5,Unknown,0,254
106711,Satz,10:27:F5:5C:C6:A3,-79,3,3192,100,803549184390,WPA2,1,0,1,8,1.0;2.0;5.5;11.0;18.0;24.0;36.0;54.0;6.0;9.0;12.0;48.0,4,3,,1,40,2,1,10:27:F5,Unknown,0,254
106753,Palani,9C:A2:F4:E8:A2:D4,-92,3,2986,100,802673971531,WPA2,1,0,1,8,1.0;2.0;5.5;11.0;9.0;18.0;36.0;54.0;6.0;12.0;24.0;48.0,4,2,,1,40,2,1,9C:A2:F4,Unknown,0,236
106806,Satz,10:27:F5:5C:C6:A3,-89,4,3194,100,803549389191,WPA2,1,0,1,8,1.0;2.0;5.5;11.0;18.0;24.0;36.0;54.0;6.0;9.0;12.0;48.0,4,3,,1,40,2,1,10:27:F5,Unknown,0,254
106878,JioFiber-satz,C0:68:CC:6E:74:72,-88,5,3944,100,11393946343,WPA2,1,0,1,8,1.0;2.0;5.5;11.0;9.0;18.0;36.0;54.0;6.0;12.0;24.0;48.0,4,6,IN,1,20,2,1,C0:68:CC,Unknown,0,245
106927,Airtel__dontuse,30:BD:13:27:87:96,-85,5,3283,100,180450714480,WPA2,1,0,1,8,1.0;2.0;5.5;11.0;6.0;9.0;12.0;18.0;24.0;36.0;48.0;54.0,4,6,IN,1,20,2,1,30:BD:13,Unknown,0,311
107030,Airtel__dontuse,30:BD:13:27:87:96,-91,5,3284,100,180450816834,WPA2,1,0,1,8,1.0;2.0;5.5;11.0;6.0;9.0;12.0;18.0;24.0;36.0;48.0;54.0,4,6,IN,1,20,2,1,30:BD:13,Unknown,0,311
107082,JioFiber-satz,C0:68:CC:6E:74:72,-90,5,3946,100,11394150816,WPA2,1,0,1,8,1.0;2.0;5.5;11.0;9.0;18.0;36.0;54.0;6.0;12.0;24.0;48.0,4,6,IN,1,20,2,1,C0:68:CC,Unknown,0,245
107137,babu_5G,CA:78:C9:FE:B1:30,-83,6,1087,100,9825485215,WPA2,1,0,1,8,1.0;2.0;5.5;11.0;18.0;24.0;36.0;54.0;6.0;9.0;12.0;48.0,4,6,IN,1,40,2,1,CA:78:C9,Unknown,0,227
107191,suresh4G,CA:78:C9:FE:B1:3C,-88,6,1088,100,9825487252,WPA2,1,0,1,8,1.0;2.0;5.5;11.0;18.0;24.0;36.0;54.0;6.0;9.0;12.0;48.0,4,6,IN,1,40,2,1,CA:78:C9,Unknown,0,228
107243,Airtel__dontuse,30:BD:13:27:87:96,-90,6,3285,100,180450919290,WPA2,1,0,1,8,1.0;2.0;5.5;11.0;6.0;9.0;12.0;18.0;24.0;36.0;48.0;54.0,4,6,IN,1,20,2,1,30:BD:13,Unknown,0,311
107296,GM_Jio,72:78:C9:FA:AA:E5,-93,6,42,100,2837925069209,WPA2,1,0,1,8,1.0;2.0;5.5;11.0;18.0;24.0;36.0;54.0;6.0;9.0;12.0;48.0,4,6,IN,1,40,2,1,72:78:C9,Unknown,0,226
107338,Charleshome_4g,60:A4:B7:D0:B1:81,-91,6,2428,100,17893273928,WPA2,1,0,1,8,1.0;2.0;5.5;11.0;9.0;18.0;36.0;54.0;6.0;12.0;24.0;48.0,4,6,,1,40,2,1,60:A4:B7,Unknown,0,244
107391,Charleshome_5g,62:A4:B7:D1:B1:81,-92,6,2429,100,17893276090,WPA2,1,0,1,8,1.0;2.0;5.5;11.0;9.0;18.0;36.0;54.0;6.0;12.0;24.0;48.0,4,6,,1,40,2,1,62:A4:B7,Unknown,0,244
107443,babu_5G,CA:78:C9:FE:B1:30,-88,6,1089,100,9825587608,WPA2,1,0,1,8,1.0;2.0;5.5;11.0;18.0;24.0;36.0;54.0;6.0;9.0;12.0;48.0,4,6,IN,1,40,2,1,CA:78:C9,Unknown,0,227
107487,Charleshome_4g,60:A4:B7:D0:B1:81,-92,6,2430,100,17893376332,WPA2,1,0,1,8,1.0;2.0;5.5;11.0;9.0;18.0;36.0;54.0;6.0;12.0;24.0;48.0,4,6,,1,40,2,1,60:A4:B7,Unknown,0,244
107539,Charleshome_5g,62:A4:B7:D1:B1:81,-92,6,2431,100,17893378493,WPA2,1,0,1,8,1.0;2.0;5.5;11.0;9.0;18.0;36.0;54.0;6.0;12.0;24.0;48.0,4,6,,1,40,2,1,62:A4:B7,Unknown,0,244
107592,babu_5G,CA:78:C9:FE:B1:30,-87,7,1097,100,9825894811,WPA2,1,0,1,8,1.0;2.0;5.5;11.0;18.0;24.0;36.0;54.0;6.0;9.0;12.0;48.0,4,6,IN,1,40,2,1,CA:78:C9,Unknown,0,227
107613,,EA:D3:62:19:9F:8A,-93,7,346,100,170352435584,WEP,1,1,1,0,,0,0,,0,0,0,0,EA:D3:62,Unknown,0,298
107966,Cctv,50:2B:73:FD:4F:28,-79,9,1575,100,501741568409,WPA2,1,0,1,8,1.0;2.0;5.5;11.0;6.0;9.0;12.0;18.0;24.0;36.0;48.0;54.0,4,11,,1,40,2,1,50:2B:73,Unknown,0,276
108171,Cctv,50:2B:73:FD:4F:28,-70,10,1577,100,501741773209,WPA2,1,0,1,8,1.0;2.0;5.5;11.0;6.0;9.0;12.0;18.0;24.0;36.0;48.0;54.0,4,11,,1,40,2,1,50:2B:73,Unknown,0,276
108213,Sekar,3C:84:6A:7B:AF:FE,-87,10,3188,100,294765875556,WPA2,1,0,1,8,1.0;2.0;5.5;11.0;9.0;18.0;36.0;54.0;6.0;12.0;24.0;48.0,4,11,,1,40,2,0,3C:84:6A,Unknown,0,259
108376,Cctv,50:2B:73:FD:4F:28,-66,11,1579,100,501741977991,WPA2,1,0,1,8,1.0;2.0;5.5;11.0;6.0;9.0;12.0;18.0;24.0;36.0;48.0;54.0,4,11,,1,40,2,1,50:2B:73,Unknown,0,276
108418,Sekar,3C:84:6A:7B:AF:FE,-84,11,3190,100,294766080355,WPA2,1,0,1,8,1.0;2.0;5.5;11.0;9.0;18.0;36.0;54.0;6.0;12.0;24.0;48.0,4,11,,1,40,2,0,3C:84:6A,Unknown,0,259
108471,JVACT1,A4:2B:B0:01:A6:3A,-91,11,3533,100,803573557113,WPA2,1,0,1,8,1.0;2.0;5.5;11.0;9.0;18.0;36.0;54.0;6.0;12.0;24.0;48.0,4,11,,1,40,2,0,A4:2B:B0,Unknown,0,260
108524,TP-Link_0C69,9C:A2:F4:A6:0C:69,-90,11,2061,100,803582566820,WPA2,1,0,1,8,1.0;2.0;5.5;11.0;9.0;18.0;36.0;54.0;6.0;12.0;24.0;48.0,4,11,,1,40,2,0,9C:A2:F4,Unknown,0,265
108576,Cctv,50:2B:73:FD:4F:28,-66,11,1580,100,501742080409,WPA2,1,0,1,8,1.0;2.0;5.5;11.0;6.0;9.0;12.0;18.0;24.0;36.0;48.0;54.0,4,11,,1,40,2,1,50:2B:73,Unknown,0,276
108629,Sekar,3C:84:6A:7B:AF:FE,-78,11,3191,100,294766182761,WPA2,1,0,1,8,1.0;2.0;5.5;11.0;9.0;18.0;36.0;54.0;6.0;12.0;24.0;48.0,4,11,,1,40,2,0,3C:84:6A,Unknown,0,259
108671,SanD-JioFiber_EXT,8C:90:2D:3B:B6:5A,-90,11,689,100,3101286793,WPA2,1,0,1,8,1.0;2.0;5.5;11.0;9.0;18.0;36.0;54.0;6.0;12.0;24.0;48.0,4,11,,1,20,2,0,8C:90:2D,Unknown,0,223
108725,TP-Link_0C69,9C:A2:F4:A6:0C:69,-93,11,2062,100,803582669199,WPA2,1,0,1,8,1.0;2.0;5.5;11.0;9.0;18.0;36.0;54.0;6.0;12.0;24.0;48.0,4,11,,1,40,2,0,9C:A2:F4,Unknown,0,265
108788,Cctv,50:2B:73:FD:4F:28,-66,11,1581,100,501742182809,WPA2,1,0,1,8,1.0;2.0;5.5;11.0;6.0;9.0;12.0;18.0;24.0;36.0;48.0;54.0,4,11,,1,40,2,1,50:2B:73,Unknown,0,276
108830,TP-Link_0C69,9C:A2:F4:A6:0C:69,-93,12,2064,100,803582873998,WPA2,1,0,1,8,1.0;2.0;5.5;11.0;9.0;18.0;36.0;54.0;6.0;12.0;24.0;48.0,4,11,,1,40,2,0,9C:A2:F4,Unknown,0,265
108893,Cctv,50:2B:73:FD:4F:28,-66,12,1583,100,501742387582,WPA2,1,0,1,8,1.0;2.0;5.5;11.0;6.0;9.0;12.0;18.0;24.0;36.0;48.0;54.0,4,11,,1,40,2,1,50:2B:73,Unknown,0,276
109168,Tanyaa-4G,04:AB:08:2A:8A:52,-75,1,3864,100,623081779623,WPA2,1,0,1,8,1.0;2.0;5.5;11.0;9.0;18.0;36.0;54.0;6.0;12.0;24.0;48.0,4,1,IN,1,20,2,1,04:AB:08,Unknown,0,282
109216,Aadhav_Aarhav5,62:A3:99:84:AC:E7,-94,1,4033,100,192807221694,WPA2,1,0,1,8,1.0;2.0;5.5;11.0;18.0;24.0;36.0;54.0;6.0;9.0;12.0;48.0,4,1,IN,1,40,2,1,62:A3:99,Unknown,0,234
109269,JioFiber-Venkat,E8:22:B8:10:0E:BA,-96,1,4036,100,2296853504408,WPA2,1,0,1,8,1.0;2.0;5.5;11.0;9.0;18.0;36.0;54.0;6.0;12.0;24.0;48.0,4,1,IN,1,20,2,1,E8:22:B8,Unknown,0,289
109322,Tanyaa-4G,04:AB:08:2A:8A:52,-76,1,3865,100,623081882017,WPA2,1,0,1,8,1.0;2.0;5.5;11.0;9.0;18.0;36.0;54.0;6.0;12.0;24.0;48.0,4,1,IN,1,20,2,1,04:AB:08,Unknown,0,282
109374,Aadhav_Aarhav5,62:A3:99:84:AC:E7,-96,1,4035,100,192807324066,WPA2,1,0,1,8,1.0;2.0;5.5;11.0;18.0;24.0;36.0;54.0;6.0;9.0;12.0;48.0,4,1,IN,1,40,2,1,62:A3:99,Unknown,0,234
109427,Jio4G,8C:A3:99:66:B3:A6,-90,1,558,100,802607104392,WPA2,1,0,1,8,1.0;2.0;5.5;11.0;9.0;18.0;36.0;54.0;6.0;12.0;24.0;48.0,4,1,IN,1,20,2,1,8C:A3:99,Unknown,0,278
109501,Tanyaa-4G,04:AB:08:2A:8A:52,-76,2,3866,100,623081984412,WPA2,1,0,1,8,1.0;2.0;5.5;11.0;9.0;18.0;36.0;54.0;6.0;12.0;24.0;48.0,4,1,IN,1,20,2,1,04:AB:08,Unknown,0,282
109554,JioFiber-Venkat,E8:22:B8:10:0E:BA,-93,2,4038,100,2296853709202,WPA2,1,0,1,8,1.0;2.0;5.5;11.0;9.0;18.0;36.0;54.0;6.0;12.0;24.0;48.0,4,1,IN,1,20,2,1,E8:22:B8,Unknown,0,289
109606,JVACT,F0:A7:31:F8:68:16,-93,2,2470,100,790118750,WPA2,1,0,1,8,1.0;2.0;5.5;11.0;9.0;18.0;36.0;54.0;6.0;12.0;24.0;48.0,4,1,,1,40,2,1,F0:A7:31,Unknown,0,235
109659,Tanyaa-4G,04:AB:08:2A:8A:52,-76,2,3867,100,623082086801,WPA2,1,0,1,8,1.0;2.0;5.5;11.0;9.0;18.0;36.0;54.0;6.0;12.0;24.0;48.0,4,1,IN,1,20,2,1,04:AB:08,Unknown,0,282
109681,,4E:22:54:0C:D5:22,-94,2,3379,100,108609129950,WEP,1,1,1,0,,0,0,,0,0,0,0,4E:22:54,Unknown,0,412
109731,Palani,9C:A2:F4:E8:A2:D4,-93,2,3015,100,802676941165,WPA2,1,0,1,8,1.0;2.0;5.5;11.0;9.0;18.0;36.0;54.0;6.0;12.0;24.0;48.0,4,2,,1,40,2,1,9C:A2:F4,Unknown,0,236
109784,Tanyaa-4G,04:AB:08:2A:8A:52,-78,2,3868,100,623082189226,WPA2,1,0,1,8,1.0;2.0;5.5;11.0;9.0;18.0;36.0;54.0;6.0;12.0;24.0;48.0,4,1,IN,1,20,2,1,04:AB:08,Unknown,0,282
109836,Tanyaa-4G,04:AB:08:2A:8A:52,-76,2,3869,100,623082292676,WPA2,1,0,1,8,1.0;2.0;5.5;11.0;9.0;18.0;36.0;54.0;6.0;12.0;24.0;48.0,4,1,IN,1,20,2,1,04:AB:08,Unknown,0,282
110367,GM_Jio,72:78:C9:FA:AA:E5,-89,6,78,100,2837928243614,WPA2,1,0,1,8,1.0;2.0;5.5;11.0;18.0;24.0;36.0;54.0;6.0;9.0;12.0;48.0,4,6,IN,1,40,2,1,72:78:C9,Unknown,0,226
110411,ACT103650185889,54:AF:97:24:1F:03,-88,6,3810,100,83478323561,WPA2,1,0,1,8,1.0;2.0;5.5;11.0;9.0;18.0;36.0;54.0;6.0;12.0;24.0;48.0,4,6,,1,40,2,1,54:AF:97,Unknown,0,245
110473,ACT103650185889_5g,56:AF:97:21:1F:03,-84,6,3811,100,83478325730,WPA2,1,0,1,8,1.0;2.0;5.5;11.0;9.0;18.0;36.0;54.0;6.0;12.0;24.0;48.0,4,6,,1,40,2,1,56:AF:97,Unknown,0,248
110525,GM_Jio,72:78:C9:FA:AA:E5,-91,6,79,100,2837928346005,WPA2,1,0,1,8,1.0;2.0;5.5;11.0;18.0;24.0;36.0;54.0;6.0;9.0;12.0;48.0,4,6,IN,1,40,2,1,72:78:C9,Unknown,0,226
110568,babu_5G,CA:78:C9:FE:B1:30,-89,6,1157,100,9828864394,WPA2,1,0,1,8,1.0;2.0;5.5;11.0;18.0;24.0;36.0;54.0;6.0;9.0;12.0;48.0,4,6,IN,1,40,2,1,CA:78:C9,Unknown,0,227
110621,suresh4G,CA:78:C9:FE:B1:3C,-91,6,1158,100,9828866439,WPA2,1,0,1,8,1.0;2.0;5.5;11.0;18.0;24.0;36.0;54.0;6.0;9.0;12.0;48.0,4,6,IN,1,40,2,1,CA:78:C9,Unknown,0,228
110673,Airtel__dontuse,30:BD:13:27:87:96,-90,6,3318,100,180454298624,WPA2,1,0,1,8,1.0;2.0;5.5;11.0;6.0;9.0;12.0;18.0;24.0;36.0;48.0;54.0,4,6,IN,1,20,2,1,30:BD:13,Unknown,0,311
110726,ACT103650185889,54:AF:97:24:1F:03,-86,6,3812,100,83478425966,WPA2,1,0,1,8,1.0;2.0;5.5;11.0;9.0;18.0;36.0;54.0;6.0;12.0;24.0;48.0,4,6,,1,40,2,1,54:AF:97,Unknown,0,245
110769,GM_Jio,72:78:C9:FA:AA:E5,-91,6,80,100,2837928448410,WPA2,1,0,1,8,1.0;2.0;5.5;11.0;18.0;24.0;36.0;54.0;6.0;9.0;12.0;48.0,4,6,IN,1,40,2,1,72:78:C9,Unknown,0,226
110822,Airtel__dontuse,30:BD:13:27:87:96,-89,6,3319,100,180454401103,WPA2,1,0,1,8,1.0;2.0;5.5;11.0;6.0;9.0;12.0;18.0;24.0;36.0;48.0;54.0,4,6,IN,1,20,2,1,30:BD:13,Unknown,0,311
110874,ACT103650185889,54:AF:97:24:1F:03,-89,6,3814,100,83478528367,WPA2,1,0,1,8,1.0;2.0;5.5;11.0;9.0;18.0;36.0;54.0;6.0;12.0;24.0;48.0,4,6,,1,40,2,1,54:AF:97,Unknown,0,245
110917,ACT103650185889_5g,56:AF:97:21:1F:03,-86,6,3815,100,83478530536,WPA2,1,0,1,8,1.0;2.0;5.5;11.0;9.0;18.0;36.0;54.0;6.0;12.0;24.0;48.0,4,6,,1,40,2,1,56:AF:97,Unknown,0,248
110977,ACT103650185889,54:AF:97:24:1F:03,-89,7,3818,100,83478733162,WPA2,1,0,1,8,1.0;2.0;5.5;11.0;9.0;18.0;36.0;54.0;6.0;12.0;24.0;48.0,4,6,,1,40,2,1,54:AF:97,Unknown,0,245
111030,GM_Jio,72:78:C9:FA:AA:E5,-92,7,83,100,2837928755613,WPA2,1,0,1,8,1.0;2.0;5.5;11.0;18.0;24.0;36.0;54.0;6.0;9.0;12.0;48.0,4,6,IN,1,40,2,1,72:78:C9,Unknown,0,226
111052,,7A:20:51:29:AC:08,-95,8,1328,100,802693837215,WEP,1,0,1,0,,0,0,,0,0,0,0,7A:20:51,Unknown,0,310
111115,Vidya,78:20:51:C9:AC:08,-91,8,1331,100,802693939595,WPA2,1,0,1,8,1.0;2.0;5.5;11.0;9.0;18.0;36.0;54.0;6.0;12.0;24.0;48.0,4,8,,1,40,2,1,78:20:51,Unknown,0,380
111249,Sekar,3C:84:6A:7B:AF:FE,-84,9,3218,100,294768947525,WPA2,1,0,1,8,1.0;2.0;5.5;11.0;9.0;18.0;36.0;54.0;6.0;12.0;24.0;48.0,4,11,,1,40,2,0,3C:84:6A,Unknown,0,259
111351,Sekar,3C:84:6A:7B:AF:FE,-83,9,3219,100,294769049924,WPA2,1,0,1,8,1.0;2.0;5.5;11.0;9.0;18.0;36.0;54.0;6.0;12.0;24.0;48.0,4,11,,1,40,2,0,3C:84:6A,Unknown,0,259
111448,Cctv,50:2B:73:FD:4F:28,-71,10,1609,100,501745049991,WPA2,1,0,1,8,1.0;2.0;5.5;11.0;6.0;9.0;12.0;18.0;24.0;36.0;48.0;54.0,4,11,,1,40,2,1,50:2B:73,Unknown,0,276
111490,Sekar,3C:84:6A:7B:AF:FE,-80,10,3220,100,294769152322,WPA2,1,0,1,8,1.0;2.0;5.5;11.0;9.0;18.0;36.0;54.0;6.0;12.0;24.0;48.0,4,11,,1,40,2,0,3C:84:6A,Unknown,0,259
111543,TP-Link_0C69,9C:A2:F4:A6:0C:69,-81,10,2091,100,803585638824,WPA2,1,0,1,8,1.0;2.0;5.5;11.0;9.0;18.0;36.0;54.0;6.0;12.0;24.0;48.0,4,11,,1,40,2,0,9C:A2:F4,Unknown,0,265
111596,Cctv,50:2B:73:FD:4F:28,-73,10,1610,100,501745152400,WPA2,1,0,1,8,1.0;2.0;5.5;11.0;6.0;9.0;12.0;18.0;24.0;36.0;48.0;54.0,4,11,,1,40,2,1,50:2B:73,Unknown,0,276
111648,Sekar,3C:84:6A:7B:AF:FE,-81,10,3221,100,294769254721,WPA2,1,0,1,8,1.0;2.0;5.5;11.0;9.0;18.0;36.0;54.0;6.0;12.0;24.0;48.0,4,11,,1,40,2,0,3C:84:6A,Unknown,0,259
111712,Cctv,50:2B:73:FD:4F:28,-70,11,1611,100,501745254782,WPA2,1,0,1,8,1.0;2.0;5.5;11.0;6.0;9.0;12.0;18.0;24.0;36.0;48.0;54.0,4,11,,1,40,2,1,50:2B:73,Unknown,0,276
111754,TP-Link_0C69,9C:A2:F4:A6:0C:69,-89,11,2093,100,803585843603,WPA2,1,0,1,8,1.0;2.0;5.5;11.0;9.0;18.0;36.0;54.0;6.0;12.0;24.0;48.0,4,11,,1,40,2,0,9C:A2:F4,Unknown,0,265
111807,Cctv,50:2B:73:FD:4F:28,-66,11,1612,100,501745357182,WPA2,1,0,1,8,1.0;2.0;5.5;11.0;6.0;9.0;12.0;18.0;24.0;36.0;48.0;54.0,4,11,,1,40,2,1,50:2B:73,Unknown,0,276
111860,Sekar,3C:84:6A:7B:AF:FE,-84,11,3223,100,294769459528,WPA2,1,0,1,8,1.0;2.0;5.5;11.0;9.0;18.0;36.0;54.0;6.0;12.0;24.0;48.0,4,11,,1,40,2,0,3C:84:6A,Unknown,0,259
111920,Cctv,50:2B:73:FD:4F:28,-69,11,1613,100,501745459609,WPA2,1,0,1,8,1.0;2.0;5.5;11.0;6.0;9.0;12.0;18.0;24.0;36.0;48.0;54.0,4,11,,1,40,2,1,50:2B:73,Unknown,0,276
111973,Cctv,50:2B:73:FD:4F:28,-75,12,1614,100,501745562000,WPA2,1,0,1,8,1.0;2.0;5.5;11.0;6.0;9.0;12.0;18.0;24.0;36.0;48.0;54.0,4,11,,1,40,2,1,50:2B:73,Unknown,0,276
112035,TP-Link_0C69,9C:A2:F4:A6:0C:69,-87,12,2096,100,803586150803,WPA2,1,0,1,8,1.0;2.0;5.5;11.0;9.0;18.0;36.0;54.0;6.0;12.0;24.0;48.0,4,11,,1,40,2,0,9C:A2:F4,Unknown,0,265
112393,kokila-internet,B0:19:21:93:04:97,-94,1,4009,100,434206310800,WPA2,1,0,1,8,1.0;2.0;5.5;11.0;9.0;18.0;36.0;54.0;6.0;12.0;24.0;48.0,4,1,,1,20,2,0,B0:19:21,Unknown,0,221
112446,Tanyaa-4G,04:AB:08:2A:8A:52,-74,1,3896,100,623085056412,WPA2,1,0,1,8,1.0;2.0;5.5;11.0;9.0;18.0;36.0;54.0;6.0;12.0;24.0;48.0,4,1,IN,1,20,2,1,04:AB:08,Unknown,0,282
112498,Aadhav_Aarhav5,62:A3:99:84:AC:E7,-90,1,31,100,192810498506,WPA2,1,0,1,8,1.0;2.0;5.5;11.0;18.0;24.0;36.0;54.0;6.0;9.0;12.0;48.0,4,1,IN,1,40,2,1,62:A3:99,Unknown,0,234
112561,ilan_4g,8C:A3:99:49:02:21,-92,1,3838,100,803513856413,WPA2,1,0,1,8,1.0;2.0;5.5;11.0;9.0;18.0;36.0;54.0;6.0;12.0;24.0;48.0,4,1,IN,1,20,2,1,8C:A3:99,Unknown,0,280
112614,Tanyaa-4G,04:AB:08:2A:8A:52,-69,1,3897,100,623085158824,WPA2,1,0,1,8,1.0;2.0;5.5;11.0;9.0;18.0;36.0;54.0;6.0;12.0;24.0;48.0,4,1,IN,1,20,2,1,04:AB:08,Unknown,0,282
112657,Aadhav_Aarhav5,62:A3:99:84:AC:E7,-91,1,33,100,192810600883,WPA2,1,0,1,8,1.0;2.0;5.5;11.0;18.0;24.0;36.0;54.0;6.0;9.0;12.0;48.0,4,1,IN,1,40,2,1,62:A3:99,Unknown,0,234
112709,ilan_4g,8C:A3:99:49:02:21,-92,1,3839,100,803513958810,WPA2,1,0,1,8,1.0;2.0;5.5;11.0;9.0;18.0;36.0;54.0;6.0;12.0;24.0;48.0,4,1,IN,1,20,2,1,8C:A3:99,Unknown,0,280
112783,Tanyaa-4G,04:AB:08:2A:8A:52,-75,2,3899,100,623085363596,WPA2,1,0,1,8,1.0;2.0;5.5;11.0;9.0;18.0;36.0;54.0;6.0;12.0;24.0;48.0,4,1,IN,1,20,2,1,04:AB:08,Unknown,0,282
112836,No Internet,48:22:54:0C:D5:22,-93,2,3910,100,108612403584,WPA2,1,1,1,8,1.0;2.0;5.5;11.0;6.0;9.0;12.0;18.0;24.0;36.0;48.0;54.0,4,2,US,1,20,2,1,48:22:54,Unknown,0,370
112857,,4E:22:54:0C:D5:22,-91,2,3411,100,108612406750,WEP,1,1,1,0,,0,0,,0,0,0,0,4E:22:54,Unknown,0,412
112920,No Internet_Guest,52:22:54:0C:D5:22,-94,2,2996,100,108612410251,WPA2,1,1,1,8,1.0;2.0;5.5;11.0;6.0;9.0;12.0;18.0;24.0;36.0;48.0;54.0,4,2,US,1,20,2,1,52:22:54,Unknown,0,378
112983,Rankedsuite,56:22:54:0C:D5:22,-93,2,2928,100,108612413480,WPA2,1,1,1,8,1.0;2.0;5.5;11.0;6.0;9.0;12.0;18.0;24.0;36.0;48.0;54.0,4,2,US,1,20,2,1,56:22:54,Unknown,0,395
113033,Aadhav_Aarhav5,62:A3:99:84:AC:E7,-94,2,39,100,192810908093,WPA2,1,0,1,8,1.0;2.0;5.5;11.0;18.0;24.0;36.0;54.0;6.0;9.0;12.0;48.0,4,1,IN,1,40,2,1,62:A3:99,Unknown,0,234
113096,No Internet,48:22:54:0C:D5:22,-93,2,3911,100,108612505984,WPA2,1,1,1,8,1.0;2.0;5.5;11.0;6.0;9.0;12.0;18.0;24.0;36.0;48.0;54.0,4,2,US,1,20,2,1,48:22:54,Unknown,0,370
113118,,4E:22:54:0C:D5:22,-93,2,3412,100,108612509150,WEP,1,1,1,0,,0,0,,0,0,0,0,4E:22:54,Unknown,0,412
113181,No Internet_Guest,52:22:54:0C:D5:22,-95,2,2997,100,108612512651,WPA2,1,1,1,8,1.0;2.0;5.5;11.0;6.0;9.0;12.0;18.0;24.0;36.0;48.0;54.0,4,2,US,1,20,2,1,52:22:54,Unknown,0,378
113381,ACT103650185889,54:AF:97:24:1F:03,-80,5,3868,100,83481293123,WPA2,1,0,1,8,1.0;2.0;5.5;11.0;9.0;18.0;36.0;54.0;6.0;12.0;24.0;48.0,4,6,,1,40,2,1,54:AF:97,Unknown,0,245
113588,ACT103650185889_5g,56:AF:97:21:1F:03,-82,5,3873,100,83481500093,WPA2,1,0,1,8,1.0;2.0;5.5;11.0;9.0;18.0;36.0;54.0;6.0;12.0;24.0;48.0,4,6,,1,40,2,1,56:AF:97,Unknown,0,248
113644,GM_Jio,72:78:C9:FA:AA:E5,-91,6,115,100,2837931520396,WPA2,1,0,1,8,1.0;2.0;5.5;11.0;18.0;24.0;36.0;54.0;6.0;9.0;12.0;48.0,4,6,IN,1,40,2,1,72:78:C9,Unknown,0,226
113697,babu_5G,CA:78:C9:FE:B1:30,-92,6,1235,100,9832038812,WPA2,1,0,1,8,1.0;2.0;5.5;11.0;18.0;24.0;36.0;54.0;6.0;9.0;12.0;48.0,4,6,IN,1,40,2,1,CA:78:C9,Unknown,0,227
113739,suresh4G,CA:78:C9:FE:B1:3C,-94,6,1236,100,9832040849,WPA2,1,0,1,8,1.0;2.0;5.5;11.0;18.0;24.0;36.0;54.0;6.0;9.0;12.0;48.0,4,6,IN,1,40,2,1,CA:78:C9,Unknown,0,228
113791,Airtel__dontuse,30:BD:13:27:87:96,-91,6,3352,100,180457473203,WPA2,1,0,1,8,1.0;2.0;5.5;11.0;6.0;9.0;12.0;18.0;24.0;36.0;48.0;54.0,4,6,IN,1,20,2,1,30:BD:13,Unknown,0,311
113843,ACT103650185889,54:AF:97:24:1F:03,-78,6,3874,100,83481600328,WPA2,1,0,1,8,1.0;2.0;5.5;11.0;9.0;18.0;36.0;54.0;6.0;12.0;24.0;48.0,4,6,,1,40,2,1,54:AF:97,Unknown,0,245
113895,ACT103650185889_5g,56:AF:97:21:1F:03,-79,6,3875,100,83481602498,WPA2,1,0,1,8,1.0;2.0;5.5;11.0;9.0;18.0;36.0;54.0;6.0;12.0;24.0;48.0,4,6,,1,40,2,1,56:AF:97,Unknown,0,248
113938,GM_Jio,72:78:C9:FA:AA:E5,-92,6,116,100,2837931622798,WPA2,1,0,1,8,1.0;2.0;5.5;11.0;18.0;24.0;36.0;54.0;6.0;9.0;12.0;48.0,4,6,IN,1,40,2,1,72:78:C9,Unknown,0,226
113990,babu_5G,CA:78:C9:FE:B1:30,-91,6,1237,100,9832141216,WPA2,1,0,1,8,1.0;2.0;5.5;11.0;18.0;24.0;36.0;54.0;6.0;9.0;12.0;48.0,4,6,IN,1,40,2,1,CA:78:C9,Unknown,0,227
114044,GM_Jio,72:78:C9:FA:AA:E5,-88,6,117,100,2837931725203,WPA2,1,0,1,8,1.0;2.0;5.5;11.0;18.0;24.0;36.0;54.0;6.0;9.0;12.0;48.0,4,6,IN,1,40,2,1,72:78:C9,Unknown,0,226
114095,babu_5G,CA:78:C9:FE:B1:30,-95,6,1239,100,9832243609,WPA2,1,0,1,8,1.0;2.0;5.5;11.0;18.0;24.0;36.0;54.0;6.0;9.0;12.0;48.0,4,6,IN,1,40,2,1,CA:78:C9,Unknown,0,227
114148,suresh4G,CA:78:C9:FE:B1:3C,-93,6,1240,100,9832245663,WPA2,1,0,1,8,1.0;2.0;5.5;11.0;18.0;24.0;36.0;54.0;6.0;9.0;12.0;48.0,4,6,IN,1,40,2,1,CA:78:C9,Unknown,0,228
114190,Airtel__dontuse,30:BD:13:27:87:96,-93,6,3354,100,180457678037,WPA2,1,0,1,8,1.0;2.0;5.5;11.0;6.0;9.0;12.0;18.0;24.0;36.0;48.0;54.0,4,6,IN,1,20,2,1,30:BD:13,Unknown,0,311
114244,ACT103650185889_5g,56:AF:97:21:1F:03,-82,7,3883,100,83482012108,WPA2,1,0,1,8,1.0;2.0;5.5;11.0;9.0;18.0;36.0;54.0;6.0;12.0;24.0;48.0,4,6,,1,40,2,1,56:AF:97,Unknown,0,248
114286,ACT103650185889,54:AF:97:24:1F:03,-79,7,3884,100,83482112335,WPA2,1,0,1,8,1.0;2.0;5.5;11.0;9.0;18.0;36.0;54.0;6.0;12.0;24.0;48.0,4,6,,1,40,2,1,54:AF:97,Unknown,0,245
114347,ACT103650185889_5g,56:AF:97:21:1F:03,-79,7,3885,100,83482114505,WPA2,1,0,1,8,1.0;2.0;5.5;11.0;9.0;18.0;36.0;54.0;6.0;12.0;24.0;48.0,4,6,,1,40,2,1,56:AF:97,Unknown,0,248
114460,ICF_65,B0:A7:B9:AF:A2:91,-96,9,792,100,46163865998,WPA2,1,0,1,8,1.0;2.0;5.5;11.0;18.0;24.0;36.0;54.0;6.0;9.0;12.0;48.0,4,9,,1,40,2,1,B0:A7:B9,Unknown,0,315
114724,Cctv,50:2B:73:FD:4F:28,-78,10,1641,100,501748326809,WPA2,1,0,1,8,1.0;2.0;5.5;11.0;6.0;9.0;12.0;18.0;24.0;36.0;48.0;54.0,4,11,,1,40,2,1,50:2B:73,Unknown,0,276
114898,SanD-JioFiber,BA:A9:15:4E:AF:EE,-92,11,2547,100,802675098015,WPA2,1,0,1,8,1.0;2.0;5.5;11.0;18.0;24.0;36.0;54.0;6.0;9.0;12.0;48.0,4,11,IN,1,40,2,1,BA:A9:15,Unknown,0,233
114951,TP-Link_0C69,9C:A2:F4:A6:0C:69,-90,11,2124,100,803589017997,WPA2,1,0,1,8,1.0;2.0;5.5;11.0;9.0;18.0;36.0;54.0;6.0;12.0;24.0;48.0,4,11,,1,40,2,0,9C:A2:F4,Unknown,0,265
115012,Cctv,50:2B:73:FD:4F:28,-84,11,1643,100,501748531591,WPA2,1,0,1,8,1.0;2.0;5.5;11.0;6.0;9.0;12.0;18.0;24.0;36.0;48.0;54.0,4,11,,1,40,2,1,50:2B:73,Unknown,0,276
115054,Sekar,3C:84:6A:7B:AF:FE,-86,11,3254,100,294772633959,WPA2,1,0,1,8,1.0;2.0;5.5;11.0;9.0;18.0;36.0;54.0;6.0;12.0;24.0;48.0,4,11,,1,40,2,0,3C:84:6A,Unknown,0,259
115107,SanD-JioFiber_EXT,8C:90:2D:3B:B6:5A,-93,11,764,100,3107738008,WPA2,1,0,1,8,1.0;2.0;5.5;11.0;9.0;18.0;36.0;54.0;6.0;12.0;24.0;48.0,4,11,,1,20,2,0,8C:90:2D,Unknown,0,223
115150,TP-Link_0C69,9C:A2:F4:A6:0C:69,-91,11,2125,100,803589120407,WPA2,1,0,1,8,1.0;2.0;5.5;11.0;9.0;18.0;36.0;54.0;6.0;12.0;24.0;48.0,4,11,,1,40,2,0,9C:A2:F4,Unknown,0,265
115213,Cctv,50:2B:73:FD:4F:28,-76,11,1644,100,501748633991,WPA2,1,0,1,8,1.0;2.0;5.5;11.0;6.0;9.0;12.0;18.0;24.0;36.0;48.0;54.0,4,11,,1,40,2,1,50:2B:73,Unknown,0,276
115264,Sekar,3C:84:6A:7B:AF:FE,-79,11,3255,100,294772736357,WPA2,1,0,1,8,1.0;2.0;5.5;11.0;9.0;18.0;36.0;54.0;6.0;12.0;24.0;48.0,4,11,,1,40,2,0,3C:84:6A,Unknown,0,259
115317,SanD-JioFiber_EXT,8C:90:2D:3B:B6:5A,-95,11,765,100,3107840407,WPA2,1,0,1,8,1.0;2.0;5.5;11.0;9.0;18.0;36.0;54.0;6.0;12.0;24.0;48.0,4,11,,1,20,2,0,8C:90:2D,Unknown,0,223
115370,Cctv,50:2B:73:FD:4F:28,-80,12,1646,100,501748838791,WPA2,1,0,1,8,1.0;2.0;5.5;11.0;6.0;9.0;12.0;18.0;24.0;36.0;48.0;54.0,4,11,,1,40,2,1,50:2B:73,Unknown,0,276
115413,Sekar,3C:84:6A:7B:AF:FE,-83,12,3257,100,294772941164,WPA2,1,0,1,8,1.0;2.0;5.5;11.0;9.0;18.0;36.0;54.0;6.0;12.0;24.0;48.0,4,11,,1,40,2,0,3C:84:6A,Unknown,0,259
115476,Cctv,50:2B:73:FD:4F:28,-88,12,1647,100,501748941209,WPA2,1,0,1,8,1.0;2.0;5.5;11.0;6.0;9.0;12.0;18.0;24.0;36.0;48.0;54.0,4,11,,1,40,2,1,50:2B:73,Unknown,0,276
115619,Tanyaa-4G,04:AB:08:2A:8A:52,-81,1,3927,100,623088230822,WPA2,1,0,1,8,1.0;2.0;5.5;11.0;9.0;18.0;36.0;54.0;6.0;12.0;24.0;48.0,4,1,IN,1,20,2,1,04:AB:08,Unknown,0,282
115662,Aadhav_Aarhav5,62:A3:99:84:AC:E7,-86,1,109,100,192813672866,WPA2,1,0,1,8,1.0;2.0;5.5;11.0;18.0;24.0;36.0;54.0;6.0;9.0;12.0;48.0,4,1,IN,1,40,2,1,62:A3:99,Unknown,0,234
115725,ACT-Shivoham2,98:BA:5F:F1:B7:4B,-95,1,2856,100,10834643661316,WPA2,1,0,1,8,1.0;2.0;5.5;11.0;9.0;18.0;36.0;54.0;6.0;12.0;24.0;48.0,4,1,DE,1,40,2,1,98:BA:5F,Unknown,0,458
115778,ACT-Shivoham2,98:BA:5F:F1:AA:D6,-93,1,38,100,13670650265992,WPA2,1,0,1,8,1.0;2.0;5.5;11.0;9.0;18.0;36.0;54.0;6.0;12.0;24.0;48.0,4,1,DE,1,40,2,1,98:BA:5F,Unknown,0,458
115809,,9A:BA:5F:41:AA:D6,-92,1,38,100,13670650265995,WEP,1,0,1,0,,0,0,,0,0,0,0,9A:BA:5F,Unknown,0,338
115840,,9A:BA:5F:51:AA:D6,-93,1,38,100,13670650266000,WEP,1,0,1,0,,0,0,,0,0,0,0,9A:BA:5F,Unknown,0,338
115903,ACT-Shivoham2,98:BA:5F:F1:B7:4B,-92,1,2858,100,10834643865993,WPA2,1,0,1,8,1.0;2.0;5.5;11.0;9.0;18.0;36.0;54.0;6.0;12.0;24.0;48.0,4,1,DE,1,40,2,1,98:BA:5F,Unknown,0,458
115925,,9A:BA:5F:41:B7:4B,-89,1,2871,100,10834643866013,WEP,1,0,1,0,,0,0,,0,0,0,0,9A:BA:5F,Unknown,0,338
115946,,9A:BA:5F:51:B7:4B,-89,1,2868,100,10834643866019,WEP,1,0,1,0,,0,0,,0,0,0,0,9A:BA:5F,Unknown,0,338
115999,kokila-internet,B0:19:21:93:04:97,-94,1,4043,100,434209792398,WPA2,1,0,1,8,1.0;2.0;5.5;11.0;9.0;18.0;36.0;54.0;6.0;12.0;24.0;48.0,4,1,,1,20,2,0,B0:19:21,Unknown,0,221
116057,Tanyaa-4G,04:AB:08:2A:8A:52,-80,2,3931,100,623088640407,WPA2,1,0,1,8,1.0;2.0;5.5;11.0;9.0;18.0;36.0;54.0;6.0;12.0;24.0;48.0,4,1,IN,1,20,2,1,04:AB:08,Unknown,0,282
116100,Aadhav_Aarhav5,62:A3:99:84:AC:E7,-89,2,117,100,192814082488,WPA2,1,0,1,8,1.0;2.0;5.5;11.0;18.0;24.0;36.0;54.0;6.0;9.0;12.0;48.0,4,1,IN,1,40,2,1,62:A3:99,Unknown,0,234
116153,Tanyaa-4G,04:AB:08:2A:8A:52,-79,3,3932,100,623088742796,WPA2,1,0,1,8,1.0;2.0;5.5;11.0;9.0;18.0;36.0;54.0;6.0;12.0;24.0;48.0,4,1,IN,1,20,2,1,04:AB:08,Unknown,0,282
116660,ACT103650185889_5g,56:AF:97:21:1F:03,-77,5,3933,100,83484572126,WPA2,1,0,1,8,1.0;2.0;5.5;11.0;9.0;18.0;36.0;54.0;6.0;12.0;24.0;48.0,4,6,,1,40,2,1,56:AF:97,Unknown,0,248
116758,Airtel__dontuse,30:BD:13:27:87:96,-90,5,3382,100,180460545347,WPA2,1,0,1,8,1.0;2.0;5.5;11.0;6.0;9.0;12.0;18.0;24.0;36.0;48.0;54.0,4,6,IN,1,20,2,1,30:BD:13,Unknown,0,311
116865,ACT103650185889_5g,56:AF:97:21:1F:03,-80,6,3937,100,83484776928,WPA2,1,0,1,8,1.0;2.0;5.5;11.0;9.0;18.0;36.0;54.0;6.0;12.0;24.0;48.0,4,6,,1,40,2,1,56:AF:97,Unknown,0,248
116921,GM_Jio,72:78:C9:FA:AA:E5,-91,6,152,100,2837934797207,WPA2,1,0,1,8,1.0;2.0;5.5;11.0;18.0;24.0;36.0;54.0;6.0;9.0;12.0;48.0,4,6,IN,1,40,2,1,72:78:C9,Unknown,0,226
116973,Airtel__dontuse,30:BD:13:27:87:96,-92,6,3384,100,180460750193,WPA2,1,0,1,8,1.0;2.0;5.5;11.0;6.0;9.0;12.0;18.0;24.0;36.0;48.0;54.0,4,6,IN,1,20,2,1,30:BD:13,Unknown,0,311
117016,ACT103650185889,54:AF:97:24:1F:03,-80,6,3938,100,83484877158,WPA2,1,0,1,8,1.0;2.0;5.5;11.0;9.0;18.0;36.0;54.0;6.0;12.0;24.0;48.0,4,6,,1,40,2,1,54:AF:97,Unknown,0,245
117069,ACT103650185889_5g,56:AF:97:21:1F:03,-79,6,3939,100,83484879327,WPA2,1,0,1,8,1.0;2.0;5.5;11.0;9.0;18.0;36.0;54.0;6.0;12.0;24.0;48.0,4,6,,1,40,2,1,56:AF:97,Unknown,0,248
117122,GM_Jio,72:78:C9:FA:AA:E5,-91,6,153,100,2837934899593,WPA2,1,0,1,8,1.0;2.0;5.5;11.0;18.0;24.0;36.0;54.0;6.0;9.0;12.0;48.0,4,6,IN,1,40,2,1,72:78:C9,Unknown,0,226
117175,suresh4G,CA:78:C9:FE:B1:3C,-95,6,1302,100,9835420051,WPA2,1,0,1,8,1.0;2.0;5.5;11.0;18.0;24.0;36.0;54.0;6.0;9.0;12.0;48.0,4,6,IN,1,40,2,1,CA:78:C9,Unknown,0,228
117217,Airtel__dontuse,30:BD:13:27:87:96,-95,6,3385,100,180460852569,WPA2,1,0,1,8,1.0;2.0;5.5;11.0;6.0;9.0;12.0;18.0;24.0;36.0;48.0;54.0,4,6,IN,1,20,2,1,30:BD:13,Unknown,0,311
117270,ACT103650185889,54:AF:97:24:1F:03,-76,6,3940,100,83484979559,WPA2,1,0,1,8,1.0;2.0;5.5;11.0;9.0;18.0;36.0;54.0;6.0;12.0;24.0;48.0,4,6,,1,40,2,1,54:AF:97,Unknown,0,245
117312,ACT103650185889_5g,56:AF:97:21:1F:03,-79,7,3943,100,83485084133,WPA2,1,0,1,8,1.0;2.0;5.5;11.0;9.0;18.0;36.0;54.0;6.0;12.0;24.0;48.0,4,6,,1,40,2,1,56:AF:97,Unknown,0,248
117374,ACT103650185889,54:AF:97:24:1F:03,-81,7,3944,100,83485184366,WPA2,1,0,1,8,1.0;2.0;5.5;11.0;9.0;18.0;36.0;54.0;6.0;12.0;24.0;48.0,4,6,,1,40,2,1,54:AF:97,Unknown,0,245
117426,ACT103650185889_5g,56:AF:97:21:1F:03,-85,7,3945,100,83485186536,WPA2,1,0,1,8,1.0;2.0;5.5;11.0;9.0;18.0;36.0;54.0;6.0;12.0;24.0;48.0,4,6,,1,40,2,1,56:AF:97,Unknown,0,248
117470,ACT103650185889_5g,56:AF:97:21:1F:03,-80,8,3947,100,83485288938,WPA2,1,0,1,8,1.0;2.0;5.5;11.0;9.0;18.0;36.0;54.0;6.0;12.0;24.0;48.0,4,6,,1,40,2,1,56:AF:97,Unknown,0,248
117737,ICF_65,B0:A7:B9:AF:A2:91,-93,9,825,100,46167142927,WPA2,1,0,1,8,1.0;2.0;5.5;11.0;18.0;24.0;36.0;54.0;6.0;9.0;12.0;48.0,4,9,,1,40,2,1,B0:A7:B9,Unknown,0,315
117840,ICF_65,B0:A7:B9:AF:A2:91,-93,9,829,100,46167245205,WPA2,1,0,1,8,1.0;2.0;5.5;11.0;18.0;24.0;36.0;54.0;6.0;9.0;12.0;48.0,4,9,,1,40,2,1,B0:A7:B9,Unknown,0,315
117901,Tenda_1B1850,E8:65:D4:1B:18:51,-94,10,2974,100,156974489629,WPA2,1,1,1,8,1.0;2.0;5.5;11.0;6.0;9.0;12.0;18.0;24.0;36.0;48.0;54.0,4,10,,1,20,2,1,E8:65:D4,Unknown,0,292
118004,Tenda_1B1850,E8:65:D4:1B:18:51,-94,10,2975,100,156974592020,WPA2,1,1,1,8,1.0;2.0;5.5;11.0;6.0;9.0;12.0;18.0;24.0;36.0;48.0;54.0,4,10,,1,20,2,1,E8:65:D4,Unknown,0,292
118056,Sekar,3C:84:6A:7B:AF:FE,-85,10,3284,100,294775705921,WPA2,1,0,1,8,1.0;2.0;5.5;11.0;9.0;18.0;36.0;54.0;6.0;12.0;24.0;48.0,4,11,,1,40,2,0,3C:84:6A,Unknown,0,259
118109,Cctv,50:2B:73:FD:4F:28,-82,10,1675,100,501751706009,WPA2,1,0,1,8,1.0;2.0;5.5;11.0;6.0;9.0;12.0;18.0;24.0;36.0;48.0;54.0,4,11,,1,40,2,1,50:2B:73,Unknown,0,276
118213,Sekar,3C:84:6A:7B:AF:FE,-83,11,3286,100,294775910726,WPA2,1,0,1,8,1.0;2.0;5.5;11.0;9.0;18.0;36.0;54.0;6.0;12.0;24.0;48.0,4,11,,1,40,2,0,3C:84:6A,Unknown,0,259
118265,SanD-JioFiber_EXT,8C:90:2D:3B:B6:5A,-93,11,814,100,3111014796,WPA2,1,0,1,8,1.0;2.0;5.5;11.0;9.0;18.0;36.0;54.0;6.0;12.0;24.0;48.0,4,11,,1,20,2,0,8C:90:2D,Unknown,0,223
118318,Cctv,50:2B:73:FD:4F:28,-86,11,1677,100,501751910791,WPA2,1,0,1,8,1.0;2.0;5.5;11.0;6.0;9.0;12.0;18.0;24.0;36.0;48.0;54.0,4,11,,1,40,2,1,50:2B:73,Unknown,0,276
118371,Sekar,3C:84:6A:7B:AF:FE,-85,11,3287,100,294776013124,WPA2,1,0,1,8,1.0;2.0;5.5;11.0;9.0;18.0;36.0;54.0;6.0;12.0;24.0;48.0,4,11,,1,40,2,0,3C:84:6A,Unknown,0,259
118414,SanD-JioFiber_EXT,8C:90:2D:3B:B6:5A,-96,11,815,100,3111117202,WPA2,1,0,1,8,1.0;2.0;5.5;11.0;9.0;18.0;36.0;54.0;6.0;12.0;24.0;48.0,4,11,,1,20,2,0,8C:90:2D,Unknown,0,223
118477,Cctv,50:2B:73:FD:4F:28,-92,12,1678,100,501752013182,WPA2,1,0,1,8,1.0;2.0;5.5;11.0;6.0;9.0;12.0;18.0;24.0;36.0;48.0;54.0,4,11,,1,40,2,1,50:2B:73,Unknown,0,276
118525,Sekar,3C:84:6A:7B:AF:FE,-89,12,3288,100,294776115532,WPA2,1,0,1,8,1.0;2.0;5.5;11.0;9.0;18.0;36.0;54.0;6.0;12.0;24.0;48.0,4,11,,1,40,2,0,3C:84:6A,Unknown,0,259
118568,Sekar,3C:84:6A:7B:AF:FE,-89,12,3289,100,294776217925,WPA2,1,0,1,8,1.0;2.0;5.5;11.0;9.0;18.0;36.0;54.0;6.0;12.0;24.0;48.0,4,11,,1,40,2,0,3C:84:6A,Unknown,0,259
118631,Cctv,50:2B:73:FD:4F:28,-80,13,1680,100,501752218009,WPA2,1,0,1,8,1.0;2.0;5.5;11.0;6.0;9.0;12.0;18.0;24.0;36.0;48.0;54.0,4,11,,1,40,2,1,50:2B:73,Unknown,0,276
118896,Tanyaa-4G,04:AB:08:2A:8A:52,-87,1,3959,100,623091507600,WPA2,1,0,1,8,1.0;2.0;5.5;11.0;9.0;18.0;36.0;54.0;6.0;12.0;24.0;48.0,4,1,IN,1,20,2,1,04:AB:08,Unknown,0,282
118939,Aadhav_Aarhav5,62:A3:99:84:AC:E7,-90,1,201,100,192816949692,WPA2,1,0,1,8,1.0;2.0;5.5;11.0;18.0;24.0;36.0;54.0;6.0;9.0;12.0;48.0,4,1,IN,1,40,2,1,62:A3:99,Unknown,0,234
118991,ilan_4g_EXT,24:2F:D0:F8:06:08,-93,1,4085,100,803598848416,WPA2,1,0,1,8,1.0;2.0;5.5;11.0;9.0;18.0;36.0;54.0;6.0;12.0;24.0;48.0,4,1,,1,20,2,0,24:2F:D0,Unknown,0,217
119044,Aadhav_Aarhav5,62:A3:99:84:AC:E7,-92,1,203,100,192817052093,WPA2,1,0,1,8,1.0;2.0;5.5;11.0;18.0;24.0;36.0;54.0;6.0;9.0;12.0;48.0,4,1,IN,1,40,2,1,62:A3:99,Unknown,0,234
119101,Tanyaa-4G,04:AB:08:2A:8A:52,-79,1,3961,100,623091712413,WPA2,1,0,1,8,1.0;2.0;5.5;11.0;9.0;18.0;36.0;54.0;6.0;12.0;24.0;48.0,4,1,IN,1,20,2,1,04:AB:08,Unknown,0,282
119144,Aadhav_Aarhav5,62:A3:99:84:AC:E7,-93,1,205,100,192817154484,WPA2,1,0,1,8,1.0;2.0;5.5;11.0;18.0;24.0;36.0;54.0;6.0;9.0;12.0;48.0,4,1,IN,1,40,2,1,62:A3:99,Unknown,0,234
119186,ilan_4g_EXT,24:2F:D0:F8:06:08,-89,1,4087,100,803599053195,WPA2,1,0,1,8,1.0;2.0;5.5;11.0;9.0;18.0;36.0;54.0;6.0;12.0;24.0;48.0,4,1,,1,20,2,0,24:2F:D0,Unknown,0,217
119250,Aadhav_Aarhav5,62:A3:99:84:AC:E7,-95,2,207,100,192817256906,WPA2,1,0,1,8,1.0;2.0;5.5;11.0;18.0;24.0;36.0;54.0;6.0;9.0;12.0;48.0,4,1,IN,1,40,2,1,62:A3:99,Unknown,0,234
119935,ACT103650185889,54:AF:97:24:1F:03,-78,5,3996,100,83487846729,WPA2,1,0,1,8,1.0;2.0;5.5;11.0;9.0;18.0;36.0;54.0;6.0;12.0;24.0;48.0,4,6,,1,40,2,1,54:AF:97,Unknown,0,245
120035,Airtel__dontuse,30:BD:13:27:87:96,-88,5,3414,100,180463822314,WPA2,1,0,1,8,1.0;2.0;5.5;11.0;6.0;9.0;12.0;18.0;24.0;36.0;48.0;54.0,4,6,IN,1,20,2,1,30:BD:13,Unknown,0,311
120087,ACT103650185889,54:AF:97:24:1F:03,-71,5,3998,100,83487949126,WPA2,1,0,1,8,1.0;2.0;5.5;11.0;9.0;18.0;36.0;54.0;6.0;12.0;24.0;48.0,4,6,,1,40,2,1,54:AF:97,Unknown,0,245
120130,ACT103650185889_5g,56:AF:97:21:1F:03,-72,5,3999,100,83487951295,WPA2,1,0,1,8,1.0;2.0;5.5;11.0;9.0;18.0;36.0;54.0;6.0;12.0;24.0;48.0,4,6,,1,40,2,1,56:AF:97,Unknown,0,248
120182,ACT103650185889,54:AF:97:24:1F:03,-72,6,4000,100,83488051527,WPA2,1,0,1,8,1.0;2.0;5.5;11.0;9.0;18.0;36.0;54.0;6.0;12.0;24.0;48.0,4,6,,1,40,2,1,54:AF:97,Unknown,0,245
120235,ACT103650185889_5g,56:AF:97:21:1F:03,-72,6,4001,100,83488053697,WPA2,1,0,1,8,1.0;2.0;5.5;11.0;9.0;18.0;36.0;54.0;6.0;12.0;24.0;48.0,4,6,,1,40,2,1,56:AF:97,Unknown,0,248
120277,GM_Jio,72:78:C9:FA:AA:E5,-90,6,189,100,2837938073994,WPA2,1,0,1,8,1.0;2.0;5.5;11.0;18.0;24.0;36.0;54.0;6.0;9.0;12.0;48.0,4,6,IN,1,40,2,1,72:78:C9,Unknown,0,226
120340,No Internet,48:22:54:0C:D7:86,-91,6,4057,100,108619981184,WPA2,1,1,1,8,1.0;2.0;5.5;11.0;6.0;9.0;12.0;18.0;24.0;36.0;48.0;54.0,4,6,US,1,20,2,1,48:22:54,Unknown,0,370
120361,,4E:22:54:0C:D7:86,-91,6,3672,100,108619984350,WEP,1,1,1,0,,0,0,,0,0,0,0,4E:22:54,Unknown,0,412
120431,No Internet_Guest,52:22:54:0C:D7:86,-91,6,3566,100,108619987851,WPA2,1,1,1,8,1.0;2.0;5.5;11.0;6.0;9.0;12.0;18.0;24.0;36.0;48.0;54.0,4,6,US,1,20,2,1,52:22:54,Unknown,0,378
120474,GM_Jio,72:78:C9:FA:AA:E5,-88,6,190,100,2837938176390,WPA2,1,0,1,8,1.0;2.0;5.5;11.0;18.0;24.0;36.0;54.0;6.0;9.0;12.0;48.0,4,6,IN,1,40,2,1,72:78:C9,Unknown,0,226
120537,No Internet,48:22:54:0C:D7:86,-93,6,4058,100,108620083584,WPA2,1,1,1,8,1.0;2.0;5.5;11.0;6.0;9.0;12.0;18.0;24.0;36.0;48.0;54.0,4,6,US,1,20,2,1,48:22:54,Unknown,0,370
120559,,4E:22:54:0C:D7:86,-91,6,3673,100,108620086750,WEP,1,1,1,0,,0,0,,0,0,0,0,4E:22:54,Unknown,0,412
120612,ACT103650185889,54:AF:97:24:1F:03,-75,7,4008,100,83488461129,WPA2,1,0,1,8,1.0;2.0;5.5;11.0;9.0;18.0;36.0;54.0;6.0;12.0;24.0;48.0,4,6,,1,40,2,1,54:AF:97,Unknown,0,245
120664,ACT103650185889_5g,56:AF:97:21:1F:03,-84,7,4009,100,83488463298,WPA2,1,0,1,8,1.0;2.0;5.5;11.0;9.0;18.0;36.0;54.0;6.0;12.0;24.0;48.0,4,6,,1,40,2,1,56:AF:97,Unknown,0,248
120717,ACTFIBERNET,B0:A7:B9:AF:A4:11,-93,7,3598,100,196848537990,WPA2,1,0,1,8,1.0;2.0;5.5;11.0;18.0;24.0;36.0;54.0;6.0;9.0;12.0;48.0,4,7,,1,40,2,1,B0:A7:B9,Unknown,0,261
120770,ACTFIBERNET,B0:A7:B9:AF:A4:11,-91,8,3599,100,196848640395,WPA2,1,0,1,8,1.0;2.0;5.5;11.0;18.0;24.0;36.0;54.0;6.0;9.0;12.0;48.0,4,7,,1,40,2,1,B0:A7:B9,Unknown,0,261
120813,GM_Jio,72:78:C9:FA:AA:E5,-91,8,196,100,2837938585994,WPA2,1,0,1,8,1.0;2.0;5.5;11.0;18.0;24.0;36.0;54.0;6.0;9.0;12.0;48.0,4,6,IN,1,40,2,1,72:78:C9,Unknown,0,226
120865,ACT103650185889,54:AF:97:24:1F:03,-76,8,4012,100,83488665933,WPA2,1,0,1,8,1.0;2.0;5.5;11.0;9.0;18.0;36.0;54.0;6.0;12.0;24.0;48.0,4,6,,1,40,2,1,54:AF:97,Unknown,0,245
120914,ACT103650185889_5g,56:AF:97:21:1F:03,-76,8,4013,100,83488668102,WPA2,1,0,1,8,1.0;2.0;5.5;11.0;9.0;18.0;36.0;54.0;6.0;12.0;24.0;48.0,4,6,,1,40,2,1,56:AF:97,Unknown,0,248
120967,TP-Link_7705,98:25:4A:26:77:05,-87,8,697,100,524955853220,WPA2,1,0,1,8,1.0;2.0;5.5;11.0;9.0;18.0;36.0;54.0;6.0;12.0;24.0;48.0,4,9,,1,40,2,0,98:25:4A,Unknown,0,243
121019,ICF_65,B0:A7:B9:AF:A2:91,-90,8,859,100,46170317192,WPA2,1,0,1,8,1.0;2.0;5.5;11.0;18.0;24.0;36.0;54.0;6.0;9.0;12.0;48.0,4,9,,1,40,2,1,B0:A7:B9,Unknown,0,315
121062,TP-Link_7705,98:25:4A:26:77:05,-91,9,699,100,524956058014,WPA2,1,0,1,8,1.0;2.0;5.5;11.0;9.0;18.0;36.0;54.0;6.0;12.0;24.0;48.0,4,9,,1,40,2,0,98:25:4A,Unknown,0,243
121176,Cctv,50:2B:73:FD:4F:28,-88,10,1705,100,501754778009,WPA2,1,0,1,8,1.0;2.0;5.5;11.0;6.0;9.0;12.0;18.0;24.0;36.0;48.0;54.0,4,11,,1,40,2,1,50:2B:73,Unknown,0,276
121239,Tenda_1B1850,E8:65:D4:1B:18:51,-92,10,3008,100,156977766438,WPA2,1,1,1,8,1.0;2.0;5.5;11.0;6.0;9.0;12.0;18.0;24.0;36.0;48.0;54.0,4,10,,1,20,2,1,E8:65:D4,Unknown,0,292
121281,Sekar,3C:84:6A:7B:AF:FE,-88,10,3315,100,294778880359,WPA2,1,0,1,8,1.0;2.0;5.5;11.0;9.0;18.0;36.0;54.0;6.0;12.0;24.0;48.0,4,11,,1,40,2,0,3C:84:6A,Unknown,0,259
121334,Tenda_1B1850,E8:65:D4:1B:18:51,-93,10,3009,100,156977868847,WPA2,1,1,1,8,1.0;2.0;5.5;11.0;6.0;9.0;12.0;18.0;24.0;36.0;48.0;54.0,4,10,,1,20,2,1,E8:65:D4,Unknown,0,292
121387,Cctv,50:2B:73:FD:4F:28,-86,11,1707,100,501754982809,WPA2,1,0,1,8,1.0;2.0;5.5;11.0;6.0;9.0;12.0;18.0;24.0;36.0;48.0;54.0,4,11,,1,40,2,1,50:2B:73,Unknown,0,276
121440,Sekar,3C:84:6A:7B:AF:FE,-85,11,3317,100,294779085157,WPA2,1,0,1,8,1.0;2.0;5.5;11.0;9.0;18.0;36.0;54.0;6.0;12.0;24.0;48.0,4,11,,1,40,2,0,3C:84:6A,Unknown,0,259
121493,SanD-JioFiber_EXT,8C:90:2D:3B:B6:5A,-92,11,854,100,3114189224,WPA2,1,0,1,8,1.0;2.0;5.5;11.0;9.0;18.0;36.0;54.0;6.0;12.0;24.0;48.0,4,11,,1,20,2,0,8C:90:2D,Unknown,0,223
121546,Cctv,50:2B:73:FD:4F:28,-85,11,1708,100,501755085209,WPA2,1,0,1,8,1.0;2.0;5.5;11.0;6.0;9.0;12.0;18.0;24.0;36.0;48.0;54.0,4,11,,1,40,2,1,50:2B:73,Unknown,0,276
121598,Sekar,3C:84:6A:7B:AF:FE,-82,11,3318,100,294779187555,WPA2,1,0,1,8,1.0;2.0;5.5;11.0;9.0;18.0;36.0;54.0;6.0;12.0;24.0;48.0,4,11,,1,40,2,0,3C:84:6A,Unknown,0,259
121641,SanD-JioFiber_EXT,8C:90:2D:3B:B6:5A,-91,11,855,100,3114291592,WPA2,1,0,1,8,1.0;2.0;5.5;11.0;9.0;18.0;36.0;54.0;6.0;12.0;24.0;48.0,4,11,,1,20,2,0,8C:90:2D,Unknown,0,223
121694,Sekar,3C:84:6A:7B:AF:FE,-82,11,3319,100,294779289963,WPA2,1,0,1,8,1.0;2.0;5.5;11.0;9.0;18.0;36.0;54.0;6.0;12.0;24.0;48.0,4,11,,1,40,2,0,3C:84:6A,Unknown,0,259
121742,SanD-JioFiber_EXT,8C:90:2D:3B:B6:5A,-93,11,856,100,3114394017,WPA2,1,0,1,8,1.0;2.0;5.5;11.0;9.0;18.0;36.0;54.0;6.0;12.0;24.0;48.0,4,11,,1,20,2,0,8C:90:2D,Unknown,0,223
121795,Cctv,50:2B:73:FD:4F:28,-84,11,1710,100,501755290000,WPA2,1,0,1,8,1.0;2.0;5.5;11.0;6.0;9.0;12.0;18.0;24.0;36.0;48.0;54.0,4,11,,1,40,2,1,50:2B:73,Unknown,0,276
122122,kokila-internet,B0:19:21:93:04:97,-90,1,8,100,434216038821,WPA2,1,0,1,8,1.0;2.0;5.5;11.0;9.0;18.0;36.0;54.0;6.0;12.0;24.0;48.0,4,1,,1,20,2,0,B0:19:21,Unknown,0,221
122174,Tanyaa-4G,04:AB:08:2A:8A:52,-86,1,3991,100,623094784414,WPA2,1,0,1,8,1.0;2.0;5.5;11.0;9.0;18.0;36.0;54.0;6.0;12.0;24.0;48.0,4,1,IN,1,20,2,1,04:AB:08,Unknown,0,282
122227,ilan_4g,8C:A3:99:49:02:21,-89,1,3933,100,803523584393,WPA2,1,0,1,8,1.0;2.0;5.5;11.0;9.0;18.0;36.0;54.0;6.0;12.0;24.0;48.0,4,1,IN,1,20,2,1,8C:A3:99,Unknown,0,280
122280,ilan_4g_EXT,24:2F:D0:F8:06:08,-87,1,21,100,803602125206,WPA2,1,0,1,8,1.0;2.0;5.5;11.0;9.0;18.0;36.0;54.0;6.0;12.0;24.0;48.0,4,1,,1,20,2,0,24:2F:D0,Unknown,0,217
122333,Tanyaa-4G,04:AB:08:2A:8A:52,-82,1,3992,100,623094886802,WPA2,1,0,1,8,1.0;2.0;5.5;11.0;9.0;18.0;36.0;54.0;6.0;12.0;24.0;48.0,4,1,IN,1,20,2,1,04:AB:08,Unknown,0,282
122385,ilan_4g,8C:A3:99:49:02:21,-92,1,3934,100,803523686798,WPA2,1,0,1,8,1.0;2.0;5.5;11.0;9.0;18.0;36.0;54.0;6.0;12.0;24.0;48.0,4,1,IN,1,20,2,1,8C:A3:99,Unknown,0,280
122428,ilan_4g_EXT,24:2F:D0:F8:06:08,-90,1,22,100,803602227593,WPA2,1,0,1,8,1.0;2.0;5.5;11.0;9.0;18.0;36.0;54.0;6.0;12.0;24.0;48.0,4,1,,1,20,2,0,24:2F:D0,Unknown,0,217
122481,kokila-internet,B0:19:21:93:04:97,-90,1,10,100,434216243609,WPA2,1,0,1,8,1.0;2.0;5.5;11.0;9.0;18.0;36.0;54.0;6.0;12.0;24.0;48.0,4,1,,1,20,2,0,B0:19:21,Unknown,0,221
122534,Aadhav_Aarhav5,62:A3:99:84:AC:E7,-96,1,287,100,192820431276,WPA2,1,0,1,8,1.0;2.0;5.5;11.0;18.0;24.0;36.0;54.0;6.0;9.0;12.0;48.0,4,1,IN,1,40,2,1,62:A3:99,Unknown,0,234
122596,ilan_4g,8C:A3:99:49:02:21,-93,1,3935,100,803523789198,WPA2,1,0,1,8,1.0;2.0;5.5;11.0;9.0;18.0;36.0;54.0;6.0;12.0;24.0;48.0,4,1,IN,1,20,2,1,8C:A3:99,Unknown,0,280
122640,ilan_4g_EXT,24:2F:D0:F8:06:08,-89,2,24,100,803602432425,WPA2,1,0,1,8,1.0;2.0;5.5;11.0;9.0;18.0;36.0;54.0;6.0;12.0;24.0;48.0,4,1,,1,20,2,0,24:2F:D0,Unknown,0,217
122692,No Internet,48:22:54:0C:D5:22,-94,2,4005,100,108622131584,WPA2,1,1,1,8,1.0;2.0;5.5;11.0;6.0;9.0;12.0;18.0;24.0;36.0;48.0;54.0,4,2,US,1,20,2,1,48:22:54,Unknown,0,370
122755,No Internet,48:22:54:0C:D5:22,-94,2,4006,100,108622233984,WPA2,1,1,1,8,1.0;2.0;5.5;11.0;6.0;9.0;12.0;18.0;24.0;36.0;48.0;54.0,4,2,US,1,20,2,1,48:22:54,Unknown,0,370
122783,,4E:22:54:0C:D5:22,-92,2,3507,100,108622237150,WEP,1,1,1,0,,0,0,,0,0,0,0,4E:22:54,Unknown,0,412
123107,Airtel__dontuse,30:BD:13:27:87:96,-89,5,3444,100,180466894485,WPA2,1,0,1,8,1.0;2.0;5.5;11.0;6.0;9.0;12.0;18.0;24.0;36.0;48.0;54.0,4,6,IN,1,20,2,1,30:BD:13,Unknown,0,311
123160,ACT103650185889,54:AF:97:24:1F:03,-78,5,4058,100,83491021157,WPA2,1,0,1,8,1.0;2.0;5.5;11.0;9.0;18.0;36.0;54.0;6.0;12.0;24.0;48.0,4,6,,1,40,2,1,54:AF:97,Unknown,0,245
123211,ACT103650185889,54:AF:97:24:1F:03,-70,5,4060,100,83491123555,WPA2,1,0,1,8,1.0;2.0;5.5;11.0;9.0;18.0;36.0;54.0;6.0;12.0;24.0;48.0,4,6,,1,40,2,1,54:AF:97,Unknown,0,245
123270,GM_Jio,72:78:C9:FA:AA:E5,-86,5,221,100,2837941145999,WPA2,1,0,1,8,1.0;2.0;5.5;11.0;18.0;24.0;36.0;54.0;6.0;9.0;12.0;48.0,4,6,IN,1,40,2,1,72:78:C9,Unknown,0,226
123372,GM_Jio,72:78:C9:FA:AA:E5,-86,6,222,100,2837941248398,WPA2,1,0,1,8,1.0;2.0;5.5;11.0;18.0;24.0;36.0;54.0;6.0;9.0;12.0;48.0,4,6,IN,1,40,2,1,72:78:C9,Unknown,0,226
123394,,4E:22:54:0C:D7:86,-93,6,3703,100,108623158750,WEP,1,1,1,0,,0,0,,0,0,0,0,4E:22:54,Unknown,0,412
123457,No Internet_Guest,52:22:54:0C:D7:86,-91,6,3597,100,108623162251,WPA2,1,1,1,8,1.0;2.0;5.5;11.0;6.0;9.0;12.0;18.0;24.0;36.0;48.0;54.0,4,6,US,1,20,2,1,52:22:54,Unknown,0,378
123520,Rankedsuite,56:22:54:0C:D7:86,-91,6,3542,100,108623165480,WPA2,1,1,1,8,1.0;2.0;5.5;11.0;6.0;9.0;12.0;18.0;24.0;36.0;48.0;54.0,4,6,US,1,20,2,1,56:22:54,Unknown,0,395
123541,,5A:22:54:0C:D7:86,-92,6,2664,100,108623168846,WEP,1,1,1,0,,0,0,,0,0,0,0,5A:22:54,Unknown,0,384
123591,ACT103650185889_5g,56:AF:97:21:1F:03,-68,6,4065,100,83491330532,WPA2,1,0,1,8,1.0;2.0;5.5;11.0;9.0;18.0;36.0;54.0;6.0;12.0;24.0;48.0,4,6,,1,40,2,1,56:AF:97,Unknown,0,248
123644,GM_Jio,72:78:C9:FA:AA:E5,-86,6,223,100,2837941350805,WPA2,1,0,1,8,1.0;2.0;5.5;11.0;18.0;24.0;36.0;54.0;6.0;9.0;12.0;48.0,4,6,IN,1,40,2,1,72:78:C9,Unknown,0,226
123696,No Internet,48:22:54:0C:D7:86,-92,6,4089,100,108623257984,WPA2,1,1,1,8,1.0;2.0;5.5;11.0;6.0;9.0;12.0;18.0;24.0;36.0;48.0;54.0,4,6,US,1,20,2,1,48:22:54,Unknown,0,370
123728,,4E:22:54:0C:D7:86,-91,6,3704,100,108623261150,WEP,1,1,1,0,,0,0,,0,0,0,0,4E:22:54,Unknown,0,412
123771,ACT103650185889,54:AF:97:24:1F:03,-79,7,4068,100,83491533160,WPA2,1,0,1,8,1.0;2.0;5.5;11.0;9.0;18.0;36.0;54.0;6.0;12.0;24.0;48.0,4,6,,1,40,2,1,54:AF:97,Unknown,0,245
123829,ACT103650185889_5g,56:AF:97:21:1F:03,-76,7,4069,100,83491535330,WPA2,1,0,1,8,1.0;2.0;5.5;11.0;9.0;18.0;36.0;54.0;6.0;12.0;24.0;48.0,4,6,,1,40,2,1,56:AF:97,Unknown,0,248
123881,GM_Jio,72:78:C9:FA:AA:E5,-87,7,225,100,2837941555591,WPA2,1,0,1,8,1.0;2.0;5.5;11.0;18.0;24.0;36.0;54.0;6.0;9.0;12.0;48.0,4,6,IN,1,40,2,1,72:78:C9,Unknown,0,226
123934,No Internet,48:22:54:0C:D7:86,-94,7,4091,100,108623462784,WPA2,1,1,1,8,1.0;2.0;5.5;11.0;6.0;9.0;12.0;18.0;24.0;36.0;48.0;54.0,4,6,US,1,20,2,1,48:22:54,Unknown,0,370
123987,GM_Jio,72:78:C9:FA:AA:E5,-89,7,226,100,2837941657991,WPA2,1,0,1,8,1.0;2.0;5.5;11.0;18.0;24.0;36.0;54.0;6.0;9.0;12.0;48.0,4,6,IN,1,40,2,1,72:78:C9,Unknown,0,226
124030,ACT103650185889,54:AF:97:24:1F:03,-74,7,4072,100,83491737965,WPA2,1,0,1,8,1.0;2.0;5.5;11.0;9.0;18.0;36.0;54.0;6.0;12.0;24.0;48.0,4,6,,1,40,2,1,54:AF:97,Unknown,0,245
124088,ACT103650185889_5g,56:AF:97:21:1F:03,-77,7,4073,100,83491740135,WPA2,1,0,1,8,1.0;2.0;5.5;11.0;9.0;18.0;36.0;54.0;6.0;12.0;24.0;48.0,4,6,,1,40,2,1,56:AF:97,Unknown,0,248
124140,ACT103650185889,54:AF:97:24:1F:03,-79,7,4074,100,83491840363,WPA2,1,0,1,8,1.0;2.0;5.5;11.0;9.0;18.0;36.0;54.0;6.0;12.0;24.0;48.0,4,6,,1,40,2,1,54:AF:97,Unknown,0,245
124184,TP-Link_7705,98:25:4A:26:77:05,-87,9,730,100,524959232417,WPA2,1,0,1,8,1.0;2.0;5.5;11.0;9.0;18.0;36.0;54.0;6.0;12.0;24.0;48.0,4,9,,1,40,2,0,98:25:4A,Unknown,0,243
124215,,5E:A6:E6:EC:70:B4,-87,9,3461,100,803576525209,WEP,1,0,1,0,,0,0,,0,0,0,0,5E:A6:E6,Unknown,0,263
124291,ICF62,5C:A6:E6:CC:70:B4,-92,9,3462,100,803576627625,WPA2,1,0,1,8,1.0;2.0;5.5;11.0;9.0;18.0;36.0;54.0;6.0;12.0;24.0;48.0,4,9,,1,20,2,1,5C:A6:E6,Unknown,0,333
124357,Sekar,3C:84:6A:7B:AF:FE,-91,10,3346,100,294782054719,WPA2,1,0,1,8,1.0;2.0;5.5;11.0;9.0;18.0;36.0;54.0;6.0;12.0;24.0;48.0,4,11,,1,40,2,0,3C:84:6A,Unknown,0,259
124453,Cctv,50:2B:73:FD:4F:28,-92,10,1737,100,501758054782,WPA2,1,0,1,8,1.0;2.0;5.5;11.0;6.0;9.0;12.0;18.0;24.0;36.0;48.0;54.0,4,11,,1,40,2,1,50:2B:73,Unknown,0,276
124495,TP-Link_7705,98:25:4A:26:77:05,-88,10,733,100,524959539617,WPA2,1,0,1,8,1.0;2.0;5.5;11.0;9.0;18.0;36.0;54.0;6.0;12.0;24.0;48.0,4,9,,1,40,2,0,98:25:4A,Unknown,0,243
124557,Tenda_1B1850,E8:65:D4:1B:18:51,-91,10,3042,100,156981145647,WPA2,1,1,1,8,1.0;2.0;5.5;11.0;6.0;9.0;12.0;18.0;24.0;36.0;48.0;54.0,4,10,,1,20,2,1,E8:65:D4,Unknown,0,292
124610,Sekar,3C:84:6A:7B:AF:FE,-89,10,3348,100,294782259525,WPA2,1,0,1,8,1.0;2.0;5.5;11.0;9.0;18.0;36.0;54.0;6.0;12.0;24.0;48.0,4,11,,1,40,2,0,3C:84:6A,Unknown,0,259
124664,Sekar,3C:84:6A:7B:AF:FE,-92,11,3349,100,294782361926,WPA2,1,0,1,8,1.0;2.0;5.5;11.0;9.0;18.0;36.0;54.0;6.0;12.0;24.0;48.0,4,11,,1,40,2,0,3C:84:6A,Unknown,0,259
124760,Cctv,50:2B:73:FD:4F:28,-87,11,1740,100,501758361991,WPA2,1,0,1,8,1.0;2.0;5.5;11.0;6.0;9.0;12.0;18.0;24.0;36.0;48.0;54.0,4,11,,1,40,2,1,50:2B:73,Unknown,0,276
124802,Tenda_1B1850,E8:65:D4:1B:18:51,-85,11,3044,100,156981350420,WPA2,1,1,1,8,1.0;2.0;5.5;11.0;6.0;9.0;12.0;18.0;24.0;36.0;48.0;54.0,4,10,,1,20,2,1,E8:65:D4,Unknown,0,292
124855,Sekar,3C:84:6A:7B:AF:FE,-83,11,3350,100,294782464322,WPA2,1,0,1,8,1.0;2.0;5.5;11.0;9.0;18.0;36.0;54.0;6.0;12.0;24.0;48.0,4,11,,1,40,2,0,3C:84:6A,Unknown,0,259
124897,SanD-JioFiber_EXT,8C:90:2D:3B:B6:5A,-95,11,887,100,3117568396,WPA2,1,0,1,8,1.0;2.0;5.5;11.0;9.0;18.0;36.0;54.0;6.0;12.0;24.0;48.0,4,11,,1,20,2,0,8C:90:2D,Unknown,0,223
124969,Cctv,50:2B:73:FD:4F:28,-92,11,1741,100,501758464409,WPA2,1,0,1,8,1.0;2.0;5.5;11.0;6.0;9.0;12.0;18.0;24.0;36.0;48.0;54.0,4,11,,1,40,2,1,50:2B:73,Unknown,0,276
125022,Tenda_1B1850,E8:65:D4:1B:18:51,-89,11,3045,100,156981452847,WPA2,1,1,1,8,1.0;2.0;5.5;11.0;6.0;9.0;12.0;18.0;24.0;36.0;48.0;54.0,4,10,,1,20,2,1,E8:65:D4,Unknown,0,292
125064,Sekar,3C:84:6A:7B:AF:FE,-86,11,3351,100,294782566730,WPA2,1,0,1,8,1.0;2.0;5.5;11.0;9.0;18.0;36.0;54.0;6.0;12.0;24.0;48.0,4,11,,1,40,2,0,3C:84:6A,Unknown,0,259
125117,SanD-JioFiber_EXT,8C:90:2D:3B:B6:5A,-95,11,888,100,3117670802,WPA2,1,0,1,8,1.0;2.0;5.5;11.0;9.0;18.0;36.0;54.0;6.0;12.0;24.0;48.0,4,11,,1,20,2,0,8C:90:2D,Unknown,0,223
125160,Sekar,3C:84:6A:7B:AF:FE,-85,12,3352,100,294782669131,WPA2,1,0,1,8,1.0;2.0;5.5;11.0;9.0;18.0;36.0;54.0;6.0;12.0;24.0;48.0,4,11,,1,40,2,0,3C:84:6A,Unknown,0,259
125376,ilan_4g_EXT,24:2F:D0:F8:06:08,-88,1,52,100,803605299611,WPA2,1,0,1,8,1.0;2.0;5.5;11.0;9.0;18.0;36.0;54.0;6.0;12.0;24.0;48.0,4,1,,1,20,2,0,24:2F:D0,Unknown,0,217
125419,kokila-internet,B0:19:21:93:04:97,-82,1,40,100,434219315620,WPA2,1,0,1,8,1.0;2.0;5.5;11.0;9.0;18.0;36.0;54.0;6.0;12.0;24.0;48.0,4,1,,1,20,2,0,B0:19:21,Unknown,0,221
125471,Tanyaa-4G,04:AB:08:2A:8A:52,-91,1,4023,100,623098061227,WPA2,1,0,1,8,1.0;2.0;5.5;11.0;9.0;18.0;36.0;54.0;6.0;12.0;24.0;48.0,4,1,IN,1,20,2,1,04:AB:08,Unknown,0,282
125524,ilan_4g,8C:A3:99:49:02:21,-92,1,3965,100,803526861196,WPA2,1,0,1,8,1.0;2.0;5.5;11.0;9.0;18.0;36.0;54.0;6.0;12.0;24.0;48.0,4,1,IN,1,20,2,1,8C:A3:99,Unknown,0,280
125577,ilan_4g_EXT,24:2F:D0:F8:06:08,-86,1,53,100,803605402015,WPA2,1,0,1,8,1.0;2.0;5.5;11.0;9.0;18.0;36.0;54.0;6.0;12.0;24.0;48.0,4,1,,1,20,2,0,24:2F:D0,Unknown,0,217
125628,kokila-internet,B0:19:21:93:04:97,-86,1,41,100,434219418026,WPA2,1,0,1,8,1.0;2.0;5.5;11.0;9.0;18.0;36.0;54.0;6.0;12.0;24.0;48.0,4,1,,1,20,2,0,B0:19:21,Unknown,0,221
125682,Aadhav_Aarhav,62:A3:99:84:AC:E3,-93,1,372,100,192823603590,WPA2,1,0,1,8,1.0;2.0;5.5;11.0;18.0;24.0;36.0;54.0;6.0;9.0;12.0;48.0,4,1,IN,1,40,2,1,62:A3:99,Unknown,0,233
125724,Aadhav_Aarhav5,62:A3:99:84:AC:E7,-94,1,373,100,192823605693,WPA2,1,0,1,8,1.0;2.0;5.5;11.0;18.0;24.0;36.0;54.0;6.0;9.0;12.0;48.0,4,1,IN,1,40,2,1,62:A3:99,Unknown,0,234
125777,ilan_4g,8C:A3:99:49:02:21,-93,1,3966,100,803526963595,WPA2,1,0,1,8,1.0;2.0;5.5;11.0;9.0;18.0;36.0;54.0;6.0;12.0;24.0;48.0,4,1,IN,1,20,2,1,8C:A3:99,Unknown,0,280
125829,ilan_4g_EXT,24:2F:D0:F8:06:08,-89,1,54,100,803605504668,WPA2,1,0,1,8,1.0;2.0;5.5;11.0;9.0;18.0;36.0;54.0;6.0;12.0;24.0;48.0,4,1,,1,20,2,0,24:2F:D0,Unknown,0,217
125881,ilan_4g_EXT,24:2F:D0:F8:06:08,-85,2,55,100,803605606797,WPA2,1,0,1,8,1.0;2.0;5.5;11.0;9.0;18.0;36.0;54.0;6.0;12.0;24.0;48.0,4,1,,1,20,2,0,24:2F:D0,Unknown,0,217
125934,No Internet,48:22:54:0C:D5:22,-87,2,4036,100,108625305984,WPA2,1,1,1,8,1.0;2.0;5.5;11.0;6.0;9.0;12.0;18.0;24.0;36.0;48.0;54.0,4,2,US,1,20,2,1,48:22:54,Unknown,0,370
125965,,4E:22:54:0C:D5:22,-87,2,3537,100,108625309150,WEP,1,1,1,0,,0,0,,0,0,0,0,4E:22:54,Unknown,0,412
126018,No Internet,48:22:54:0C:D5:22,-92,3,4038,100,108625510784,WPA2,1,1,1,8,1.0;2.0;5.5;11.0;6.0;9.0;12.0;18.0;24.0;36.0;48.0;54.0,4,2,US,1,20,2,1,48:22:54,Unknown,0,370
126071,No Internet_Guest,32:52:A1:06:0D:D0,-92,3,2559,100,588053709205,WPA2,1,1,1,8,1.0;2.0;5.5;11.0;18.0;24.0;36.0;54.0;6.0;9.0;12.0;48.0,4,3,US,1,40,2,1,32:52:A1,Unknown,0,385
126133,No Internet,48:22:54:0C:D5:22,-91,3,4040,100,108625715584,WPA2,1,1,1,8,1.0;2.0;5.5;11.0;6.0;9.0;12.0;18.0;24.0;36.0;48.0;54.0,4,2,US,1,20,2,1,48:22:54,Unknown,0,370
126196,No Internet_Guest,52:22:54:0C:D5:22,-89,3,3126,100,108625722251,WPA2,1,1,1,8,1.0;2.0;5.5;11.0;6.0;9.0;12.0;18.0;24.0;36.0;48.0;54.0,4,2,US,1,20,2,1,52:22:54,Unknown,0,378
126388,ACT103650185889_5g,56:AF:97:21:1F:03,-80,5,27,100,83494300091,WPA2,1,0,1,8,1.0;2.0;5.5;11.0;9.0;18.0;36.0;54.0;6.0;12.0;24.0;48.0,4,6,,1,40,2,1,56:AF:97,Unknown,0,248
126491,ACT103650185889_5g,56:AF:97:21:1F:03,-77,5,29,100,83494402495,WPA2,1,0,1,8,1.0;2.0;5.5;11.0;9.0;18.0;36.0;54.0;6.0;12.0;24.0;48.0,4,6,,1,40,2,1,56:AF:97,Unknown,0,248
126628,Deco_Nest,E0:D3:62:1B:7F:E2,-94,6,3369,100,450762035584,WPA2,1,1,1,8,1.0;2.0;5.5;11.0;6.0;9.0;12.0;18.0;24.0;36.0;48.0;54.0,4,6,US,1,40,2,1,E0:D3:62,Unknown,0,392
126657,,E6:D3:62:1B:7F:E2,-93,6,2219,100,450762038926,WEP,1,1,1,0,,0,0,,0,0,0,0,E6:D3:62,Unknown,0,412
126709,GM_Jio,72:78:C9:FA:AA:E5,-89,6,271,100,2837944525206,WPA2,1,0,1,8,1.0;2.0;5.5;11.0;18.0;24.0;36.0;54.0;6.0;9.0;12.0;48.0,4,6,IN,1,40,2,1,72:78:C9,Unknown,0,226
126762,No Internet,48:22:54:0C:D7:86,-93,6,24,100,108626432384,WPA2,1,1,1,8,1.0;2.0;5.5;11.0;6.0;9.0;12.0;18.0;24.0;36.0;48.0;54.0,4,6,US,1,20,2,1,48:22:54,Unknown,0,370
126794,,4E:22:54:0C:D7:86,-92,6,3735,100,108626435550,WEP,1,1,1,0,,0,0,,0,0,0,0,4E:22:54,Unknown,0,412
126836,ACT103650185889,54:AF:97:24:1F:03,-81,6,32,100,83494605132,WPA2,1,0,1,8,1.0;2.0;5.5;11.0;9.0;18.0;36.0;54.0;6.0;12.0;24.0;48.0,4,6,,1,40,2,1,54:AF:97,Unknown,0,245
126889,ACT103650185889_5g,56:AF:97:21:1F:03,-89,6,33,100,83494607302,WPA2,1,0,1,8,1.0;2.0;5.5;11.0;9.0;18.0;36.0;54.0;6.0;12.0;24.0;48.0,4,6,,1,40,2,1,56:AF:97,Unknown,0,248
126952,Deco_Nest,E0:D3:62:1B:7F:E2,-90,6,3370,100,450762137984,WPA2,1,1,1,8,1.0;2.0;5.5;11.0;6.0;9.0;12.0;18.0;24.0;36.0;48.0;54.0,4,6,US,1,40,2,1,E0:D3:62,Unknown,0,392
126973,,E6:D3:62:1B:7F:E2,-93,6,2220,100,450762141326,WEP,1,1,1,0,,0,0,,0,0,0,0,E6:D3:62,Unknown,0,412
127037,No Internet,48:22:54:0C:D7:86,-93,7,26,100,108626637184,WPA2,1,1,1,8,1.0;2.0;5.5;11.0;6.0;9.0;12.0;18.0;24.0;36.0;48.0;54.0,4,6,US,1,20,2,1,48:22:54,Unknown,0,370
127059,,4E:22:54:0C:D7:86,-93,7,3737,100,108626640350,WEP,1,1,1,0,,0,0,,0,0,0,0,4E:22:54,Unknown,0,412
127127,No Internet_Guest,52:22:54:0C:D7:86,-90,7,3631,100,108626643851,WPA2,1,1,1,8,1.0;2.0;5.5;11.0;6.0;9.0;12.0;18.0;24.0;36.0;48.0;54.0,4,6,US,1,20,2,1,52:22:54,Unknown,0,378
127170,ACT103650185889,54:AF:97:24:1F:03,-79,7,36,100,83494809930,WPA2,1,0,1,8,1.0;2.0;5.5;11.0;9.0;18.0;36.0;54.0;6.0;12.0;24.0;48.0,4,6,,1,40,2,1,54:AF:97,Unknown,0,245
127223,GM_Jio,72:78:C9:FA:AA:E5,-89,8,277,100,2837945037191,WPA2,1,0,1,8,1.0;2.0;5.5;11.0;18.0;24.0;36.0;54.0;6.0;9.0;12.0;48.0,4,6,IN,1,40,2,1,72:78:C9,Unknown,0,226
127276,ACT103650185889,54:AF:97:24:1F:03,-81,8,42,100,83495117132,WPA2,1,0,1,8,1.0;2.0;5.5;11.0;9.0;18.0;36.0;54.0;6.0;12.0;24.0;48.0,4,6,,1,40,2,1,54:AF:97,Unknown,0,245
127318,ACT103650185889_5g,56:AF:97:21:1F:03,-81,8,43,100,83495119302,WPA2,1,0,1,8,1.0;2.0;5.5;11.0;9.0;18.0;36.0;54.0;6.0;12.0;24.0;48.0,4,6,,1,40,2,1,56:AF:97,Unknown,0,248
127382,ICF_65,B0:A7:B9:AF:A2:91,-83,8,923,100,46176665996,WPA2,1,0,1,8,1.0;2.0;5.5;11.0;18.0;24.0;36.0;54.0;6.0;9.0;12.0;48.0,4,9,,1,40,2,1,B0:A7:B9,Unknown,0,315
127425,Tenda_1B1850,E8:65:D4:1B:18:51,-89,9,3072,100,156984012838,WPA2,1,1,1,8,1.0;2.0;5.5;11.0;6.0;9.0;12.0;18.0;24.0;36.0;48.0;54.0,4,10,,1,20,2,1,E8:65:D4,Unknown,0,292
127488,ICF_65,B0:A7:B9:AF:A2:91,-82,9,925,100,46176870790,WPA2,1,0,1,8,1.0;2.0;5.5;11.0;18.0;24.0;36.0;54.0;6.0;9.0;12.0;48.0,4,9,,1,40,2,1,B0:A7:B9,Unknown,0,315
127536,TP-Link_7705,98:25:4A:26:77:05,-94,9,763,100,524962611627,WPA2,1,0,1,8,1.0;2.0;5.5;11.0;9.0;18.0;36.0;54.0;6.0;12.0;24.0;48.0,4,9,,1,40,2,0,98:25:4A,Unknown,0,243
127629,Tenda_1B1850,E8:65:D4:1B:18:51,-86,10,3074,100,156984217620,WPA2,1,1,1,8,1.0;2.0;5.5;11.0;6.0;9.0;12.0;18.0;24.0;36.0;48.0;54.0,4,10,,1,20,2,1,E8:65:D4,Unknown,0,292
127682,Sekar,3C:84:6A:7B:AF:FE,-87,10,3378,100,294785331557,WPA2,1,0,1,8,1.0;2.0;5.5;11.0;9.0;18.0;36.0;54.0;6.0;12.0;24.0;48.0,4,11,,1,40,2,0,3C:84:6A,Unknown,0,259
127732,Tenda_1B1850,E8:65:D4:1B:18:51,-93,10,3075,100,156984320020,WPA2,1,1,1,8,1.0;2.0;5.5;11.0;6.0;9.0;12.0;18.0;24.0;36.0;48.0;54.0,4,10,,1,20,2,1,E8:65:D4,Unknown,0,292
127834,Tenda_1B1850,E8:65:D4:1B:18:51,-89,10,3076,100,156984422447,WPA2,1,1,1,8,1.0;2.0;5.5;11.0;6.0;9.0;12.0;18.0;24.0;36.0;48.0;54.0,4,10,,1,20,2,1,E8:65:D4,Unknown,0,292
127934,Cctv,50:2B:73:FD:4F:28,-92,11,1771,100,501761536382,WPA2,1,0,1,8,1.0;2.0;5.5;11.0;6.0;9.0;12.0;18.0;24.0;36.0;48.0;54.0,4,11,,1,40,2,1,50:2B:73,Unknown,0,276
127977,Sekar,3C:84:6A:7B:AF:FE,-88,11,3381,100,294785638754,WPA2,1,0,1,8,1.0;2.0;5.5;11.0;9.0;18.0;36.0;54.0;6.0;12.0;24.0;48.0,4,11,,1,40,2,0,3C:84:6A,Unknown,0,259
128035,SanD-JioFiber_EXT,8C:90:2D:3B:B6:5A,-93,11,927,100,3120742799,WPA2,1,0,1,8,1.0;2.0;5.5;11.0;9.0;18.0;36.0;54.0;6.0;12.0;24.0;48.0,4,11,,1,20,2,0,8C:90:2D,Unknown,0,223
128088,Cctv,50:2B:73:FD:4F:28,-90,11,1772,100,501761638791,WPA2,1,0,1,8,1.0;2.0;5.5;11.0;6.0;9.0;12.0;18.0;24.0;36.0;48.0;54.0,4,11,,1,40,2,1,50:2B:73,Unknown,0,276
128141,Tenda_1B1850,E8:65:D4:1B:18:51,-90,11,3078,100,156984627238,WPA2,1,1,1,8,1.0;2.0;5.5;11.0;6.0;9.0;12.0;18.0;24.0;36.0;48.0;54.0,4,10,,1,20,2,1,E8:65:D4,Unknown,0,292
128183,Sekar,3C:84:6A:7B:AF:FE,-89,11,3382,100,294785741162,WPA2,1,0,1,8,1.0;2.0;5.5;11.0;9.0;18.0;36.0;54.0;6.0;12.0;24.0;48.0,4,11,,1,40,2,0,3C:84:6A,Unknown,0,259
128236,SanD-JioFiber_EXT,8C:90:2D:3B:B6:5A,-96,11,928,100,3120845213,WPA2,1,0,1,8,1.0;2.0;5.5;11.0;9.0;18.0;36.0;54.0;6.0;12.0;24.0;48.0,4,11,,1,20,2,0,8C:90:2D,Unknown,0,223
128299,Cctv,50:2B:73:FD:4F:28,-92,12,1773,100,501761741191,WPA2,1,0,1,8,1.0;2.0;5.5;11.0;6.0;9.0;12.0;18.0;24.0;36.0;48.0;54.0,4,11,,1,40,2,1,50:2B:73,Unknown,0,276
128342,Tenda_1B1850,E8:65:D4:1B:18:51,-90,12,3079,100,156984729638,WPA2,1,1,1,8,1.0;2.0;5.5;11.0;6.0;9.0;12.0;18.0;24.0;36.0;48.0;54.0,4,10,,1,20,2,1,E8:65:D4,Unknown,0,292
128394,Sekar,3C:84:6A:7B:AF:FE,-92,12,3383,100,294785845038,WPA2,1,0,1,8,1.0;2.0;5.5;11.0;9.0;18.0;36.0;54.0;6.0;12.0;24.0;48.0,4,11,,1,40,2,0,3C:84:6A,Unknown,0,259
128437,SanD-JioFiber_EXT,8C:90:2D:3B:B6:5A,-95,12,929,100,3120947618,WPA2,1,0,1,8,1.0;2.0;5.5;11.0;9.0;18.0;36.0;54.0;6.0;12.0;24.0;48.0,4,11,,1,20,2,0,8C:90:2D,Unknown,0,223
128624,Tanyaa-4G,04:AB:08:2A:8A:52,-83,1,4054,100,623101235600,WPA2,1,0,1,8,1.0;2.0;5.5;11.0;9.0;18.0;36.0;54.0;6.0;12.0;24.0;48.0,4,1,IN,1,20,2,1,04:AB:08,Unknown,0,282
128687,ilan_4g,8C:A3:99:49:02:21,-78,1,3996,100,803530035624,WPA2,1,0,1,8,1.0;2.0;5.5;11.0;9.0;18.0;36.0;54.0;6.0;12.0;24.0;48.0,4,1,IN,1,20,2,1,8C:A3:99,Unknown,0,280
128730,kokila-internet,B0:19:21:93:04:97,-88,1,72,100,434222592399,WPA2,1,0,1,8,1.0;2.0;5.5;11.0;9.0;18.0;36.0;54.0;6.0;12.0;24.0;48.0,4,1,,1,20,2,0,B0:19:21,Unknown,0,221
128783,Tanyaa-4G,04:AB:08:2A:8A:52,-84,1,4055,100,623101338004,WPA2,1,0,1,8,1.0;2.0;5.5;11.0;9.0;18.0;36.0;54.0;6.0;12.0;24.0;48.0,4,1,IN,1,20,2,1,04:AB:08,Unknown,0,282
128846,ilan_4g,8C:A3:99:49:02:21,-76,1,3997,100,803530137998,WPA2,1,0,1,8,1.0;2.0;5.5;11.0;9.0;18.0;36.0;54.0;6.0;12.0;24.0;48.0,4,1,IN,1,20,2,1,8C:A3:99,Unknown,0,280
128888,ilan_4g_EXT,24:2F:D0:F8:06:08,-76,1,88,100,803608678820,WPA2,1,0,1,8,1.0;2.0;5.5;11.0;9.0;18.0;36.0;54.0;6.0;12.0;24.0;48.0,4,1,,1,20,2,0,24:2F:D0,Unknown,0,217
128945,kokila-internet,B0:19:21:93:04:97,-82,1,73,100,434222694801,WPA2,1,0,1,8,1.0;2.0;5.5;11.0;9.0;18.0;36.0;54.0;6.0;12.0;24.0;48.0,4,1,,1,20,2,0,B0:19:21,Unknown,0,221
128998,Tanyaa-4G,04:AB:08:2A:8A:52,-84,1,4056,100,623101440423,WPA2,1,0,1,8,1.0;2.0;5.5;11.0;9.0;18.0;36.0;54.0;6.0;12.0;24.0;48.0,4,1,IN,1,20,2,1,04:AB:08,Unknown,0,282
129051,RAJ4G,A8:DA:0C:A9:02:87,-92,1,688,100,692548506015,WPA2,1,0,1,8,1.0;2.0;5.5;11.0;9.0;18.0;36.0;54.0;6.0;12.0;24.0;48.0,4,1,IN,1,20,2,1,A8:DA:0C,Unknown,0,278
129104,ilan_4g,8C:A3:99:49:02:21,-81,2,3999,100,803530342828,WPA2,1,0,1,8,1.0;2.0;5.5;11.0;9.0;18.0;36.0;54.0;6.0;12.0;24.0;48.0,4,1,IN,1,20,2,1,8C:A3:99,Unknown,0,280
129135,,4E:22:54:0C:D5:22,-91,2,3569,100,108628585950,WEP,1,1,1,0,,0,0,,0,0,0,0,4E:22:54,Unknown,0,412
129188,kokila-internet,B0:19:21:93:04:97,-83,2,75,100,434222899613,WPA2,1,0,1,8,1.0;2.0;5.5;11.0;9.0;18.0;36.0;54.0;6.0;12.0;24.0;48.0,4,1,,1,20,2,0,B0:19:21,Unknown,0,221
129232,ilan_4g_EXT,24:2F:D0:F8:06:08,-79,3,92,100,803609088409,WPA2,1,0,1,8,1.0;2.0;5.5;11.0;9.0;18.0;36.0;54.0;6.0;12.0;24.0;48.0,4,1,,1,20,2,0,24:2F:D0,Unknown,0,217
129284,kokila-internet,B0:19:21:93:04:97,-82,3,77,100,434223104421,WPA2,1,0,1,8,1.0;2.0;5.5;11.0;9.0;18.0;36.0;54.0;6.0;12.0;24.0;48.0,4,1,,1,20,2,0,B0:19:21,Unknown,0,221
129337,Tanyaa-4G,04:AB:08:2A:8A:52,-86,3,4060,100,623101850002,WPA2,1,0,1,8,1.0;2.0;5.5;11.0;9.0;18.0;36.0;54.0;6.0;12.0;24.0;48.0,4,1,IN,1,20,2,1,04:AB:08,Unknown,0,282
129665,ACT103650185889_5g,56:AF:97:21:1F:03,-77,5,91,100,83497576930,WPA2,1,0,1,8,1.0;2.0;5.5;11.0;9.0;18.0;36.0;54.0;6.0;12.0;24.0;48.0,4,6,,1,40,2,1,56:AF:97,Unknown,0,248
129726,Deco_Nest,E0:D3:62:1B:7F:E2,-84,5,3399,100,450765107584,WPA2,1,1,1,8,1.0;2.0;5.5;11.0;6.0;9.0;12.0;18.0;24.0;36.0;48.0;54.0,4,6,US,1,40,2,1,E0:D3:62,Unknown,0,392
129757,,E6:D3:62:1B:7F:E2,-84,5,2249,100,450765110926,WEP,1,1,1,0,,0,0,,0,0,0,0,E6:D3:62,Unknown,0,412
129810,Deco_Nest,E0:D3:62:1B:7F:C6,-85,5,2735,100,450765107584,WPA2,1,1,1,8,1.0;2.0;5.5;11.0;6.0;9.0;12.0;18.0;24.0;36.0;48.0;54.0,4,6,US,1,40,2,1,E0:D3:62,Unknown,0,392
129870,ACT103650185889_5g,56:AF:97:21:1F:03,-86,6,95,100,83497781724,WPA2,1,0,1,8,1.0;2.0;5.5;11.0;9.0;18.0;36.0;54.0;6.0;12.0;24.0;48.0,4,6,,1,40,2,1,56:AF:97,Unknown,0,248
129933,Deco_Nest,E0:D3:62:1B:7F:E2,-78,6,3401,100,450765312384,WPA2,1,1,1,8,1.0;2.0;5.5;11.0;6.0;9.0;12.0;18.0;24.0;36.0;48.0;54.0,4,6,US,1,40,2,1,E0:D3:62,Unknown,0,392
129964,,E6:D3:62:1B:80:C2,-94,6,1689,100,450763165326,WEP,1,1,1,0,,0,0,,0,0,0,0,E6:D3:62,Unknown,0,412
130027,Deco_Nest,E0:D3:62:1B:7F:C6,-83,6,2737,100,450765312384,WPA2,1,1,1,8,1.0;2.0;5.5;11.0;6.0;9.0;12.0;18.0;24.0;36.0;48.0;54.0,4,6,US,1,40,2,1,E0:D3:62,Unknown,0,392
130048,,E6:D3:62:1B:7F:C6,-83,6,4068,100,450765315726,WEP,1,1,1,0,,0,0,,0,0,0,0,E6:D3:62,Unknown,0,412
130111,Deco_Nest,E0:D3:62:1B:7F:E2,-74,6,3402,100,450765414784,WPA2,1,1,1,8,1.0;2.0;5.5;11.0;6.0;9.0;12.0;18.0;24.0;36.0;48.0;54.0,4,6,US,1,40,2,1,E0:D3:62,Unknown,0,392
130133,,E6:D3:62:1B:7F:E2,-74,6,2252,100,450765418126,WEP,1,1,1,0,,0,0,,0,0,0,0,E6:D3:62,Unknown,0,412
130204,Deco_Nest,E0:D3:62:1B:80:C2,-93,6,3758,100,450763264384,WPA2,1,1,1,8,1.0;2.0;5.5;11.0;6.0;9.0;12.0;18.0;24.0;36.0;48.0;54.0,4,6,US,1,40,2,1,E0:D3:62,Unknown,0,392
130268,Deco_Nest,E0:D3:62:1B:7F:E2,-75,6,3403,100,450765517184,WPA2,1,1,1,8,1.0;2.0;5.5;11.0;6.0;9.0;12.0;18.0;24.0;36.0;48.0;54.0,4,6,US,1,40,2,1,E0:D3:62,Unknown,0,392
130289,,E6:D3:62:1B:7F:E2,-76,6,2253,100,450765520526,WEP,1,1,1,0,,0,0,,0,0,0,0,E6:D3:62,Unknown,0,412
130342,ACT103650185889,54:AF:97:24:1F:03,-84,7,102,100,83498189161,WPA2,1,0,1,8,1.0;2.0;5.5;11.0;9.0;18.0;36.0;54.0;6.0;12.0;24.0;48.0,4,6,,1,40,2,1,54:AF:97,Unknown,0,245
130384,ACT103650185889_5g,56:AF:97:21:1F:03,-84,7,103,100,83498191331,WPA2,1,0,1,8,1.0;2.0;5.5;11.0;9.0;18.0;36.0;54.0;6.0;12.0;24.0;48.0,4,6,,1,40,2,1,56:AF:97,Unknown,0,248
130447,ACT103650185889,54:AF:97:24:1F:03,-86,8,104,100,83498291560,WPA2,1,0,1,8,1.0;2.0;5.5;11.0;9.0;18.0;36.0;54.0;6.0;12.0;24.0;48.0,4,6,,1,40,2,1,54:AF:97,Unknown,0,245
130640,ICF_65,B0:A7:B9:AF:A2:91,-88,9,957,100,46180045206,WPA2,1,0,1,8,1.0;2.0;5.5;11.0;18.0;24.0;36.0;54.0;6.0;9.0;12.0;48.0,4,9,,1,40,2,1,B0:A7:B9,Unknown,0,315
130742,ICF_65,B0:A7:B9:AF:A2:91,-79,9,958,100,46180147604,WPA2,1,0,1,8,1.0;2.0;5.5;11.0;18.0;24.0;36.0;54.0;6.0;9.0;12.0;48.0,4,9,,1,40,2,1,B0:A7:B9,Unknown,0,315
130804,Tenda_1B1850,E8:65:D4:1B:18:51,-88,9,3106,100,156987392038,WPA2,1,1,1,8,1.0;2.0;5.5;11.0;6.0;9.0;12.0;18.0;24.0;36.0;48.0;54.0,4,10,,1,20,2,1,E8:65:D4,Unknown,0,292
130857,ICF_65,B0:A7:B9:AF:A2:91,-81,9,959,100,46180250016,WPA2,1,0,1,8,1.0;2.0;5.5;11.0;18.0;24.0;36.0;54.0;6.0;9.0;12.0;48.0,4,9,,1,40,2,1,B0:A7:B9,Unknown,0,315
130947,ICF_65,B0:A7:B9:AF:A2:91,-87,10,960,100,46180352402,WPA2,1,0,1,8,1.0;2.0;5.5;11.0;18.0;24.0;36.0;54.0;6.0;9.0;12.0;48.0,4,9,,1,40,2,1,B0:A7:B9,Unknown,0,315
131009,Tenda_1B1850,E8:65:D4:1B:18:51,-83,10,3109,100,156987596829,WPA2,1,1,1,8,1.0;2.0;5.5;11.0;6.0;9.0;12.0;18.0;24.0;36.0;48.0;54.0,4,10,,1,20,2,1,E8:65:D4,Unknown,0,292
131111,Tenda_1B1850,E8:65:D4:1B:18:51,-85,11,3110,100,156987699229,WPA2,1,1,1,8,1.0;2.0;5.5;11.0;6.0;9.0;12.0;18.0;24.0;36.0;48.0;54.0,4,10,,1,20,2,1,E8:65:D4,Unknown,0,292
131164,Sekar,3C:84:6A:7B:AF:FE,-94,11,3412,100,294788813124,WPA2,1,0,1,8,1.0;2.0;5.5;11.0;9.0;18.0;36.0;54.0;6.0;12.0;24.0;48.0,4,11,,1,40,2,0,3C:84:6A,Unknown,0,259
131206,SanD-JioFiber_EXT,8C:90:2D:3B:B6:5A,-94,11,967,100,3123917195,WPA2,1,0,1,8,1.0;2.0;5.5;11.0;9.0;18.0;36.0;54.0;6.0;12.0;24.0;48.0,4,11,,1,20,2,0,8C:90:2D,Unknown,0,223
131260,Tenda_1B1850,E8:65:D4:1B:18:51,-87,11,3111,100,156987801629,WPA2,1,1,1,8,1.0;2.0;5.5;11.0;6.0;9.0;12.0;18.0;24.0;36.0;48.0;54.0,4,10,,1,20,2,1,E8:65:D4,Unknown,0,292
131312,SanD-JioFiber_EXT,8C:90:2D:3B:B6:5A,-95,11,968,100,3124019605,WPA2,1,0,1,8,1.0;2.0;5.5;11.0;9.0;18.0;36.0;54.0;6.0;12.0;24.0;48.0,4,11,,1,20,2,0,8C:90:2D,Unknown,0,223
131365,Nest,48:55:5E:19:F2:7A,-95,11,1058,100,450729267669,WPA2,1,0,0,8,1.0;2.0;5.5;11.0;9.0;18.0;36.0;54.0;6.0;12.0;24.0;48.0,4,11,IN,1,20,2,1,48:55:5E,Unknown,0,277
131418,Tenda_1B1850,E8:65:D4:1B:18:51,-89,11,3112,100,156987904038,WPA2,1,1,1,8,1.0;2.0;5.5;11.0;6.0;9.0;12.0;18.0;24.0;36.0;48.0;54.0,4,10,,1,20,2,1,E8:65:D4,Unknown,0,292
131471,advikasarah,48:55:5E:2C:71:FA,-95,11,2673,100,802649702810,WPA2,1,0,1,8,1.0;2.0;5.5;11.0;9.0;18.0;36.0;54.0;6.0;12.0;24.0;48.0,4,11,IN,1,20,2,1,48:55:5E,Unknown,0,284
131533,Nest,48:55:5E:19:F2:7A,-92,12,1059,100,450729370046,WPA2,1,0,0,8,1.0;2.0;5.5;11.0;9.0;18.0;36.0;54.0;6.0;12.0;24.0;48.0,4,11,IN,1,20,2,1,48:55:5E,Unknown,0,277
131915,ilan_4g,8C:A3:99:49:02:21,-82,1,4028,100,803533312423,WPA2,1,0,1,8,1.0;2.0;5.5;11.0;9.0;18.0;36.0;54.0;6.0;12.0;24.0;48.0,4,1,IN,1,20,2,1,8C:A3:99,Unknown,0,280
131968,ilan_4g_EXT,24:2F:D0:F8:06:08,-83,1,122,100,803611853383,WPA2,1,0,1,8,1.0;2.0;5.5;11.0;9.0;18.0;36.0;54.0;6.0;12.0;24.0;48.0,4,1,,1,20,2,0,24:2F:D0,Unknown,0,217
132028,ilan_4g,8C:A3:99:49:02:21,-83,1,4029,100,803533414810,WPA2,1,0,1,8,1.0;2.0;5.5;11.0;9.0;18.0;36.0;54.0;6.0;12.0;24.0;48.0,4,1,IN,1,20,2,1,8C:A3:99,Unknown,0,280
132071,ilan_4g_EXT,24:2F:D0:F8:06:08,-86,1,123,100,803611955592,WPA2,1,0,1,8,1.0;2.0;5.5;11.0;9.0;18.0;36.0;54.0;6.0;12.0;24.0;48.0,4,1,,1,20,2,0,24:2F:D0,Unknown,0,217
132131,ilan_4g,8C:A3:99:49:02:21,-85,2,4030,100,803533517210,WPA2,1,0,1,8,1.0;2.0;5.5;11.0;9.0;18.0;36.0;54.0;6.0;12.0;24.0;48.0,4,1,IN,1,20,2,1,8C:A3:99,Unknown,0,280
132174,ilan_4g_EXT,24:2F:D0:F8:06:08,-87,2,124,100,803612057993,WPA2,1,0,1,8,1.0;2.0;5.5;11.0;9.0;18.0;36.0;54.0;6.0;12.0;24.0;48.0,4,1,,1,20,2,0,24:2F:D0,Unknown,0,217
132216,kokila-internet,B0:19:21:93:04:97,-79,2,106,100,434226074001,WPA2,1,0,1,8,1.0;2.0;5.5;11.0;9.0;18.0;36.0;54.0;6.0;12.0;24.0;48.0,4,1,,1,20,2,0,B0:19:21,Unknown,0,221
132279,No Internet_Guest,52:22:54:0C:D5:22,-93,2,3186,100,108631866251,WPA2,1,1,1,8,1.0;2.0;5.5;11.0;6.0;9.0;12.0;18.0;24.0;36.0;48.0;54.0,4,2,US,1,20,2,1,52:22:54,Unknown,0,378
132321,kokila-internet,B0:19:21:93:04:97,-81,2,107,100,434226176428,WPA2,1,0,1,8,1.0;2.0;5.5;11.0;9.0;18.0;36.0;54.0;6.0;12.0;24.0;48.0,4,1,,1,20,2,0,B0:19:21,Unknown,0,221
132386,ilan_4g,8C:A3:99:49:02:21,-87,2,4032,100,803533722175,WPA2,1,0,1,8,1.0;2.0;5.5;11.0;9.0;18.0;36.0;54.0;6.0;12.0;24.0;48.0,4,1,IN,1,20,2,1,8C:A3:99,Unknown,0,280
132940,ACT103650185889,54:AF:97:24:1F:03,-86,5,154,100,83500851524,WPA2,1,0,1,8,1.0;2.0;5.5;11.0;9.0;18.0;36.0;54.0;6.0;12.0;24.0;48.0,4,6,,1,40,2,1,54:AF:97,Unknown,0,245
133079,Deco_Nest,E0:D3:62:1B:7F:E2,-84,5,3432,100,450768486784,WPA2,1,1,1,8,1.0;2.0;5.5;11.0;6.0;9.0;12.0;18.0;24.0;36.0;48.0;54.0,4,6,US,1,40,2,1,E0:D3:62,Unknown,0,392
133145,ACT103650185889,54:AF:97:24:1F:03,-92,6,158,100,83501056325,WPA2,1,0,1,8,1.0;2.0;5.5;11.0;9.0;18.0;36.0;54.0;6.0;12.0;24.0;48.0,4,6,,1,40,2,1,54:AF:97,Unknown,0,245
133187,ACT103650185889_5g,56:AF:97:21:1F:03,-91,6,159,100,83501058495,WPA2,1,0,1,8,1.0;2.0;5.5;11.0;9.0;18.0;36.0;54.0;6.0;12.0;24.0;48.0,4,6,,1,40,2,1,56:AF:97,Unknown,0,248
133269,Deco_Nest,E0:D3:62:1B:7F:E2,-77,6,3433,100,450768589184,WPA2,1,1,1,8,1.0;2.0;5.5;11.0;6.0;9.0;12.0;18.0;24.0;36.0;48.0;54.0,4,6,US,1,40,2,1,E0:D3:62,Unknown,0,392
133300,,E6:D3:62:1B:7F:E2,-78,6,2283,100,450768592526,WEP,1,1,1,0,,0,0,,0,0,0,0,E6:D3:62,Unknown,0,412
133343,Coruscant,60:A4:B7:D0:84:4E,-93,6,3336,100,487077376318,WPA2,1,0,1,8,1.0;2.0;5.5;11.0;9.0;18.0;36.0;54.0;6.0;12.0;24.0;48.0,4,6,,1,40,2,1,60:A4:B7,Unknown,0,239
133374,,E6:D3:62:1B:80:C2,-94,6,1721,100,450766442126,WEP,1,1,1,0,,0,0,,0,0,0,0,E6:D3:62,Unknown,0,412
133437,Deco_Nest,E0:D3:62:1B:7F:C6,-84,6,2769,100,450768589184,WPA2,1,1,1,8,1.0;2.0;5.5;11.0;6.0;9.0;12.0;18.0;24.0;36.0;48.0;54.0,4,6,US,1,40,2,1,E0:D3:62,Unknown,0,392
133466,,E6:D3:62:1B:7F:C6,-85,6,3,100,450768592526,WEP,1,1,1,0,,0,0,,0,0,0,0,E6:D3:62,Unknown,0,412
133509,ACT103650185889,54:AF:97:24:1F:03,-90,6,162,100,83501261125,WPA2,1,0,1,8,1.0;2.0;5.5;11.0;9.0;18.0;36.0;54.0;6.0;12.0;24.0;48.0,4,6,,1,40,2,1,54:AF:97,Unknown,0,245
133562,ACT103650185889_5g,56:AF:97:21:1F:03,-94,6,163,100,83501263295,WPA2,1,0,1,8,1.0;2.0;5.5;11.0;9.0;18.0;36.0;54.0;6.0;12.0;24.0;48.0,4,6,,1,40,2,1,56:AF:97,Unknown,0,248
133625,Deco_Nest,E0:D3:62:1B:7F:E2,-80,6,3435,100,450768793984,WPA2,1,1,1,8,1.0;2.0;5.5;11.0;6.0;9.0;12.0;18.0;24.0;36.0;48.0;54.0,4,6,US,1,40,2,1,E0:D3:62,Unknown,0,392
133646,,E6:D3:62:1B:7F:E2,-81,6,2285,100,450768797326,WEP,1,1,1,0,,0,0,,0,0,0,0,E6:D3:62,Unknown,0,412
133697,ACT103650185889,54:AF:97:24:1F:03,-90,7,166,100,83501465935,WPA2,1,0,1,8,1.0;2.0;5.5;11.0;9.0;18.0;36.0;54.0;6.0;12.0;24.0;48.0,4,6,,1,40,2,1,54:AF:97,Unknown,0,245
133749,ACT103650185889_5g,56:AF:97:21:1F:03,-89,7,167,100,83501468105,WPA2,1,0,1,8,1.0;2.0;5.5;11.0;9.0;18.0;36.0;54.0;6.0;12.0;24.0;48.0,4,6,,1,40,2,1,56:AF:97,Unknown,0,248
133812,Deco_Nest,E0:D3:62:1B:7F:E2,-84,7,3437,100,450768998784,WPA2,1,1,1,8,1.0;2.0;5.5;11.0;6.0;9.0;12.0;18.0;24.0;36.0;48.0;54.0,4,6,US,1,40,2,1,E0:D3:62,Unknown,0,392
133834,,E6:D3:62:1B:7F:E2,-84,7,2287,100,450769002126,WEP,1,1,1,0,,0,0,,0,0,0,0,E6:D3:62,Unknown,0,412
133978,Tenda_1B1850,E8:65:D4:1B:18:51,-87,9,3139,100,156990566420,WPA2,1,1,1,8,1.0;2.0;5.5;11.0;6.0;9.0;12.0;18.0;24.0;36.0;48.0;54.0,4,10,,1,20,2,1,E8:65:D4,Unknown,0,292
134040,ICF_65,B0:A7:B9:AF:A2:91,-80,9,990,100,46183424390,WPA2,1,0,1,8,1.0;2.0;5.5;11.0;18.0;24.0;36.0;54.0;6.0;9.0;12.0;48.0,4,9,,1,40,2,1,B0:A7:B9,Unknown,0,315
134083,Tenda_1B1850,E8:65:D4:1B:18:51,-89,9,3140,100,156990668847,WPA2,1,1,1,8,1.0;2.0;5.5;11.0;6.0;9.0;12.0;18.0;24.0;36.0;48.0;54.0,4,10,,1,20,2,1,E8:65:D4,Unknown,0,292
134136,ICF_65,B0:A7:B9:AF:A2:91,-83,10,991,100,46183526800,WPA2,1,0,1,8,1.0;2.0;5.5;11.0;18.0;24.0;36.0;54.0;6.0;9.0;12.0;48.0,4,9,,1,40,2,1,B0:A7:B9,Unknown,0,315
134193,Tenda_1B1850,E8:65:D4:1B:18:51,-84,10,3141,100,156990771220,WPA2,1,1,1,8,1.0;2.0;5.5;11.0;6.0;9.0;12.0;18.0;24.0;36.0;48.0;54.0,4,10,,1,20,2,1,E8:65:D4,Unknown,0,292
134246,ICF_65,B0:A7:B9:AF:A2:91,-88,10,992,100,46183629193,WPA2,1,0,1,8,1.0;2.0;5.5;11.0;18.0;24.0;36.0;54.0;6.0;9.0;12.0;48.0,4,9,,1,40,2,1,B0:A7:B9,Unknown,0,315
134309,Tenda_1B1850,E8:65:D4:1B:18:51,-85,10,3142,100,156990873620,WPA2,1,1,1,8,1.0;2.0;5.5;11.0;6.0;9.0;12.0;18.0;24.0;36.0;48.0;54.0,4,10,,1,20,2,1,E8:65:D4,Unknown,0,292
134362,ICF_65,B0:A7:B9:AF:A2:91,-79,10,993,100,46183731608,WPA2,1,0,1,8,1.0;2.0;5.5;11.0;18.0;24.0;36.0;54.0;6.0;9.0;12.0;48.0,4,9,,1,40,2,1,B0:A7:B9,Unknown,0,315
134415,Gokulam-2F,08:BD:43:66:CF:9E,-92,11,2604,100,432894157174,WPA2,1,1,1,8,1.0;2.0;5.5;11.0;6.0;9.0;12.0;18.0;24.0;36.0;48.0;54.0,4,11,,1,40,1,1,08:BD:43,Unknown,0,287
134468,Tenda_1B1850,E8:65:D4:1B:18:51,-86,11,3143,100,156990976047,WPA2,1,1,1,8,1.0;2.0;5.5;11.0;6.0;9.0;12.0;18.0;24.0;36.0;48.0;54.0,4,10,,1,20,2,1,E8:65:D4,Unknown,0,292
134521,advikasarah,48:55:5E:2C:71:FA,-93,11,2708,100,802652774802,WPA2,1,0,1,8,1.0;2.0;5.5;11.0;9.0;18.0;36.0;54.0;6.0;12.0;24.0;48.0,4,11,IN,1,20,2,1,48:55:5E,Unknown,0,284
134581,Gokulam-2F,08:BD:43:66:CF:9E,-91,11,2605,100,432894259574,WPA2,1,1,1,8,1.0;2.0;5.5;11.0;6.0;9.0;12.0;18.0;24.0;36.0;48.0;54.0,4,11,,1,40,1,1,08:BD:43,Unknown,0,287
134633,Nest,48:55:5E:19:F2:7A,-89,11,1093,100,450732442054,WPA2,1,0,0,8,1.0;2.0;5.5;11.0;9.0;18.0;36.0;54.0;6.0;12.0;24.0;48.0,4,11,IN,1,20,2,1,48:55:5E,Unknown,0,277
134687,advikasarah,48:55:5E:2C:71:FA,-91,11,2709,100,802652877197,WPA2,1,0,1,8,1.0;2.0;5.5;11.0;9.0;18.0;36.0;54.0;6.0;12.0;24.0;48.0,4,11,IN,1,20,2,1,48:55:5E,Unknown,0,284
134749,Gokulam-2F,08:BD:43:66:CF:9E,-94,11,2606,100,432894361974,WPA2,1,1,1,8,1.0;2.0;5.5;11.0;6.0;9.0;12.0;18.0;24.0;36.0;48.0;54.0,4,11,,1,40,1,1,08:BD:43,Unknown,0,287
134792,Tenda_1B1850,E8:65:D4:1B:18:51,-87,11,3145,100,156991180847,WPA2,1,1,1,8,1.0;2.0;5.5;11.0;6.0;9.0;12.0;18.0;24.0;36.0;48.0;54.0,4,10,,1,20,2,1,E8:65:D4,Unknown,0,292
134863,Gokulam-2F,08:BD:43:66:CF:9E,-91,11,2607,100,432894464374,WPA2,1,1,1,8,1.0;2.0;5.5;11.0;6.0;9.0;12.0;18.0;24.0;36.0;48.0;54.0,4,11,,1,40,1,1,08:BD:43,Unknown,0,287
134917,Gokulam-2F,08:BD:43:66:CF:9E,-89,12,2608,100,432894567003,WPA2,1,1,1,8,1.0;2.0;5.5;11.0;6.0;9.0;12.0;18.0;24.0;36.0;48.0;54.0,4,11,,1,40,1,1,08:BD:43,Unknown,0,287
134980,advikasarah,48:55:5E:2C:71:FA,-93,12,2712,100,802653184393,WPA2,1,0,1,8,1.0;2.0;5.5;11.0;9.0;18.0;36.0;54.0;6.0;12.0;24.0;48.0,4,11,IN,1,20,2,1,48:55:5E,Unknown,0,284
135127,kokila-internet,B0:19:21:93:04:97,-71,1,135,100,434229043606,WPA2,1,0,1,8,1.0;2.0;5.5;11.0;9.0;18.0;36.0;54.0;6.0;12.0;24.0;48.0,4,1,,1,20,2,0,B0:19:21,Unknown,0,221
135208,ilan_4g_EXT,24:2F:D0:F8:06:08,-68,1,154,100,803615131265,WPA2,1,0,1,8,1.0;2.0;5.5;11.0;9.0;18.0;36.0;54.0;6.0;12.0;24.0;48.0,4,1,,1,20,2,0,24:2F:D0,Unknown,0,217
135261,kokila-internet,B0:19:21:93:04:97,-68,1,136,100,434229146021,WPA2,1,0,1,8,1.0;2.0;5.5;11.0;9.0;18.0;36.0;54.0;6.0;12.0;24.0;48.0,4,1,,1,20,2,0,B0:19:21,Unknown,0,221
135332,kokila-internet,B0:19:21:93:04:97,-70,1,137,100,434229248707,WPA2,1,0,1,8,1.0;2.0;5.5;11.0;9.0;18.0;36.0;54.0;6.0;12.0;24.0;48.0,4,1,,1,20,2,0,B0:19:21,Unknown,0,221
135397,ilan_4g,8C:A3:99:49:02:21,-86,2,4062,100,803536794027,WPA2,1,0,1,8,1.0;2.0;5.5;11.0;9.0;18.0;36.0;54.0;6.0;12.0;24.0;48.0,4,1,IN,1,20,2,1,8C:A3:99,Unknown,0,280
135450,ilan_4g_EXT,24:2F:D0:F8:06:08,-80,2,156,100,803615334803,WPA2,1,0,1,8,1.0;2.0;5.5;11.0;9.0;18.0;36.0;54.0;6.0;12.0;24.0;48.0,4,1,,1,20,2,0,24:2F:D0,Unknown,0,217
135536,kokila-internet,B0:19:21:93:04:97,-74,2,139,100,434229453218,WPA2,1,0,1,8,1.0;2.0;5.5;11.0;9.0;18.0;36.0;54.0;6.0;12.0;24.0;48.0,4,1,,1,20,2,0,B0:19:21,Unknown,0,221
135821,ilan_4g_EXT,24:2F:D0:F8:06:08,-89,3,160,100,803615744399,WPA2,1,0,1,8,1.0;2.0;5.5;11.0;9.0;18.0;36.0;54.0;6.0;12.0;24.0;48.0,4,1,,1,20,2,0,24:2F:D0,Unknown,0,217
136356,Deco_Nest,E0:D3:62:1B:7F:E2,-81,5,3464,100,450771763584,WPA2,1,1,1,8,1.0;2.0;5.5;11.0;6.0;9.0;12.0;18.0;24.0;36.0;48.0;54.0,4,6,US,1,40,2,1,E0:D3:62,Unknown,0,392
136429,ICF61_5G,56:AF:97:21:03:9A,-92,6,1049,100,72898869631,WPA2,1,0,1,8,1.0;2.0;5.5;11.0;9.0;18.0;36.0;54.0;6.0;12.0;24.0;48.0,4,6,,1,40,2,1,56:AF:97,Unknown,0,238
136493,Deco_Nest,E0:D3:62:1B:7F:E2,-83,6,3465,100,450771865984,WPA2,1,1,1,8,1.0;2.0;5.5;11.0;6.0;9.0;12.0;18.0;24.0;36.0;48.0;54.0,4,6,US,1,40,2,1,E0:D3:62,Unknown,0,392
136514,,E6:D3:62:1B:7F:E2,-83,6,2315,100,450771869326,WEP,1,1,1,0,,0,0,,0,0,0,0,E6:D3:62,Unknown,0,412
136566,Coruscant,60:A4:B7:D0:84:4E,-92,6,3400,100,487080653153,WPA2,1,0,1,8,1.0;2.0;5.5;11.0;9.0;18.0;36.0;54.0;6.0;12.0;24.0;48.0,4,6,,1,40,2,1,60:A4:B7,Unknown,0,239
136608,Coruscant_5G,62:A4:B7:D1:84:4E,-91,6,3401,100,487080655275,WPA2,1,0,1,8,1.0;2.0;5.5;11.0;9.0;18.0;36.0;54.0;6.0;12.0;24.0;48.0,4,6,,1,40,2,1,62:A4:B7,Unknown,0,242
136672,Deco_Nest,E0:D3:62:1B:7F:C6,-88,6,2801,100,450771865984,WPA2,1,1,1,8,1.0;2.0;5.5;11.0;6.0;9.0;12.0;18.0;24.0;36.0;48.0;54.0,4,6,US,1,40,2,1,E0:D3:62,Unknown,0,392
136703,,E6:D3:62:1B:7F:C6,-88,6,35,100,450771869326,WEP,1,1,1,0,,0,0,,0,0,0,0,E6:D3:62,Unknown,0,412
136769,Deco_Nest,E0:D3:62:1B:7F:E2,-77,7,3468,100,450772177139,WPA2,1,1,1,8,1.0;2.0;5.5;11.0;6.0;9.0;12.0;18.0;24.0;36.0;48.0;54.0,4,6,US,1,40,2,1,E0:D3:62,Unknown,0,392
136820,Coruscant,60:A4:B7:D0:84:4E,-89,7,3406,100,487080960351,WPA2,1,0,1,8,1.0;2.0;5.5;11.0;9.0;18.0;36.0;54.0;6.0;12.0;24.0;48.0,4,6,,1,40,2,1,60:A4:B7,Unknown,0,239
136884,Deco_Nest,E0:D3:62:1B:7F:E2,-77,8,3469,100,450772275584,WPA2,1,1,1,8,1.0;2.0;5.5;11.0;6.0;9.0;12.0;18.0;24.0;36.0;48.0;54.0,4,6,US,1,40,2,1,E0:D3:62,Unknown,0,392
136906,,E6:D3:62:1B:7F:E2,-78,8,2319,100,450772278926,WEP,1,1,1,0,,0,0,,0,0,0,0,E6:D3:62,Unknown,0,412
136958,ICF_65,B0:A7:B9:AF:A2:91,-84,8,1019,100,46186291608,WPA2,1,0,1,8,1.0;2.0;5.5;11.0;18.0;24.0;36.0;54.0;6.0;9.0;12.0;48.0,4,9,,1,40,2,1,B0:A7:B9,Unknown,0,315
137021,Naboo,50:2B:73:84:39:B1,-92,8,804,100,803595776047,WPA2,1,0,1,8,1.0;2.0;5.5;11.0;6.0;9.0;12.0;18.0;24.0;36.0;48.0;54.0,4,8,,1,40,2,1,50:2B:73,Unknown,0,317
137073,ICF_65,B0:A7:B9:AF:A2:91,-86,8,1020,100,46186393996,WPA2,1,0,1,8,1.0;2.0;5.5;11.0;18.0;24.0;36.0;54.0;6.0;9.0;12.0;48.0,4,9,,1,40,2,1,B0:A7:B9,Unknown,0,315
137126,Naboo,50:2B:73:84:39:B1,-94,8,805,100,803595878429,WPA2,1,0,1,8,1.0;2.0;5.5;11.0;6.0;9.0;12.0;18.0;24.0;36.0;48.0;54.0,4,8,,1,40,2,1,50:2B:73,Unknown,0,317
137194,ICF_65,B0:A7:B9:AF:A2:91,-88,9,1022,100,46186598810,WPA2,1,0,1,8,1.0;2.0;5.5;11.0;18.0;24.0;36.0;54.0;6.0;9.0;12.0;48.0,4,9,,1,40,2,1,B0:A7:B9,Unknown,0,315
137255,Tenda_1B1850,E8:65:D4:1B:18:51,-81,9,3173,100,156993843238,WPA2,1,1,1,8,1.0;2.0;5.5;11.0;6.0;9.0;12.0;18.0;24.0;36.0;48.0;54.0,4,10,,1,20,2,1,E8:65:D4,Unknown,0,292
137358,Tenda_1B1850,E8:65:D4:1B:18:51,-75,10,3174,100,156993945620,WPA2,1,1,1,8,1.0;2.0;5.5;11.0;6.0;9.0;12.0;18.0;24.0;36.0;48.0;54.0,4,10,,1,20,2,1,E8:65:D4,Unknown,0,292
137419,ICF_65,B0:A7:B9:AF:A2:91,-81,10,1024,100,46186803600,WPA2,1,0,1,8,1.0;2.0;5.5;11.0;18.0;24.0;36.0;54.0;6.0;9.0;12.0;48.0,4,9,,1,40,2,1,B0:A7:B9,Unknown,0,315
137472,Nest,48:55:5E:19:F2:7A,-89,10,1124,100,450735411962,WPA2,1,0,0,8,1.0;2.0;5.5;11.0;9.0;18.0;36.0;54.0;6.0;12.0;24.0;48.0,4,11,IN,1,20,2,1,48:55:5E,Unknown,0,277
137525,Tenda_1B1850,E8:65:D4:1B:18:51,-78,10,3175,100,156994048038,WPA2,1,1,1,8,1.0;2.0;5.5;11.0;6.0;9.0;12.0;18.0;24.0;36.0;48.0;54.0,4,10,,1,20,2,1,E8:65:D4,Unknown,0,292
137577,Tenda_1B1850,E8:65:D4:1B:18:51,-80,10,3176,100,156994150420,WPA2,1,1,1,8,1.0;2.0;5.5;11.0;6.0;9.0;12.0;18.0;24.0;36.0;48.0;54.0,4,10,,1,20,2,1,E8:65:D4,Unknown,0,292
137631,ICF_65,B0:A7:B9:AF:A2:91,-91,10,1026,100,46187008415,WPA2,1,0,1,8,1.0;2.0;5.5;11.0;18.0;24.0;36.0;54.0;6.0;9.0;12.0;48.0,4,9,,1,40,2,1,B0:A7:B9,Unknown,0,315
137692,Gokulam-2F,08:BD:43:66:CF:9E,-90,11,2636,100,432897436946,WPA2,1,1,1,8,1.0;2.0;5.5;11.0;6.0;9.0;12.0;18.0;24.0;36.0;48.0;54.0,4,11,,1,40,1,1,08:BD:43,Unknown,0,287
137745,Nest,48:55:5E:19:F2:7A,-92,11,1126,100,450735616689,WPA2,1,0,0,8,1.0;2.0;5.5;11.0;9.0;18.0;36.0;54.0;6.0;12.0;24.0;48.0,4,11,IN,1,20,2,1,48:55:5E,Unknown,0,277
137798,Gokulam-2F,08:BD:43:66:CF:9E,-94,11,2637,100,432897539660,WPA2,1,1,1,8,1.0;2.0;5.5;11.0;6.0;9.0;12.0;18.0;24.0;36.0;48.0;54.0,4,11,,1,40,1,1,08:BD:43,Unknown,0,287
137850,Nest,48:55:5E:19:F2:7A,-92,11,1127,100,450735718836,WPA2,1,0,0,8,1.0;2.0;5.5;11.0;9.0;18.0;36.0;54.0;6.0;12.0;24.0;48.0,4,11,IN,1,20,2,1,48:55:5E,Unknown,0,277
137903,Tenda_1B1850,E8:65:D4:1B:18:51,-77,11,3178,100,156994355238,WPA2,1,1,1,8,1.0;2.0;5.5;11.0;6.0;9.0;12.0;18.0;24.0;36.0;48.0;54.0,4,10,,1,20,2,1,E8:65:D4,Unknown,0,292
137976,advikasarah,48:55:5E:2C:71:FA,-96,11,2745,100,802656154009,WPA2,1,0,1,8,1.0;2.0;5.5;11.0;9.0;18.0;36.0;54.0;6.0;12.0;24.0;48.0,4,11,IN,1,20,2,1,48:55:5E,Unknown,0,284
138028,Gokulam-2F,08:BD:43:66:CF:9E,-95,11,2638,100,432897640046,WPA2,1,1,1,8,1.0;2.0;5.5;11.0;6.0;9.0;12.0;18.0;24.0;36.0;48.0;54.0,4,11,,1,40,1,1,08:BD:43,Unknown,0,287
138081,Nest,48:55:5E:19:F2:7A,-86,11,1128,100,450735822106,WPA2,1,0,0,8,1.0;2.0;5.5;11.0;9.0;18.0;36.0;54.0;6.0;12.0;24.0;48.0,4,11,IN,1,20,2,1,48:55:5E,Unknown,0,277
138144,advikasarah,48:55:5E:2C:71:FA,-96,11,2746,100,802656256431,WPA2,1,0,1,8,1.0;2.0;5.5;11.0;9.0;18.0;36.0;54.0;6.0;12.0;24.0;48.0,4,11,IN,1,20,2,1,48:55:5E,Unknown,0,284
138197,Nest,48:55:5E:19:F2:7A,-89,12,1130,100,450736026011,WPA2,1,0,0,8,1.0;2.0;5.5;11.0;9.0;18.0;36.0;54.0;6.0;12.0;24.0;48.0,4,11,IN,1,20,2,1,48:55:5E,Unknown,0,277
138248,Tenda_1B1850,E8:65:D4:1B:18:51,-84,12,3181,100,156994662438,WPA2,1,1,1,8,1.0;2.0;5.5;11.0;6.0;9.0;12.0;18.0;24.0;36.0;48.0;54.0,4,10,,1,20,2,1,E8:65:D4,Unknown,0,292
138301,advikasarah,48:55:5E:2C:71:FA,-94,12,2748,100,802656461213,WPA2,1,0,1,8,1.0;2.0;5.5;11.0;9.0;18.0;36.0;54.0;6.0;12.0;24.0;48.0,4,11,IN,1,20,2,1,48:55:5E,Unknown,0,284
138367,ilan_4g,8C:A3:99:49:02:21,-90,1,4091,100,803539763600,WPA2,1,0,1,8,1.0;2.0;5.5;11.0;9.0;18.0;36.0;54.0;6.0;12.0;24.0;48.0,4,1,IN,1,20,2,1,8C:A3:99,Unknown,0,280
138419,ilan_4g_EXT,24:2F:D0:F8:06:08,-70,1,185,100,803618304414,WPA2,1,0,1,8,1.0;2.0;5.5;11.0;9.0;18.0;36.0;54.0;6.0;12.0;24.0;48.0,4,1,,1,20,2,0,24:2F:D0,Unknown,0,217
138479,ilan_4g,8C:A3:99:49:02:21,-90,1,4092,100,803539866000,WPA2,1,0,1,8,1.0;2.0;5.5;11.0;9.0;18.0;36.0;54.0;6.0;12.0;24.0;48.0,4,1,IN,1,20,2,1,8C:A3:99,Unknown,0,280
138530,ilan_4g_EXT,24:2F:D0:F8:06:08,-64,1,186,100,803618406804,WPA2,1,0,1,8,1.0;2.0;5.5;11.0;9.0;18.0;36.0;54.0;6.0;12.0;24.0;48.0,4,1,,1,20,2,0,24:2F:D0,Unknown,0,217
138583,ACT-ai_103574303016,8C:90:2D:3A:B9:96,-83,1,2144,100,52110234028,WPA2,1,0,1,8,1.0;2.0;5.5;11.0;9.0;18.0;36.0;54.0;6.0;12.0;24.0;48.0,4,1,,1,20,2,1,8C:90:2D,Unknown,0,282
138636,ilan_4g,8C:A3:99:49:02:21,-83,1,4093,100,803539968424,WPA2,1,0,1,8,1.0;2.0;5.5;11.0;9.0;18.0;36.0;54.0;6.0;12.0;24.0;48.0,4,1,IN,1,20,2,1,8C:A3:99,Unknown,0,280
138679,ilan_4g_EXT,24:2F:D0:F8:06:08,-67,1,187,100,803618509198,WPA2,1,0,1,8,1.0;2.0;5.5;11.0;9.0;18.0;36.0;54.0;6.0;12.0;24.0;48.0,4,1,,1,20,2,0,24:2F:D0,Unknown,0,217
138731,ACT-ai_103574303016,8C:90:2D:3A:B9:96,-86,1,2145,100,52110336409,WPA2,1,0,1,8,1.0;2.0;5.5;11.0;9.0;18.0;36.0;54.0;6.0;12.0;24.0;48.0,4,1,,1,20,2,1,8C:90:2D,Unknown,0,282
138793,ilan_4g,8C:A3:99:49:02:21,-88,2,4094,100,803540070820,WPA2,1,0,1,8,1.0;2.0;5.5;11.0;9.0;18.0;36.0;54.0;6.0;12.0;24.0;48.0,4,1,IN,1,20,2,1,8C:A3:99,Unknown,0,280
138836,ilan_4g_EXT,24:2F:D0:F8:06:08,-69,2,188,100,803618611708,WPA2,1,0,1,8,1.0;2.0;5.5;11.0;9.0;18.0;36.0;54.0;6.0;12.0;24.0;48.0,4,1,,1,20,2,0,24:2F:D0,Unknown,0,217
138879,ilan_4g_EXT,24:2F:D0:F8:06:08,-70,2,189,100,803618714019,WPA2,1,0,1,8,1.0;2.0;5.5;11.0;9.0;18.0;36.0;54.0;6.0;12.0;24.0;48.0,4,1,,1,20,2,0,24:2F:D0,Unknown,0,217
139098,ilan_4g_EXT,24:2F:D0:F8:06:08,-85,3,192,100,803619021209,WPA2,1,0,1,8,1.0;2.0;5.5;11.0;9.0;18.0;36.0;54.0;6.0;12.0;24.0;48.0,4,1,,1,20,2,0,24:2F:D0,Unknown,0,217
139530,Deco_Nest,E0:D3:62:1B:7F:E2,-76,5,3495,100,450774937984,WPA2,1,1,1,8,1.0;2.0;5.5;11.0;6.0;9.0;12.0;18.0;24.0;36.0;48.0;54.0,4,6,US,1,40,2,1,E0:D3:62,Unknown,0,392
139559,,E6:D3:62:1B:7F:E2,-77,5,2345,100,450774941326,WEP,1,1,1,0,,0,0,,0,0,0,0,E6:D3:62,Unknown,0,412
139622,Deco_Nest,E0:D3:62:1B:80:C2,-88,5,3851,100,450772787584,WPA2,1,1,1,8,1.0;2.0;5.5;11.0;6.0;9.0;12.0;18.0;24.0;36.0;48.0;54.0,4,6,US,1,40,2,1,E0:D3:62,Unknown,0,392
139654,,E6:D3:62:1B:7F:C6,-81,5,65,100,450774941326,WEP,1,1,1,0,,0,0,,0,0,0,0,E6:D3:62,Unknown,0,412
139707,Deco_Nest,E0:D3:62:1B:7F:C6,-79,6,2832,100,450775040384,WPA2,1,1,1,8,1.0;2.0;5.5;11.0;6.0;9.0;12.0;18.0;24.0;36.0;48.0;54.0,4,6,US,1,40,2,1,E0:D3:62,Unknown,0,392
139739,,E6:D3:62:1B:7F:C6,-78,6,66,100,450775043726,WEP,1,1,1,0,,0,0,,0,0,0,0,E6:D3:62,Unknown,0,412
139792,ICF61,54:AF:97:24:03:9A,-89,6,1112,100,72902144373,WPA2,1,0,1,8,1.0;2.0;5.5;11.0;9.0;18.0;36.0;54.0;6.0;12.0;24.0;48.0,4,6,,1,40,2,1,54:AF:97,Unknown,0,235
139835,ICF61_5G,56:AF:97:21:03:9A,-92,6,1113,100,72902146463,WPA2,1,0,1,8,1.0;2.0;5.5;11.0;9.0;18.0;36.0;54.0;6.0;12.0;24.0;48.0,4,6,,1,40,2,1,56:AF:97,Unknown,0,238
139898,Deco_Nest,E0:D3:62:1B:7F:E2,-74,6,3497,100,450775142784,WPA2,1,1,1,8,1.0;2.0;5.5;11.0;6.0;9.0;12.0;18.0;24.0;36.0;48.0;54.0,4,6,US,1,40,2,1,E0:D3:62,Unknown,0,392
139929,,E6:D3:62:1B:7F:E2,-74,6,2347,100,450775146126,WEP,1,1,1,0,,0,0,,0,0,0,0,E6:D3:62,Unknown,0,412
139973,ICF61_5G,56:AF:97:21:03:9A,-94,6,1115,100,72902248802,WPA2,1,0,1,8,1.0;2.0;5.5;11.0;9.0;18.0;36.0;54.0;6.0;12.0;24.0;48.0,4,6,,1,40,2,1,56:AF:97,Unknown,0,238
140041,Deco_Nest,E0:D3:62:1B:7F:E2,-79,6,3498,100,450775245723,WPA2,1,1,1,8,1.0;2.0;5.5;11.0;6.0;9.0;12.0;18.0;24.0;36.0;48.0;54.0,4,6,US,1,40,2,1,E0:D3:62,Unknown,0,392
140063,,E6:D3:62:1B:7F:E2,-80,6,2348,100,450775249065,WEP,1,1,1,0,,0,0,,0,0,0,0,E6:D3:62,Unknown,0,412
140126,Deco_Nest,E0:D3:62:1B:7F:E2,-80,7,3500,100,450775449984,WPA2,1,1,1,8,1.0;2.0;5.5;11.0;6.0;9.0;12.0;18.0;24.0;36.0;48.0;54.0,4,6,US,1,40,2,1,E0:D3:62,Unknown,0,392
140148,,E6:D3:62:1B:80:C2,-88,7,1788,100,450773302926,WEP,1,1,1,0,,0,0,,0,0,0,0,E6:D3:62,Unknown,0,412
140180,,E6:D3:62:1B:7F:C6,-74,7,70,100,450775453326,WEP,1,1,1,0,,0,0,,0,0,0,0,E6:D3:62,Unknown,0,412
140345,,5E:A6:E6:EC:70:B4,-92,9,3780,100,803592704438,WEP,1,0,1,0,,0,0,,0,0,0,0,5E:A6:E6,Unknown,0,263
140430,Tenda_1B1850,E8:65:D4:1B:18:51,-75,9,3205,100,156997017638,WPA2,1,1,1,8,1.0;2.0;5.5;11.0;6.0;9.0;12.0;18.0;24.0;36.0;48.0;54.0,4,10,,1,20,2,1,E8:65:D4,Unknown,0,292
140483,ICF_65,B0:A7:B9:AF:A2:91,-90,9,1055,100,46189875590,WPA2,1,0,1,8,1.0;2.0;5.5;11.0;18.0;24.0;36.0;54.0;6.0;9.0;12.0;48.0,4,9,,1,40,2,1,B0:A7:B9,Unknown,0,315
140573,ICF_65,B0:A7:B9:AF:A2:91,-90,9,1056,100,46189978015,WPA2,1,0,1,8,1.0;2.0;5.5;11.0;18.0;24.0;36.0;54.0;6.0;9.0;12.0;48.0,4,9,,1,40,2,1,B0:A7:B9,Unknown,0,315
140628,Nest,48:55:5E:19:F2:7A,-87,10,1156,100,450738586025,WPA2,1,0,0,8,1.0;2.0;5.5;11.0;9.0;18.0;36.0;54.0;6.0;12.0;24.0;48.0,4,11,IN,1,20,2,1,48:55:5E,Unknown,0,277
140730,Nest,48:55:5E:19:F2:7A,-89,10,1157,100,450738688394,WPA2,1,0,0,8,1.0;2.0;5.5;11.0;9.0;18.0;36.0;54.0;6.0;12.0;24.0;48.0,4,11,IN,1,20,2,1,48:55:5E,Unknown,0,277
140782,Tenda_1B1850,E8:65:D4:1B:18:51,-76,10,3208,100,156997324829,WPA2,1,1,1,8,1.0;2.0;5.5;11.0;6.0;9.0;12.0;18.0;24.0;36.0;48.0;54.0,4,10,,1,20,2,1,E8:65:D4,Unknown,0,292
140842,Nest,48:55:5E:19:F2:7A,-89,10,1158,100,450738790848,WPA2,1,0,0,8,1.0;2.0;5.5;11.0;9.0;18.0;36.0;54.0;6.0;12.0;24.0;48.0,4,11,IN,1,20,2,1,48:55:5E,Unknown,0,277
140896,Tenda_1B1850,E8:65:D4:1B:18:51,-76,10,3209,100,156997427238,WPA2,1,1,1,8,1.0;2.0;5.5;11.0;6.0;9.0;12.0;18.0;24.0;36.0;48.0;54.0,4,10,,1,20,2,1,E8:65:D4,Unknown,0,292
140948,advikasarah,48:55:5E:2C:71:FA,-87,10,2782,100,802659226022,WPA2,1,0,1,8,1.0;2.0;5.5;11.0;9.0;18.0;36.0;54.0;6.0;12.0;24.0;48.0,4,11,IN,1,20,2,1,48:55:5E,Unknown,0,284
141010,Nest,48:55:5E:19:F2:7A,-88,11,1159,100,450738893214,WPA2,1,0,0,8,1.0;2.0;5.5;11.0;9.0;18.0;36.0;54.0;6.0;12.0;24.0;48.0,4,11,IN,1,20,2,1,48:55:5E,Unknown,0,277
141052,Tenda_1B1850,E8:65:D4:1B:18:51,-73,11,3211,100,156997529629,WPA2,1,1,1,8,1.0;2.0;5.5;11.0;6.0;9.0;12.0;18.0;24.0;36.0;48.0;54.0,4,10,,1,20,2,1,E8:65:D4,Unknown,0,292
141115,advikasarah,48:55:5E:2C:71:FA,-85,11,2783,100,802659328416,WPA2,1,0,1,8,1.0;2.0;5.5;11.0;9.0;18.0;36.0;54.0;6.0;12.0;24.0;48.0,4,11,IN,1,20,2,1,48:55:5E,Unknown,0,284
141169,Nest,48:55:5E:19:F2:7A,-89,11,1160,100,450738995636,WPA2,1,0,0,8,1.0;2.0;5.5;11.0;9.0;18.0;36.0;54.0;6.0;12.0;24.0;48.0,4,11,IN,1,20,2,1,48:55:5E,Unknown,0,277
141221,Tenda_1B1850,E8:65:D4:1B:18:51,-71,11,3212,100,156997632029,WPA2,1,1,1,8,1.0;2.0;5.5;11.0;6.0;9.0;12.0;18.0;24.0;36.0;48.0;54.0,4,10,,1,20,2,1,E8:65:D4,Unknown,0,292
141282,advikasarah,48:55:5E:2C:71:FA,-86,11,2786,100,802659430804,WPA2,1,0,1,8,1.0;2.0;5.5;11.0;9.0;18.0;36.0;54.0;6.0;12.0;24.0;48.0,4,11,IN,1,20,2,1,48:55:5E,Unknown,0,284
141335,Nest,48:55:5E:19:F2:7A,-86,11,1161,100,450739098015,WPA2,1,0,0,8,1.0;2.0;5.5;11.0;9.0;18.0;36.0;54.0;6.0;12.0;24.0;48.0,4,11,IN,1,20,2,1,48:55:5E,Unknown,0,277
141388,advikasarah,48:55:5E:2C:71:FA,-87,12,2788,100,802659635618,WPA2,1,0,1,8,1.0;2.0;5.5;11.0;9.0;18.0;36.0;54.0;6.0;12.0;24.0;48.0,4,11,IN,1,20,2,1,48:55:5E,Unknown,0,284
141441,Nest,48:55:5E:19:F2:7A,-86,12,1163,100,450739302807,WPA2,1,0,0,8,1.0;2.0;5.5;11.0;9.0;18.0;36.0;54.0;6.0;12.0;24.0;48.0,4,11,IN,1,20,2,1,48:55:5E,Unknown,0,277
141494,Tenda_1B1850,E8:65:D4:1B:18:51,-83,12,3215,100,156997939247,WPA2,1,1,1,8,1.0;2.0;5.5;11.0;6.0;9.0;12.0;18.0;24.0;36.0;48.0;54.0,4,10,,1,20,2,1,E8:65:D4,Unknown,0,292
141644,ilan_4g,8C:A3:99:49:02:21,-88,1,27,100,803543040395,WPA2,1,0,1,8,1.0;2.0;5.5;11.0;9.0;18.0;36.0;54.0;6.0;12.0;24.0;48.0,4,1,IN,1,20,2,1,8C:A3:99,Unknown,0,280
141697,ilan_4g_EXT,24:2F:D0:F8:06:08,-76,1,217,100,803621581217,WPA2,1,0,1,8,1.0;2.0;5.5;11.0;9.0;18.0;36.0;54.0;6.0;12.0;24.0;48.0,4,1,,1,20,2,0,24:2F:D0,Unknown,0,217
141756,ilan_4g,8C:A3:99:49:02:21,-89,1,28,100,803543142808,WPA2,1,0,1,8,1.0;2.0;5.5;11.0;9.0;18.0;36.0;54.0;6.0;12.0;24.0;48.0,4,1,IN,1,20,2,1,8C:A3:99,Unknown,0,280
141799,ilan_4g_EXT,24:2F:D0:F8:06:08,-71,1,218,100,803621683592,WPA2,1,0,1,8,1.0;2.0;5.5;11.0;9.0;18.0;36.0;54.0;6.0;12.0;24.0;48.0,4,1,,1,20,2,0,24:2F:D0,Unknown,0,217
141886,ACT-ai_103574303016,8C:90:2D:3A:B9:96,-80,2,2189,100,52113613195,WPA2,1,0,1,8,1.0;2.0;5.5;11.0;9.0;18.0;36.0;54.0;6.0;12.0;24.0;48.0,4,1,,1,20,2,1,8C:90:2D,Unknown,0,282
141965,ilan_4g_EXT,24:2F:D0:F8:06:08,-80,2,220,100,803621888460,WPA2,1,0,1,8,1.0;2.0;5.5;11.0;9.0;18.0;36.0;54.0;6.0;12.0;24.0;48.0,4,1,,1,20,2,0,24:2F:D0,Unknown,0,217
142090,ACT-ai_103574303016,8C:90:2D:3A:B9:96,-84,2,2191,100,52113818004,WPA2,1,0,1,8,1.0;2.0;5.5;11.0;9.0;18.0;36.0;54.0;6.0;12.0;24.0;48.0,4,1,,1,20,2,1,8C:90:2D,Unknown,0,282
142146,Dagobah,60:A4:B7:04:21:54,-93,3,3658,100,803601510774,WPA2,1,0,0,8,1.0;2.0;5.5;11.0;9.0;18.0;36.0;54.0;6.0;12.0;24.0;48.0,4,3,,1,40,2,1,60:A4:B7,Unknown,0,270
142239,Dagobah,60:A4:B7:04:21:54,-91,3,3659,100,803601613183,WPA2,1,0,0,8,1.0;2.0;5.5;11.0;9.0;18.0;36.0;54.0;6.0;12.0;24.0;48.0,4,3,,1,40,2,1,60:A4:B7,Unknown,0,270
142429,Deco_Nest,E0:D3:62:1B:7F:C6,-85,4,2859,100,450777805184,WPA2,1,1,1,8,1.0;2.0;5.5;11.0;6.0;9.0;12.0;18.0;24.0;36.0;48.0;54.0,4,6,US,1,40,2,1,E0:D3:62,Unknown,0,392
142575,,E6:D3:62:1B:7F:E2,-86,4,2375,100,450778013326,WEP,1,1,1,0,,0,0,,0,0,0,0,E6:D3:62,Unknown,0,412
142705,Deco_Nest,E0:D3:62:1B:7F:E2,-69,5,3526,100,450778112384,WPA2,1,1,1,8,1.0;2.0;5.5;11.0;6.0;9.0;12.0;18.0;24.0;36.0;48.0;54.0,4,6,US,1,40,2,1,E0:D3:62,Unknown,0,392
142758,Coruscant_5G,62:A4:B7:D1:84:4E,-86,5,3523,100,487086901667,WPA2,1,0,1,8,1.0;2.0;5.5;11.0;9.0;18.0;36.0;54.0;6.0;12.0;24.0;48.0,4,6,,1,40,2,1,62:A4:B7,Unknown,0,242
142810,Deco_Nest,E0:D3:62:1B:7F:C6,-83,5,2862,100,450778112384,WPA2,1,1,1,8,1.0;2.0;5.5;11.0;6.0;9.0;12.0;18.0;24.0;36.0;48.0;54.0,4,6,US,1,40,2,1,E0:D3:62,Unknown,0,392
142842,,E6:D3:62:1B:7F:C6,-82,5,95,100,450778115726,WEP,1,1,1,0,,0,0,,0,0,0,0,E6:D3:62,Unknown,0,412
142894,ICF61_5G,56:AF:97:21:03:9A,-86,5,1173,100,72905218431,WPA2,1,0,1,8,1.0;2.0;5.5;11.0;9.0;18.0;36.0;54.0;6.0;12.0;24.0;48.0,4,6,,1,40,2,1,56:AF:97,Unknown,0,238
142926,,E6:D3:62:1B:80:C2,-82,5,1814,100,450776067726,WEP,1,1,1,0,,0,0,,0,0,0,0,E6:D3:62,Unknown,0,412
142947,,E6:D3:62:1B:7F:C6,-77,5,96,100,450778218126,WEP,1,1,1,0,,0,0,,0,0,0,0,E6:D3:62,Unknown,0,412
143010,Deco_Nest,E0:D3:62:1B:7F:E2,-69,6,3528,100,450778317184,WPA2,1,1,1,8,1.0;2.0;5.5;11.0;6.0;9.0;12.0;18.0;24.0;36.0;48.0;54.0,4,6,US,1,40,2,1,E0:D3:62,Unknown,0,392
143032,,E6:D3:62:1B:7F:E2,-70,6,2378,100,450778320526,WEP,1,1,1,0,,0,0,,0,0,0,0,E6:D3:62,Unknown,0,412
143081,Coruscant,60:A4:B7:D0:84:4E,-84,6,3526,100,487087104352,WPA2,1,0,1,8,1.0;2.0;5.5;11.0;9.0;18.0;36.0;54.0;6.0;12.0;24.0;48.0,4,6,,1,40,2,1,60:A4:B7,Unknown,0,239
143113,,E6:D3:62:1B:80:C2,-84,6,1815,100,450776170126,WEP,1,1,1,0,,0,0,,0,0,0,0,E6:D3:62,Unknown,0,412
143166,Deco_Nest,E0:D3:62:1B:7F:E2,-68,6,3529,100,450778419584,WPA2,1,1,1,8,1.0;2.0;5.5;11.0;6.0;9.0;12.0;18.0;24.0;36.0;48.0;54.0,4,6,US,1,40,2,1,E0:D3:62,Unknown,0,392
143198,,E6:D3:62:1B:7F:E2,-69,6,2379,100,450778422926,WEP,1,1,1,0,,0,0,,0,0,0,0,E6:D3:62,Unknown,0,412
143220,,E6:D3:62:1B:80:C2,-84,6,1816,100,450776272526,WEP,1,1,1,0,,0,0,,0,0,0,0,E6:D3:62,Unknown,0,412
143287,Deco_Nest,E0:D3:62:1B:7F:C6,-75,6,2865,100,450778419584,WPA2,1,1,1,8,1.0;2.0;5.5;11.0;6.0;9.0;12.0;18.0;24.0;36.0;48.0;54.0,4,6,US,1,40,2,1,E0:D3:62,Unknown,0,392
143340,ICF61,54:AF:97:24:03:9A,-89,7,1180,100,72905625946,WPA2,1,0,1,8,1.0;2.0;5.5;11.0;9.0;18.0;36.0;54.0;6.0;12.0;24.0;48.0,4,6,,1,40,2,1,54:AF:97,Unknown,0,235
143403,Deco_Nest,E0:D3:62:1B:7F:E2,-71,7,3531,100,450778624384,WPA2,1,1,1,8,1.0;2.0;5.5;11.0;6.0;9.0;12.0;18.0;24.0;36.0;48.0;54.0,4,6,US,1,40,2,1,E0:D3:62,Unknown,0,392
143425,,E6:D3:62:1B:7F:E2,-71,7,2381,100,450778627726,WEP,1,1,1,0,,0,0,,0,0,0,0,E6:D3:62,Unknown,0,412
143488,Deco_Nest,E0:D3:62:1B:7F:C6,-80,7,2867,100,450778624384,WPA2,1,1,1,8,1.0;2.0;5.5;11.0;6.0;9.0;12.0;18.0;24.0;36.0;48.0;54.0,4,6,US,1,40,2,1,E0:D3:62,Unknown,0,392
143519,,E6:D3:62:1B:7F:E2,-68,8,2383,100,450778832526,WEP,1,1,1,0,,0,0,,0,0,0,0,E6:D3:62,Unknown,0,412
143562,Coruscant,60:A4:B7:D0:84:4E,-90,8,3536,100,487087616357,WPA2,1,0,1,8,1.0;2.0;5.5;11.0;9.0;18.0;36.0;54.0;6.0;12.0;24.0;48.0,4,6,,1,40,2,1,60:A4:B7,Unknown,0,239
143624,Deco_Nest,E0:D3:62:1B:7F:C6,-80,8,2869,100,450778829184,WPA2,1,1,1,8,1.0;2.0;5.5;11.0;6.0;9.0;12.0;18.0;24.0;36.0;48.0;54.0,4,6,US,1,40,2,1,E0:D3:62,Unknown,0,392
143646,,E6:D3:62:1B:7F:C6,-80,8,102,100,450778832526,WEP,1,1,1,0,,0,0,,0,0,0,0,E6:D3:62,Unknown,0,412
143699,Tenda_1B1850,E8:65:D4:1B:18:51,-84,9,3238,100,157000192020,WPA2,1,1,1,8,1.0;2.0;5.5;11.0;6.0;9.0;12.0;18.0;24.0;36.0;48.0;54.0,4,10,,1,20,2,1,E8:65:D4,Unknown,0,292
143760,ICF62,5C:A6:E6:CC:70:B4,-87,9,3860,100,803596083613,WPA2,1,0,1,8,1.0;2.0;5.5;11.0;9.0;18.0;36.0;54.0;6.0;12.0;24.0;48.0,4,9,,1,20,2,1,5C:A6:E6,Unknown,0,333
143792,,5E:A6:E6:EC:70:B4,-89,9,3861,100,803596083662,WEP,1,0,1,0,,0,0,,0,0,0,0,5E:A6:E6,Unknown,0,263
143844,Tenda_1B1850,E8:65:D4:1B:18:51,-84,9,3240,100,157000396829,WPA2,1,1,1,8,1.0;2.0;5.5;11.0;6.0;9.0;12.0;18.0;24.0;36.0;48.0;54.0,4,10,,1,20,2,1,E8:65:D4,Unknown,0,292
143898,ICF62,5C:A6:E6:CC:70:B4,-94,9,3862,100,803596185997,WPA2,1,0,1,8,1.0;2.0;5.5;11.0;9.0;18.0;36.0;54.0;6.0;12.0;24.0;48.0,4,9,,1,20,2,1,5C:A6:E6,Unknown,0,333
143951,Nest,48:55:5E:19:F2:7A,-88,10,1190,100,450741862837,WPA2,1,0,0,8,1.0;2.0;5.5;11.0;9.0;18.0;36.0;54.0;6.0;12.0;24.0;48.0,4,11,IN,1,20,2,1,48:55:5E,Unknown,0,277
144002,Tenda_1B1850,E8:65:D4:1B:18:51,-77,10,3241,100,157000499247,WPA2,1,1,1,8,1.0;2.0;5.5;11.0;6.0;9.0;12.0;18.0;24.0;36.0;48.0;54.0,4,10,,1,20,2,1,E8:65:D4,Unknown,0,292
144055,advikasarah,48:55:5E:2C:71:FA,-89,10,2816,100,802662298017,WPA2,1,0,1,8,1.0;2.0;5.5;11.0;9.0;18.0;36.0;54.0;6.0;12.0;24.0;48.0,4,11,IN,1,20,2,1,48:55:5E,Unknown,0,284
144108,Tenda_1B1850,E8:65:D4:1B:18:51,-81,10,3242,100,157000601647,WPA2,1,1,1,8,1.0;2.0;5.5;11.0;6.0;9.0;12.0;18.0;24.0;36.0;48.0;54.0,4,10,,1,20,2,1,E8:65:D4,Unknown,0,292
144161,advikasarah,48:55:5E:2C:71:FA,-83,10,2817,100,802662400403,WPA2,1,0,1,8,1.0;2.0;5.5;11.0;9.0;18.0;36.0;54.0;6.0;12.0;24.0;48.0,4,11,IN,1,20,2,1,48:55:5E,Unknown,0,284
144214,Tenda_1B1850,E8:65:D4:1B:18:51,-86,11,3243,100,157000704029,WPA2,1,1,1,8,1.0;2.0;5.5;11.0;6.0;9.0;12.0;18.0;24.0;36.0;48.0;54.0,4,10,,1,20,2,1,E8:65:D4,Unknown,0,292
144274,advikasarah,48:55:5E:2C:71:FA,-82,11,2818,100,802662502860,WPA2,1,0,1,8,1.0;2.0;5.5;11.0;9.0;18.0;36.0;54.0;6.0;12.0;24.0;48.0,4,11,IN,1,20,2,1,48:55:5E,Unknown,0,284
144326,Nest,48:55:5E:19:F2:7A,-86,11,1193,100,450742170021,WPA2,1,0,0,8,1.0;2.0;5.5;11.0;9.0;18.0;36.0;54.0;6.0;12.0;24.0;48.0,4,11,IN,1,20,2,1,48:55:5E,Unknown,0,277
144390,advikasarah,48:55:5E:2C:71:FA,-83,11,2819,100,802662605196,WPA2,1,0,1,8,1.0;2.0;5.5;11.0;9.0;18.0;36.0;54.0;6.0;12.0;24.0;48.0,4,11,IN,1,20,2,1,48:55:5E,Unknown,0,284
144442,Nest,48:55:5E:19:F2:7A,-76,11,1194,100,450742272438,WPA2,1,0,0,8,1.0;2.0;5.5;11.0;9.0;18.0;36.0;54.0;6.0;12.0;24.0;48.0,4,11,IN,1,20,2,1,48:55:5E,Unknown,0,277
144495,Tenda_1B1850,E8:65:D4:1B:18:51,-78,11,3245,100,157000908829,WPA2,1,1,1,8,1.0;2.0;5.5;11.0;6.0;9.0;12.0;18.0;24.0;36.0;48.0;54.0,4,10,,1,20,2,1,E8:65:D4,Unknown,0,292
144558,advikasarah,48:55:5E:2C:71:FA,-84,11,2820,100,802662707624,WPA2,1,0,1,8,1.0;2.0;5.5;11.0;9.0;18.0;36.0;54.0;6.0;12.0;24.0;48.0,4,11,IN,1,20,2,1,48:55:5E,Unknown,0,284
144611,Nest,48:55:5E:19:F2:7A,-75,12,1195,100,450742374845,WPA2,1,0,0,8,1.0;2.0;5.5;11.0;9.0;18.0;36.0;54.0;6.0;12.0;24.0;48.0,4,11,IN,1,20,2,1,48:55:5E,Unknown,0,277
144664,advikasarah,48:55:5E:2C:71:FA,-86,12,2821,100,802662810020,WPA2,1,0,1,8,1.0;2.0;5.5;11.0;9.0;18.0;36.0;54.0;6.0;12.0;24.0;48.0,4,11,IN,1,20,2,1,48:55:5E,Unknown,0,284
144716,advikasarah,48:55:5E:2C:71:FA,-87,12,2822,100,802662912423,WPA2,1,0,1,8,1.0;2.0;5.5;11.0;9.0;18.0;36.0;54.0;6.0;12.0;24.0;48.0,4,11,IN,1,20,2,1,48:55:5E,Unknown,0,284
144770,advikasarah,48:55:5E:2C:71:FA,-81,13,2823,100,802663014805,WPA2,1,0,1,8,1.0;2.0;5.5;11.0;9.0;18.0;36.0;54.0;6.0;12.0;24.0;48.0,4,11,IN,1,20,2,1,48:55:5E,Unknown,0,284
144841,Nest,48:55:5E:19:F2:7A,-86,13,1198,100,450742681997,WPA2,1,0,0,8,1.0;2.0;5.5;11.0;9.0;18.0;36.0;54.0;6.0;12.0;24.0;48.0,4,11,IN,1,20,2,1,48:55:5E,Unknown,0,277
144894,advikasarah,48:55:5E:2C:71:FA,-84,13,2824,100,802663117215,WPA2,1,0,1,8,1.0;2.0;5.5;11.0;9.0;18.0;36.0;54.0;6.0;12.0;24.0;48.0,4,11,IN,1,20,2,1,48:55:5E,Unknown,0,284
144958,ACT-ai_103574303016,8C:90:2D:3A:B9:96,-78,1,2222,100,52116685196,WPA2,1,0,1,8,1.0;2.0;5.5;11.0;9.0;18.0;36.0;54.0;6.0;12.0;24.0;48.0,4,1,,1,20,2,1,8C:90:2D,Unknown,0,282
145060,ACT-ai_103574303016,8C:90:2D:3A:B9:96,-74,1,2223,100,52116787603,WPA2,1,0,1,8,1.0;2.0;5.5;11.0;9.0;18.0;36.0;54.0;6.0;12.0;24.0;48.0,4,1,,1,20,2,1,8C:90:2D,Unknown,0,282
145140,ilan_4g_EXT,24:2F:D0:F8:06:08,-91,2,251,100,803625062828,WPA2,1,0,1,8,1.0;2.0;5.5;11.0;9.0;18.0;36.0;54.0;6.0;12.0;24.0;48.0,4,1,,1,20,2,0,24:2F:D0,Unknown,0,217
145168,,62:62:8B:CA:09:67,-91,2,1162,100,803576221310,WEP,1,1,1,0,,0,0,,0,0,0,0,62:62:8B,Unknown,0,412
145221,ACT-ai_103574303016,8C:90:2D:3A:B9:96,-77,2,2224,100,52116890009,WPA2,1,0,1,8,1.0;2.0;5.5;11.0;9.0;18.0;36.0;54.0;6.0;12.0;24.0;48.0,4,1,,1,20,2,1,8C:90:2D,Unknown,0,282
145265,ACT-ai_103574303016,8C:90:2D:3A:B9:96,-81,2,2225,100,52116992426,WPA2,1,0,1,8,1.0;2.0;5.5;11.0;9.0;18.0;36.0;54.0;6.0;12.0;24.0;48.0,4,1,,1,20,2,1,8C:90:2D,Unknown,0,282
145360,Deco-GF,5C:62:8B:CA:09:67,-92,2,1404,100,803576422784,WPA2,1,1,1,8,1.0;2.0;5.5;11.0;6.0;9.0;12.0;18.0;24.0;36.0;48.0;54.0,4,2,US,1,40,2,1,5C:62:8B,Unknown,0,390
145382,,62:62:8B:CA:09:67,-92,3,1164,100,803576426110,WEP,1,1,1,0,,0,0,,0,0,0,0,62:62:8B,Unknown,0,412
145455,ACT-ai_103574303016,8C:90:2D:3A:B9:96,-75,3,2226,100,52117094808,WPA2,1,0,1,8,1.0;2.0;5.5;11.0;9.0;18.0;36.0;54.0;6.0;12.0;24.0;48.0,4,1,,1,20,2,1,8C:90:2D,Unknown,0,282
145498,Dagobah,60:A4:B7:04:21:54,-94,3,3690,100,803604787542,WPA2,1,0,0,8,1.0;2.0;5.5;11.0;9.0;18.0;36.0;54.0;6.0;12.0;24.0;48.0,4,3,,1,40,2,1,60:A4:B7,Unknown,0,270
145879,Deco_Nest,E0:D3:62:1B:7F:E2,-75,5,3557,100,450781286784,WPA2,1,1,1,8,1.0;2.0;5.5;11.0;6.0;9.0;12.0;18.0;24.0;36.0;48.0;54.0,4,6,US,1,40,2,1,E0:D3:62,Unknown,0,392
145901,,E6:D3:62:1B:7F:E2,-74,5,2407,100,450781290126,WEP,1,1,1,0,,0,0,,0,0,0,0,E6:D3:62,Unknown,0,412
145954,Coruscant,60:A4:B7:D0:84:4E,-82,5,3584,100,487090073914,WPA2,1,0,1,8,1.0;2.0;5.5;11.0;9.0;18.0;36.0;54.0;6.0;12.0;24.0;48.0,4,6,,1,40,2,1,60:A4:B7,Unknown,0,239
146012,Deco_Nest,E0:D3:62:1B:7F:C6,-70,5,2893,100,450781286936,WPA2,1,1,1,8,1.0;2.0;5.5;11.0;6.0;9.0;12.0;18.0;24.0;36.0;48.0;54.0,4,6,US,1,40,2,1,E0:D3:62,Unknown,0,392
146065,ICF61,54:AF:97:24:03:9A,-87,5,1234,100,72908390770,WPA2,1,0,1,8,1.0;2.0;5.5;11.0;9.0;18.0;36.0;54.0;6.0;12.0;24.0;48.0,4,6,,1,40,2,1,54:AF:97,Unknown,0,235
146108,ICF61_5G,56:AF:97:21:03:9A,-84,5,1235,100,72908392860,WPA2,1,0,1,8,1.0;2.0;5.5;11.0;9.0;18.0;36.0;54.0;6.0;12.0;24.0;48.0,4,6,,1,40,2,1,56:AF:97,Unknown,0,238
146139,,E6:D3:62:1B:80:C2,-85,5,1845,100,450779242126,WEP,1,1,1,0,,0,0,,0,0,0,0,E6:D3:62,Unknown,0,412
146193,Deco_Nest,E0:D3:62:1B:7F:E2,-75,5,3559,100,450781491584,WPA2,1,1,1,8,1.0;2.0;5.5;11.0;6.0;9.0;12.0;18.0;24.0;36.0;48.0;54.0,4,6,US,1,40,2,1,E0:D3:62,Unknown,0,392
146235,,E6:D3:62:1B:7F:E2,-75,5,2409,100,450781494926,WEP,1,1,1,0,,0,0,,0,0,0,0,E6:D3:62,Unknown,0,412
146288,Coruscant,60:A4:B7:D0:84:4E,-81,5,3588,100,487090278717,WPA2,1,0,1,8,1.0;2.0;5.5;11.0;9.0;18.0;36.0;54.0;6.0;12.0;24.0;48.0,4,6,,1,40,2,1,60:A4:B7,Unknown,0,239
146309,,E6:D3:62:1B:7F:E2,-74,5,2410,100,450781597326,WEP,1,1,1,0,,0,0,,0,0,0,0,E6:D3:62,Unknown,0,412
146362,Coruscant,60:A4:B7:D0:84:4E,-82,6,3590,100,487090381117,WPA2,1,0,1,8,1.0;2.0;5.5;11.0;9.0;18.0;36.0;54.0;6.0;12.0;24.0;48.0,4,6,,1,40,2,1,60:A4:B7,Unknown,0,239
146383,,E6:D3:62:1B:80:C2,-86,6,1847,100,450779446926,WEP,1,1,1,0,,0,0,,0,0,0,0,E6:D3:62,Unknown,0,412
146444,Deco_Nest,E0:D3:62:1B:7F:C6,-74,6,2896,100,450781593984,WPA2,1,1,1,8,1.0;2.0;5.5;11.0;6.0;9.0;12.0;18.0;24.0;36.0;48.0;54.0,4,6,US,1,40,2,1,E0:D3:62,Unknown,0,392
146476,,E6:D3:62:1B:7F:C6,-74,6,128,100,450781597326,WEP,1,1,1,0,,0,0,,0,0,0,0,E6:D3:62,Unknown,0,412
146518,ICF61,54:AF:97:24:03:9A,-89,7,1242,100,72908800315,WPA2,1,0,1,8,1.0;2.0;5.5;11.0;9.0;18.0;36.0;54.0;6.0;12.0;24.0;48.0,4,6,,1,40,2,1,54:AF:97,Unknown,0,235
146571,ICF61_5G,56:AF:97:21:03:9A,-88,7,1243,100,72908802405,WPA2,1,0,1,8,1.0;2.0;5.5;11.0;9.0;18.0;36.0;54.0;6.0;12.0;24.0;48.0,4,6,,1,40,2,1,56:AF:97,Unknown,0,238
146623,Deco_Nest,E0:D3:62:1B:7F:E2,-66,7,3562,100,450781798784,WPA2,1,1,1,8,1.0;2.0;5.5;11.0;6.0;9.0;12.0;18.0;24.0;36.0;48.0;54.0,4,6,US,1,40,2,1,E0:D3:62,Unknown,0,392
146664,,E6:D3:62:1B:7F:E2,-68,7,2412,100,450781802126,WEP,1,1,1,0,,0,0,,0,0,0,0,E6:D3:62,Unknown,0,412
146881,Tenda_1B1850,E8:65:D4:1B:18:51,-87,9,3271,100,157003468829,WPA2,1,1,1,8,1.0;2.0;5.5;11.0;6.0;9.0;12.0;18.0;24.0;36.0;48.0;54.0,4,10,,1,20,2,1,E8:65:D4,Unknown,0,292
146934,ICF62,5C:A6:E6:CC:70:B4,-94,9,3922,100,803599258019,WPA2,1,0,1,8,1.0;2.0;5.5;11.0;9.0;18.0;36.0;54.0;6.0;12.0;24.0;48.0,4,9,,1,20,2,1,5C:A6:E6,Unknown,0,333
146966,,5E:A6:E6:EC:70:B4,-92,9,3923,100,803599258008,WEP,1,0,1,0,,0,0,,0,0,0,0,5E:A6:E6,Unknown,0,263
147018,Tenda_1B1850,E8:65:D4:1B:18:51,-89,9,3273,100,157003571247,WPA2,1,1,1,8,1.0;2.0;5.5;11.0;6.0;9.0;12.0;18.0;24.0;36.0;48.0;54.0,4,10,,1,20,2,1,E8:65:D4,Unknown,0,292
147080,ICF62,5C:A6:E6:CC:70:B4,-92,9,3924,100,803599360396,WPA2,1,0,1,8,1.0;2.0;5.5;11.0;9.0;18.0;36.0;54.0;6.0;12.0;24.0;48.0,4,9,,1,20,2,1,5C:A6:E6,Unknown,0,333
147101,,5E:A6:E6:EC:70:B4,-94,9,3925,100,803599360435,WEP,1,0,1,0,,0,0,,0,0,0,0,5E:A6:E6,Unknown,0,263
147155,Tenda_1B1850,E8:65:D4:1B:18:51,-89,9,3274,100,157003673629,WPA2,1,1,1,8,1.0;2.0;5.5;11.0;6.0;9.0;12.0;18.0;24.0;36.0;48.0;54.0,4,10,,1,20,2,1,E8:65:D4,Unknown,0,292
147207,ICF62,5C:A6:E6:CC:70:B4,-93,9,3926,100,803599462821,WPA2,1,0,1,8,1.0;2.0;5.5;11.0;9.0;18.0;36.0;54.0;6.0;12.0;24.0;48.0,4,9,,1,20,2,1,5C:A6:E6,Unknown,0,333
147239,,5E:A6:E6:EC:70:B4,-91,9,3927,100,803599462864,WEP,1,0,1,0,,0,0,,0,0,0,0,5E:A6:E6,Unknown,0,263
147297,Tenda_1B1850,E8:65:D4:1B:18:51,-90,10,3283,100,157003776029,WPA2,1,1,1,8,1.0;2.0;5.5;11.0;6.0;9.0;12.0;18.0;24.0;36.0;48.0;54.0,4,10,,1,20,2,1,E8:65:D4,Unknown,0,292
147340,Tenda_1B1850,E8:65:D4:1B:18:51,-83,10,3284,100,157003878420,WPA2,1,1,1,8,1.0;2.0;5.5;11.0;6.0;9.0;12.0;18.0;24.0;36.0;48.0;54.0,4,10,,1,20,2,1,E8:65:D4,Unknown,0,292
147403,advikasarah,48:55:5E:2C:71:FA,-83,10,2851,100,802665677202,WPA2,1,0,1,8,1.0;2.0;5.5;11.0;9.0;18.0;36.0;54.0;6.0;12.0;24.0;48.0,4,11,IN,1,20,2,1,48:55:5E,Unknown,0,284
147488,Nest,48:55:5E:19:F2:7A,-89,11,1228,100,450745446843,WPA2,1,0,0,8,1.0;2.0;5.5;11.0;9.0;18.0;36.0;54.0;6.0;12.0;24.0;48.0,4,11,IN,1,20,2,1,48:55:5E,Unknown,0,277
147541,Tenda_1B1850,E8:65:D4:1B:18:51,-84,11,3286,100,157004083220,WPA2,1,1,1,8,1.0;2.0;5.5;11.0;6.0;9.0;12.0;18.0;24.0;36.0;48.0;54.0,4,10,,1,20,2,1,E8:65:D4,Unknown,0,292
147614,advikasarah,48:55:5E:2C:71:FA,-80,11,2854,100,802665887049,WPA2,1,0,1,8,1.0;2.0;5.5;11.0;9.0;18.0;36.0;54.0;6.0;12.0;24.0;48.0,4,11,IN,1,20,2,1,48:55:5E,Unknown,0,284
147668,Nest,48:55:5E:19:F2:7A,-83,11,1230,100,450745549251,WPA2,1,0,0,8,1.0;2.0;5.5;11.0;9.0;18.0;36.0;54.0;6.0;12.0;24.0;48.0,4,11,IN,1,20,2,1,48:55:5E,Unknown,0,277
147721,Tenda_1B1850,E8:65:D4:1B:18:51,-82,11,3287,100,157004185647,WPA2,1,1,1,8,1.0;2.0;5.5;11.0;6.0;9.0;12.0;18.0;24.0;36.0;48.0;54.0,4,10,,1,20,2,1,E8:65:D4,Unknown,0,292
147773,advikasarah,48:55:5E:2C:71:FA,-84,11,2855,100,802665988237,WPA2,1,0,1,8,1.0;2.0;5.5;11.0;9.0;18.0;36.0;54.0;6.0;12.0;24.0;48.0,4,11,IN,1,20,2,1,48:55:5E,Unknown,0,284
147826,advikasarah,48:55:5E:2C:71:FA,-88,12,2856,100,802666086803,WPA2,1,0,1,8,1.0;2.0;5.5;11.0;9.0;18.0;36.0;54.0;6.0;12.0;24.0;48.0,4,11,IN,1,20,2,1,48:55:5E,Unknown,0,284
147889,advikasarah,48:55:5E:2C:71:FA,-83,12,2857,100,802666189192,WPA2,1,0,1,8,1.0;2.0;5.5;11.0;9.0;18.0;36.0;54.0;6.0;12.0;24.0;48.0,4,11,IN,1,20,2,1,48:55:5E,Unknown,0,284
148109,ilan_4g_EXT,24:2F:D0:F8:06:08,-87,1,280,100,803628032398,WPA2,1,0,1,8,1.0;2.0;5.5;11.0;9.0;18.0;36.0;54.0;6.0;12.0;24.0;48.0,4,1,,1,20,2,0,24:2F:D0,Unknown,0,217
148162,ACT-ai_103574303016,8C:90:2D:3A:B9:96,-77,1,2253,100,52119859599,WPA2,1,0,1,8,1.0;2.0;5.5;11.0;9.0;18.0;36.0;54.0;6.0;12.0;24.0;48.0,4,1,,1,20,2,1,8C:90:2D,Unknown,0,282
148204,Swathimohan,7A:83:94:C0:10:05,-93,1,1835,100,141981696395,WPA2,1,0,1,8,1.0;2.0;5.5;11.0;18.0;24.0;36.0;54.0;6.0;9.0;12.0;48.0,4,1,IN,1,40,2,1,7A:83:94,Unknown,0,231
148247,ilan_4g_EXT,24:2F:D0:F8:06:08,-89,1,281,100,803628134841,WPA2,1,0,1,8,1.0;2.0;5.5;11.0;9.0;18.0;36.0;54.0;6.0;12.0;24.0;48.0,4,1,,1,20,2,0,24:2F:D0,Unknown,0,217
148285,,62:62:8B:CA:09:67,-86,1,1192,100,803579293310,WEP,1,1,1,0,,0,0,,0,0,0,0,62:62:8B,Unknown,0,412
148327,Swathimohan,7A:83:94:C0:10:05,-93,1,1838,100,141981798809,WPA2,1,0,1,8,1.0;2.0;5.5;11.0;18.0;24.0;36.0;54.0;6.0;9.0;12.0;48.0,4,1,IN,1,40,2,1,7A:83:94,Unknown,0,231
148380,ilan_4g_EXT,24:2F:D0:F8:06:08,-89,1,282,100,803628237222,WPA2,1,0,1,8,1.0;2.0;5.5;11.0;9.0;18.0;36.0;54.0;6.0;12.0;24.0;48.0,4,1,,1,20,2,0,24:2F:D0,Unknown,0,217
148432,Deco-GF,5C:62:8B:CA:09:67,-89,1,1433,100,803579392384,WPA2,1,1,1,8,1.0;2.0;5.5;11.0;6.0;9.0;12.0;18.0;24.0;36.0;48.0;54.0,4,2,US,1,40,2,1,5C:62:8B,Unknown,0,390
148486,ACT-ai_103574303016,8C:90:2D:3A:B9:96,-82,1,2255,100,52120064394,WPA2,1,0,1,8,1.0;2.0;5.5;11.0;9.0;18.0;36.0;54.0;6.0;12.0;24.0;48.0,4,1,,1,20,2,1,8C:90:2D,Unknown,0,282
148557,Swathimohan,7A:83:94:C0:10:05,-94,1,1839,100,141981901191,WPA2,1,0,1,8,1.0;2.0;5.5;11.0;18.0;24.0;36.0;54.0;6.0;9.0;12.0;48.0,4,1,IN,1,40,2,1,7A:83:94,Unknown,0,231
148620,Deco-GF,5C:62:8B:CA:09:67,-86,1,1434,100,803579494784,WPA2,1,1,1,8,1.0;2.0;5.5;11.0;6.0;9.0;12.0;18.0;24.0;36.0;48.0;54.0,4,2,US,1,40,2,1,5C:62:8B,Unknown,0,390
148651,,62:62:8B:CA:09:67,-86,1,1194,100,803579498110,WEP,1,1,1,0,,0,0,,0,0,0,0,62:62:8B,Unknown,0,412
148695,ilan_4g_EXT,24:2F:D0:F8:06:08,-90,2,284,100,803628442014,WPA2,1,0,1,8,1.0;2.0;5.5;11.0;9.0;18.0;36.0;54.0;6.0;12.0;24.0;48.0,4,1,,1,20,2,0,24:2F:D0,Unknown,0,217
148747,Deco-GF,5C:62:8B:CA:09:67,-86,2,1435,100,803579597184,WPA2,1,1,1,8,1.0;2.0;5.5;11.0;6.0;9.0;12.0;18.0;24.0;36.0;48.0;54.0,4,2,US,1,40,2,1,5C:62:8B,Unknown,0,390
148789,,62:62:8B:CA:09:67,-87,2,1195,100,803579600510,WEP,1,1,1,0,,0,0,,0,0,0,0,62:62:8B,Unknown,0,412
148842,ACT-ai_103574303016,8C:90:2D:3A:B9:96,-79,2,2257,100,52120269195,WPA2,1,0,1,8,1.0;2.0;5.5;11.0;9.0;18.0;36.0;54.0;6.0;12.0;24.0;48.0,4,1,,1,20,2,1,8C:90:2D,Unknown,0,282
148895,Deco-GF,5C:62:8B:CA:09:67,-90,3,1437,100,803579801984,WPA2,1,1,1,8,1.0;2.0;5.5;11.0;6.0;9.0;12.0;18.0;24.0;36.0;48.0;54.0,4,2,US,1,40,2,1,5C:62:8B,Unknown,0,390
148927,,62:62:8B:CA:09:67,-88,3,1197,100,803579805310,WEP,1,1,1,0,,0,0,,0,0,0,0,62:62:8B,Unknown,0,412
148990,Deco-GF,5C:62:8B:CA:09:67,-89,3,1438,100,803579904384,WPA2,1,1,1,8,1.0;2.0;5.5;11.0;6.0;9.0;12.0;18.0;24.0;36.0;48.0;54.0,4,2,US,1,40,2,1,5C:62:8B,Unknown,0,390
149017,,62:62:8B:CA:09:67,-92,3,1198,100,803579907710,WEP,1,1,1,0,,0,0,,0,0,0,0,62:62:8B,Unknown,0,412
149156,Deco_Nest,E0:D3:62:1B:7F:E2,-73,5,3589,100,450784563584,WPA2,1,1,1,8,1.0;2.0;5.5;11.0;6.0;9.0;12.0;18.0;24.0;36.0;48.0;54.0,4,6,US,1,40,2,1,E0:D3:62,Unknown,0,392
149178,,E6:D3:62:1B:7F:E2,-75,5,2439,100,450784566926,WEP,1,1,1,0,,0,0,,0,0,0,0,E6:D3:62,Unknown,0,412
149231,ICF61,54:AF:97:24:03:9A,-90,5,1298,100,72911667538,WPA2,1,0,1,8,1.0;2.0;5.5;11.0;9.0;18.0;36.0;54.0;6.0;12.0;24.0;48.0,4,6,,1,40,2,1,54:AF:97,Unknown,0,235
149354,,E6:D3:62:1B:80:C2,-83,6,1878,100,450782621326,WEP,1,1,1,0,,0,0,,0,0,0,0,E6:D3:62,Unknown,0,412
149415,Deco_Nest,E0:D3:62:1B:7F:C6,-78,6,2927,100,450784768384,WPA2,1,1,1,8,1.0;2.0;5.5;11.0;6.0;9.0;12.0;18.0;24.0;36.0;48.0;54.0,4,6,US,1,40,2,1,E0:D3:62,Unknown,0,392
149447,,E6:D3:62:1B:7F:C6,-78,6,159,100,450784771726,WEP,1,1,1,0,,0,0,,0,0,0,0,E6:D3:62,Unknown,0,412
149500,Deco_Nest,E0:D3:62:1B:7F:E2,-73,6,3592,100,450784870784,WPA2,1,1,1,8,1.0;2.0;5.5;11.0;6.0;9.0;12.0;18.0;24.0;36.0;48.0;54.0,4,6,US,1,40,2,1,E0:D3:62,Unknown,0,392
149531,,E6:D3:62:1B:7F:E2,-73,6,2442,100,450784874126,WEP,1,1,1,0,,0,0,,0,0,0,0,E6:D3:62,Unknown,0,412
149584,Deco_Nest,E0:D3:62:1B:80:C2,-79,6,3947,100,450782720384,WPA2,1,1,1,8,1.0;2.0;5.5;11.0;6.0;9.0;12.0;18.0;24.0;36.0;48.0;54.0,4,6,US,1,40,2,1,E0:D3:62,Unknown,0,392
149668,Deco_Nest,E0:D3:62:1B:7F:E2,-69,7,3594,100,450785075584,WPA2,1,1,1,8,1.0;2.0;5.5;11.0;6.0;9.0;12.0;18.0;24.0;36.0;48.0;54.0,4,6,US,1,40,2,1,E0:D3:62,Unknown,0,392
149690,,E6:D3:62:1B:7F:E2,-68,7,2444,100,450785078926,WEP,1,1,1,0,,0,0,,0,0,0,0,E6:D3:62,Unknown,0,412
149771,Deco_Nest,E0:D3:62:1B:7F:E2,-71,7,3595,100,450785177984,WPA2,1,1,1,8,1.0;2.0;5.5;11.0;6.0;9.0;12.0;18.0;24.0;36.0;48.0;54.0,4,6,US,1,40,2,1,E0:D3:62,Unknown,0,392
149792,,E6:D3:62:1B:7F:E2,-72,7,2445,100,450785181326,WEP,1,1,1,0,,0,0,,0,0,0,0,E6:D3:62,Unknown,0,412
149845,Coruscant,60:A4:B7:D0:84:4E,-81,7,3660,100,487093965149,WPA2,1,0,1,8,1.0;2.0;5.5;11.0;9.0;18.0;36.0;54.0;6.0;12.0;24.0;48.0,4,6,,1,40,2,1,60:A4:B7,Unknown,0,239
149873,,E6:D3:62:1B:80:C2,-82,7,1882,100,450783030926,WEP,1,1,1,0,,0,0,,0,0,0,0,E6:D3:62,Unknown,0,412
149926,Pagalavan1,92:78:C9:D5:2A:26,-93,7,3428,100,125954560391,WPA2,1,0,1,8,1.0;2.0;5.5;11.0;18.0;24.0;36.0;54.0;6.0;9.0;12.0;48.0,4,6,IN,1,40,2,1,92:78:C9,Unknown,0,230
149980,Deco_Nest,E0:D3:62:1B:7F:E2,-84,8,3596,100,450785280384,WPA2,1,1,1,8,1.0;2.0;5.5;11.0;6.0;9.0;12.0;18.0;24.0;36.0;48.0;54.0,4,6,US,1,40,2,1,E0:D3:62,Unknown,0,392
150043,Deco_Nest,E0:D3:62:1B:7F:C6,-84,8,2932,100,450785280384,WPA2,1,1,1,8,1.0;2.0;5.5;11.0;6.0;9.0;12.0;18.0;24.0;36.0;48.0;54.0,4,6,US,1,40,2,1,E0:D3:62,Unknown,0,392
150064,,E6:D3:62:1B:7F:C6,-84,8,164,100,450785283726,WEP,1,1,1,0,,0,0,,0,0,0,0,E6:D3:62,Unknown,0,412
150135,Naboo,50:2B:73:84:39:B1,-86,8,932,100,803608883220,WPA2,1,0,1,8,1.0;2.0;5.5;11.0;6.0;9.0;12.0;18.0;24.0;36.0;48.0;54.0,4,8,,1,40,2,1,50:2B:73,Unknown,0,317
150191,advikasarah,48:55:5E:2C:71:FA,-78,9,2884,100,802668544395,WPA2,1,0,1,8,1.0;2.0;5.5;11.0;9.0;18.0;36.0;54.0;6.0;12.0;24.0;48.0,4,11,IN,1,20,2,1,48:55:5E,Unknown,0,284
150330,Naboo,50:2B:73:84:39:B1,-88,9,935,100,803609190438,WPA2,1,0,1,8,1.0;2.0;5.5;11.0;6.0;9.0;12.0;18.0;24.0;36.0;48.0;54.0,4,8,,1,40,2,1,50:2B:73,Unknown,0,317
150396,advikasarah,48:55:5E:2C:71:FA,-69,10,2886,100,802668749362,WPA2,1,0,1,8,1.0;2.0;5.5;11.0;9.0;18.0;36.0;54.0;6.0;12.0;24.0;48.0,4,11,IN,1,20,2,1,48:55:5E,Unknown,0,284
150458,Nest,48:55:5E:19:F2:7A,-89,10,1259,100,450748416449,WPA2,1,0,0,8,1.0;2.0;5.5;11.0;9.0;18.0;36.0;54.0;6.0;12.0;24.0;48.0,4,11,IN,1,20,2,1,48:55:5E,Unknown,0,277
150520,Tenda_1B1850,E8:65:D4:1B:18:51,-88,10,3316,100,157007052820,WPA2,1,1,1,8,1.0;2.0;5.5;11.0;6.0;9.0;12.0;18.0;24.0;36.0;48.0;54.0,4,10,,1,20,2,1,E8:65:D4,Unknown,0,292
150573,Nest,48:55:5E:19:F2:7A,-90,10,1260,100,450748518821,WPA2,1,0,0,8,1.0;2.0;5.5;11.0;9.0;18.0;36.0;54.0;6.0;12.0;24.0;48.0,4,11,IN,1,20,2,1,48:55:5E,Unknown,0,277
150626,Tenda_1B1850,E8:65:D4:1B:18:51,-89,10,3317,100,157007155229,WPA2,1,1,1,8,1.0;2.0;5.5;11.0;6.0;9.0;12.0;18.0;24.0;36.0;48.0;54.0,4,10,,1,20,2,1,E8:65:D4,Unknown,0,292
150679,Nest,48:55:5E:19:F2:7A,-89,11,1261,100,450748621243,WPA2,1,0,0,8,1.0;2.0;5.5;11.0;9.0;18.0;36.0;54.0;6.0;12.0;24.0;48.0,4,11,IN,1,20,2,1,48:55:5E,Unknown,0,277
150731,advikasarah,48:55:5E:2C:71:FA,-69,11,2889,100,802669056405,WPA2,1,0,1,8,1.0;2.0;5.5;11.0;9.0;18.0;36.0;54.0;6.0;12.0;24.0;48.0,4,11,IN,1,20,2,1,48:55:5E,Unknown,0,284
150805,Nest,48:55:5E:19:F2:7A,-91,11,1262,100,450748723610,WPA2,1,0,0,8,1.0;2.0;5.5;11.0;9.0;18.0;36.0;54.0;6.0;12.0;24.0;48.0,4,11,IN,1,20,2,1,48:55:5E,Unknown,0,277
150857,Tenda_1B1850,E8:65:D4:1B:18:51,-90,11,3319,100,157007360047,WPA2,1,1,1,8,1.0;2.0;5.5;11.0;6.0;9.0;12.0;18.0;24.0;36.0;48.0;54.0,4,10,,1,20,2,1,E8:65:D4,Unknown,0,292
150911,advikasarah,48:55:5E:2C:71:FA,-67,11,2890,100,802669158873,WPA2,1,0,1,8,1.0;2.0;5.5;11.0;9.0;18.0;36.0;54.0;6.0;12.0;24.0;48.0,4,11,IN,1,20,2,1,48:55:5E,Unknown,0,284
150963,Nest,48:55:5E:19:F2:7A,-84,11,1263,100,450748826018,WPA2,1,0,0,8,1.0;2.0;5.5;11.0;9.0;18.0;36.0;54.0;6.0;12.0;24.0;48.0,4,11,IN,1,20,2,1,48:55:5E,Unknown,0,277
151016,advikasarah,48:55:5E:2C:71:FA,-68,11,2891,100,802669261223,WPA2,1,0,1,8,1.0;2.0;5.5;11.0;9.0;18.0;36.0;54.0;6.0;12.0;24.0;48.0,4,11,IN,1,20,2,1,48:55:5E,Unknown,0,284
151076,Nest,48:55:5E:19:F2:7A,-89,12,1264,100,450748928428,WPA2,1,0,0,8,1.0;2.0;5.5;11.0;9.0;18.0;36.0;54.0;6.0;12.0;24.0;48.0,4,11,IN,1,20,2,1,48:55:5E,Unknown,0,277
151130,Airtel_vid_2g,48:41:7B:C8:D1:6A,-94,12,870,100,168577741189,WPA2,1,0,1,8,1.0;2.0;5.5;11.0;6.0;9.0;12.0;18.0;24.0;36.0;48.0;54.0,4,12,IN,1,20,2,1,48:41:7B,Unknown,0,349
151409,ACT-ai_103574303016,8C:90:2D:3A:B9:96,-84,1,2288,100,52123136420,WPA2,1,0,1,8,1.0;2.0;5.5;11.0;9.0;18.0;36.0;54.0;6.0;12.0;24.0;48.0,4,1,,1,20,2,1,8C:90:2D,Unknown,0,282
151462,Swathimohan,7A:83:94:C0:10:05,-91,1,1875,100,141984973198,WPA2,1,0,1,8,1.0;2.0;5.5;11.0;18.0;24.0;36.0;54.0;6.0;9.0;12.0;48.0,4,1,IN,1,40,2,1,7A:83:94,Unknown,0,231
151504,ilan_4g_EXT,24:2F:D0:F8:06:08,-91,1,319,100,803631411718,WPA2,1,0,1,8,1.0;2.0;5.5;11.0;9.0;18.0;36.0;54.0;6.0;12.0;24.0;48.0,4,1,,1,20,2,0,24:2F:D0,Unknown,0,217
151576,Deco-GF,5C:62:8B:CA:09:67,-90,1,1464,100,803582566784,WPA2,1,1,1,8,1.0;2.0;5.5;11.0;6.0;9.0;12.0;18.0;24.0;36.0;48.0;54.0,4,2,US,1,40,2,1,5C:62:8B,Unknown,0,390
151619,ACT-ai_103574303016,8C:90:2D:3A:B9:96,-85,1,2289,100,52123238834,WPA2,1,0,1,8,1.0;2.0;5.5;11.0;9.0;18.0;36.0;54.0;6.0;12.0;24.0;48.0,4,1,,1,20,2,1,8C:90:2D,Unknown,0,282
151672,Swathimohan,7A:83:94:C0:10:05,-90,1,1876,100,141985075598,WPA2,1,0,1,8,1.0;2.0;5.5;11.0;18.0;24.0;36.0;54.0;6.0;9.0;12.0;48.0,4,1,IN,1,40,2,1,7A:83:94,Unknown,0,231
151714,ilan_4g_EXT,24:2F:D0:F8:06:08,-92,1,320,100,803631514019,WPA2,1,0,1,8,1.0;2.0;5.5;11.0;9.0;18.0;36.0;54.0;6.0;12.0;24.0;48.0,4,1,,1,20,2,0,24:2F:D0,Unknown,0,217
151777,ACT-ai_103742862979,B0:19:21:74:6F:B8,-91,1,2656,100,34612634022,WPA2,1,0,1,8,1.0;2.0;5.5;11.0;9.0;18.0;36.0;54.0;6.0;12.0;24.0;48.0,4,1,DE,1,40,2,1,B0:19:21,Unknown,0,369
151840,Deco-GF,5C:62:8B:CA:09:67,-90,2,1466,100,803582771584,WPA2,1,1,1,8,1.0;2.0;5.5;11.0;6.0;9.0;12.0;18.0;24.0;36.0;48.0;54.0,4,2,US,1,40,2,1,5C:62:8B,Unknown,0,390
151893,Swathimohan,7A:83:94:C0:10:05,-91,2,1879,100,141985280390,WPA2,1,0,1,8,1.0;2.0;5.5;11.0;18.0;24.0;36.0;54.0;6.0;9.0;12.0;48.0,4,1,IN,1,40,2,1,7A:83:94,Unknown,0,231
151945,Deco-GF,5C:62:8B:CA:09:67,-87,2,1467,100,803582873984,WPA2,1,1,1,8,1.0;2.0;5.5;11.0;6.0;9.0;12.0;18.0;24.0;36.0;48.0;54.0,4,2,US,1,40,2,1,5C:62:8B,Unknown,0,390
151999,ACT-ai_103574303016,8C:90:2D:3A:B9:96,-87,3,2293,100,52123648434,WPA2,1,0,1,8,1.0;2.0;5.5;11.0;9.0;18.0;36.0;54.0;6.0;12.0;24.0;48.0,4,1,,1,20,2,1,8C:90:2D,Unknown,0,282
152069,Dagobah,60:A4:B7:04:21:54,-92,3,3755,100,803611443550,WPA2,1,0,0,8,1.0;2.0;5.5;11.0;9.0;18.0;36.0;54.0;6.0;12.0;24.0;48.0,4,3,,1,40,2,1,60:A4:B7,Unknown,0,270
152433,Deco_Nest,E0:D3:62:1B:7F:E2,-77,5,3621,100,450787840384,WPA2,1,1,1,8,1.0;2.0;5.5;11.0;6.0;9.0;12.0;18.0;24.0;36.0;48.0;54.0,4,6,US,1,40,2,1,E0:D3:62,Unknown,0,392
152455,,E6:D3:62:1B:7F:E2,-77,5,2471,100,450787843726,WEP,1,1,1,0,,0,0,,0,0,0,0,E6:D3:62,Unknown,0,412
152508,Coruscant,60:A4:B7:D0:84:4E,-78,5,3712,100,487096627512,WPA2,1,0,1,8,1.0;2.0;5.5;11.0;9.0;18.0;36.0;54.0;6.0;12.0;24.0;48.0,4,6,,1,40,2,1,60:A4:B7,Unknown,0,239
152560,Coruscant_5G,62:A4:B7:D1:84:4E,-77,5,3713,100,487096629633,WPA2,1,0,1,8,1.0;2.0;5.5;11.0;9.0;18.0;36.0;54.0;6.0;12.0;24.0;48.0,4,6,,1,40,2,1,62:A4:B7,Unknown,0,242
152613,Deco_Nest,E0:D3:62:1B:7F:E2,-71,5,3622,100,450787942784,WPA2,1,1,1,8,1.0;2.0;5.5;11.0;6.0;9.0;12.0;18.0;24.0;36.0;48.0;54.0,4,6,US,1,40,2,1,E0:D3:62,Unknown,0,392
152667,Coruscant,60:A4:B7:D0:84:4E,-77,5,3714,100,487096729919,WPA2,1,0,1,8,1.0;2.0;5.5;11.0;9.0;18.0;36.0;54.0;6.0;12.0;24.0;48.0,4,6,,1,40,2,1,60:A4:B7,Unknown,0,239
152709,Coruscant_5G,62:A4:B7:D1:84:4E,-80,5,3715,100,487096732040,WPA2,1,0,1,8,1.0;2.0;5.5;11.0;9.0;18.0;36.0;54.0;6.0;12.0;24.0;48.0,4,6,,1,40,2,1,62:A4:B7,Unknown,0,242
152761,Pagalavan1,92:78:C9:D5:2A:26,-90,5,3462,100,125957325195,WPA2,1,0,1,8,1.0;2.0;5.5;11.0;18.0;24.0;36.0;54.0;6.0;9.0;12.0;48.0,4,6,IN,1,40,2,1,92:78:C9,Unknown,0,230
152825,Deco_Nest,E0:D3:62:1B:7F:E2,-70,6,3623,100,450788045184,WPA2,1,1,1,8,1.0;2.0;5.5;11.0;6.0;9.0;12.0;18.0;24.0;36.0;48.0;54.0,4,6,US,1,40,2,1,E0:D3:62,Unknown,0,392
152846,,E6:D3:62:1B:7F:E2,-70,6,2473,100,450788048526,WEP,1,1,1,0,,0,0,,0,0,0,0,E6:D3:62,Unknown,0,412
152916,Deco_Nest,E0:D3:62:1B:7F:E2,-77,6,3625,100,450788249984,WPA2,1,1,1,8,1.0;2.0;5.5;11.0;6.0;9.0;12.0;18.0;24.0;36.0;48.0;54.0,4,6,US,1,40,2,1,E0:D3:62,Unknown,0,392
152937,,E6:D3:62:1B:7F:E2,-77,6,2475,100,450788253326,WEP,1,1,1,0,,0,0,,0,0,0,0,E6:D3:62,Unknown,0,412
152990,Coruscant,60:A4:B7:D0:84:4E,-85,6,3720,100,487097037118,WPA2,1,0,1,8,1.0;2.0;5.5;11.0;9.0;18.0;36.0;54.0;6.0;12.0;24.0;48.0,4,6,,1,40,2,1,60:A4:B7,Unknown,0,239
153032,Coruscant_5G,62:A4:B7:D1:84:4E,-85,6,3721,100,487097039239,WPA2,1,0,1,8,1.0;2.0;5.5;11.0;9.0;18.0;36.0;54.0;6.0;12.0;24.0;48.0,4,6,,1,40,2,1,62:A4:B7,Unknown,0,242
153095,Deco_Nest,E0:D3:62:1B:7F:E2,-78,7,3626,100,450788352384,WPA2,1,1,1,8,1.0;2.0;5.5;11.0;6.0;9.0;12.0;18.0;24.0;36.0;48.0;54.0,4,6,US,1,40,2,1,E0:D3:62,Unknown,0,392
153127,,E6:D3:62:1B:7F:E2,-79,7,2476,100,450788355726,WEP,1,1,1,0,,0,0,,0,0,0,0,E6:D3:62,Unknown,0,412
153169,Coruscant,60:A4:B7:D0:84:4E,-84,7,3722,100,487097139518,WPA2,1,0,1,8,1.0;2.0;5.5;11.0;9.0;18.0;36.0;54.0;6.0;12.0;24.0;48.0,4,6,,1,40,2,1,60:A4:B7,Unknown,0,239
153223,Naboo,50:2B:73:84:39:B1,-81,7,962,100,803611955229,WPA2,1,0,1,8,1.0;2.0;5.5;11.0;6.0;9.0;12.0;18.0;24.0;36.0;48.0;54.0,4,8,,1,40,2,1,50:2B:73,Unknown,0,317
153275,Coruscant,60:A4:B7:D0:84:4E,-85,7,3726,100,487097344322,WPA2,1,0,1,8,1.0;2.0;5.5;11.0;9.0;18.0;36.0;54.0;6.0;12.0;24.0;48.0,4,6,,1,40,2,1,60:A4:B7,Unknown,0,239
153318,Coruscant_5G,62:A4:B7:D1:84:4E,-83,7,3727,100,487097346443,WPA2,1,0,1,8,1.0;2.0;5.5;11.0;9.0;18.0;36.0;54.0;6.0;12.0;24.0;48.0,4,6,,1,40,2,1,62:A4:B7,Unknown,0,242
153389,Naboo,50:2B:73:84:39:B1,-81,8,964,100,803612160038,WPA2,1,0,1,8,1.0;2.0;5.5;11.0;6.0;9.0;12.0;18.0;24.0;36.0;48.0;54.0,4,8,,1,40,2,1,50:2B:73,Unknown,0,317
153478,ICF62,5C:A6:E6:CC:70:B4,-92,9,4050,100,803605812966,WPA2,1,0,1,8,1.0;2.0;5.5;11.0;9.0;18.0;36.0;54.0;6.0;12.0;24.0;48.0,4,9,,1,20,2,1,5C:A6:E6,Unknown,0,333
153500,,5E:A6:E6:EC:70:B4,-91,9,4051,100,803605812077,WEP,1,0,1,0,,0,0,,0,0,0,0,5E:A6:E6,Unknown,0,263
153552,Tenda_1B1850,E8:65:D4:1B:18:51,-89,9,3348,100,157010124838,WPA2,1,1,1,8,1.0;2.0;5.5;11.0;6.0;9.0;12.0;18.0;24.0;36.0;48.0;54.0,4,10,,1,20,2,1,E8:65:D4,Unknown,0,292
153633,Nest,48:55:5E:19:F2:7A,-91,10,1292,100,450751590794,WPA2,1,0,0,8,1.0;2.0;5.5;11.0;9.0;18.0;36.0;54.0;6.0;12.0;24.0;48.0,4,11,IN,1,20,2,1,48:55:5E,Unknown,0,277
153694,Tenda_1B1850,E8:65:D4:1B:18:51,-93,10,3349,100,157010227238,WPA2,1,1,1,8,1.0;2.0;5.5;11.0;6.0;9.0;12.0;18.0;24.0;36.0;48.0;54.0,4,10,,1,20,2,1,E8:65:D4,Unknown,0,292
153752,Tenda_1B1850,E8:65:D4:1B:18:51,-87,10,3350,100,157010329629,WPA2,1,1,1,8,1.0;2.0;5.5;11.0;6.0;9.0;12.0;18.0;24.0;36.0;48.0;54.0,4,10,,1,20,2,1,E8:65:D4,Unknown,0,292
153887,SG,F0:A7:31:F9:A5:75,-87,11,43,100,519591219528,WPA2,1,0,1,8,1.0;2.0;5.5;11.0;9.0;18.0;36.0;54.0;6.0;12.0;24.0;48.0,4,11,,1,40,2,1,F0:A7:31,Unknown,0,283
153940,SG_5g,F2:A7:31:F9:A5:75,-88,11,44,100,519591222001,WPA2,1,0,1,8,1.0;2.0;5.5;11.0;9.0;18.0;36.0;54.0;6.0;12.0;24.0;48.0,4,11,,1,40,2,1,F2:A7:31,Unknown,0,235
153982,Tenda_1B1850,E8:65:D4:1B:18:51,-91,11,3352,100,157010534447,WPA2,1,1,1,8,1.0;2.0;5.5;11.0;6.0;9.0;12.0;18.0;24.0;36.0;48.0;54.0,4,10,,1,20,2,1,E8:65:D4,Unknown,0,292
154055,advikasarah,48:55:5E:2C:71:FA,-79,11,2921,100,802672333202,WPA2,1,0,1,8,1.0;2.0;5.5;11.0;9.0;18.0;36.0;54.0;6.0;12.0;24.0;48.0,4,11,IN,1,20,2,1,48:55:5E,Unknown,0,284
154108,SG,F0:A7:31:F9:A5:75,-92,11,45,100,519591321932,WPA2,1,0,1,8,1.0;2.0;5.5;11.0;9.0;18.0;36.0;54.0;6.0;12.0;24.0;48.0,4,11,,1,40,2,1,F0:A7:31,Unknown,0,283
154151,SG_5g,F2:A7:31:F9:A5:75,-94,11,46,100,519591324405,WPA2,1,0,1,8,1.0;2.0;5.5;11.0;9.0;18.0;36.0;54.0;6.0;12.0;24.0;48.0,4,11,,1,40,2,1,F2:A7:31,Unknown,0,235
154203,advikasarah,48:55:5E:2C:71:FA,-79,11,2922,100,802672435610,WPA2,1,0,1,8,1.0;2.0;5.5;11.0;9.0;18.0;36.0;54.0;6.0;12.0;24.0;48.0,4,11,IN,1,20,2,1,48:55:5E,Unknown,0,284
154267,advikasarah,48:55:5E:2C:71:FA,-72,11,2923,100,802672538007,WPA2,1,0,1,8,1.0;2.0;5.5;11.0;9.0;18.0;36.0;54.0;6.0;12.0;24.0;48.0,4,11,IN,1,20,2,1,48:55:5E,Unknown,0,284
154327,advikasarah,48:55:5E:2C:71:FA,-73,12,2924,100,802672640562,WPA2,1,0,1,8,1.0;2.0;5.5;11.0;9.0;18.0;36.0;54.0;6.0;12.0;24.0;48.0,4,11,IN,1,20,2,1,48:55:5E,Unknown,0,284
154595,advikasarah,48:55:5E:2C:71:FA,-84,13,2929,100,802672947623,WPA2,1,0,1,8,1.0;2.0;5.5;11.0;9.0;18.0;36.0;54.0;6.0;12.0;24.0;48.0,4,11,IN,1,20,2,1,48:55:5E,Unknown,0,284
154686,ACT-ai_103574303016,8C:90:2D:3A:B9:96,-91,1,2323,100,52126413219,WPA2,1,0,1,8,1.0;2.0;5.5;11.0;9.0;18.0;36.0;54.0;6.0;12.0;24.0;48.0,4,1,,1,20,2,1,8C:90:2D,Unknown,0,282
154739,Swathimohan,7A:83:94:C0:10:05,-92,1,1909,100,141988250006,WPA2,1,0,1,8,1.0;2.0;5.5;11.0;18.0;24.0;36.0;54.0;6.0;9.0;12.0;48.0,4,1,IN,1,40,2,1,7A:83:94,Unknown,0,231
154791,ACT-ai_103742862979,B0:19:21:74:6F:B8,-92,1,2687,100,34615808414,WPA2,1,0,1,8,1.0;2.0;5.5;11.0;9.0;18.0;36.0;54.0;6.0;12.0;24.0;48.0,4,1,DE,1,40,2,1,B0:19:21,Unknown,0,369
154863,ACT-ai_103574303016,8C:90:2D:3A:B9:96,-88,1,2324,100,52126515609,WPA2,1,0,1,8,1.0;2.0;5.5;11.0;9.0;18.0;36.0;54.0;6.0;12.0;24.0;48.0,4,1,,1,20,2,1,8C:90:2D,Unknown,0,282
154906,Swathimohan,7A:83:94:C0:10:05,-91,1,1911,100,141988352405,WPA2,1,0,1,8,1.0;2.0;5.5;11.0;18.0;24.0;36.0;54.0;6.0;9.0;12.0;48.0,4,1,IN,1,40,2,1,7A:83:94,Unknown,0,231
155141,Dagobah,60:A4:B7:04:21:54,-91,3,3785,100,803614515591,WPA2,1,0,0,8,1.0;2.0;5.5;11.0;9.0;18.0;36.0;54.0;6.0;12.0;24.0;48.0,4,3,,1,40,2,1,60:A4:B7,Unknown,0,270
155244,Dagobah,60:A4:B7:04:21:54,-90,3,3786,100,803614617984,WPA2,1,0,0,8,1.0;2.0;5.5;11.0;9.0;18.0;36.0;54.0;6.0;12.0;24.0;48.0,4,3,,1,40,2,1,60:A4:B7,Unknown,0,270
155346,Dagobah,60:A4:B7:04:21:54,-92,3,3787,100,803614720389,WPA2,1,0,0,8,1.0;2.0;5.5;11.0;9.0;18.0;36.0;54.0;6.0;12.0;24.0;48.0,4,3,,1,40,2,1,60:A4:B7,Unknown,0,270
155449,Dagobah,60:A4:B7:04:21:54,-89,4,3788,100,803614822791,WPA2,1,0,0,8,1.0;2.0;5.5;11.0;9.0;18.0;36.0;54.0;6.0;12.0;24.0;48.0,4,3,,1,40,2,1,60:A4:B7,Unknown,0,270
155812,Deco_Nest,E0:D3:62:1B:7F:E2,-86,5,3654,100,450791219584,WPA2,1,1,1,8,1.0;2.0;5.5;11.0;6.0;9.0;12.0;18.0;24.0;36.0;48.0;54.0,4,6,US,1,40,2,1,E0:D3:62,Unknown,0,392
155915,Deco_Nest,E0:D3:62:1B:7F:E2,-88,6,3655,100,450791321984,WPA2,1,1,1,8,1.0;2.0;5.5;11.0;6.0;9.0;12.0;18.0;24.0;36.0;48.0;54.0,4,6,US,1,40,2,1,E0:D3:62,Unknown,0,392
155937,,E6:D3:62:1B:7F:E2,-89,6,2505,100,450791325326,WEP,1,1,1,0,,0,0,,0,0,0,0,E6:D3:62,Unknown,0,412
155989,Coruscant,60:A4:B7:D0:84:4E,-86,6,3780,100,487100109146,WPA2,1,0,1,8,1.0;2.0;5.5;11.0;9.0;18.0;36.0;54.0;6.0;12.0;24.0;48.0,4,6,,1,40,2,1,60:A4:B7,Unknown,0,239
156039,Coruscant_5G,62:A4:B7:D1:84:4E,-91,6,3781,100,487100111267,WPA2,1,0,1,8,1.0;2.0;5.5;11.0;9.0;18.0;36.0;54.0;6.0;12.0;24.0;48.0,4,6,,1,40,2,1,62:A4:B7,Unknown,0,242
156102,Deco_Nest,E0:D3:62:1B:7F:C6,-90,6,2991,100,450791321984,WPA2,1,1,1,8,1.0;2.0;5.5;11.0;6.0;9.0;12.0;18.0;24.0;36.0;48.0;54.0,4,6,US,1,40,2,1,E0:D3:62,Unknown,0,392
156166,Deco_Nest,E0:D3:62:1B:7F:E2,-87,6,3656,100,450791424384,WPA2,1,1,1,8,1.0;2.0;5.5;11.0;6.0;9.0;12.0;18.0;24.0;36.0;48.0;54.0,4,6,US,1,40,2,1,E0:D3:62,Unknown,0,392
156188,,E6:D3:62:1B:7F:E2,-84,6,2506,100,450791427726,WEP,1,1,1,0,,0,0,,0,0,0,0,E6:D3:62,Unknown,0,412
156219,,E6:D3:62:1B:7F:C6,-85,6,223,100,450791427726,WEP,1,1,1,0,,0,0,,0,0,0,0,E6:D3:62,Unknown,0,412
156278,Pagalavan1,92:78:C9:D5:2A:26,-84,6,3498,100,125960806811,WPA2,1,0,1,8,1.0;2.0;5.5;11.0;18.0;24.0;36.0;54.0;6.0;9.0;12.0;48.0,4,6,IN,1,40,2,1,92:78:C9,Unknown,0,230
156331,Pagalavan1,92:78:C9:D5:2A:26,-88,7,3499,100,125960909192,WPA2,1,0,1,8,1.0;2.0;5.5;11.0;18.0;24.0;36.0;54.0;6.0;9.0;12.0;48.0,4,6,IN,1,40,2,1,92:78:C9,Unknown,0,230
156383,Naboo,50:2B:73:84:39:B1,-76,7,992,100,803615027229,WPA2,1,0,1,8,1.0;2.0;5.5;11.0;6.0;9.0;12.0;18.0;24.0;36.0;48.0;54.0,4,8,,1,40,2,1,50:2B:73,Unknown,0,317
156426,Coruscant,60:A4:B7:D0:84:4E,-86,7,3786,100,487100416348,WPA2,1,0,1,8,1.0;2.0;5.5;11.0;9.0;18.0;36.0;54.0;6.0;12.0;24.0;48.0,4,6,,1,40,2,1,60:A4:B7,Unknown,0,239
156489,Deco_Nest,E0:D3:62:1B:7F:E2,-87,7,3659,100,450791731584,WPA2,1,1,1,8,1.0;2.0;5.5;11.0;6.0;9.0;12.0;18.0;24.0;36.0;48.0;54.0,4,6,US,1,40,2,1,E0:D3:62,Unknown,0,392
156551,Deco_Nest,E0:D3:62:1B:7F:E2,-85,8,3660,100,450791833984,WPA2,1,1,1,8,1.0;2.0;5.5;11.0;6.0;9.0;12.0;18.0;24.0;36.0;48.0;54.0,4,6,US,1,40,2,1,E0:D3:62,Unknown,0,392
156583,,E6:D3:62:1B:7F:E2,-87,8,2510,100,450791837326,WEP,1,1,1,0,,0,0,,0,0,0,0,E6:D3:62,Unknown,0,412
156625,Coruscant,60:A4:B7:D0:84:4E,-89,8,3790,100,487100621154,WPA2,1,0,1,8,1.0;2.0;5.5;11.0;9.0;18.0;36.0;54.0;6.0;12.0;24.0;48.0,4,6,,1,40,2,1,60:A4:B7,Unknown,0,239
156657,,E6:D3:62:1B:7F:C6,-90,8,227,100,450791837326,WEP,1,1,1,0,,0,0,,0,0,0,0,E6:D3:62,Unknown,0,412
156710,Naboo,50:2B:73:84:39:B1,-80,8,996,100,803615436820,WPA2,1,0,1,8,1.0;2.0;5.5;11.0;6.0;9.0;12.0;18.0;24.0;36.0;48.0;54.0,4,8,,1,40,2,1,50:2B:73,Unknown,0,317
156762,Tenda_1B1850,E8:65:D4:1B:18:51,-90,9,3380,100,157013299220,WPA2,1,1,1,8,1.0;2.0;5.5;11.0;6.0;9.0;12.0;18.0;24.0;36.0;48.0;54.0,4,10,,1,20,2,1,E8:65:D4,Unknown,0,292
156959,SG,F0:A7:31:F9:A5:75,-86,10,103,100,519594291563,WPA2,1,0,1,8,1.0;2.0;5.5;11.0;9.0;18.0;36.0;54.0;6.0;12.0;24.0;48.0,4,11,,1,40,2,1,F0:A7:31,Unknown,0,283
157019,Tenda_1B1850,E8:65:D4:1B:18:51,-96,10,3384,100,157013606429,WPA2,1,1,1,8,1.0;2.0;5.5;11.0;6.0;9.0;12.0;18.0;24.0;36.0;48.0;54.0,4,10,,1,20,2,1,E8:65:D4,Unknown,0,292
157155,advikasarah,48:55:5E:2C:71:FA,-85,11,2955,100,802675507613,WPA2,1,0,1,8,1.0;2.0;5.5;11.0;9.0;18.0;36.0;54.0;6.0;12.0;24.0;48.0,4,11,IN,1,20,2,1,48:55:5E,Unknown,0,284
157197,SG,F0:A7:31:F9:A5:75,-86,11,107,100,519594496365,WPA2,1,0,1,8,1.0;2.0;5.5;11.0;9.0;18.0;36.0;54.0;6.0;12.0;24.0;48.0,4,11,,1,40,2,1,F0:A7:31,Unknown,0,283
157257,SG_5g,F2:A7:31:F9:A5:75,-92,11,108,100,519594498839,WPA2,1,0,1,8,1.0;2.0;5.5;11.0;9.0;18.0;36.0;54.0;6.0;12.0;24.0;48.0,4,11,,1,40,2,1,F2:A7:31,Unknown,0,235
157310,SG_5g,F2:A7:31:F9:A5:75,-89,11,110,100,519594601235,WPA2,1,0,1,8,1.0;2.0;5.5;11.0;9.0;18.0;36.0;54.0;6.0;12.0;24.0;48.0,4,11,,1,40,2,1,F2:A7:31,Unknown,0,235
157363,advikasarah,48:55:5E:2C:71:FA,-91,11,2957,100,802675712406,WPA2,1,0,1,8,1.0;2.0;5.5;11.0;9.0;18.0;36.0;54.0;6.0;12.0;24.0;48.0,4,11,IN,1,20,2,1,48:55:5E,Unknown,0,284
157406,SG_5g,F2:A7:31:F9:A5:75,-91,12,112,100,519594703640,WPA2,1,0,1,8,1.0;2.0;5.5;11.0;9.0;18.0;36.0;54.0;6.0;12.0;24.0;48.0,4,11,,1,40,2,1,F2:A7:31,Unknown,0,235
157462,advikasarah,48:55:5E:2C:71:FA,-83,12,2958,100,802675814815,WPA2,1,0,1,8,1.0;2.0;5.5;11.0;9.0;18.0;36.0;54.0;6.0;12.0;24.0;48.0,4,11,IN,1,20,2,1,48:55:5E,Unknown,0,284
157515,SG,F0:A7:31:F9:A5:75,-92,12,113,100,519594803571,WPA2,1,0,1,8,1.0;2.0;5.5;11.0;9.0;18.0;36.0;54.0;6.0;12.0;24.0;48.0,4,11,,1,40,2,1,F0:A7:31,Unknown,0,283
157568,Airtel_vid_2g,48:41:7B:C8:D1:6A,-93,12,933,100,168584192389,WPA2,1,0,1,8,1.0;2.0;5.5;11.0;6.0;9.0;12.0;18.0;24.0;36.0;48.0;54.0,4,12,IN,1,20,2,1,48:41:7B,Unknown,0,349
157860,ACT-ai_103574303016,8C:90:2D:3A:B9:96,-95,1,2354,100,52129587595,WPA2,1,0,1,8,1.0;2.0;5.5;11.0;9.0;18.0;36.0;54.0;6.0;12.0;24.0;48.0,4,1,,1,20,2,1,8C:90:2D,Unknown,0,282
157913,Swathimohan,7A:83:94:C0:10:05,-88,1,1948,100,141991424395,WPA2,1,0,1,8,1.0;2.0;5.5;11.0;18.0;24.0;36.0;54.0;6.0;9.0;12.0;48.0,4,1,IN,1,40,2,1,7A:83:94,Unknown,0,231
157964,ACT-ai_103574303016,8C:90:2D:3A:B9:96,-91,1,2361,100,52129691750,WPA2,1,0,1,8,1.0;2.0;5.5;11.0;9.0;18.0;36.0;54.0;6.0;12.0;24.0;48.0,4,1,,1,20,2,1,8C:90:2D,Unknown,0,282
158016,Swathimohan,7A:83:94:C0:10:05,-90,1,1949,100,141991526808,WPA2,1,0,1,8,1.0;2.0;5.5;11.0;18.0;24.0;36.0;54.0;6.0;9.0;12.0;48.0,4,1,IN,1,40,2,1,7A:83:94,Unknown,0,231
158079,ACT-ai_103742862979,B0:19:21:74:6F:B8,-93,1,2719,100,34619085194,WPA2,1,0,1,8,1.0;2.0;5.5;11.0;9.0;18.0;36.0;54.0;6.0;12.0;24.0;48.0,4,1,DE,1,40,2,1,B0:19:21,Unknown,0,369
158132,ACT-ai_103574303016,8C:90:2D:3A:B9:96,-91,1,2362,100,52129792421,WPA2,1,0,1,8,1.0;2.0;5.5;11.0;9.0;18.0;36.0;54.0;6.0;12.0;24.0;48.0,4,1,,1,20,2,1,8C:90:2D,Unknown,0,282
158185,ACT-ai_103574303016,8C:90:2D:3A:B9:96,-84,2,2363,100,52129894800,WPA2,1,0,1,8,1.0;2.0;5.5;11.0;9.0;18.0;36.0;54.0;6.0;12.0;24.0;48.0,4,1,,1,20,2,1,8C:90:2D,Unknown,0,282
158270,ACT-ai_103574303016,8C:90:2D:3A:B9:96,-87,2,2364,100,52129997289,WPA2,1,0,1,8,1.0;2.0;5.5;11.0;9.0;18.0;36.0;54.0;6.0;12.0;24.0;48.0,4,1,,1,20,2,1,8C:90:2D,Unknown,0,282
159018,Pagalavan1,92:78:C9:D5:2A:26,-84,5,3534,100,125963776398,WPA2,1,0,1,8,1.0;2.0;5.5;11.0;18.0;24.0;36.0;54.0;6.0;9.0;12.0;48.0,4,6,IN,1,40,2,1,92:78:C9,Unknown,0,230
159120,Deco_Nest,E0:D3:62:1B:7F:C6,-89,6,3022,100,450794496384,WPA2,1,1,1,8,1.0;2.0;5.5;11.0;6.0;9.0;12.0;18.0;24.0;36.0;48.0;54.0,4,6,US,1,40,2,1,E0:D3:62,Unknown,0,392
159142,,E6:D3:62:1B:7F:C6,-89,6,252,100,450794499726,WEP,1,1,1,0,,0,0,,0,0,0,0,E6:D3:62,Unknown,0,412
159195,Pagalavan1,92:78:C9:D5:2A:26,-96,6,3535,100,125963878791,WPA2,1,0,1,8,1.0;2.0;5.5;11.0;18.0;24.0;36.0;54.0;6.0;9.0;12.0;48.0,4,6,IN,1,40,2,1,92:78:C9,Unknown,0,230
159258,Deco_Nest,E0:D3:62:1B:7F:E2,-91,6,3687,100,450794598784,WPA2,1,1,1,8,1.0;2.0;5.5;11.0;6.0;9.0;12.0;18.0;24.0;36.0;48.0;54.0,4,6,US,1,40,2,1,E0:D3:62,Unknown,0,392
159310,Coruscant_5G,62:A4:B7:D1:84:4E,-92,6,3845,100,487103388042,WPA2,1,0,1,8,1.0;2.0;5.5;11.0;9.0;18.0;36.0;54.0;6.0;12.0;24.0;48.0,4,6,,1,40,2,1,62:A4:B7,Unknown,0,242
159373,AirFiber-Jio,16:32:51:70:E7:A4,-91,6,701,100,7676518789,WPA2,1,1,1,8,1.0;2.0;5.5;11.0;6.0;9.0;12.0;18.0;24.0;36.0;48.0;54.0,4,6,IN,1,20,4,1,16:32:51,Unknown,0,382
159416,Pagalavan1,92:78:C9:D5:2A:26,-85,6,3536,100,125963981209,WPA2,1,0,1,8,1.0;2.0;5.5;11.0;18.0;24.0;36.0;54.0;6.0;9.0;12.0;48.0,4,6,IN,1,40,2,1,92:78:C9,Unknown,0,230
159479,Deco_Nest,E0:D3:62:1B:7F:E2,-93,6,3688,100,450794701184,WPA2,1,1,1,8,1.0;2.0;5.5;11.0;6.0;9.0;12.0;18.0;24.0;36.0;48.0;54.0,4,6,US,1,40,2,1,E0:D3:62,Unknown,0,392
159501,,E6:D3:62:1B:7F:E2,-93,6,2538,100,450794704526,WEP,1,1,1,0,,0,0,,0,0,0,0,E6:D3:62,Unknown,0,412
159570,AirFiber-Jio,16:32:51:70:E7:A4,-89,6,702,100,7676621189,WPA2,1,1,1,8,1.0;2.0;5.5;11.0;6.0;9.0;12.0;18.0;24.0;36.0;48.0;54.0,4,6,IN,1,20,4,1,16:32:51,Unknown,0,382
159633,Deco_Nest,E0:D3:62:1B:7F:C6,-86,6,3024,100,450794701184,WPA2,1,1,1,8,1.0;2.0;5.5;11.0;6.0;9.0;12.0;18.0;24.0;36.0;48.0;54.0,4,6,US,1,40,2,1,E0:D3:62,Unknown,0,392
159686,Deco_Nest,E0:D3:62:1B:7F:C6,-88,7,3026,100,450794905984,WPA2,1,1,1,8,1.0;2.0;5.5;11.0;6.0;9.0;12.0;18.0;24.0;36.0;48.0;54.0,4,6,US,1,40,2,1,E0:D3:62,Unknown,0,392
159739,Pagalavan1,92:78:C9:D5:2A:26,-85,7,3539,100,125964288391,WPA2,1,0,1,8,1.0;2.0;5.5;11.0;18.0;24.0;36.0;54.0;6.0;9.0;12.0;48.0,4,6,IN,1,40,2,1,92:78:C9,Unknown,0,230
159781,Coruscant,60:A4:B7:D0:84:4E,-92,7,3852,100,487103795517,WPA2,1,0,1,8,1.0;2.0;5.5;11.0;9.0;18.0;36.0;54.0;6.0;12.0;24.0;48.0,4,6,,1,40,2,1,60:A4:B7,Unknown,0,239
159854,Naboo,50:2B:73:84:39:B1,-82,8,1027,100,803618611229,WPA2,1,0,1,8,1.0;2.0;5.5;11.0;6.0;9.0;12.0;18.0;24.0;36.0;48.0;54.0,4,8,,1,40,2,1,50:2B:73,Unknown,0,317
159908,Naboo,50:2B:73:84:39:B1,-87,9,1028,100,803618713638,WPA2,1,0,1,8,1.0;2.0;5.5;11.0;6.0;9.0;12.0;18.0;24.0;36.0;48.0;54.0,4,8,,1,40,2,1,50:2B:73,Unknown,0,317
159956,Naboo,50:2B:73:84:39:B1,-87,9,1029,100,803618816038,WPA2,1,0,1,8,1.0;2.0;5.5;11.0;6.0;9.0;12.0;18.0;24.0;36.0;48.0;54.0,4,8,,1,40,2,1,50:2B:73,Unknown,0,317
160059,Naboo,50:2B:73:84:39:B1,-84,9,1030,100,803618918447,WPA2,1,0,1,8,1.0;2.0;5.5;11.0;6.0;9.0;12.0;18.0;24.0;36.0;48.0;54.0,4,8,,1,40,2,1,50:2B:73,Unknown,0,317
160127,advikasarah,48:55:5E:2C:71:FA,-88,10,2988,100,802678479345,WPA2,1,0,1,8,1.0;2.0;5.5;11.0;9.0;18.0;36.0;54.0;6.0;12.0;24.0;48.0,4,11,IN,1,20,2,1,48:55:5E,Unknown,0,284
160193,Tenda_1B1850,E8:65:D4:1B:18:51,-90,10,3416,100,157016780829,WPA2,1,1,1,8,1.0;2.0;5.5;11.0;6.0;9.0;12.0;18.0;24.0;36.0;48.0;54.0,4,10,,1,20,2,1,E8:65:D4,Unknown,0,292
160246,advikasarah,48:55:5E:2C:71:FA,-89,10,2989,100,802678579595,WPA2,1,0,1,8,1.0;2.0;5.5;11.0;9.0;18.0;36.0;54.0;6.0;12.0;24.0;48.0,4,11,IN,1,20,2,1,48:55:5E,Unknown,0,284
160355,Suman 1+,1A:67:E3:A0:4F:D9,-92,11,1741,100,101992755200,WPA2,1,1,1,4,1.0;2.0;5.5;11.0;6.0;9.0;12.0;18.0;24.0;36.0;48.0;54.0,8,11,IN,1,20,1,1,1A:67:E3,Unknown,0,242
160432,advikasarah,48:55:5E:2C:71:FA,-93,11,2991,100,802678784412,WPA2,1,0,1,8,1.0;2.0;5.5;11.0;9.0;18.0;36.0;54.0;6.0;12.0;24.0;48.0,4,11,IN,1,20,2,1,48:55:5E,Unknown,0,284
160474,Suman 1+,1A:67:E3:A0:4F:D9,-94,11,1742,100,101992857600,WPA2,1,1,1,4,1.0;2.0;5.5;11.0;6.0;9.0;12.0;18.0;24.0;36.0;48.0;54.0,8,11,IN,1,20,1,1,1A:67:E3,Unknown,0,242
160534,advikasarah,48:55:5E:2C:71:FA,-94,11,2992,100,802678886801,WPA2,1,0,1,8,1.0;2.0;5.5;11.0;9.0;18.0;36.0;54.0;6.0;12.0;24.0;48.0,4,11,IN,1,20,2,1,48:55:5E,Unknown,0,284
160587,Suman 1+,1A:67:E3:A0:4F:D9,-97,11,1743,100,101992960000,WPA2,1,1,1,4,1.0;2.0;5.5;11.0;6.0;9.0;12.0;18.0;24.0;36.0;48.0;54.0,8,11,IN,1,20,1,1,1A:67:E3,Unknown,0,242
160640,advikasarah,48:55:5E:2C:71:FA,-93,12,2993,100,802678989212,WPA2,1,0,1,8,1.0;2.0;5.5;11.0;9.0;18.0;36.0;54.0;6.0;12.0;24.0;48.0,4,11,IN,1,20,2,1,48:55:5E,Unknown,0,284
161134,ACT-ai_103742862979,B0:19:21:74:6F:B8,-91,1,2749,100,34622157214,WPA2,1,0,1,8,1.0;2.0;5.5;11.0;9.0;18.0;36.0;54.0;6.0;12.0;24.0;48.0,4,1,DE,1,40,2,1,B0:19:21,Unknown,0,369
161186,Swathimohan,7A:83:94:C0:10:05,-85,1,1984,100,141994701199,WPA2,1,0,1,8,1.0;2.0;5.5;11.0;18.0;24.0;36.0;54.0;6.0;9.0;12.0;48.0,4,1,IN,1,40,2,1,7A:83:94,Unknown,0,231
161239,ACT-ai_103574303016,8C:90:2D:3A:B9:96,-90,1,2393,100,52132966804,WPA2,1,0,1,8,1.0;2.0;5.5;11.0;9.0;18.0;36.0;54.0;6.0;12.0;24.0;48.0,4,1,,1,20,2,1,8C:90:2D,Unknown,0,282
161338,ACT-ai_103742862979,B0:19:21:74:6F:B8,-91,1,2751,100,34622362018,WPA2,1,0,1,8,1.0;2.0;5.5;11.0;9.0;18.0;36.0;54.0;6.0;12.0;24.0;48.0,4,1,DE,1,40,2,1,B0:19:21,Unknown,0,369
161382,Swathimohan,7A:83:94:C0:10:05,-87,2,1987,100,141994906012,WPA2,1,0,1,8,1.0;2.0;5.5;11.0;18.0;24.0;36.0;54.0;6.0;9.0;12.0;48.0,4,1,IN,1,40,2,1,7A:83:94,Unknown,0,231
161434,ISHACODEFIELD,3C:84:6A:7B:5C:B8,-91,2,1348,100,298912153932,WPA2,1,0,1,8,1.0;2.0;5.5;11.0;9.0;18.0;36.0;54.0;6.0;12.0;24.0;48.0,4,2,,1,40,2,1,3C:84:6A,Unknown,0,243
161516,ISHACODEFIELD,3C:84:6A:7B:5C:B8,-89,2,1350,100,298912256338,WPA2,1,0,1,8,1.0;2.0;5.5;11.0;9.0;18.0;36.0;54.0;6.0;12.0;24.0;48.0,4,2,,1,40,2,1,3C:84:6A,Unknown,0,243
161569,Swathimohan,7A:83:94:C0:10:05,-89,2,1989,100,141995110799,WPA2,1,0,1,8,1.0;2.0;5.5;11.0;18.0;24.0;36.0;54.0;6.0;9.0;12.0;48.0,4,1,IN,1,40,2,1,7A:83:94,Unknown,0,231
161824,ISHACODEFIELD,3C:84:6A:7B:5C:B8,-90,3,1356,100,298912563757,WPA2,1,0,1,8,1.0;2.0;5.5;11.0;9.0;18.0;36.0;54.0;6.0;12.0;24.0;48.0,4,2,,1,40,2,1,3C:84:6A,Unknown,0,243
162193,Pagalavan1,92:78:C9:D5:2A:26,-90,5,3572,100,125966950791,WPA2,1,0,1,8,1.0;2.0;5.5;11.0;18.0;24.0;36.0;54.0;6.0;9.0;12.0;48.0,4,6,IN,1,40,2,1,92:78:C9,Unknown,0,230
162338,,E6:D3:62:1B:7F:E2,-90,6,2568,100,450797776526,WEP,1,1,1,0,,0,0,,0,0,0,0,E6:D3:62,Unknown,0,412
162381,Coruscant,60:A4:B7:D0:84:4E,-93,6,3906,100,487106560351,WPA2,1,0,1,8,1.0;2.0;5.5;11.0;9.0;18.0;36.0;54.0;6.0;12.0;24.0;48.0,4,6,,1,40,2,1,60:A4:B7,Unknown,0,239
162429,Coruscant_5G,62:A4:B7:D1:84:4E,-93,6,3907,100,487106562472,WPA2,1,0,1,8,1.0;2.0;5.5;11.0;9.0;18.0;36.0;54.0;6.0;12.0;24.0;48.0,4,6,,1,40,2,1,62:A4:B7,Unknown,0,242
162493,Deco_Nest,E0:D3:62:1B:7F:C6,-94,6,3054,100,450797773184,WPA2,1,1,1,8,1.0;2.0;5.5;11.0;6.0;9.0;12.0;18.0;24.0;36.0;48.0;54.0,4,6,US,1,40,2,1,E0:D3:62,Unknown,0,392
162524,,E6:D3:62:1B:7F:C6,-94,6,284,100,450797776526,WEP,1,1,1,0,,0,0,,0,0,0,0,E6:D3:62,Unknown,0,412
162567,Pagalavan1,92:78:C9:D5:2A:26,-91,6,3574,100,125967155609,WPA2,1,0,1,8,1.0;2.0;5.5;11.0;18.0;24.0;36.0;54.0;6.0;9.0;12.0;48.0,4,6,IN,1,40,2,1,92:78:C9,Unknown,0,230
162619,Coruscant,60:A4:B7:D0:84:4E,-91,6,3908,100,487106662751,WPA2,1,0,1,8,1.0;2.0;5.5;11.0;9.0;18.0;36.0;54.0;6.0;12.0;24.0;48.0,4,6,,1,40,2,1,60:A4:B7,Unknown,0,239
162673,Coruscant_5G,62:A4:B7:D1:84:4E,-96,6,3911,100,487106767270,WPA2,1,0,1,8,1.0;2.0;5.5;11.0;9.0;18.0;36.0;54.0;6.0;12.0;24.0;48.0,4,6,,1,40,2,1,62:A4:B7,Unknown,0,242
162725,Pagalavan1,92:78:C9:D5:2A:26,-89,6,3576,100,125967360401,WPA2,1,0,1,8,1.0;2.0;5.5;11.0;18.0;24.0;36.0;54.0;6.0;9.0;12.0;48.0,4,6,IN,1,40,2,1,92:78:C9,Unknown,0,230
163028,Naboo,50:2B:73:84:39:B1,-83,8,1059,100,803621888020,WPA2,1,0,1,8,1.0;2.0;5.5;11.0;6.0;9.0;12.0;18.0;24.0;36.0;48.0;54.0,4,8,,1,40,2,1,50:2B:73,Unknown,0,317
163163,Tenda_1B1850,E8:65:D4:1B:18:51,-90,9,3447,100,157019750420,WPA2,1,1,1,8,1.0;2.0;5.5;11.0;6.0;9.0;12.0;18.0;24.0;36.0;48.0;54.0,4,10,,1,20,2,1,E8:65:D4,Unknown,0,292
163233,Naboo,50:2B:73:84:39:B1,-90,9,1061,100,803622092829,WPA2,1,0,1,8,1.0;2.0;5.5;11.0;6.0;9.0;12.0;18.0;24.0;36.0;48.0;54.0,4,8,,1,40,2,1,50:2B:73,Unknown,0,317
163293,Tenda_1B1850,E8:65:D4:1B:18:51,-88,9,3448,100,157019852847,WPA2,1,1,1,8,1.0;2.0;5.5;11.0;6.0;9.0;12.0;18.0;24.0;36.0;48.0;54.0,4,10,,1,20,2,1,E8:65:D4,Unknown,0,292
163368,Tenda_1B1850,E8:65:D4:1B:18:51,-86,10,3449,100,157019955229,WPA2,1,1,1,8,1.0;2.0;5.5;11.0;6.0;9.0;12.0;18.0;24.0;36.0;48.0;54.0,4,10,,1,20,2,1,E8:65:D4,Unknown,0,292
163470,Tenda_1B1850,E8:65:D4:1B:18:51,-92,10,3450,100,157020057647,WPA2,1,1,1,8,1.0;2.0;5.5;11.0;6.0;9.0;12.0;18.0;24.0;36.0;48.0;54.0,4,10,,1,20,2,1,E8:65:D4,Unknown,0,292
163573,Tenda_1B1850,E8:65:D4:1B:18:51,-91,10,3451,100,157020160038,WPA2,1,1,1,8,1.0;2.0;5.5;11.0;6.0;9.0;12.0;18.0;24.0;36.0;48.0;54.0,4,10,,1,20,2,1,E8:65:D4,Unknown,0,292
163632,Suman 1+,1A:67:E3:A0:4F:D9,-91,11,1773,100,101996032000,WPA2,1,1,1,4,1.0;2.0;5.5;11.0;6.0;9.0;12.0;18.0;24.0;36.0;48.0;54.0,8,11,IN,1,20,1,1,1A:67:E3,Unknown,0,242
163734,Suman 1+,1A:67:E3:A0:4F:D9,-89,11,1774,100,101996134400,WPA2,1,1,1,4,1.0;2.0;5.5;11.0;6.0;9.0;12.0;18.0;24.0;36.0;48.0;54.0,8,11,IN,1,20,1,1,1A:67:E3,Unknown,0,242
163941,dragino-2554e8,A8:40:41:25:54:E8,-91,12,834,100,802677773184,WPA2,1,1,1,8,1.0;2.0;5.5;11.0;6.0;9.0;12.0;18.0;24.0;36.0;48.0;54.0,4,11,DE,1,20,1,1,A8:40:41,Unknown,0,213
164041,Suman 1+,1A:67:E3:A0:4F:D9,-87,12,1777,100,101996441600,WPA2,1,1,1,4,1.0;2.0;5.5;11.0;6.0;9.0;12.0;18.0;24.0;36.0;48.0;54.0,8,11,IN,1,20,1,1,1A:67:E3,Unknown,0,242
164359,J2G,A2:E5:32:B6:46:90,-95,1,558,100,314510643718,WPA2,1,0,1,8,1.0;2.0;5.5;11.0;18.0;24.0;36.0;54.0;6.0;9.0;12.0;48.0,4,1,IN,1,40,2,1,A2:E5:32,Unknown,0,223
164486,ISHACODEFIELD,3C:84:6A:7B:5C:B8,-94,1,1408,100,298915225961,WPA2,1,0,1,8,1.0;2.0;5.5;11.0;9.0;18.0;36.0;54.0;6.0;12.0;24.0;48.0,4,2,,1,40,2,1,3C:84:6A,Unknown,0,243
164543,Swathimohan,7A:83:94:C0:10:05,-95,1,2020,100,141998080412,WPA2,1,0,1,8,1.0;2.0;5.5;11.0;18.0;24.0;36.0;54.0;6.0;9.0;12.0;48.0,4,1,IN,1,40,2,1,7A:83:94,Unknown,0,231
164585,J2G,A2:E5:32:B6:46:90,-93,1,562,100,314510848515,WPA2,1,0,1,8,1.0;2.0;5.5;11.0;18.0;24.0;36.0;54.0;6.0;9.0;12.0;48.0,4,1,IN,1,40,2,1,A2:E5:32,Unknown,0,223
164638,J5G,A2:E5:32:B6:46:94,-94,1,563,100,314510850511,WPA2,1,0,1,8,1.0;2.0;5.5;11.0;18.0;24.0;36.0;54.0;6.0;9.0;12.0;48.0,4,1,IN,1,40,2,1,A2:E5:32,Unknown,0,223
164691,ACT-ai_103742862979,B0:19:21:74:6F:B8,-94,2,2783,100,34625638816,WPA2,1,0,1,8,1.0;2.0;5.5;11.0;9.0;18.0;36.0;54.0;6.0;12.0;24.0;48.0,4,1,DE,1,40,2,1,B0:19:21,Unknown,0,369
164744,Swathimohan,7A:83:94:C0:10:05,-92,2,2021,100,141998182807,WPA2,1,0,1,8,1.0;2.0;5.5;11.0;18.0;24.0;36.0;54.0;6.0;9.0;12.0;48.0,4,1,IN,1,40,2,1,7A:83:94,Unknown,0,231
164794,ISHACODEFIELD,3C:84:6A:7B:5C:B8,-85,2,1412,100,298915430770,WPA2,1,0,1,8,1.0;2.0;5.5;11.0;9.0;18.0;36.0;54.0;6.0;12.0;24.0;48.0,4,2,,1,40,2,1,3C:84:6A,Unknown,0,243
164847,ISHACODEFIELD,3C:84:6A:7B:5C:B8,-91,2,1414,100,298915533167,WPA2,1,0,1,8,1.0;2.0;5.5;11.0;9.0;18.0;36.0;54.0;6.0;12.0;24.0;48.0,4,2,,1,40,2,1,3C:84:6A,Unknown,0,243
164890,ACTFIBERNET_5G,3E:84:6A:79:5C:B8,-91,2,1415,100,298915535321,WPA2,1,0,1,8,1.0;2.0;5.5;11.0;9.0;18.0;36.0;54.0;6.0;12.0;24.0;48.0,4,2,,1,40,2,1,3E:84:6A,Unknown,0,244
165100,ISHACODEFIELD,3C:84:6A:7B:5C:B8,-86,3,1420,100,298915840372,WPA2,1,0,1,8,1.0;2.0;5.5;11.0;9.0;18.0;36.0;54.0;6.0;12.0;24.0;48.0,4,2,,1,40,2,1,3C:84:6A,Unknown,0,243
165643,Deco_Nest,E0:D3:62:1B:7F:E2,-94,6,3750,100,450801049984,WPA2,1,1,1,8,1.0;2.0;5.5;11.0;6.0;9.0;12.0;18.0;24.0;36.0;48.0;54.0,4,6,US,1,40,2,1,E0:D3:62,Unknown,0,392
165674,,E6:D3:62:1B:7F:E2,-93,6,2600,100,450801053326,WEP,1,1,1,0,,0,0,,0,0,0,0,E6:D3:62,Unknown,0,412
165716,Pagalavan1,92:78:C9:D5:2A:26,-90,6,3613,100,125970432411,WPA2,1,0,1,8,1.0;2.0;5.5;11.0;18.0;24.0;36.0;54.0;6.0;9.0;12.0;48.0,4,6,IN,1,40,2,1,92:78:C9,Unknown,0,230
165777,Pagalavan1,92:78:C9:D5:2A:26,-94,6,3615,100,125970534792,WPA2,1,0,1,8,1.0;2.0;5.5;11.0;18.0;24.0;36.0;54.0;6.0;9.0;12.0;48.0,4,6,IN,1,40,2,1,92:78:C9,Unknown,0,230
166203,Naboo,50:2B:73:84:39:B1,-90,8,1090,100,803625062447,WPA2,1,0,1,8,1.0;2.0;5.5;11.0;6.0;9.0;12.0;18.0;24.0;36.0;48.0;54.0,4,8,,1,40,2,1,50:2B:73,Unknown,0,317
166456,Pearldrops,28:EE:52:C6:EA:AA,-95,9,38,100,803631616344,WPA2,1,0,1,8,1.0;2.0;5.5;11.0;9.0;18.0;36.0;54.0;6.0;12.0;24.0;48.0,4,9,,1,40,2,0,28:EE:52,Unknown,0,232
166558,Pearldrops,28:EE:52:C6:EA:AA,-95,9,39,100,803631718744,WPA2,1,0,1,8,1.0;2.0;5.5;11.0;9.0;18.0;36.0;54.0;6.0;12.0;24.0;48.0,4,9,,1,40,2,0,28:EE:52,Unknown,0,232
166857,TNPOLICE,54:AF:97:24:47:83,-97,11,3503,100,702063821143,WPA2,1,0,1,8,1.0;2.0;5.5;11.0;9.0;18.0;36.0;54.0;6.0;12.0;24.0;48.0,4,11,,1,40,2,1,54:AF:97,Unknown,0,238
166910,advikasarah,48:55:5E:2C:71:FA,-90,11,3055,100,802685235612,WPA2,1,0,1,8,1.0;2.0;5.5;11.0;9.0;18.0;36.0;54.0;6.0;12.0;24.0;48.0,4,11,IN,1,20,2,1,48:55:5E,Unknown,0,284
166962,Suman 1+,1A:67:E3:A0:4F:D9,-93,11,1808,100,101999308800,WPA2,1,1,1,4,1.0;2.0;5.5;11.0;6.0;9.0;12.0;18.0;24.0;36.0;48.0;54.0,8,11,IN,1,20,1,1,1A:67:E3,Unknown,0,242
167005,dragino-2554e8,A8:40:41:25:54:E8,-89,11,863,100,802680742784,WPA2,1,1,1,8,1.0;2.0;5.5;11.0;6.0;9.0;12.0;18.0;24.0;36.0;48.0;54.0,4,11,DE,1,20,1,1,A8:40:41,Unknown,0,213
167065,advikasarah,48:55:5E:2C:71:FA,-88,11,3056,100,802685338015,WPA2,1,0,1,8,1.0;2.0;5.5;11.0;9.0;18.0;36.0;54.0;6.0;12.0;24.0;48.0,4,11,IN,1,20,2,1,48:55:5E,Unknown,0,284
167107,dragino-2554e8,A8:40:41:25:54:E8,-92,11,864,100,802680845184,WPA2,1,1,1,8,1.0;2.0;5.5;11.0;6.0;9.0;12.0;18.0;24.0;36.0;48.0;54.0,4,11,DE,1,20,1,1,A8:40:41,Unknown,0,213
167161,advikasarah,48:55:5E:2C:71:FA,-93,11,3057,100,802685440425,WPA2,1,0,1,8,1.0;2.0;5.5;11.0;9.0;18.0;36.0;54.0;6.0;12.0;24.0;48.0,4,11,IN,1,20,2,1,48:55:5E,Unknown,0,284
167213,Suman 1+,1A:67:E3:A0:4F:D9,-96,11,1810,100,101999513600,WPA2,1,1,1,4,1.0;2.0;5.5;11.0;6.0;9.0;12.0;18.0;24.0;36.0;48.0;54.0,8,11,IN,1,20,1,1,1A:67:E3,Unknown,0,242
167256,ACTGF,54:AF:97:5A:DE:83,-92,11,233,100,97270067522,WPA2,1,0,1,8,1.0;2.0;5.5;11.0;9.0;18.0;36.0;54.0;6.0;12.0;24.0;48.0,4,11,,1,40,2,0,54:AF:97,Unknown,0,227
167307,ACTGF_5g,56:AF:97:59:DE:83,-94,11,234,100,97270069547,WPA2,1,0,1,8,1.0;2.0;5.5;11.0;9.0;18.0;36.0;54.0;6.0;12.0;24.0;48.0,4,11,,1,40,2,0,56:AF:97,Unknown,0,230
167661,ISHACODEFIELD,3C:84:6A:7B:5C:B8,-89,1,1470,100,298918400330,WPA2,1,0,1,8,1.0;2.0;5.5;11.0;9.0;18.0;36.0;54.0;6.0;12.0;24.0;48.0,4,2,,1,40,2,1,3C:84:6A,Unknown,0,243
167713,ACT-ai_103574303016,8C:90:2D:3A:B9:96,-92,1,2465,100,52139418014,WPA2,1,0,1,8,1.0;2.0;5.5;11.0;9.0;18.0;36.0;54.0;6.0;12.0;24.0;48.0,4,1,,1,20,2,1,8C:90:2D,Unknown,0,282
167756,Raven,8A:87:4C:07:1B:16,-93,1,3412,100,802644582817,WPA2,1,0,1,8,1.0;2.0;5.5;11.0;18.0;24.0;36.0;54.0;6.0;9.0;12.0;48.0,4,1,IN,1,40,2,1,8A:87:4C,Unknown,0,225
167809,ISHACODEFIELD,3C:84:6A:7B:5C:B8,-91,1,1472,100,298918502735,WPA2,1,0,1,8,1.0;2.0;5.5;11.0;9.0;18.0;36.0;54.0;6.0;12.0;24.0;48.0,4,2,,1,40,2,1,3C:84:6A,Unknown,0,243
167865,ISHACODEFIELD,3C:84:6A:7B:5C:B8,-93,2,1474,100,298918605132,WPA2,1,0,1,8,1.0;2.0;5.5;11.0;9.0;18.0;36.0;54.0;6.0;12.0;24.0;48.0,4,2,,1,40,2,1,3C:84:6A,Unknown,0,243
167908,ACTFIBERNET_5G,3E:84:6A:79:5C:B8,-87,2,1475,100,298918607286,WPA2,1,0,1,8,1.0;2.0;5.5;11.0;9.0;18.0;36.0;54.0;6.0;12.0;24.0;48.0,4,2,,1,40,2,1,3E:84:6A,Unknown,0,244
167968,ISHACODEFIELD,3C:84:6A:7B:5C:B8,-89,2,1476,100,298918707538,WPA2,1,0,1,8,1.0;2.0;5.5;11.0;9.0;18.0;36.0;54.0;6.0;12.0;24.0;48.0,4,2,,1,40,2,1,3C:84:6A,Unknown,0,243
168010,ACTFIBERNET_5G,3E:84:6A:79:5C:B8,-89,2,1477,100,298918709692,WPA2,1,0,1,8,1.0;2.0;5.5;11.0;9.0;18.0;36.0;54.0;6.0;12.0;24.0;48.0,4,2,,1,40,2,1,3E:84:6A,Unknown,0,244
168070,ISHACODEFIELD,3C:84:6A:7B:5C:B8,-90,2,1478,100,298918809935,WPA2,1,0,1,8,1.0;2.0;5.5;11.0;9.0;18.0;36.0;54.0;6.0;12.0;24.0;48.0,4,2,,1,40,2,1,3C:84:6A,Unknown,0,243
168121,ACTFIBERNET_5G,3E:84:6A:79:5C:B8,-87,2,1479,100,298918812089,WPA2,1,0,1,8,1.0;2.0;5.5;11.0;9.0;18.0;36.0;54.0;6.0;12.0;24.0;48.0,4,2,,1,40,2,1,3E:84:6A,Unknown,0,244
169003,TP-Link_5130,84:D8:1B:AB:51:2F,-84,6,4003,100,132091700857,WPA2,1,1,1,8,1.0;2.0;5.5;11.0;18.0;24.0;36.0;54.0;6.0;9.0;12.0;48.0,4,6,,1,20,2,1,84:D8:1B,Unknown,0,281
169054,Pagalavan1,92:78:C9:D5:2A:26,-88,6,3652,100,125973811595,WPA2,1,0,1,8,1.0;2.0;5.5;11.0;18.0;24.0;36.0;54.0;6.0;9.0;12.0;48.0,4,6,IN,1,40,2,1,92:78:C9,Unknown,0,230
169309,TP-Link_5130,84:D8:1B:AB:51:2F,-86,7,4006,100,132092006807,WPA2,1,1,1,8,1.0;2.0;5.5;11.0;18.0;24.0;36.0;54.0;6.0;9.0;12.0;48.0,4,6,,1,20,2,1,84:D8:1B,Unknown,0,281
169377,Naboo,50:2B:73:84:39:B1,-95,8,1121,100,803628236847,WPA2,1,0,1,8,1.0;2.0;5.5;11.0;6.0;9.0;12.0;18.0;24.0;36.0;48.0;54.0,4,8,,1,40,2,1,50:2B:73,Unknown,0,317
169582,Naboo,50:2B:73:84:39:B1,-93,8,1123,100,803628441629,WPA2,1,0,1,8,1.0;2.0;5.5;11.0;6.0;9.0;12.0;18.0;24.0;36.0;48.0;54.0,4,8,,1,40,2,1,50:2B:73,Unknown,0,317
170134,TNPOLICE,54:AF:97:24:47:83,-95,11,3535,100,702067097969,WPA2,1,0,1,8,1.0;2.0;5.5;11.0;9.0;18.0;36.0;54.0;6.0;12.0;24.0;48.0,4,11,,1,40,2,1,54:AF:97,Unknown,0,238
170188,dragino-2554e8,A8:40:41:25:54:E8,-94,11,880,100,802684019584,WPA2,1,1,1,8,1.0;2.0;5.5;11.0;6.0;9.0;12.0;18.0;24.0;36.0;48.0;54.0,4,11,DE,1,20,1,1,A8:40:41,Unknown,0,213
170231,ACTGF,54:AF:97:5A:DE:83,-93,11,293,100,97273139559,WPA2,1,0,1,8,1.0;2.0;5.5;11.0;9.0;18.0;36.0;54.0;6.0;12.0;24.0;48.0,4,11,,1,40,2,0,54:AF:97,Unknown,0,227
170273,ACTGF_5g,56:AF:97:59:DE:83,-93,11,294,100,97273141585,WPA2,1,0,1,8,1.0;2.0;5.5;11.0;9.0;18.0;36.0;54.0;6.0;12.0;24.0;48.0,4,11,,1,40,2,0,56:AF:97,Unknown,0,230
170336,dragino-2554e8,A8:40:41:25:54:E8,-91,11,881,100,802684121984,WPA2,1,1,1,8,1.0;2.0;5.5;11.0;6.0;9.0;12.0;18.0;24.0;36.0;48.0;54.0,4,11,DE,1,20,1,1,A8:40:41,Unknown,0,213
170378,ACTGF,54:AF:97:5A:DE:83,-92,11,295,100,97273241961,WPA2,1,0,1,8,1.0;2.0;5.5;11.0;9.0;18.0;36.0;54.0;6.0;12.0;24.0;48.0,4,11,,1,40,2,0,54:AF:97,Unknown,0,227
170431,ACTGF_5g,56:AF:97:59:DE:83,-92,11,296,100,97273243986,WPA2,1,0,1,8,1.0;2.0;5.5;11.0;9.0;18.0;36.0;54.0;6.0;12.0;24.0;48.0,4,11,,1,40,2,0,56:AF:97,Unknown,0,230
170474,TNPOLICE,54:AF:97:24:47:83,-93,11,3537,100,702067302774,WPA2,1,0,1,8,1.0;2.0;5.5;11.0;9.0;18.0;36.0;54.0;6.0;12.0;24.0;48.0,4,11,,1,40,2,1,54:AF:97,Unknown,0,238
170527,Suman 1+,1A:67:E3:A0:4F:D9,-91,11,1845,100,102002790400,WPA2,1,1,1,4,1.0;2.0;5.5;11.0;6.0;9.0;12.0;18.0;24.0;36.0;48.0;54.0,8,11,IN,1,20,1,1,1A:67:E3,Unknown,0,242
170577,dragino-2554e8,A8:40:41:25:54:E8,-93,11,882,100,802684224384,WPA2,1,1,1,8,1.0;2.0;5.5;11.0;6.0;9.0;12.0;18.0;24.0;36.0;48.0;54.0,4,11,DE,1,20,1,1,A8:40:41,Unknown,0,213
170619,ACTGF,54:AF:97:5A:DE:83,-92,11,297,100,97273345183,WPA2,1,0,1,8,1.0;2.0;5.5;11.0;9.0;18.0;36.0;54.0;6.0;12.0;24.0;48.0,4,11,,1,40,2,0,54:AF:97,Unknown,0,227
170913,J2G,A2:E5:32:B6:46:90,-93,1,712,100,314517197419,WPA2,1,0,1,8,1.0;2.0;5.5;11.0;18.0;24.0;36.0;54.0;6.0;9.0;12.0;48.0,4,1,IN,1,40,2,1,A2:E5:32,Unknown,0,223
170966,ACT-ai_103742862979,B0:19:21:74:6F:B8,-87,1,2845,100,34631987608,WPA2,1,0,1,8,1.0;2.0;5.5;11.0;9.0;18.0;36.0;54.0;6.0;12.0;24.0;48.0,4,1,DE,1,40,2,1,B0:19:21,Unknown,0,369
171019,J2G,A2:E5:32:B6:46:90,-94,1,714,100,314517299849,WPA2,1,0,1,8,1.0;2.0;5.5;11.0;18.0;24.0;36.0;54.0;6.0;9.0;12.0;48.0,4,1,IN,1,40,2,1,A2:E5:32,Unknown,0,223
171070,J5G,A2:E5:32:B6:46:94,-94,1,715,100,314517301871,WPA2,1,0,1,8,1.0;2.0;5.5;11.0;18.0;24.0;36.0;54.0;6.0;9.0;12.0;48.0,4,1,IN,1,40,2,1,A2:E5:32,Unknown,0,223
171142,ISHACODEFIELD,3C:84:6A:7B:5C:B8,-89,2,1538,100,298921881962,WPA2,1,0,1,8,1.0;2.0;5.5;11.0;9.0;18.0;36.0;54.0;6.0;12.0;24.0;48.0,4,2,,1,40,2,1,3C:84:6A,Unknown,0,243
171185,ACTFIBERNET_5G,3E:84:6A:79:5C:B8,-90,2,1539,100,298921884115,WPA2,1,0,1,8,1.0;2.0;5.5;11.0;9.0;18.0;36.0;54.0;6.0;12.0;24.0;48.0,4,2,,1,40,2,1,3E:84:6A,Unknown,0,244
171245,ISHACODEFIELD,3C:84:6A:7B:5C:B8,-81,2,1540,100,298921984368,WPA2,1,0,1,8,1.0;2.0;5.5;11.0;9.0;18.0;36.0;54.0;6.0;12.0;24.0;48.0,4,2,,1,40,2,1,3C:84:6A,Unknown,0,243
171287,ACTFIBERNET_5G,3E:84:6A:79:5C:B8,-82,2,1541,100,298921986521,WPA2,1,0,1,8,1.0;2.0;5.5;11.0;9.0;18.0;36.0;54.0;6.0;12.0;24.0;48.0,4,2,,1,40,2,1,3E:84:6A,Unknown,0,244
171361,ACT-ai_103742862979,B0:19:21:74:6F:B8,-89,2,2848,100,34632294810,WPA2,1,0,1,8,1.0;2.0;5.5;11.0;9.0;18.0;36.0;54.0;6.0;12.0;24.0;48.0,4,1,DE,1,40,2,1,B0:19:21,Unknown,0,369
171404,ACTFIBERNET_5G,3E:84:6A:79:5C:B8,-88,2,1543,100,298922090110,WPA2,1,0,1,8,1.0;2.0;5.5;11.0;9.0;18.0;36.0;54.0;6.0;12.0;24.0;48.0,4,2,,1,40,2,1,3E:84:6A,Unknown,0,244
171459,ISHACODEFIELD,3C:84:6A:7B:5C:B8,-86,3,1544,100,298922189169,WPA2,1,0,1,8,1.0;2.0;5.5;11.0;9.0;18.0;36.0;54.0;6.0;12.0;24.0;48.0,4,2,,1,40,2,1,3C:84:6A,Unknown,0,243
171502,ACTFIBERNET_5G,3E:84:6A:79:5C:B8,-84,3,1545,100,298922191322,WPA2,1,0,1,8,1.0;2.0;5.5;11.0;9.0;18.0;36.0;54.0;6.0;12.0;24.0;48.0,4,2,,1,40,2,1,3E:84:6A,Unknown,0,244
171552,ISHACODEFIELD,3C:84:6A:7B:5C:B8,-80,3,1546,100,298922291569,WPA2,1,0,1,8,1.0;2.0;5.5;11.0;9.0;18.0;36.0;54.0;6.0;12.0;24.0;48.0,4,2,,1,40,2,1,3C:84:6A,Unknown,0,243
171602,ACTFIBERNET_5G,3E:84:6A:79:5C:B8,-88,3,1547,100,298922293723,WPA2,1,0,1,8,1.0;2.0;5.5;11.0;9.0;18.0;36.0;54.0;6.0;12.0;24.0;48.0,4,2,,1,40,2,1,3E:84:6A,Unknown,0,244
171701,SKYSUN-R1,5C:62:8B:F0:A0:69,-89,4,2604,100,4039475534,WPA2,1,0,1,8,1.0;2.0;5.5;11.0;9.0;18.0;36.0;54.0;6.0;12.0;24.0;48.0,4,4,,1,40,2,1,5C:62:8B,Unknown,0,239
171803,SKYSUN-R1,5C:62:8B:F0:A0:69,-87,4,2605,100,4039577936,WPA2,1,0,1,8,1.0;2.0;5.5;11.0;9.0;18.0;36.0;54.0;6.0;12.0;24.0;48.0,4,4,,1,40,2,1,5C:62:8B,Unknown,0,239
171906,SKYSUN-R1,5C:62:8B:F0:A0:69,-89,5,2606,100,4039680339,WPA2,1,0,1,8,1.0;2.0;5.5;11.0;9.0;18.0;36.0;54.0;6.0;12.0;24.0;48.0,4,4,,1,40,2,1,5C:62:8B,Unknown,0,239
172008,SKYSUN-R1,5C:62:8B:F0:A0:69,-86,5,2607,100,4039782735,WPA2,1,0,1,8,1.0;2.0;5.5;11.0;9.0;18.0;36.0;54.0;6.0;12.0;24.0;48.0,4,4,,1,40,2,1,5C:62:8B,Unknown,0,239
172175,Airtel_khus_2604,6C:4F:89:0B:6E:49,-92,6,3256,100,1783412224039,WPA2,1,0,1,8,1.0;2.0;5.5;11.0;6.0;9.0;12.0;18.0;24.0;36.0;48.0;54.0,4,6,IN,1,20,2,1,6C:4F:89,Unknown,0,312
172461,KeethuSri ACT,3C:6A:D2:16:D6:7E,-93,7,914,100,553793229189,WPA2,1,1,1,8,1.0;2.0;5.5;11.0;6.0;9.0;12.0;18.0;24.0;36.0;48.0;54.0,4,7,US,1,40,2,1,3C:6A:D2,Unknown,0,310
172514,TP-Link_5130,84:D8:1B:AB:51:2F,-86,7,4043,100,132095181190,WPA2,1,1,1,8,1.0;2.0;5.5;11.0;18.0;24.0;36.0;54.0;6.0;9.0;12.0;48.0,4,6,,1,20,2,1,84:D8:1B,Unknown,0,281
172536,,42:6A:D2:16:D6:7E,-92,7,1574,100,553793229189,WEP,1,1,1,0,,0,0,,0,0,0,0,42:6A:D2,Unknown,0,326
172599,KeethuSri ACT,3C:6A:D2:16:D6:7E,-92,7,915,100,553793331589,WPA2,1,1,1,8,1.0;2.0;5.5;11.0;6.0;9.0;12.0;18.0;24.0;36.0;48.0;54.0,4,7,US,1,40,2,1,3C:6A:D2,Unknown,0,310
172629,,42:6A:D2:16:D6:7E,-93,8,1575,100,553793331589,WEP,1,1,1,0,,0,0,,0,0,0,0,42:6A:D2,Unknown,0,326
172907,Pearldrops,28:EE:52:C6:EA:AA,-93,9,101,100,803638067540,WPA2,1,0,1,8,1.0;2.0;5.5;11.0;9.0;18.0;36.0;54.0;6.0;12.0;24.0;48.0,4,9,,1,40,2,0,28:EE:52,Unknown,0,232
173009,Pearldrops,28:EE:52:C6:EA:AA,-93,9,102,100,803638169942,WPA2,1,0,1,8,1.0;2.0;5.5;11.0;9.0;18.0;36.0;54.0;6.0;12.0;24.0;48.0,4,9,,1,40,2,0,28:EE:52,Unknown,0,232
173112,Pearldrops,28:EE:52:C6:EA:AA,-93,10,103,100,803638272339,WPA2,1,0,1,8,1.0;2.0;5.5;11.0;9.0;18.0;36.0;54.0;6.0;12.0;24.0;48.0,4,9,,1,40,2,0,28:EE:52,Unknown,0,232
173167,ACTGF,54:AF:97:5A:DE:83,-90,10,351,100,97276109118,WPA2,1,0,1,8,1.0;2.0;5.5;11.0;9.0;18.0;36.0;54.0;6.0;12.0;24.0;48.0,4,11,,1,40,2,0,54:AF:97,Unknown,0,227
173363,dragino-2554e8,A8:40:41:25:54:E8,-92,11,911,100,802687193984,WPA2,1,1,1,8,1.0;2.0;5.5;11.0;6.0;9.0;12.0;18.0;24.0;36.0;48.0;54.0,4,11,DE,1,20,1,1,A8:40:41,Unknown,0,213
173405,ACTGF,54:AF:97:5A:DE:83,-87,11,355,100,97276315512,WPA2,1,0,1,8,1.0;2.0;5.5;11.0;9.0;18.0;36.0;54.0;6.0;12.0;24.0;48.0,4,11,,1,40,2,0,54:AF:97,Unknown,0,227
173448,TNPOLICE,54:AF:97:24:47:83,-92,11,3567,100,702070374736,WPA2,1,0,1,8,1.0;2.0;5.5;11.0;9.0;18.0;36.0;54.0;6.0;12.0;24.0;48.0,4,11,,1,40,2,1,54:AF:97,Unknown,0,238
173500,Suman 1+,1A:67:E3:A0:4F:D9,-94,11,1879,100,102005862400,WPA2,1,1,1,4,1.0;2.0;5.5;11.0;6.0;9.0;12.0;18.0;24.0;36.0;48.0;54.0,8,11,IN,1,20,1,1,1A:67:E3,Unknown,0,242
173543,ACTGF,54:AF:97:5A:DE:83,-92,11,357,100,97276416321,WPA2,1,0,1,8,1.0;2.0;5.5;11.0;9.0;18.0;36.0;54.0;6.0;12.0;24.0;48.0,4,11,,1,40,2,0,54:AF:97,Unknown,0,227
173594,ACTGF_5g,56:AF:97:59:DE:83,-95,11,358,100,97276418346,WPA2,1,0,1,8,1.0;2.0;5.5;11.0;9.0;18.0;36.0;54.0;6.0;12.0;24.0;48.0,4,11,,1,40,2,0,56:AF:97,Unknown,0,230
173647,Suman 1+,1A:67:E3:A0:4F:D9,-94,11,1880,100,102005964800,WPA2,1,1,1,4,1.0;2.0;5.5;11.0;6.0;9.0;12.0;18.0;24.0;36.0;48.0;54.0,8,11,IN,1,20,1,1,1A:67:E3,Unknown,0,242
173690,ACTGF,54:AF:97:5A:DE:83,-90,11,359,100,97276518722,WPA2,1,0,1,8,1.0;2.0;5.5;11.0;9.0;18.0;36.0;54.0;6.0;12.0;24.0;48.0,4,11,,1,40,2,0,54:AF:97,Unknown,0,227
173732,ACTGF_5g,56:AF:97:59:DE:83,-86,11,360,100,97276520748,WPA2,1,0,1,8,1.0;2.0;5.5;11.0;9.0;18.0;36.0;54.0;6.0;12.0;24.0;48.0,4,11,,1,40,2,0,56:AF:97,Unknown,0,230
173784,TNPOLICE,54:AF:97:24:47:83,-92,11,3569,100,702070579537,WPA2,1,0,1,8,1.0;2.0;5.5;11.0;9.0;18.0;36.0;54.0;6.0;12.0;24.0;48.0,4,11,,1,40,2,1,54:AF:97,Unknown,0,238
173835,dragino-2554e8,A8:40:41:25:54:E8,-92,12,914,100,802687501184,WPA2,1,1,1,8,1.0;2.0;5.5;11.0;6.0;9.0;12.0;18.0;24.0;36.0;48.0;54.0,4,11,DE,1,20,1,1,A8:40:41,Unknown,0,213
174127,,3E:64:CF:AE:60:A0,-91,1,1803,100,314544128401,WEP,1,0,1,0,,0,0,,0,0,0,0,3E:64:CF,Unknown,0,293
174190,J2G,A2:E5:32:B6:46:90,-89,1,796,100,314520474281,WPA2,1,0,1,8,1.0;2.0;5.5;11.0;18.0;24.0;36.0;54.0;6.0;9.0;12.0;48.0,4,1,IN,1,40,2,1,A2:E5:32,Unknown,0,223
174232,J5G,A2:E5:32:B6:46:94,-90,1,797,100,314520476276,WPA2,1,0,1,8,1.0;2.0;5.5;11.0;18.0;24.0;36.0;54.0;6.0;9.0;12.0;48.0,4,1,IN,1,40,2,1,A2:E5:32,Unknown,0,223
174285,DHAYADOSS5G,CA:83:94:EE:7A:87,-90,1,3465,100,314521600416,WPA2,1,0,1,8,1.0;2.0;5.5;11.0;18.0;24.0;36.0;54.0;6.0;9.0;12.0;48.0,4,1,IN,1,40,2,1,CA:83:94,Unknown,0,231
174337,J2G,A2:E5:32:B6:46:90,-90,1,798,100,314520576676,WPA2,1,0,1,8,1.0;2.0;5.5;11.0;18.0;24.0;36.0;54.0;6.0;9.0;12.0;48.0,4,1,IN,1,40,2,1,A2:E5:32,Unknown,0,223
174389,J5G,A2:E5:32:B6:46:94,-90,1,799,100,314520578689,WPA2,1,0,1,8,1.0;2.0;5.5;11.0;18.0;24.0;36.0;54.0;6.0;9.0;12.0;48.0,4,1,IN,1,40,2,1,A2:E5:32,Unknown,0,223
174442,ACT-ai_103742862979,B0:19:21:74:6F:B8,-94,1,2878,100,34635366814,WPA2,1,0,1,8,1.0;2.0;5.5;11.0;9.0;18.0;36.0;54.0;6.0;12.0;24.0;48.0,4,1,DE,1,40,2,1,B0:19:21,Unknown,0,369
174495,DHAYADOSS5G,CA:83:94:EE:7A:87,-95,2,3466,100,314521702791,WPA2,1,0,1,8,1.0;2.0;5.5;11.0;18.0;24.0;36.0;54.0;6.0;9.0;12.0;48.0,4,1,IN,1,40,2,1,CA:83:94,Unknown,0,231
174548,J2G,A2:E5:32:B6:46:90,-87,2,800,100,314520679088,WPA2,1,0,1,8,1.0;2.0;5.5;11.0;18.0;24.0;36.0;54.0;6.0;9.0;12.0;48.0,4,1,IN,1,40,2,1,A2:E5:32,Unknown,0,223
174597,J5G,A2:E5:32:B6:46:94,-85,2,801,100,314520681101,WPA2,1,0,1,8,1.0;2.0;5.5;11.0;18.0;24.0;36.0;54.0;6.0;9.0;12.0;48.0,4,1,IN,1,40,2,1,A2:E5:32,Unknown,0,223
174641,ISHACODEFIELD,3C:84:6A:7B:5C:B8,-89,2,1604,100,298925261139,WPA2,1,0,1,8,1.0;2.0;5.5;11.0;9.0;18.0;36.0;54.0;6.0;12.0;24.0;48.0,4,2,,1,40,2,1,3C:84:6A,Unknown,0,243
174693,ACTFIBERNET_5G,3E:84:6A:79:5C:B8,-84,2,1605,100,298925263292,WPA2,1,0,1,8,1.0;2.0;5.5;11.0;9.0;18.0;36.0;54.0;6.0;12.0;24.0;48.0,4,2,,1,40,2,1,3E:84:6A,Unknown,0,244
174746,Villa41,3C:64:CF:8E:60:A0,-88,2,1810,100,314544537996,WPA2,1,0,1,8,1.0;2.0;5.5;11.0;9.0;18.0;36.0;54.0;6.0;12.0;24.0;48.0,4,2,IN,1,40,2,1,3C:64:CF,Unknown,0,279
174798,J2G,A2:E5:32:B6:46:90,-85,2,804,100,314520883884,WPA2,1,0,1,8,1.0;2.0;5.5;11.0;18.0;24.0;36.0;54.0;6.0;9.0;12.0;48.0,4,1,IN,1,40,2,1,A2:E5:32,Unknown,0,223
174862,Villa41,3C:64:CF:8E:60:A0,-90,3,1814,100,314544742813,WPA2,1,0,1,8,1.0;2.0;5.5;11.0;9.0;18.0;36.0;54.0;6.0;12.0;24.0;48.0,4,2,IN,1,40,2,1,3C:64:CF,Unknown,0,279
174883,,3E:64:CF:AE:60:A0,-91,3,1815,100,314544742798,WEP,1,0,1,0,,0,0,,0,0,0,0,3E:64:CF,Unknown,0,293
174936,ISHACODEFIELD,3C:84:6A:7B:5C:B8,-89,3,1610,100,298925568335,WPA2,1,0,1,8,1.0;2.0;5.5;11.0;9.0;18.0;36.0;54.0;6.0;12.0;24.0;48.0,4,2,,1,40,2,1,3C:84:6A,Unknown,0,243
174979,SKYSUN-R1,5C:62:8B:F0:A0:69,-90,4,2635,100,4042649970,WPA2,1,0,1,8,1.0;2.0;5.5;11.0;9.0;18.0;36.0;54.0;6.0;12.0;24.0;48.0,4,4,,1,40,2,1,5C:62:8B,Unknown,0,239
175032,ISHACODEFIELD,3C:84:6A:7B:5C:B8,-85,4,1612,100,298925670741,WPA2,1,0,1,8,1.0;2.0;5.5;11.0;9.0;18.0;36.0;54.0;6.0;12.0;24.0;48.0,4,2,,1,40,2,1,3C:84:6A,Unknown,0,243
175092,ACTFIBERNET_5G,3E:84:6A:79:5C:B8,-86,4,1613,100,298925672894,WPA2,1,0,1,8,1.0;2.0;5.5;11.0;9.0;18.0;36.0;54.0;6.0;12.0;24.0;48.0,4,2,,1,40,2,1,3E:84:6A,Unknown,0,244
175135,SKYSUN-R1,5C:62:8B:F0:A0:69,-82,4,2637,100,4042854771,WPA2,1,0,1,8,1.0;2.0;5.5;11.0;9.0;18.0;36.0;54.0;6.0;12.0;24.0;48.0,4,4,,1,40,2,1,5C:62:8B,Unknown,0,239
175183,SKYSUN-R1,5C:62:8B:F0:A0:69,-85,5,2638,100,4042957173,WPA2,1,0,1,8,1.0;2.0;5.5;11.0;9.0;18.0;36.0;54.0;6.0;12.0;24.0;48.0,4,4,,1,40,2,1,5C:62:8B,Unknown,0,239
175285,SKYSUN-R1,5C:62:8B:F0:A0:69,-85,5,2639,100,4043059573,WPA2,1,0,1,8,1.0;2.0;5.5;11.0;9.0;18.0;36.0;54.0;6.0;12.0;24.0;48.0,4,4,,1,40,2,1,5C:62:8B,Unknown,0,239
175453,TP-Link_5130,84:D8:1B:AB:51:2F,-80,6,4078,100,132098150797,WPA2,1,1,1,8,1.0;2.0;5.5;11.0;18.0;24.0;36.0;54.0;6.0;9.0;12.0;48.0,4,6,,1,20,2,1,84:D8:1B,Unknown,0,281
175658,TP-Link_5130,84:D8:1B:AB:51:2F,-85,7,4080,100,132098355615,WPA2,1,1,1,8,1.0;2.0;5.5;11.0;18.0;24.0;36.0;54.0;6.0;9.0;12.0;48.0,4,6,,1,20,2,1,84:D8:1B,Unknown,0,281
175690,,42:6A:D2:16:D6:7E,-89,7,1605,100,553796403589,WEP,1,1,1,0,,0,0,,0,0,0,0,42:6A:D2,Unknown,0,326
175742,KeethuSri ACT,3C:6A:D2:16:D6:7E,-89,7,946,100,553796505989,WPA2,1,1,1,8,1.0;2.0;5.5;11.0;6.0;9.0;12.0;18.0;24.0;36.0;48.0;54.0,4,7,US,1,40,2,1,3C:6A:D2,Unknown,0,310
175764,,42:6A:D2:16:D6:7E,-91,7,1606,100,553796505989,WEP,1,1,1,0,,0,0,,0,0,0,0,42:6A:D2,Unknown,0,326
175841,KeethuSri ACT,3C:6A:D2:16:D6:7E,-93,7,947,100,553796608389,WPA2,1,1,1,8,1.0;2.0;5.5;11.0;6.0;9.0;12.0;18.0;24.0;36.0;48.0;54.0,4,7,US,1,40,2,1,3C:6A:D2,Unknown,0,310
175894,TP-Link_5130,84:D8:1B:AB:51:2F,-92,8,4082,100,132098560390,WPA2,1,1,1,8,1.0;2.0;5.5;11.0;18.0;24.0;36.0;54.0;6.0;9.0;12.0;48.0,4,6,,1,20,2,1,84:D8:1B,Unknown,0,281
176081,Pearldrops,28:EE:52:C6:EA:AA,-91,8,132,100,803641241969,WPA2,1,0,1,8,1.0;2.0;5.5;11.0;9.0;18.0;36.0;54.0;6.0;12.0;24.0;48.0,4,9,,1,40,2,0,28:EE:52,Unknown,0,232
176184,Pearldrops,28:EE:52:C6:EA:AA,-92,9,133,100,803641344572,WPA2,1,0,1,8,1.0;2.0;5.5;11.0;9.0;18.0;36.0;54.0;6.0;12.0;24.0;48.0,4,9,,1,40,2,0,28:EE:52,Unknown,0,232
176286,Pearldrops,28:EE:52:C6:EA:AA,-89,9,134,100,803641446769,WPA2,1,0,1,8,1.0;2.0;5.5;11.0;9.0;18.0;36.0;54.0;6.0;12.0;24.0;48.0,4,9,,1,40,2,0,28:EE:52,Unknown,0,232
176461,Ishara1,78:54:2E:F7:A5:66,-92,10,219,100,553903309198,WPA2,1,1,1,8,1.0;2.0;5.5;11.0;6.0;9.0;12.0;18.0;24.0;36.0;48.0;54.0,4,10,,1,20,1,0,78:54:2E,Unknown,0,303
176563,Ishara1,78:54:2E:F7:A5:66,-93,10,220,100,553903411598,WPA2,1,1,1,8,1.0;2.0;5.5;11.0;6.0;9.0;12.0;18.0;24.0;36.0;48.0;54.0,4,10,,1,20,1,0,78:54:2E,Unknown,0,303
176637,Suman 1+,1A:67:E3:A0:4F:D9,-93,11,1913,100,102009036800,WPA2,1,1,1,4,1.0;2.0;5.5;11.0;6.0;9.0;12.0;18.0;24.0;36.0;48.0;54.0,8,11,IN,1,20,1,1,1A:67:E3,Unknown,0,242
176679,ACTGF_5g,56:AF:97:59:DE:83,-92,11,420,100,97279595809,WPA2,1,0,1,8,1.0;2.0;5.5;11.0;9.0;18.0;36.0;54.0;6.0;12.0;24.0;48.0,4,11,,1,40,2,0,56:AF:97,Unknown,0,230
176732,TNPOLICE,54:AF:97:24:47:83,-91,11,3599,100,702073651570,WPA2,1,0,1,8,1.0;2.0;5.5;11.0;9.0;18.0;36.0;54.0;6.0;12.0;24.0;48.0,4,11,,1,40,2,1,54:AF:97,Unknown,0,238
176774,ACTGF,54:AF:97:5A:DE:83,-96,11,421,100,97279693163,WPA2,1,0,1,8,1.0;2.0;5.5;11.0;9.0;18.0;36.0;54.0;6.0;12.0;24.0;48.0,4,11,,1,40,2,0,54:AF:97,Unknown,0,227
176827,TNPOLICE,54:AF:97:24:47:83,-90,11,3600,100,702073753974,WPA2,1,0,1,8,1.0;2.0;5.5;11.0;9.0;18.0;36.0;54.0;6.0;12.0;24.0;48.0,4,11,,1,40,2,1,54:AF:97,Unknown,0,238
177097,TNPOLICE,54:AF:97:24:47:83,-89,12,3603,100,702074061111,WPA2,1,0,1,8,1.0;2.0;5.5;11.0;9.0;18.0;36.0;54.0;6.0;12.0;24.0;48.0,4,11,,1,40,2,1,54:AF:97,Unknown,0,238
177365,J2G,A2:E5:32:B6:46:90,-90,1,884,100,314523649143,WPA2,1,0,1,8,1.0;2.0;5.5;11.0;18.0;24.0;36.0;54.0;6.0;9.0;12.0;48.0,4,1,IN,1,40,2,1,A2:E5:32,Unknown,0,223
177408,J5G,A2:E5:32:B6:46:94,-93,1,885,100,314523651138,WPA2,1,0,1,8,1.0;2.0;5.5;11.0;18.0;24.0;36.0;54.0;6.0;9.0;12.0;48.0,4,1,IN,1,40,2,1,A2:E5:32,Unknown,0,223
177460,DHAYADOSS5G,CA:83:94:EE:7A:87,-88,1,3500,100,314524774809,WPA2,1,0,1,8,1.0;2.0;5.5;11.0;18.0;24.0;36.0;54.0;6.0;9.0;12.0;48.0,4,1,IN,1,40,2,1,CA:83:94,Unknown,0,231
177523,J2G,A2:E5:32:B6:46:90,-90,1,886,100,314523751110,WPA2,1,0,1,8,1.0;2.0;5.5;11.0;18.0;24.0;36.0;54.0;6.0;9.0;12.0;48.0,4,1,IN,1,40,2,1,A2:E5:32,Unknown,0,223
177575,J5G,A2:E5:32:B6:46:94,-87,1,887,100,314523753114,WPA2,1,0,1,8,1.0;2.0;5.5;11.0;18.0;24.0;36.0;54.0;6.0;9.0;12.0;48.0,4,1,IN,1,40,2,1,A2:E5:32,Unknown,0,223
177618,J2G,A2:E5:32:B6:46:90,-89,1,888,100,314523853528,WPA2,1,0,1,8,1.0;2.0;5.5;11.0;18.0;24.0;36.0;54.0;6.0;9.0;12.0;48.0,4,1,IN,1,40,2,1,A2:E5:32,Unknown,0,223
177671,J5G,A2:E5:32:B6:46:94,-89,1,889,100,314523855532,WPA2,1,0,1,8,1.0;2.0;5.5;11.0;18.0;24.0;36.0;54.0;6.0;9.0;12.0;48.0,4,1,IN,1,40,2,1,A2:E5:32,Unknown,0,223
177724,Villa41,3C:64:CF:8E:60:A0,-88,2,1870,100,314547610025,WPA2,1,0,1,8,1.0;2.0;5.5;11.0;9.0;18.0;36.0;54.0;6.0;12.0;24.0;48.0,4,2,IN,1,40,2,1,3C:64:CF,Unknown,0,279
177772,J2G,A2:E5:32:B6:46:90,-88,2,892,100,314523955933,WPA2,1,0,1,8,1.0;2.0;5.5;11.0;18.0;24.0;36.0;54.0;6.0;9.0;12.0;48.0,4,1,IN,1,40,2,1,A2:E5:32,Unknown,0,223
177825,J5G,A2:E5:32:B6:46:94,-88,2,893,100,314523957946,WPA2,1,0,1,8,1.0;2.0;5.5;11.0;18.0;24.0;36.0;54.0;6.0;9.0;12.0;48.0,4,1,IN,1,40,2,1,A2:E5:32,Unknown,0,223
177878,Villa41,3C:64:CF:8E:60:A0,-90,2,1872,100,314547712406,WPA2,1,0,1,8,1.0;2.0;5.5;11.0;9.0;18.0;36.0;54.0;6.0;12.0;24.0;48.0,4,2,IN,1,40,2,1,3C:64:CF,Unknown,0,279
177900,,3E:64:CF:AE:60:A0,-89,2,1873,100,314547712426,WEP,1,0,1,0,,0,0,,0,0,0,0,3E:64:CF,Unknown,0,293
177952,ACTFIBERNET_5G,3E:84:6A:79:5C:B8,-93,2,1669,100,298928540120,WPA2,1,0,1,8,1.0;2.0;5.5;11.0;9.0;18.0;36.0;54.0;6.0;12.0;24.0;48.0,4,2,,1,40,2,1,3E:84:6A,Unknown,0,244
178005,DHAYADOSS5G,CA:83:94:EE:7A:87,-84,2,3504,100,314525184400,WPA2,1,0,1,8,1.0;2.0;5.5;11.0;18.0;24.0;36.0;54.0;6.0;9.0;12.0;48.0,4,1,IN,1,40,2,1,CA:83:94,Unknown,0,231
178058,Villa41,3C:64:CF:8E:60:A0,-91,3,1876,100,314547917206,WPA2,1,0,1,8,1.0;2.0;5.5;11.0;9.0;18.0;36.0;54.0;6.0;12.0;24.0;48.0,4,2,IN,1,40,2,1,3C:64:CF,Unknown,0,279
178110,SKYSUN-R1,98:DA:C4:E5:09:70,-91,3,3081,100,804128051584,WPA2,1,1,1,8,1.0;2.0;5.5;11.0;6.0;9.0;12.0;18.0;24.0;36.0;48.0;54.0,4,4,DE,1,40,3,1,98:DA:C4,Unknown,0,240
178173,Villa41,3C:64:CF:8E:60:A0,-90,3,1878,100,314548019620,WPA2,1,0,1,8,1.0;2.0;5.5;11.0;9.0;18.0;36.0;54.0;6.0;12.0;24.0;48.0,4,2,IN,1,40,2,1,3C:64:CF,Unknown,0,279
178195,,3E:64:CF:AE:60:A0,-95,4,1881,100,314548122020,WEP,1,0,1,0,,0,0,,0,0,0,0,3E:64:CF,Unknown,0,293
178254,SKYSUN-R1,98:DA:C4:E5:09:70,-88,4,3084,100,804128358784,WPA2,1,1,1,8,1.0;2.0;5.5;11.0;6.0;9.0;12.0;18.0;24.0;36.0;48.0;54.0,4,4,DE,1,40,3,1,98:DA:C4,Unknown,0,240
178306,SKYSUN-R1,5C:62:8B:F0:A0:69,-82,4,2668,100,4046031037,WPA2,1,0,1,8,1.0;2.0;5.5;11.0;9.0;18.0;36.0;54.0;6.0;12.0;24.0;48.0,4,4,,1,40,2,1,5C:62:8B,Unknown,0,239
178358,SKYSUN-R1,5C:62:8B:F0:A0:69,-82,5,2669,100,4046132452,WPA2,1,0,1,8,1.0;2.0;5.5;11.0;9.0;18.0;36.0;54.0;6.0;12.0;24.0;48.0,4,4,,1,40,2,1,5C:62:8B,Unknown,0,239
178563,SKYSUN-R1,5C:62:8B:F0:A0:69,-86,5,2671,100,4046337117,WPA2,1,0,1,8,1.0;2.0;5.5;11.0;9.0;18.0;36.0;54.0;6.0;12.0;24.0;48.0,4,4,,1,40,2,1,5C:62:8B,Unknown,0,239
178626,Airtel_khus_2604,6C:4F:89:0B:6E:49,-94,6,3319,100,1783418675248,WPA2,1,0,1,8,1.0;2.0;5.5;11.0;6.0;9.0;12.0;18.0;24.0;36.0;48.0;54.0,4,6,IN,1,20,2,1,6C:4F:89,Unknown,0,312
178913,KeethuSri ACT,3C:6A:D2:16:D6:7E,-90,7,977,100,553799680389,WPA2,1,1,1,8,1.0;2.0;5.5;11.0;6.0;9.0;12.0;18.0;24.0;36.0;48.0;54.0,4,7,US,1,40,2,1,3C:6A:D2,Unknown,0,310
179015,KeethuSri ACT,3C:6A:D2:16:D6:7E,-88,7,978,100,553799782789,WPA2,1,1,1,8,1.0;2.0;5.5;11.0;6.0;9.0;12.0;18.0;24.0;36.0;48.0;54.0,4,7,US,1,40,2,1,3C:6A:D2,Unknown,0,310
179037,,42:6A:D2:16:D6:7E,-88,7,1638,100,553799782789,WEP,1,1,1,0,,0,0,,0,0,0,0,42:6A:D2,Unknown,0,326
179118,KeethuSri ACT,3C:6A:D2:16:D6:7E,-90,8,979,100,553799885189,WPA2,1,1,1,8,1.0;2.0;5.5;11.0;6.0;9.0;12.0;18.0;24.0;36.0;48.0;54.0,4,7,US,1,40,2,1,3C:6A:D2,Unknown,0,310
179139,,42:6A:D2:16:D6:7E,-91,8,1639,100,553799885189,WEP,1,1,1,0,,0,0,,0,0,0,0,42:6A:D2,Unknown,0,326
179211,,9A:BA:5F:41:E0:F7,-91,8,483,100,319668328441,WEP,1,0,1,0,,0,0,,0,0,0,0,9A:BA:5F,Unknown,0,338
179358,Pearldrops,28:EE:52:C6:EA:AA,-91,9,164,100,803644518738,WPA2,1,0,1,8,1.0;2.0;5.5;11.0;9.0;18.0;36.0;54.0;6.0;12.0;24.0;48.0,4,9,,1,40,2,0,28:EE:52,Unknown,0,232
179430,Ishara1,78:54:2E:F7:A5:66,-94,9,248,100,553906278798,WPA2,1,1,1,8,1.0;2.0;5.5;11.0;6.0;9.0;12.0;18.0;24.0;36.0;48.0;54.0,4,10,,1,20,1,0,78:54:2E,Unknown,0,303
179473,Pearldrops,28:EE:52:C6:EA:AA,-89,9,165,100,803644621140,WPA2,1,0,1,8,1.0;2.0;5.5;11.0;9.0;18.0;36.0;54.0;6.0;12.0;24.0;48.0,4,9,,1,40,2,0,28:EE:52,Unknown,0,232
179535,Ishara1,78:54:2E:F7:A5:66,-91,9,249,100,553906383696,WPA2,1,1,1,8,1.0;2.0;5.5;11.0;6.0;9.0;12.0;18.0;24.0;36.0;48.0;54.0,4,10,,1,20,1,0,78:54:2E,Unknown,0,303
179597,Villa41,98:BA:5F:F1:E0:F7,-94,9,490,100,319668635876,WPA2,1,0,1,8,1.0;2.0;5.5;11.0;9.0;18.0;36.0;54.0;6.0;12.0;24.0;48.0,4,9,DE,1,40,2,1,98:BA:5F,Unknown,0,452
179629,,9A:BA:5F:41:E0:F7,-93,9,486,100,319668635606,WEP,1,0,1,0,,0,0,,0,0,0,0,9A:BA:5F,Unknown,0,338
179650,,9A:BA:5F:51:E0:F7,-95,9,482,100,319668634423,WEP,1,0,1,0,,0,0,,0,0,0,0,9A:BA:5F,Unknown,0,338
179693,Pearldrops,28:EE:52:C6:EA:AA,-87,9,166,100,803644723542,WPA2,1,0,1,8,1.0;2.0;5.5;11.0;9.0;18.0;36.0;54.0;6.0;12.0;24.0;48.0,4,9,,1,40,2,0,28:EE:52,Unknown,0,232
179756,Villa41,98:BA:5F:F1:E0:F7,-94,10,491,100,319668738322,WPA2,1,0,1,8,1.0;2.0;5.5;11.0;9.0;18.0;36.0;54.0;6.0;12.0;24.0;48.0,4,9,DE,1,40,2,1,98:BA:5F,Unknown,0,452
179785,,9A:BA:5F:41:E0:F7,-97,10,487,100,319668738043,WEP,1,0,1,0,,0,0,,0,0,0,0,9A:BA:5F,Unknown,0,338
179806,,9A:BA:5F:51:E0:F7,-94,10,483,100,319668736860,WEP,1,0,1,0,,0,0,,0,0,0,0,9A:BA:5F,Unknown,0,338
179859,Pearldrops,28:EE:52:C6:EA:AA,-92,10,167,100,803644825941,WPA2,1,0,1,8,1.0;2.0;5.5;11.0;9.0;18.0;36.0;54.0;6.0;12.0;24.0;48.0,4,9,,1,40,2,0,28:EE:52,Unknown,0,232
179902,Pearldrops,28:EE:52:C6:EA:AA,-91,10,168,100,803644928339,WPA2,1,0,1,8,1.0;2.0;5.5;11.0;9.0;18.0;36.0;54.0;6.0;12.0;24.0;48.0,4,9,,1,40,2,0,28:EE:52,Unknown,0,232
179955,Ishara1,78:54:2E:F7:A5:66,-92,10,252,100,553906688398,WPA2,1,1,1,8,1.0;2.0;5.5;11.0;6.0;9.0;12.0;18.0;24.0;36.0;48.0;54.0,4,10,,1,20,1,0,78:54:2E,Unknown,0,303
180018,Villa41,98:BA:5F:F1:E0:F7,-92,10,493,100,319668943090,WPA2,1,0,1,8,1.0;2.0;5.5;11.0;9.0;18.0;36.0;54.0;6.0;12.0;24.0;48.0,4,9,DE,1,40,2,1,98:BA:5F,Unknown,0,452
180049,,9A:BA:5F:51:E0:F7,-93,10,485,100,319668941629,WEP,1,0,1,0,,0,0,,0,0,0,0,9A:BA:5F,Unknown,0,338
180092,Anu,C0:06:C3:20:05:77,-93,11,98,100,803633766762,WPA2,1,0,1,8,1.0;2.0;5.5;11.0;9.0;18.0;36.0;54.0;6.0;12.0;24.0;48.0,4,11,,1,40,2,1,C0:06:C3,Unknown,0,233
180155,Ishara1,78:54:2E:F7:A5:66,-89,11,253,100,553906790894,WPA2,1,1,1,8,1.0;2.0;5.5;11.0;6.0;9.0;12.0;18.0;24.0;36.0;48.0;54.0,4,10,,1,20,1,0,78:54:2E,Unknown,0,303
180197,TNPOLICE,54:AF:97:24:47:83,-92,11,3631,100,702076928337,WPA2,1,0,1,8,1.0;2.0;5.5;11.0;9.0;18.0;36.0;54.0;6.0;12.0;24.0;48.0,4,11,,1,40,2,1,54:AF:97,Unknown,0,238
180245,Anu_5G,C2:06:C3:21:05:77,-93,11,101,100,803633871232,WPA2,1,0,1,8,1.0;2.0;5.5;11.0;9.0;18.0;36.0;54.0;6.0;12.0;24.0;48.0,4,11,,1,40,2,1,C2:06:C3,Unknown,0,236
180299,TNPOLICE,54:AF:97:24:47:83,-89,12,3633,100,702077133142,WPA2,1,0,1,8,1.0;2.0;5.5;11.0;9.0;18.0;36.0;54.0;6.0;12.0;24.0;48.0,4,11,,1,40,2,1,54:AF:97,Unknown,0,238
180341,Anu,C0:06:C3:20:05:77,-94,12,104,100,803634073961,WPA2,1,0,1,8,1.0;2.0;5.5;11.0;9.0;18.0;36.0;54.0;6.0;12.0;24.0;48.0,4,11,,1,40,2,1,C0:06:C3,Unknown,0,233
180394,Anu_5G,C2:06:C3:21:05:77,-96,12,105,100,803634076035,WPA2,1,0,1,8,1.0;2.0;5.5;11.0;9.0;18.0;36.0;54.0;6.0;12.0;24.0;48.0,4,11,,1,40,2,1,C2:06:C3,Unknown,0,236
180436,TNPOLICE,54:AF:97:24:47:83,-91,12,3634,100,702077235538,WPA2,1,0,1,8,1.0;2.0;5.5;11.0;9.0;18.0;36.0;54.0;6.0;12.0;24.0;48.0,4,11,,1,40,2,1,54:AF:97,Unknown,0,238
180489,TNPOLICE,54:AF:97:24:47:83,-91,13,3635,100,702077337947,WPA2,1,0,1,8,1.0;2.0;5.5;11.0;9.0;18.0;36.0;54.0;6.0;12.0;24.0;48.0,4,11,,1,40,2,1,54:AF:97,Unknown,0,238
180642,J2G,A2:E5:32:B6:46:90,-82,1,970,100,314526925608,WPA2,1,0,1,8,1.0;2.0;5.5;11.0;18.0;24.0;36.0;54.0;6.0;9.0;12.0;48.0,4,1,IN,1,40,2,1,A2:E5:32,Unknown,0,223
180684,J5G,A2:E5:32:B6:46:94,-81,1,971,100,314526927630,WPA2,1,0,1,8,1.0;2.0;5.5;11.0;18.0;24.0;36.0;54.0;6.0;9.0;12.0;48.0,4,1,IN,1,40,2,1,A2:E5:32,Unknown,0,223
180737,DHAYADOSS5G,CA:83:94:EE:7A:87,-88,1,3531,100,314528051598,WPA2,1,0,1,8,1.0;2.0;5.5;11.0;18.0;24.0;36.0;54.0;6.0;9.0;12.0;48.0,4,1,IN,1,40,2,1,CA:83:94,Unknown,0,231
180789,J2G,A2:E5:32:B6:46:90,-87,1,972,100,314527027964,WPA2,1,0,1,8,1.0;2.0;5.5;11.0;18.0;24.0;36.0;54.0;6.0;9.0;12.0;48.0,4,1,IN,1,40,2,1,A2:E5:32,Unknown,0,223
180839,J5G,A2:E5:32:B6:46:94,-87,1,973,100,314527029986,WPA2,1,0,1,8,1.0;2.0;5.5;11.0;18.0;24.0;36.0;54.0;6.0;9.0;12.0;48.0,4,1,IN,1,40,2,1,A2:E5:32,Unknown,0,223
180893,DHAYADOSS5G,CA:83:94:EE:7A:87,-89,1,3532,100,314528154010,WPA2,1,0,1,8,1.0;2.0;5.5;11.0;18.0;24.0;36.0;54.0;6.0;9.0;12.0;48.0,4,1,IN,1,40,2,1,CA:83:94,Unknown,0,231
180935,J2G,A2:E5:32:B6:46:90,-74,1,974,100,314527130352,WPA2,1,0,1,8,1.0;2.0;5.5;11.0;18.0;24.0;36.0;54.0;6.0;9.0;12.0;48.0,4,1,IN,1,40,2,1,A2:E5:32,Unknown,0,223
180988,J5G,A2:E5:32:B6:46:94,-75,1,975,100,314527132356,WPA2,1,0,1,8,1.0;2.0;5.5;11.0;18.0;24.0;36.0;54.0;6.0;9.0;12.0;48.0,4,1,IN,1,40,2,1,A2:E5:32,Unknown,0,223
181009,,3E:64:CF:AE:60:A0,-85,2,1940,100,314550989218,WEP,1,0,1,0,,0,0,,0,0,0,0,3E:64:CF,Unknown,0,293
181122,SKYSUN-R1,5C:62:8B:F0:A0:69,-85,3,2696,100,4048896361,WPA2,1,0,1,8,1.0;2.0;5.5;11.0;9.0;18.0;36.0;54.0;6.0;12.0;24.0;48.0,4,4,,1,40,2,1,5C:62:8B,Unknown,0,239
181216,Villa41,3C:64:CF:8E:60:A0,-86,3,1943,100,314551194025,WPA2,1,0,1,8,1.0;2.0;5.5;11.0;9.0;18.0;36.0;54.0;6.0;12.0;24.0;48.0,4,2,IN,1,40,2,1,3C:64:CF,Unknown,0,279
181318,Villa41,3C:64:CF:8E:60:A0,-81,3,1945,100,314551296421,WPA2,1,0,1,8,1.0;2.0;5.5;11.0;9.0;18.0;36.0;54.0;6.0;12.0;24.0;48.0,4,2,IN,1,40,2,1,3C:64:CF,Unknown,0,279
181341,,3E:64:CF:AE:60:A0,-80,3,1946,100,314551296413,WEP,1,0,1,0,,0,0,,0,0,0,0,3E:64:CF,Unknown,0,293
181383,SKYSUN-R1,5C:62:8B:F0:A0:69,-86,3,2698,100,4049101163,WPA2,1,0,1,8,1.0;2.0;5.5;11.0;9.0;18.0;36.0;54.0;6.0;12.0;24.0;48.0,4,4,,1,40,2,1,5C:62:8B,Unknown,0,239
181449,POCO X7,CA:BC:E5:CF:07:7A,-85,4,2103,100,4037325196,WPA2,1,0,1,8,1.0;2.0;5.5;11.0;6.0;9.0;12.0;18.0;24.0;36.0;48.0;54.0,4,4,,1,20,1,1,CA:BC:E5,Unknown,0,221
181528,SKYSUN-R1,98:DA:C4:E5:09:70,-94,4,3116,100,804131635584,WPA2,1,1,1,8,1.0;2.0;5.5;11.0;6.0;9.0;12.0;18.0;24.0;36.0;48.0;54.0,4,4,DE,1,40,3,1,98:DA:C4,Unknown,0,240
181581,SKYSUN-R1,5C:62:8B:F0:A0:69,-82,4,2700,100,4049305968,WPA2,1,0,1,8,1.0;2.0;5.5;11.0;9.0;18.0;36.0;54.0;6.0;12.0;24.0;48.0,4,4,,1,40,2,1,5C:62:8B,Unknown,0,239
181624,POCO X7,CA:BC:E5:CF:07:7A,-93,4,2104,100,4037427600,WPA2,1,0,1,8,1.0;2.0;5.5;11.0;6.0;9.0;12.0;18.0;24.0;36.0;48.0;54.0,4,4,,1,20,1,1,CA:BC:E5,Unknown,0,221
181677,SKYSUN-R1,5C:62:8B:F0:A0:69,-78,5,2701,100,4049408370,WPA2,1,0,1,8,1.0;2.0;5.5;11.0;9.0;18.0;36.0;54.0;6.0;12.0;24.0;48.0,4,4,,1,40,2,1,5C:62:8B,Unknown,0,239
181737,SKYSUN-R1,5C:62:8B:F0:A0:69,-83,5,2702,100,4049510767,WPA2,1,0,1,8,1.0;2.0;5.5;11.0;9.0;18.0;36.0;54.0;6.0;12.0;24.0;48.0,4,4,,1,40,2,1,5C:62:8B,Unknown,0,239
182190,KeethuSri ACT,3C:6A:D2:16:D6:7E,-88,7,1009,100,553802957189,WPA2,1,1,1,8,1.0;2.0;5.5;11.0;6.0;9.0;12.0;18.0;24.0;36.0;48.0;54.0,4,7,US,1,40,2,1,3C:6A:D2,Unknown,0,310
182211,,42:6A:D2:16:D6:7E,-87,7,1669,100,553802957189,WEP,1,1,1,0,,0,0,,0,0,0,0,42:6A:D2,Unknown,0,326
182292,KeethuSri ACT,3C:6A:D2:16:D6:7E,-90,7,1010,100,553803059589,WPA2,1,1,1,8,1.0;2.0;5.5;11.0;6.0;9.0;12.0;18.0;24.0;36.0;48.0;54.0,4,7,US,1,40,2,1,3C:6A:D2,Unknown,0,310
182313,,42:6A:D2:16:D6:7E,-91,7,1670,100,553803059589,WEP,1,1,1,0,,0,0,,0,0,0,0,42:6A:D2,Unknown,0,326
182414,Villa41,98:BA:5F:F1:E0:F7,-90,8,518,100,319671503113,WPA2,1,0,1,8,1.0;2.0;5.5;11.0;9.0;18.0;36.0;54.0;6.0;12.0;24.0;48.0,4,9,DE,1,40,2,1,98:BA:5F,Unknown,0,452
182435,,9A:BA:5F:41:E0:F7,-90,8,514,100,319671502842,WEP,1,0,1,0,,0,0,,0,0,0,0,9A:BA:5F,Unknown,0,338
182467,,9A:BA:5F:51:E0:F7,-90,8,510,100,319671501669,WEP,1,0,1,0,,0,0,,0,0,0,0,9A:BA:5F,Unknown,0,338
182510,Pearldrops,28:EE:52:C6:EA:AA,-82,8,194,100,803647590769,WPA2,1,0,1,8,1.0;2.0;5.5;11.0;9.0;18.0;36.0;54.0;6.0;12.0;24.0;48.0,4,9,,1,40,2,0,28:EE:52,Unknown,0,232
182531,,42:6A:D2:16:D6:7E,-87,8,1671,100,553803161989,WEP,1,1,1,0,,0,0,,0,0,0,0,42:6A:D2,Unknown,0,326
182605,KeethuSri ACT,3C:6A:D2:16:D6:7E,-90,8,1012,100,553803264389,WPA2,1,1,1,8,1.0;2.0;5.5;11.0;6.0;9.0;12.0;18.0;24.0;36.0;48.0;54.0,4,7,US,1,40,2,1,3C:6A:D2,Unknown,0,310
182647,Pearldrops,28:EE:52:C6:EA:AA,-80,8,195,100,803647693165,WPA2,1,0,1,8,1.0;2.0;5.5;11.0;9.0;18.0;36.0;54.0;6.0;12.0;24.0;48.0,4,9,,1,40,2,0,28:EE:52,Unknown,0,232
182678,,42:6A:D2:16:D6:7E,-89,8,1672,100,553803264389,WEP,1,1,1,0,,0,0,,0,0,0,0,42:6A:D2,Unknown,0,326
182731,KeethuSri ACT,3C:6A:D2:16:D6:7E,-89,8,1013,100,553803366789,WPA2,1,1,1,8,1.0;2.0;5.5;11.0;6.0;9.0;12.0;18.0;24.0;36.0;48.0;54.0,4,7,US,1,40,2,1,3C:6A:D2,Unknown,0,310
182763,,42:6A:D2:16:D6:7E,-91,9,1673,100,553803366789,WEP,1,1,1,0,,0,0,,0,0,0,0,42:6A:D2,Unknown,0,326
182812,Pearldrops,28:EE:52:C6:EA:AA,-85,9,197,100,803647897973,WPA2,1,0,1,8,1.0;2.0;5.5;11.0;9.0;18.0;36.0;54.0;6.0;12.0;24.0;48.0,4,9,,1,40,2,0,28:EE:52,Unknown,0,232
182833,,42:6A:D2:16:D6:7E,-87,9,1674,100,553803469189,WEP,1,1,1,0,,0,0,,0,0,0,0,42:6A:D2,Unknown,0,326
182897,Villa41,98:BA:5F:F1:E1:6C,-90,9,209,100,803628134795,WPA2,1,0,1,8,1.0;2.0;5.5;11.0;9.0;18.0;36.0;54.0;6.0;12.0;24.0;48.0,4,9,DE,1,40,2,1,98:BA:5F,Unknown,0,452
182918,,9A:BA:5F:41:E0:F7,-89,9,518,100,319671913030,WEP,1,0,1,0,,0,0,,0,0,0,0,9A:BA:5F,Unknown,0,338
182940,,9A:BA:5F:51:E0:F7,-87,9,514,100,319671911857,WEP,1,0,1,0,,0,0,,0,0,0,0,9A:BA:5F,Unknown,0,338
183001,Pearldrops,28:EE:52:C6:EA:AA,-82,9,198,100,803648000369,WPA2,1,0,1,8,1.0;2.0;5.5;11.0;9.0;18.0;36.0;54.0;6.0;12.0;24.0;48.0,4,9,,1,40,2,0,28:EE:52,Unknown,0,232
183054,Ishara1,78:54:2E:F7:A5:66,-96,10,282,100,553909760398,WPA2,1,1,1,8,1.0;2.0;5.5;11.0;6.0;9.0;12.0;18.0;24.0;36.0;48.0;54.0,4,10,,1,20,1,0,78:54:2E,Unknown,0,303
183085,,9A:BA:5F:41:E0:F7,-86,10,519,100,319672014836,WEP,1,0,1,0,,0,0,,0,0,0,0,9A:BA:5F,Unknown,0,338
183107,,9A:BA:5F:51:E0:F7,-85,10,515,100,319672013662,WEP,1,0,1,0,,0,0,,0,0,0,0,9A:BA:5F,Unknown,0,338
183159,TNPOLICE,54:AF:97:24:47:83,-84,10,3660,100,702079897965,WPA2,1,0,1,8,1.0;2.0;5.5;11.0;9.0;18.0;36.0;54.0;6.0;12.0;24.0;48.0,4,11,,1,40,2,1,54:AF:97,Unknown,0,238
183212,Annai123,D8:07:B6:EC:94:89,-92,10,1190,100,402514332163,WPA2,1,0,1,8,1.0;2.0;5.5;11.0;9.0;18.0;36.0;54.0;6.0;12.0;24.0;48.0,4,9,,1,40,2,1,D8:07:B6,Unknown,0,238
183264,Villa41,98:BA:5F:F1:E1:6C,-88,10,212,100,803628442000,WPA2,1,0,1,8,1.0;2.0;5.5;11.0;9.0;18.0;36.0;54.0;6.0;12.0;24.0;48.0,4,9,DE,1,40,2,1,98:BA:5F,Unknown,0,452
183296,,9A:BA:5F:41:E1:6C,-89,10,228,100,803628442017,WEP,1,0,1,0,,0,0,,0,0,0,0,9A:BA:5F,Unknown,0,338
183339,TNPOLICE,54:AF:97:24:47:83,-87,11,3663,100,702080205169,WPA2,1,0,1,8,1.0;2.0;5.5;11.0;9.0;18.0;36.0;54.0;6.0;12.0;24.0;48.0,4,11,,1,40,2,1,54:AF:97,Unknown,0,238
183392,TNPOLICE,54:AF:97:24:47:83,-84,11,3664,100,702080307575,WPA2,1,0,1,8,1.0;2.0;5.5;11.0;9.0;18.0;36.0;54.0;6.0;12.0;24.0;48.0,4,11,,1,40,2,1,54:AF:97,Unknown,0,238
183446,TNPOLICE,54:AF:97:24:47:83,-80,12,3665,100,702080409976,WPA2,1,0,1,8,1.0;2.0;5.5;11.0;9.0;18.0;36.0;54.0;6.0;12.0;24.0;48.0,4,11,,1,40,2,1,54:AF:97,Unknown,0,238
183548,TNPOLICE,54:AF:97:24:47:83,-81,12,3666,100,702080512370,WPA2,1,0,1,8,1.0;2.0;5.5;11.0;9.0;18.0;36.0;54.0;6.0;12.0;24.0;48.0,4,11,,1,40,2,1,54:AF:97,Unknown,0,238
183918,J2G,A2:E5:32:B6:46:90,-74,1,1090,100,314530202447,WPA2,1,0,1,8,1.0;2.0;5.5;11.0;18.0;24.0;36.0;54.0;6.0;9.0;12.0;48.0,4,1,IN,1,40,2,1,A2:E5:32,Unknown,0,223
183961,J5G,A2:E5:32:B6:46:94,-75,1,1091,100,314530204469,WPA2,1,0,1,8,1.0;2.0;5.5;11.0;18.0;24.0;36.0;54.0;6.0;9.0;12.0;48.0,4,1,IN,1,40,2,1,A2:E5:32,Unknown,0,223
184021,J2G,A2:E5:32:B6:46:90,-77,1,1094,100,314530304824,WPA2,1,0,1,8,1.0;2.0;5.5;11.0;18.0;24.0;36.0;54.0;6.0;9.0;12.0;48.0,4,1,IN,1,40,2,1,A2:E5:32,Unknown,0,223
184074,J5G,A2:E5:32:B6:46:94,-76,1,1095,100,314530306846,WPA2,1,0,1,8,1.0;2.0;5.5;11.0;18.0;24.0;36.0;54.0;6.0;9.0;12.0;48.0,4,1,IN,1,40,2,1,A2:E5:32,Unknown,0,223
184127,TNPolice_Beta,28:87:BA:2A:B6:16,-91,1,1659,100,702307328419,WPA2,1,0,1,8,1.0;2.0;5.5;11.0;9.0;18.0;36.0;54.0;6.0;12.0;24.0;48.0,4,1,,1,20,2,1,28:87:BA,Unknown,0,341
184159,,2A:87:BA:2A:B6:16,-92,1,1660,100,702307328405,WEP,1,0,1,0,,0,0,,0,0,0,0,2A:87:BA,Unknown,0,263
184201,J2G,A2:E5:32:B6:46:90,-74,2,1096,100,314530407235,WPA2,1,0,1,8,1.0;2.0;5.5;11.0;18.0;24.0;36.0;54.0;6.0;9.0;12.0;48.0,4,1,IN,1,40,2,1,A2:E5:32,Unknown,0,223
184254,J5G,A2:E5:32:B6:46:94,-73,2,1097,100,314530409249,WPA2,1,0,1,8,1.0;2.0;5.5;11.0;18.0;24.0;36.0;54.0;6.0;9.0;12.0;48.0,4,1,IN,1,40,2,1,A2:E5:32,Unknown,0,223
184323,Villa7,BC:07:1D:D4:36:89,-91,2,68,100,803616358784,WPA2,1,1,1,8,1.0;2.0;5.5;11.0;6.0;9.0;12.0;18.0;24.0;36.0;48.0;54.0,4,2,US,1,40,2,1,BC:07:1D,Unknown,0,408
184344,,C2:07:1D:D4:36:89,-90,2,3288,100,803616362254,WEP,1,1,1,0,,0,0,,0,0,0,0,C2:07:1D,Unknown,0,431
184387,J2G,A2:E5:32:B6:46:90,-79,2,1098,100,314530509628,WPA2,1,0,1,8,1.0;2.0;5.5;11.0;18.0;24.0;36.0;54.0;6.0;9.0;12.0;48.0,4,1,IN,1,40,2,1,A2:E5:32,Unknown,0,223
184440,J5G,A2:E5:32:B6:46:94,-80,2,1099,100,314530511623,WPA2,1,0,1,8,1.0;2.0;5.5;11.0;18.0;24.0;36.0;54.0;6.0;9.0;12.0;48.0,4,1,IN,1,40,2,1,A2:E5:32,Unknown,0,223
184503,Villa7,BC:07:1D:D4:36:89,-91,2,69,100,803616461184,WPA2,1,1,1,8,1.0;2.0;5.5;11.0;6.0;9.0;12.0;18.0;24.0;36.0;48.0;54.0,4,2,US,1,40,2,1,BC:07:1D,Unknown,0,408
184535,,C2:07:1D:D4:36:89,-92,2,3289,100,803616464654,WEP,1,1,1,0,,0,0,,0,0,0,0,C2:07:1D,Unknown,0,431
184577,SKYSUN-R1,5C:62:8B:F0:A0:69,-86,3,2729,100,4052275536,WPA2,1,0,1,8,1.0;2.0;5.5;11.0;9.0;18.0;36.0;54.0;6.0;12.0;24.0;48.0,4,4,,1,40,2,1,5C:62:8B,Unknown,0,239
184809,SKYSUN-R1,5C:62:8B:F0:A0:69,-90,4,2732,100,4052582731,WPA2,1,0,1,8,1.0;2.0;5.5;11.0;9.0;18.0;36.0;54.0;6.0;12.0;24.0;48.0,4,4,,1,40,2,1,5C:62:8B,Unknown,0,239
184862,Santhanam G_1F,9C:53:22:3A:F5:19,-93,4,2722,100,803659878826,WPA2,1,0,1,8,1.0;2.0;5.5;11.0;9.0;18.0;36.0;54.0;6.0;12.0;24.0;48.0,4,4,,1,40,2,1,9C:53:22,Unknown,0,389
184893,,9E:53:22:2A:F5:19,-97,4,2723,100,803659878805,WEP,1,0,1,0,,0,0,,0,0,0,0,9E:53:22,Unknown,0,334
185013,SKYSUN-R1,5C:62:8B:F0:A0:69,-89,5,2734,100,4052787537,WPA2,1,0,1,8,1.0;2.0;5.5;11.0;9.0;18.0;36.0;54.0;6.0;12.0;24.0;48.0,4,4,,1,40,2,1,5C:62:8B,Unknown,0,239
185262,KeethuSri ACT,3C:6A:D2:16:D6:7E,-87,6,1039,100,553806029189,WPA2,1,1,1,8,1.0;2.0;5.5;11.0;6.0;9.0;12.0;18.0;24.0;36.0;48.0;54.0,4,7,US,1,40,2,1,3C:6A:D2,Unknown,0,310
185384,,42:6A:D2:16:D6:7E,-79,7,1700,100,553806131589,WEP,1,1,1,0,,0,0,,0,0,0,0,42:6A:D2,Unknown,0,326
185466,KeethuSri ACT,3C:6A:D2:16:D6:7E,-80,7,1041,100,553806233989,WPA2,1,1,1,8,1.0;2.0;5.5;11.0;6.0;9.0;12.0;18.0;24.0;36.0;48.0;54.0,4,7,US,1,40,2,1,3C:6A:D2,Unknown,0,310
185488,,42:6A:D2:16:D6:7E,-78,7,1701,100,553806233989,WEP,1,1,1,0,,0,0,,0,0,0,0,42:6A:D2,Unknown,0,326
185569,KeethuSri ACT,3C:6A:D2:16:D6:7E,-78,7,1042,100,553806336389,WPA2,1,1,1,8,1.0;2.0;5.5;11.0;6.0;9.0;12.0;18.0;24.0;36.0;48.0;54.0,4,7,US,1,40,2,1,3C:6A:D2,Unknown,0,310
185591,,42:6A:D2:16:D6:7E,-80,8,1702,100,553806336389,WEP,1,1,1,0,,0,0,,0,0,0,0,42:6A:D2,Unknown,0,326
185671,KeethuSri ACT,3C:6A:D2:16:D6:7E,-79,8,1043,100,553806438789,WPA2,1,1,1,8,1.0;2.0;5.5;11.0;6.0;9.0;12.0;18.0;24.0;36.0;48.0;54.0,4,7,US,1,40,2,1,3C:6A:D2,Unknown,0,310
185693,,9A:BA:5F:51:E1:6C,-89,8,250,100,803631011559,WEP,1,0,1,0,,0,0,,0,0,0,0,9A:BA:5F,Unknown,0,338
185724,,42:6A:D2:16:D6:7E,-81,8,1703,100,553806438789,WEP,1,1,1,0,,0,0,,0,0,0,0,42:6A:D2,Unknown,0,326
185793,Villa41,98:BA:5F:F1:E0:F7,-79,8,551,100,319674882314,WPA2,1,0,1,8,1.0;2.0;5.5;11.0;9.0;18.0;36.0;54.0;6.0;12.0;24.0;48.0,4,9,DE,1,40,2,1,98:BA:5F,Unknown,0,452
185815,,9A:BA:5F:41:E0:F7,-78,8,547,100,319674882043,WEP,1,0,1,0,,0,0,,0,0,0,0,9A:BA:5F,Unknown,0,338
185846,,9A:BA:5F:51:E0:F7,-78,8,543,100,319674883758,WEP,1,0,1,0,,0,0,,0,0,0,0,9A:BA:5F,Unknown,0,338
185868,,42:6A:D2:16:D6:7E,-88,8,1704,100,553806541189,WEP,1,1,1,0,,0,0,,0,0,0,0,42:6A:D2,Unknown,0,326
185890,,9A:BA:5F:41:E1:6C,-87,9,255,100,803631206831,WEP,1,0,1,0,,0,0,,0,0,0,0,9A:BA:5F,Unknown,0,338
185959,Villa41,98:BA:5F:F1:E0:F7,-85,9,552,100,319674984720,WPA2,1,0,1,8,1.0;2.0;5.5;11.0;9.0;18.0;36.0;54.0;6.0;12.0;24.0;48.0,4,9,DE,1,40,2,1,98:BA:5F,Unknown,0,452
185980,,9A:BA:5F:41:E0:F7,-85,9,548,100,319674987346,WEP,1,0,1,0,,0,0,,0,0,0,0,9A:BA:5F,Unknown,0,338
186033,Annai123,D8:07:B6:EC:94:89,-92,9,1246,100,402517199359,WPA2,1,0,1,8,1.0;2.0;5.5;11.0;9.0;18.0;36.0;54.0;6.0;12.0;24.0;48.0,4,9,,1,40,2,1,D8:07:B6,Unknown,0,238
186075,Annai123_5G,DA:07:B6:E9:94:89,-92,9,1247,100,402517201473,WPA2,1,0,1,8,1.0;2.0;5.5;11.0;9.0;18.0;36.0;54.0;6.0;12.0;24.0;48.0,4,9,,1,40,2,1,DA:07:B6,Unknown,0,241
186138,Villa41,98:BA:5F:F1:E1:6C,-87,9,240,100,803631309207,WPA2,1,0,1,8,1.0;2.0;5.5;11.0;9.0;18.0;36.0;54.0;6.0;12.0;24.0;48.0,4,9,DE,1,40,2,1,98:BA:5F,Unknown,0,452
186168,,9A:BA:5F:41:E1:6C,-89,9,256,100,803631309206,WEP,1,0,1,0,,0,0,,0,0,0,0,9A:BA:5F,Unknown,0,338
186221,Villa41,98:BA:5F:F1:E1:6C,-87,9,241,100,803631411598,WPA2,1,0,1,8,1.0;2.0;5.5;11.0;9.0;18.0;36.0;54.0;6.0;12.0;24.0;48.0,4,9,DE,1,40,2,1,98:BA:5F,Unknown,0,452
186253,,9A:BA:5F:41:E1:6C,-87,9,257,100,803631411693,WEP,1,0,1,0,,0,0,,0,0,0,0,9A:BA:5F,Unknown,0,338
186306,Villa41,98:BA:5F:F1:E0:F7,-89,9,554,100,319675189590,WPA2,1,0,1,8,1.0;2.0;5.5;11.0;9.0;18.0;36.0;54.0;6.0;12.0;24.0;48.0,4,9,DE,1,40,2,1,98:BA:5F,Unknown,0,452
186358,Pearldrops,28:EE:52:C6:EA:AA,-85,10,231,100,803651379542,WPA2,1,0,1,8,1.0;2.0;5.5;11.0;9.0;18.0;36.0;54.0;6.0;12.0;24.0;48.0,4,9,,1,40,2,0,28:EE:52,Unknown,0,232
186422,Annai123,D8:07:B6:EC:94:89,-92,10,1252,100,402517506568,WPA2,1,0,1,8,1.0;2.0;5.5;11.0;9.0;18.0;36.0;54.0;6.0;12.0;24.0;48.0,4,9,,1,40,2,1,D8:07:B6,Unknown,0,238
186464,Annai123_5G,DA:07:B6:E9:94:89,-92,10,1253,100,402517508682,WPA2,1,0,1,8,1.0;2.0;5.5;11.0;9.0;18.0;36.0;54.0;6.0;12.0;24.0;48.0,4,9,,1,40,2,1,DA:07:B6,Unknown,0,241
186517,TNPOLICE,54:AF:97:24:47:83,-82,10,3693,100,702083277138,WPA2,1,0,1,8,1.0;2.0;5.5;11.0;9.0;18.0;36.0;54.0;6.0;12.0;24.0;48.0,4,11,,1,40,2,1,54:AF:97,Unknown,0,238
186571,Villa41,98:BA:5F:F1:E1:6C,-89,11,244,100,803631718823,WPA2,1,0,1,8,1.0;2.0;5.5;11.0;9.0;18.0;36.0;54.0;6.0;12.0;24.0;48.0,4,9,DE,1,40,2,1,98:BA:5F,Unknown,0,452
186602,,9A:BA:5F:41:E1:6C,-90,11,260,100,803631718803,WEP,1,0,1,0,,0,0,,0,0,0,0,9A:BA:5F,Unknown,0,338
186662,Villa41,98:BA:5F:F1:E0:F7,-84,11,557,100,319675496682,WPA2,1,0,1,8,1.0;2.0;5.5;11.0;9.0;18.0;36.0;54.0;6.0;12.0;24.0;48.0,4,9,DE,1,40,2,1,98:BA:5F,Unknown,0,452
186714,TNPOLICE,54:AF:97:24:47:83,-76,11,3694,100,702083379536,WPA2,1,0,1,8,1.0;2.0;5.5;11.0;9.0;18.0;36.0;54.0;6.0;12.0;24.0;48.0,4,11,,1,40,2,1,54:AF:97,Unknown,0,238
186758,TNPOLICE,54:AF:97:24:47:83,-76,12,3696,100,702083584343,WPA2,1,0,1,8,1.0;2.0;5.5;11.0;9.0;18.0;36.0;54.0;6.0;12.0;24.0;48.0,4,11,,1,40,2,1,54:AF:97,Unknown,0,238
186810,TNPOLICE,54:AF:97:24:47:83,-73,12,3697,100,702083686745,WPA2,1,0,1,8,1.0;2.0;5.5;11.0;9.0;18.0;36.0;54.0;6.0;12.0;24.0;48.0,4,11,,1,40,2,1,54:AF:97,Unknown,0,238
187154,TNPolice_Beta,28:87:BA:2A:B6:16,-93,1,1722,100,702310400399,WPA2,1,0,1,8,1.0;2.0;5.5;11.0;9.0;18.0;36.0;54.0;6.0;12.0;24.0;48.0,4,1,,1,20,2,1,28:87:BA,Unknown,0,341
187185,,2A:87:BA:2A:B6:16,-90,1,1723,100,702310400407,WEP,1,0,1,0,,0,0,,0,0,0,0,2A:87:BA,Unknown,0,263
187228,J2G,A2:E5:32:B6:46:90,-78,1,1176,100,314533479262,WPA2,1,0,1,8,1.0;2.0;5.5;11.0;18.0;24.0;36.0;54.0;6.0;9.0;12.0;48.0,4,1,IN,1,40,2,1,A2:E5:32,Unknown,0,223
187281,J5G,A2:E5:32:B6:46:94,-78,1,1177,100,314533481275,WPA2,1,0,1,8,1.0;2.0;5.5;11.0;18.0;24.0;36.0;54.0;6.0;9.0;12.0;48.0,4,1,IN,1,40,2,1,A2:E5:32,Unknown,0,223
187302,,2A:87:BA:2A:B6:16,-91,1,1725,100,702310502806,WEP,1,0,1,0,,0,0,,0,0,0,0,2A:87:BA,Unknown,0,263
187355,J5G,A2:E5:32:B6:46:94,-77,1,1181,100,314533583722,WPA2,1,0,1,8,1.0;2.0;5.5;11.0;18.0;24.0;36.0;54.0;6.0;9.0;12.0;48.0,4,1,IN,1,40,2,1,A2:E5:32,Unknown,0,223
187418,TNPolice_Beta,28:87:BA:2A:B6:16,-94,1,1726,100,702310605193,WPA2,1,0,1,8,1.0;2.0;5.5;11.0;9.0;18.0;36.0;54.0;6.0;12.0;24.0;48.0,4,1,,1,20,2,1,28:87:BA,Unknown,0,341
187470,J2G,A2:E5:32:B6:46:90,-73,1,1182,100,314533684058,WPA2,1,0,1,8,1.0;2.0;5.5;11.0;18.0;24.0;36.0;54.0;6.0;9.0;12.0;48.0,4,1,IN,1,40,2,1,A2:E5:32,Unknown,0,223
187492,,C2:07:1D:D4:36:89,-92,2,3320,100,803619639054,WEP,1,1,1,0,,0,0,,0,0,0,0,C2:07:1D,Unknown,0,431
187545,Villa41,3C:64:CF:8E:60:A0,-89,2,2065,100,314557440629,WPA2,1,0,1,8,1.0;2.0;5.5;11.0;9.0;18.0;36.0;54.0;6.0;12.0;24.0;48.0,4,2,IN,1,40,2,1,3C:64:CF,Unknown,0,279
187577,,3E:64:CF:AE:60:A0,-91,2,2066,100,314557440413,WEP,1,0,1,0,,0,0,,0,0,0,0,3E:64:CF,Unknown,0,293
187626,J5G,A2:E5:32:B6:46:94,-78,2,1185,100,314533788504,WPA2,1,0,1,8,1.0;2.0;5.5;11.0;18.0;24.0;36.0;54.0;6.0;9.0;12.0;48.0,4,1,IN,1,40,2,1,A2:E5:32,Unknown,0,223
187680,Villa41,3C:64:CF:8E:60:A0,-92,2,2067,100,314557542802,WPA2,1,0,1,8,1.0;2.0;5.5;11.0;9.0;18.0;36.0;54.0;6.0;12.0;24.0;48.0,4,2,IN,1,40,2,1,3C:64:CF,Unknown,0,279
187702,,3E:64:CF:AE:60:A0,-94,2,2068,100,314557542824,WEP,1,0,1,0,,0,0,,0,0,0,0,3E:64:CF,Unknown,0,293
187764,Villa7,BC:07:1D:D4:35:49,-92,2,3180,100,780087501184,WPA2,1,1,1,8,1.0;2.0;5.5;11.0;6.0;9.0;12.0;18.0;24.0;36.0;48.0;54.0,4,2,US,1,40,2,1,BC:07:1D,Unknown,0,408
187796,,C2:07:1D:D4:35:49,-93,2,1027,100,780087504654,WEP,1,1,1,0,,0,0,,0,0,0,0,C2:07:1D,Unknown,0,431
187825,,C2:07:1D:D4:36:89,-90,3,3323,100,803619946254,WEP,1,1,1,0,,0,0,,0,0,0,0,C2:07:1D,Unknown,0,431
187888,Villa7,BC:07:1D:D4:35:49,-88,3,3182,100,780087705984,WPA2,1,1,1,8,1.0;2.0;5.5;11.0;6.0;9.0;12.0;18.0;24.0;36.0;48.0;54.0,4,2,US,1,40,2,1,BC:07:1D,Unknown,0,408
187951,Villa7,BC:07:1D:D4:36:89,-85,3,104,100,803620045184,WPA2,1,1,1,8,1.0;2.0;5.5;11.0;6.0;9.0;12.0;18.0;24.0;36.0;48.0;54.0,4,2,US,1,40,2,1,BC:07:1D,Unknown,0,408
187972,,C2:07:1D:D4:36:89,-88,3,3324,100,803620048654,WEP,1,1,1,0,,0,0,,0,0,0,0,C2:07:1D,Unknown,0,431
188026,Villa41,3C:64:CF:8E:60:A0,-93,4,2075,100,314557952419,WPA2,1,0,1,8,1.0;2.0;5.5;11.0;9.0;18.0;36.0;54.0;6.0;12.0;24.0;48.0,4,2,IN,1,40,2,1,3C:64:CF,Unknown,0,279
188129,KeethuSri ACT,3C:6A:D2:16:D6:7E,-84,5,1067,100,553808896389,WPA2,1,1,1,8,1.0;2.0;5.5;11.0;6.0;9.0;12.0;18.0;24.0;36.0;48.0;54.0,4,7,US,1,40,2,1,3C:6A:D2,Unknown,0,310
188231,KeethuSri ACT,3C:6A:D2:16:D6:7E,-86,5,1068,100,553808998789,WPA2,1,1,1,8,1.0;2.0;5.5;11.0;6.0;9.0;12.0;18.0;24.0;36.0;48.0;54.0,4,7,US,1,40,2,1,3C:6A:D2,Unknown,0,310
188436,KeethuSri ACT,3C:6A:D2:16:D6:7E,-81,6,1070,100,553809203589,WPA2,1,1,1,8,1.0;2.0;5.5;11.0;6.0;9.0;12.0;18.0;24.0;36.0;48.0;54.0,4,7,US,1,40,2,1,3C:6A:D2,Unknown,0,310
188641,KeethuSri ACT,3C:6A:D2:16:D6:7E,-77,7,1072,100,553809408389,WPA2,1,1,1,8,1.0;2.0;5.5;11.0;6.0;9.0;12.0;18.0;24.0;36.0;48.0;54.0,4,7,US,1,40,2,1,3C:6A:D2,Unknown,0,310
188663,,42:6A:D2:16:D6:7E,-79,7,1732,100,553809408389,WEP,1,1,1,0,,0,0,,0,0,0,0,42:6A:D2,Unknown,0,326
188743,KeethuSri ACT,3C:6A:D2:16:D6:7E,-78,7,1073,100,553809510789,WPA2,1,1,1,8,1.0;2.0;5.5;11.0;6.0;9.0;12.0;18.0;24.0;36.0;48.0;54.0,4,7,US,1,40,2,1,3C:6A:D2,Unknown,0,310
188765,,42:6A:D2:16:D6:7E,-85,7,1733,100,553809510789,WEP,1,1,1,0,,0,0,,0,0,0,0,42:6A:D2,Unknown,0,326
188846,KeethuSri ACT,3C:6A:D2:16:D6:7E,-85,7,1074,100,553809613189,WPA2,1,1,1,8,1.0;2.0;5.5;11.0;6.0;9.0;12.0;18.0;24.0;36.0;48.0;54.0,4,7,US,1,40,2,1,3C:6A:D2,Unknown,0,310
188899,KeethuSri ACT,3C:6A:D2:16:D4:4A,-91,8,857,100,553760358789,WPA2,1,1,1,8,1.0;2.0;5.5;11.0;6.0;9.0;12.0;18.0;24.0;36.0;48.0;54.0,4,7,US,1,40,2,1,3C:6A:D2,Unknown,0,310
188931,,42:6A:D2:16:D6:7E,-86,8,1734,100,553809613189,WEP,1,1,1,0,,0,0,,0,0,0,0,42:6A:D2,Unknown,0,326
188993,KeethuSri ACT,3C:6A:D2:16:D6:7E,-76,8,1075,100,553809715589,WPA2,1,1,1,8,1.0;2.0;5.5;11.0;6.0;9.0;12.0;18.0;24.0;36.0;48.0;54.0,4,7,US,1,40,2,1,3C:6A:D2,Unknown,0,310
189014,,9A:BA:5F:41:E1:6C,-88,8,285,100,803634278811,WEP,1,0,1,0,,0,0,,0,0,0,0,9A:BA:5F,Unknown,0,338
189077,Villa41,98:BA:5F:F1:E0:F7,-90,8,582,100,319678056679,WPA2,1,0,1,8,1.0;2.0;5.5;11.0;9.0;18.0;36.0;54.0;6.0;12.0;24.0;48.0,4,9,DE,1,40,2,1,98:BA:5F,Unknown,0,452
189099,,42:6A:D2:16:D6:7E,-77,8,1735,100,553809715589,WEP,1,1,1,0,,0,0,,0,0,0,0,42:6A:D2,Unknown,0,326
189152,Annai123_5G,DA:07:B6:E9:94:89,-90,8,1307,100,402520273446,WPA2,1,0,1,8,1.0;2.0;5.5;11.0;9.0;18.0;36.0;54.0;6.0;12.0;24.0;48.0,4,9,,1,40,2,1,DA:07:B6,Unknown,0,241
189220,KeethuSri ACT,3C:6A:D2:16:D6:7E,-79,8,1076,100,553809817989,WPA2,1,1,1,8,1.0;2.0;5.5;11.0;6.0;9.0;12.0;18.0;24.0;36.0;48.0;54.0,4,7,US,1,40,2,1,3C:6A:D2,Unknown,0,310
189283,Villa41,98:BA:5F:F1:E1:6C,-89,8,270,100,803634381195,WPA2,1,0,1,8,1.0;2.0;5.5;11.0;9.0;18.0;36.0;54.0;6.0;12.0;24.0;48.0,4,9,DE,1,40,2,1,98:BA:5F,Unknown,0,452
189336,Villa41,98:BA:5F:F1:E1:6C,-90,9,271,100,803634483622,WPA2,1,0,1,8,1.0;2.0;5.5;11.0;9.0;18.0;36.0;54.0;6.0;12.0;24.0;48.0,4,9,DE,1,40,2,1,98:BA:5F,Unknown,0,452
189368,,9A:BA:5F:41:E1:6C,-90,9,287,100,803634483622,WEP,1,0,1,0,,0,0,,0,0,0,0,9A:BA:5F,Unknown,0,338
189420,Villa41,98:BA:5F:F1:E0:F7,-91,9,584,100,319678261489,WPA2,1,0,1,8,1.0;2.0;5.5;11.0;9.0;18.0;36.0;54.0;6.0;12.0;24.0;48.0,4,9,DE,1,40,2,1,98:BA:5F,Unknown,0,452
189450,,9A:BA:5F:51:E1:6C,-89,9,284,100,803634486267,WEP,1,0,1,0,,0,0,,0,0,0,0,9A:BA:5F,Unknown,0,338
189472,,9A:BA:5F:41:E1:6C,-96,10,290,100,803634790827,WEP,1,0,1,0,,0,0,,0,0,0,0,9A:BA:5F,Unknown,0,338
189535,Villa41,98:BA:5F:F1:E0:F7,-88,10,587,100,319678568703,WPA2,1,0,1,8,1.0;2.0;5.5;11.0;9.0;18.0;36.0;54.0;6.0;12.0;24.0;48.0,4,9,DE,1,40,2,1,98:BA:5F,Unknown,0,452
189556,,9A:BA:5F:41:E0:F7,-87,10,583,100,319678571338,WEP,1,0,1,0,,0,0,,0,0,0,0,9A:BA:5F,Unknown,0,338
189588,,9A:BA:5F:51:E0:F7,-89,10,579,100,319678570147,WEP,1,0,1,0,,0,0,,0,0,0,0,9A:BA:5F,Unknown,0,338
189640,Pearldrops,28:EE:52:C6:EA:AA,-82,10,263,100,803654656373,WPA2,1,0,1,8,1.0;2.0;5.5;11.0;9.0;18.0;36.0;54.0;6.0;12.0;24.0;48.0,4,9,,1,40,2,0,28:EE:52,Unknown,0,232
189683,Annai123_5G,DA:07:B6:E9:94:89,-90,10,1317,100,402520785470,WPA2,1,0,1,8,1.0;2.0;5.5;11.0;9.0;18.0;36.0;54.0;6.0;12.0;24.0;48.0,4,9,,1,40,2,1,DA:07:B6,Unknown,0,241
189735,Pearldrops,28:87:BA:00:91:73,-92,10,382,100,803647693173,WPA2,1,0,1,8,1.0;2.0;5.5;11.0;9.0;18.0;36.0;54.0;6.0;12.0;24.0;48.0,4,10,,1,40,2,1,28:87:BA,Unknown,0,240
189788,Pearldrops_5G,2A:87:BA:01:91:73,-90,10,383,100,803647695303,WPA2,1,0,1,8,1.0;2.0;5.5;11.0;9.0;18.0;36.0;54.0;6.0;12.0;24.0;48.0,4,10,,1,40,2,1,2A:87:BA,Unknown,0,243
189830,Pearldrops,28:87:BA:00:91:73,-91,11,384,100,803647795567,WPA2,1,0,1,8,1.0;2.0;5.5;11.0;9.0;18.0;36.0;54.0;6.0;12.0;24.0;48.0,4,10,,1,40,2,1,28:87:BA,Unknown,0,240
189881,Pearldrops_5G,2A:87:BA:01:91:73,-88,11,385,100,803647797696,WPA2,1,0,1,8,1.0;2.0;5.5;11.0;9.0;18.0;36.0;54.0;6.0;12.0;24.0;48.0,4,10,,1,40,2,1,2A:87:BA,Unknown,0,243
189934,TNPOLICE,54:AF:97:24:47:83,-70,11,3726,100,702086656371,WPA2,1,0,1,8,1.0;2.0;5.5;11.0;9.0;18.0;36.0;54.0;6.0;12.0;24.0;48.0,4,11,,1,40,2,1,54:AF:97,Unknown,0,238
189976,Pearldrops,28:87:BA:00:91:73,-93,11,386,100,803647897975,WPA2,1,0,1,8,1.0;2.0;5.5;11.0;9.0;18.0;36.0;54.0;6.0;12.0;24.0;48.0,4,10,,1,40,2,1,28:87:BA,Unknown,0,240
190029,TNPOLICE,54:AF:97:24:47:83,-75,12,3728,100,702086861172,WPA2,1,0,1,8,1.0;2.0;5.5;11.0;9.0;18.0;36.0;54.0;6.0;12.0;24.0;48.0,4,11,,1,40,2,1,54:AF:97,Unknown,0,238
190072,Pearldrops,28:87:BA:00:91:73,-89,12,390,100,803648102772,WPA2,1,0,1,8,1.0;2.0;5.5;11.0;9.0;18.0;36.0;54.0;6.0;12.0;24.0;48.0,4,10,,1,40,2,1,28:87:BA,Unknown,0,240
190123,TNPOLICE,54:AF:97:24:47:83,-85,12,3729,100,702086963571,WPA2,1,0,1,8,1.0;2.0;5.5;11.0;9.0;18.0;36.0;54.0;6.0;12.0;24.0;48.0,4,11,,1,40,2,1,54:AF:97,Unknown,0,238
190177,TNPOLICE,54:AF:97:24:47:83,-79,13,3730,100,702087065978,WPA2,1,0,1,8,1.0;2.0;5.5;11.0;9.0;18.0;36.0;54.0;6.0;12.0;24.0;48.0,4,11,,1,40,2,1,54:AF:97,Unknown,0,238
190370,J2G,A2:E5:32:B6:46:90,-86,1,1250,100,314536653725,WPA2,1,0,1,8,1.0;2.0;5.5;11.0;18.0;24.0;36.0;54.0;6.0;9.0;12.0;48.0,4,1,IN,1,40,2,1,A2:E5:32,Unknown,0,223
190412,J5G,A2:E5:32:B6:46:94,-86,1,1251,100,314536655738,WPA2,1,0,1,8,1.0;2.0;5.5;11.0;18.0;24.0;36.0;54.0;6.0;9.0;12.0;48.0,4,1,IN,1,40,2,1,A2:E5:32,Unknown,0,223
190475,TNPolice_Beta,28:87:BA:2A:B6:16,-87,1,1786,100,702313677202,WPA2,1,0,1,8,1.0;2.0;5.5;11.0;9.0;18.0;36.0;54.0;6.0;12.0;24.0;48.0,4,1,,1,20,2,1,28:87:BA,Unknown,0,341
190506,,2A:87:BA:2A:B6:16,-89,1,1787,100,702313677219,WEP,1,0,1,0,,0,0,,0,0,0,0,2A:87:BA,Unknown,0,263
190549,J2G,A2:E5:32:B6:46:90,-94,1,1252,100,314536756112,WPA2,1,0,1,8,1.0;2.0;5.5;11.0;18.0;24.0;36.0;54.0;6.0;9.0;12.0;48.0,4,1,IN,1,40,2,1,A2:E5:32,Unknown,0,223
190601,J5G,A2:E5:32:B6:46:94,-95,1,1253,100,314536758116,WPA2,1,0,1,8,1.0;2.0;5.5;11.0;18.0;24.0;36.0;54.0;6.0;9.0;12.0;48.0,4,1,IN,1,40,2,1,A2:E5:32,Unknown,0,223
190623,,C2:07:1D:D4:36:89,-90,1,3350,100,803622711054,WEP,1,1,1,0,,0,0,,0,0,0,0,C2:07:1D,Unknown,0,431
190654,,2A:87:BA:2A:B6:16,-85,1,1789,100,702313779598,WEP,1,0,1,0,,0,0,,0,0,0,0,2A:87:BA,Unknown,0,263
190706,J2G,A2:E5:32:B6:46:90,-92,1,1254,100,314536858563,WPA2,1,0,1,8,1.0;2.0;5.5;11.0;18.0;24.0;36.0;54.0;6.0;9.0;12.0;48.0,4,1,IN,1,40,2,1,A2:E5:32,Unknown,0,223
190759,J5G,A2:E5:32:B6:46:94,-92,1,1255,100,314536860558,WPA2,1,0,1,8,1.0;2.0;5.5;11.0;18.0;24.0;36.0;54.0;6.0;9.0;12.0;48.0,4,1,IN,1,40,2,1,A2:E5:32,Unknown,0,223
190811,TNPolice_Beta,28:87:BA:2A:B6:16,-86,1,1790,100,702313882030,WPA2,1,0,1,8,1.0;2.0;5.5;11.0;9.0;18.0;36.0;54.0;6.0;12.0;24.0;48.0,4,1,,1,20,2,1,28:87:BA,Unknown,0,341
190843,,2A:87:BA:2A:B6:16,-85,1,1791,100,702313882009,WEP,1,0,1,0,,0,0,,0,0,0,0,2A:87:BA,Unknown,0,263
190896,TNPolice_Beta,28:87:BA:2A:B6:16,-86,2,1792,100,702313984415,WPA2,1,0,1,8,1.0;2.0;5.5;11.0;9.0;18.0;36.0;54.0;6.0;12.0;24.0;48.0,4,1,,1,20,2,1,28:87:BA,Unknown,0,341
190924,,2A:87:BA:2A:B6:16,-86,2,1793,100,702313984428,WEP,1,0,1,0,,0,0,,0,0,0,0,2A:87:BA,Unknown,0,263
190987,Villa7,BC:07:1D:D4:35:49,-88,3,3213,100,780090880384,WPA2,1,1,1,8,1.0;2.0;5.5;11.0;6.0;9.0;12.0;18.0;24.0;36.0;48.0;54.0,4,2,US,1,40,2,1,BC:07:1D,Unknown,0,408
191154,,9E:53:22:2A:F5:19,-91,4,2971,100,803666227614,WEP,1,0,1,0,,0,0,,0,0,0,0,9E:53:22,Unknown,0,334
191260,SKYSUN-R1,5C:62:8B:F0:A0:69,-94,4,2795,100,4059033932,WPA2,1,0,1,8,1.0;2.0;5.5;11.0;9.0;18.0;36.0;54.0;6.0;12.0;24.0;48.0,4,4,,1,40,2,1,5C:62:8B,Unknown,0,239
191282,,9E:53:22:2A:F5:19,-91,4,2975,100,803666330007,WEP,1,0,1,0,,0,0,,0,0,0,0,9E:53:22,Unknown,0,334
191461,,9E:53:22:2A:F5:19,-90,5,2983,100,803666534814,WEP,1,0,1,0,,0,0,,0,0,0,0,9E:53:22,Unknown,0,334
191514,KeethuSri ACT,3C:6A:D2:16:D6:7E,-84,5,1100,100,553812275589,WPA2,1,1,1,8,1.0;2.0;5.5;11.0;6.0;9.0;12.0;18.0;24.0;36.0;48.0;54.0,4,7,US,1,40,2,1,3C:6A:D2,Unknown,0,310
191631,,42:6A:D2:16:D6:7E,-85,6,1761,100,553812377989,WEP,1,1,1,0,,0,0,,0,0,0,0,42:6A:D2,Unknown,0,326
191673,ACT103619873565,E8:48:B8:FB:00:99,-94,6,1390,100,52289331572,WPA2,1,0,0,8,1.0;2.0;5.5;11.0;9.0;18.0;36.0;54.0;6.0;12.0;24.0;48.0,4,6,,1,40,2,1,E8:48:B8,Unknown,0,245
191726,ACT103619873565_5g,EA:48:B8:F9:00:99,-91,6,1391,100,52289333742,WPA2,1,0,0,8,1.0;2.0;5.5;11.0;9.0;18.0;36.0;54.0;6.0;12.0;24.0;48.0,4,6,,1,40,2,1,EA:48:B8,Unknown,0,248
191786,KeethuSri ACT,3C:6A:D2:16:D6:7E,-85,6,1102,100,553812480389,WPA2,1,1,1,8,1.0;2.0;5.5;11.0;6.0;9.0;12.0;18.0;24.0;36.0;48.0;54.0,4,7,US,1,40,2,1,3C:6A:D2,Unknown,0,310
191839,Airtel_khus_2604,6C:4F:89:0B:6E:49,-93,6,3447,100,1783431785502,WPA2,1,0,1,8,1.0;2.0;5.5;11.0;6.0;9.0;12.0;18.0;24.0;36.0;48.0;54.0,4,6,IN,1,20,2,1,6C:4F:89,Unknown,0,312
191861,,42:6A:D2:16:D6:7E,-87,6,1762,100,553812480389,WEP,1,1,1,0,,0,0,,0,0,0,0,42:6A:D2,Unknown,0,326
191913,KeethuSri ACT,3C:6A:D2:16:D6:7E,-87,6,1103,100,553812582789,WPA2,1,1,1,8,1.0;2.0;5.5;11.0;6.0;9.0;12.0;18.0;24.0;36.0;48.0;54.0,4,7,US,1,40,2,1,3C:6A:D2,Unknown,0,310
191946,,42:6A:D2:16:D6:7E,-87,7,1763,100,553812582789,WEP,1,1,1,0,,0,0,,0,0,0,0,42:6A:D2,Unknown,0,326
191995,ACT103619873565,E8:48:B8:FB:00:99,-92,7,1394,100,52289536377,WPA2,1,0,0,8,1.0;2.0;5.5;11.0;9.0;18.0;36.0;54.0;6.0;12.0;24.0;48.0,4,6,,1,40,2,1,E8:48:B8,Unknown,0,245
192048,ACT103619873565_5g,EA:48:B8:F9:00:99,-96,7,1395,100,52289538547,WPA2,1,0,0,8,1.0;2.0;5.5;11.0;9.0;18.0;36.0;54.0;6.0;12.0;24.0;48.0,4,6,,1,40,2,1,EA:48:B8,Unknown,0,248
192100,KeethuSri ACT,3C:6A:D2:16:D6:7E,-88,7,1104,100,553812685189,WPA2,1,1,1,8,1.0;2.0;5.5;11.0;6.0;9.0;12.0;18.0;24.0;36.0;48.0;54.0,4,7,US,1,40,2,1,3C:6A:D2,Unknown,0,310
192133,,42:6A:D2:16:D4:4A,-92,7,3302,100,553763430789,WEP,1,1,1,0,,0,0,,0,0,0,0,42:6A:D2,Unknown,0,326
192186,KeethuSri ACT,3C:6A:D2:16:D6:7E,-83,7,1105,100,553812787589,WPA2,1,1,1,8,1.0;2.0;5.5;11.0;6.0;9.0;12.0;18.0;24.0;36.0;48.0;54.0,4,7,US,1,40,2,1,3C:6A:D2,Unknown,0,310
192249,KeethuSri ACT,3C:6A:D2:16:D4:4A,-95,7,888,100,553763533189,WPA2,1,1,1,8,1.0;2.0;5.5;11.0;6.0;9.0;12.0;18.0;24.0;36.0;48.0;54.0,4,7,US,1,40,2,1,3C:6A:D2,Unknown,0,310
192271,,42:6A:D2:16:D6:7E,-80,7,1765,100,553812787589,WEP,1,1,1,0,,0,0,,0,0,0,0,42:6A:D2,Unknown,0,326
192324,Pearldrops,28:EE:52:C6:EA:AA,-85,8,289,100,803657318734,WPA2,1,0,1,8,1.0;2.0;5.5;11.0;9.0;18.0;36.0;54.0;6.0;12.0;24.0;48.0,4,9,,1,40,2,0,28:EE:52,Unknown,0,232
192376,ACT-ai_103781533200,8C:86:DD:5B:46:50,-84,8,4060,100,803631411610,WPA2,1,0,1,8,1.0;2.0;5.5;11.0;9.0;18.0;36.0;54.0;6.0;12.0;24.0;48.0,4,9,DE,1,20,2,1,8C:86:DD,Unknown,0,369
192429,Annai123,D8:07:B6:EC:94:89,-82,8,1368,100,402523445735,WPA2,1,0,1,8,1.0;2.0;5.5;11.0;9.0;18.0;36.0;54.0;6.0;12.0;24.0;48.0,4,9,,1,40,2,1,D8:07:B6,Unknown,0,238
192477,Annai123_5G,DA:07:B6:E9:94:89,-83,8,1369,100,402523447849,WPA2,1,0,1,8,1.0;2.0;5.5;11.0;9.0;18.0;36.0;54.0;6.0;12.0;24.0;48.0,4,9,,1,40,2,1,DA:07:B6,Unknown,0,241
192541,KeethuSri ACT,3C:6A:D2:16:D6:7E,-82,8,1108,100,553813094789,WPA2,1,1,1,8,1.0;2.0;5.5;11.0;6.0;9.0;12.0;18.0;24.0;36.0;48.0;54.0,4,7,US,1,40,2,1,3C:6A:D2,Unknown,0,310
192593,KeethuSri ACT,3C:6A:D2:16:D4:4A,-91,8,891,100,553763840389,WPA2,1,1,1,8,1.0;2.0;5.5;11.0;6.0;9.0;12.0;18.0;24.0;36.0;48.0;54.0,4,7,US,1,40,2,1,3C:6A:D2,Unknown,0,310
192636,Pearldrops,28:EE:52:C6:EA:AA,-84,8,291,100,803657523534,WPA2,1,0,1,8,1.0;2.0;5.5;11.0;9.0;18.0;36.0;54.0;6.0;12.0;24.0;48.0,4,9,,1,40,2,0,28:EE:52,Unknown,0,232
192667,,42:6A:D2:16:D6:7E,-84,8,1769,100,553813197189,WEP,1,1,1,0,,0,0,,0,0,0,0,42:6A:D2,Unknown,0,326
192721,Pearldrops,28:EE:52:C6:EA:AA,-90,9,293,100,803657728339,WPA2,1,0,1,8,1.0;2.0;5.5;11.0;9.0;18.0;36.0;54.0;6.0;12.0;24.0;48.0,4,9,,1,40,2,0,28:EE:52,Unknown,0,232
192763,Annai123,D8:07:B6:EC:94:89,-81,9,1376,100,402523855334,WPA2,1,0,1,8,1.0;2.0;5.5;11.0;9.0;18.0;36.0;54.0;6.0;12.0;24.0;48.0,4,9,,1,40,2,1,D8:07:B6,Unknown,0,238
192816,Annai123_5G,DA:07:B6:E9:94:89,-79,9,1377,100,402523857447,WPA2,1,0,1,8,1.0;2.0;5.5;11.0;9.0;18.0;36.0;54.0;6.0;12.0;24.0;48.0,4,9,,1,40,2,1,DA:07:B6,Unknown,0,241
192858,Pearldrops,28:EE:52:C6:EA:AA,-83,9,294,100,803657830744,WPA2,1,0,1,8,1.0;2.0;5.5;11.0;9.0;18.0;36.0;54.0;6.0;12.0;24.0;48.0,4,9,,1,40,2,0,28:EE:52,Unknown,0,232
192901,TNPOLICE,54:AF:97:24:47:83,-86,10,3756,100,702089728338,WPA2,1,0,1,8,1.0;2.0;5.5;11.0;9.0;18.0;36.0;54.0;6.0;12.0;24.0;48.0,4,11,,1,40,2,1,54:AF:97,Unknown,0,238
192964,Pearldrops,28:EE:52:C6:EA:AA,-84,10,295,100,803657933137,WPA2,1,0,1,8,1.0;2.0;5.5;11.0;9.0;18.0;36.0;54.0;6.0;12.0;24.0;48.0,4,9,,1,40,2,0,28:EE:52,Unknown,0,232
193017,Annai123,D8:07:B6:EC:94:89,-81,10,1380,100,402524060149,WPA2,1,0,1,8,1.0;2.0;5.5;11.0;9.0;18.0;36.0;54.0;6.0;12.0;24.0;48.0,4,9,,1,40,2,1,D8:07:B6,Unknown,0,238
193059,Pearldrops_5G,2A:87:BA:01:91:73,-92,10,447,100,803650974566,WPA2,1,0,1,8,1.0;2.0;5.5;11.0;9.0;18.0;36.0;54.0;6.0;12.0;24.0;48.0,4,10,,1,40,2,1,2A:87:BA,Unknown,0,243
193112,TNPOLICE,54:AF:97:24:47:83,-94,11,3758,100,702089933135,WPA2,1,0,1,8,1.0;2.0;5.5;11.0;9.0;18.0;36.0;54.0;6.0;12.0;24.0;48.0,4,11,,1,40,2,1,54:AF:97,Unknown,0,238
193154,TNPOLICE,54:AF:97:24:47:83,-92,11,3759,100,702090035540,WPA2,1,0,1,8,1.0;2.0;5.5;11.0;9.0;18.0;36.0;54.0;6.0;12.0;24.0;48.0,4,11,,1,40,2,1,54:AF:97,Unknown,0,238
193203,TNPOLICE,54:AF:97:24:47:83,-88,12,3760,100,702090137943,WPA2,1,0,1,8,1.0;2.0;5.5;11.0;9.0;18.0;36.0;54.0;6.0;12.0;24.0;48.0,4,11,,1,40,2,1,54:AF:97,Unknown,0,238
193634,Villa7,BC:07:1D:D4:35:49,-82,1,3239,100,780093542784,WPA2,1,1,1,8,1.0;2.0;5.5;11.0;6.0;9.0;12.0;18.0;24.0;36.0;48.0;54.0,4,2,US,1,40,2,1,BC:07:1D,Unknown,0,408
193684,,2A:87:BA:2A:B6:16,-92,1,1851,100,702316954004,WEP,1,0,1,0,,0,0,,0,0,0,0,2A:87:BA,Unknown,0,263
193737,Villa7,BC:07:1D:D4:35:49,-83,1,3240,100,780093645184,WPA2,1,1,1,8,1.0;2.0;5.5;11.0;6.0;9.0;12.0;18.0;24.0;36.0;48.0;54.0,4,2,US,1,40,2,1,BC:07:1D,Unknown,0,408
193800,Villa7,BC:07:1D:D4:36:89,-84,1,162,100,803625984384,WPA2,1,1,1,8,1.0;2.0;5.5;11.0;6.0;9.0;12.0;18.0;24.0;36.0;48.0;54.0,4,2,US,1,40,2,1,BC:07:1D,Unknown,0,408
193831,,C2:07:1D:D4:36:89,-84,1,3382,100,803625987854,WEP,1,1,1,0,,0,0,,0,0,0,0,C2:07:1D,Unknown,0,431
193885,TNPolice_Beta,28:87:BA:2A:B6:16,-94,1,1852,100,702317056411,WPA2,1,0,1,8,1.0;2.0;5.5;11.0;9.0;18.0;36.0;54.0;6.0;12.0;24.0;48.0,4,1,,1,20,2,1,28:87:BA,Unknown,0,341
193917,,2A:87:BA:2A:B6:16,-91,1,1853,100,702317056425,WEP,1,0,1,0,,0,0,,0,0,0,0,2A:87:BA,Unknown,0,263
193938,,C2:07:1D:D4:35:49,-86,1,1088,100,780093751054,WEP,1,1,1,0,,0,0,,0,0,0,0,C2:07:1D,Unknown,0,431
193970,,C2:07:1D:D4:36:89,-85,1,3383,100,803626090254,WEP,1,1,1,0,,0,0,,0,0,0,0,C2:07:1D,Unknown,0,431
193999,,C2:07:1D:D4:35:49,-84,2,1089,100,780093853454,WEP,1,1,1,0,,0,0,,0,0,0,0,C2:07:1D,Unknown,0,431
194062,Villa7,BC:07:1D:D4:36:89,-77,2,164,100,803626189184,WPA2,1,1,1,8,1.0;2.0;5.5;11.0;6.0;9.0;12.0;18.0;24.0;36.0;48.0;54.0,4,2,US,1,40,2,1,BC:07:1D,Unknown,0,408
194083,,C2:07:1D:D4:36:89,-79,2,3384,100,803626192654,WEP,1,1,1,0,,0,0,,0,0,0,0,C2:07:1D,Unknown,0,431
194147,Villa7,BC:07:1D:D4:35:49,-85,2,3243,100,780093952384,WPA2,1,1,1,8,1.0;2.0;5.5;11.0;6.0;9.0;12.0;18.0;24.0;36.0;48.0;54.0,4,2,US,1,40,2,1,BC:07:1D,Unknown,0,408
194168,,C2:07:1D:D4:35:49,-85,2,1090,100,780093955854,WEP,1,1,1,0,,0,0,,0,0,0,0,C2:07:1D,Unknown,0,431
194238,Villa7,BC:07:1D:D4:36:89,-77,2,165,100,803626291584,WPA2,1,1,1,8,1.0;2.0;5.5;11.0;6.0;9.0;12.0;18.0;24.0;36.0;48.0;54.0,4,2,US,1,40,2,1,BC:07:1D,Unknown,0,408
194260,,C2:07:1D:D4:36:89,-77,2,3385,100,803626295054,WEP,1,1,1,0,,0,0,,0,0,0,0,C2:07:1D,Unknown,0,431
194323,Villa7,BC:07:1D:D4:36:89,-89,3,166,100,803626393984,WPA2,1,1,1,8,1.0;2.0;5.5;11.0;6.0;9.0;12.0;18.0;24.0;36.0;48.0;54.0,4,2,US,1,40,2,1,BC:07:1D,Unknown,0,408
194376,Villa7,BC:07:1D:D4:36:89,-85,3,167,100,803626496384,WPA2,1,1,1,8,1.0;2.0;5.5;11.0;6.0;9.0;12.0;18.0;24.0;36.0;48.0;54.0,4,2,US,1,40,2,1,BC:07:1D,Unknown,0,408
194407,,C2:07:1D:D4:36:89,-84,3,3387,100,803626499854,WEP,1,1,1,0,,0,0,,0,0,0,0,C2:07:1D,Unknown,0,431
194471,Villa7,BC:07:1D:D4:35:49,-85,3,3246,100,780094259584,WPA2,1,1,1,8,1.0;2.0;5.5;11.0;6.0;9.0;12.0;18.0;24.0;36.0;48.0;54.0,4,2,US,1,40,2,1,BC:07:1D,Unknown,0,408
194493,,C2:07:1D:D4:35:49,-83,3,1093,100,780094263054,WEP,1,1,1,0,,0,0,,0,0,0,0,C2:07:1D,Unknown,0,431
194524,,C2:07:1D:D4:36:89,-83,3,3388,100,803626602254,WEP,1,1,1,0,,0,0,,0,0,0,0,C2:07:1D,Unknown,0,431
194587,Villa7,BC:07:1D:D4:35:49,-80,3,3247,100,780094361984,WPA2,1,1,1,8,1.0;2.0;5.5;11.0;6.0;9.0;12.0;18.0;24.0;36.0;48.0;54.0,4,2,US,1,40,2,1,BC:07:1D,Unknown,0,408
194609,,9E:53:22:2A:F5:19,-88,4,3107,100,803669608407,WEP,1,0,1,0,,0,0,,0,0,0,0,9E:53:22,Unknown,0,334
194678,Villa7,BC:07:1D:D4:36:89,-84,4,170,100,803626803584,WPA2,1,1,1,8,1.0;2.0;5.5;11.0;6.0;9.0;12.0;18.0;24.0;36.0;48.0;54.0,4,2,US,1,40,2,1,BC:07:1D,Unknown,0,408
194700,,C2:07:1D:D4:36:89,-83,4,3390,100,803626807054,WEP,1,1,1,0,,0,0,,0,0,0,0,C2:07:1D,Unknown,0,431
194731,,9E:53:22:2A:F5:19,-87,5,3110,100,803669709199,WEP,1,0,1,0,,0,0,,0,0,0,0,9E:53:22,Unknown,0,334
194774,ACT103619873565_5g,EA:48:B8:F9:00:99,-90,5,1451,100,52292405701,WPA2,1,0,0,8,1.0;2.0;5.5;11.0;9.0;18.0;36.0;54.0;6.0;12.0;24.0;48.0,4,6,,1,40,2,1,EA:48:B8,Unknown,0,248
194950,ACT103619873565,E8:48:B8:FB:00:99,-85,6,1454,100,52292608342,WPA2,1,0,0,8,1.0;2.0;5.5;11.0;9.0;18.0;36.0;54.0;6.0;12.0;24.0;48.0,4,6,,1,40,2,1,E8:48:B8,Unknown,0,245
195001,ACT103619873565_5g,EA:48:B8:F9:00:99,-85,6,1455,100,52292610512,WPA2,1,0,0,8,1.0;2.0;5.5;11.0;9.0;18.0;36.0;54.0;6.0;12.0;24.0;48.0,4,6,,1,40,2,1,EA:48:B8,Unknown,0,248
195054,KeethuSri ACT,3C:6A:D2:16:D6:7E,-77,6,1134,100,553815757189,WPA2,1,1,1,8,1.0;2.0;5.5;11.0;6.0;9.0;12.0;18.0;24.0;36.0;48.0;54.0,4,7,US,1,40,2,1,3C:6A:D2,Unknown,0,310
195107,Airtel_khus_2604,6C:4F:89:0B:6E:49,-93,6,3479,100,1783435059230,WPA2,1,0,1,8,1.0;2.0;5.5;11.0;6.0;9.0;12.0;18.0;24.0;36.0;48.0;54.0,4,6,IN,1,20,2,1,6C:4F:89,Unknown,0,312
195159,ACT103619873565,E8:48:B8:FB:00:99,-82,6,1456,100,52292710747,WPA2,1,0,0,8,1.0;2.0;5.5;11.0;9.0;18.0;36.0;54.0;6.0;12.0;24.0;48.0,4,6,,1,40,2,1,E8:48:B8,Unknown,0,245
195202,ACT103619873565_5g,EA:48:B8:F9:00:99,-83,6,1457,100,52292712917,WPA2,1,0,0,8,1.0;2.0;5.5;11.0;9.0;18.0;36.0;54.0;6.0;12.0;24.0;48.0,4,6,,1,40,2,1,EA:48:B8,Unknown,0,248
195264,KeethuSri ACT,3C:6A:D2:16:D6:7E,-77,6,1135,100,553815859589,WPA2,1,1,1,8,1.0;2.0;5.5;11.0;6.0;9.0;12.0;18.0;24.0;36.0;48.0;54.0,4,7,US,1,40,2,1,3C:6A:D2,Unknown,0,310
195296,,42:6A:D2:16:D6:7E,-72,7,1795,100,553815859589,WEP,1,1,1,0,,0,0,,0,0,0,0,42:6A:D2,Unknown,0,326
195349,KeethuSri ACT,3C:6A:D2:16:D6:7E,-72,7,1136,100,553815961989,WPA2,1,1,1,8,1.0;2.0;5.5;11.0;6.0;9.0;12.0;18.0;24.0;36.0;48.0;54.0,4,7,US,1,40,2,1,3C:6A:D2,Unknown,0,310
195380,,42:6A:D2:16:D6:7E,-72,7,1796,100,553815961989,WEP,1,1,1,0,,0,0,,0,0,0,0,42:6A:D2,Unknown,0,326
195423,ACT103619873565,E8:48:B8:FB:00:99,-89,7,1460,100,52292915541,WPA2,1,0,0,8,1.0;2.0;5.5;11.0;9.0;18.0;36.0;54.0;6.0;12.0;24.0;48.0,4,6,,1,40,2,1,E8:48:B8,Unknown,0,245
195452,,42:6A:D2:16:D6:7E,-72,7,1797,100,553816064389,WEP,1,1,1,0,,0,0,,0,0,0,0,42:6A:D2,Unknown,0,326
195515,KeethuSri ACT,3C:6A:D2:16:D6:7E,-74,7,1138,100,553816166789,WPA2,1,1,1,8,1.0;2.0;5.5;11.0;6.0;9.0;12.0;18.0;24.0;36.0;48.0;54.0,4,7,US,1,40,2,1,3C:6A:D2,Unknown,0,310
195557,Airtel_khus_2604,6C:4F:89:0B:6E:49,-91,7,3483,100,1783435468848,WPA2,1,0,1,8,1.0;2.0;5.5;11.0;6.0;9.0;12.0;18.0;24.0;36.0;48.0;54.0,4,6,IN,1,20,2,1,6C:4F:89,Unknown,0,312
195589,,42:6A:D2:16:D6:7E,-73,7,1798,100,553816166789,WEP,1,1,1,0,,0,0,,0,0,0,0,42:6A:D2,Unknown,0,326
195632,Annai123,D8:07:B6:EC:94:89,-74,8,1434,100,402526824910,WPA2,1,0,1,8,1.0;2.0;5.5;11.0;9.0;18.0;36.0;54.0;6.0;12.0;24.0;48.0,4,9,,1,40,2,1,D8:07:B6,Unknown,0,238
195685,Pearldrops,28:EE:52:C6:EA:AA,-91,9,323,100,803660800368,WPA2,1,0,1,8,1.0;2.0;5.5;11.0;9.0;18.0;36.0;54.0;6.0;12.0;24.0;48.0,4,9,,1,40,2,0,28:EE:52,Unknown,0,232
195727,Annai123,D8:07:B6:EC:94:89,-81,9,1436,100,402526927331,WPA2,1,0,1,8,1.0;2.0;5.5;11.0;9.0;18.0;36.0;54.0;6.0;12.0;24.0;48.0,4,9,,1,40,2,1,D8:07:B6,Unknown,0,238
195780,Annai123_5G,DA:07:B6:E9:94:89,-89,9,1437,100,402526929445,WPA2,1,0,1,8,1.0;2.0;5.5;11.0;9.0;18.0;36.0;54.0;6.0;12.0;24.0;48.0,4,9,,1,40,2,1,DA:07:B6,Unknown,0,241
195843,KeethuSri ACT,3C:6A:D2:16:D6:7E,-81,9,1141,100,553816473989,WPA2,1,1,1,8,1.0;2.0;5.5;11.0;6.0;9.0;12.0;18.0;24.0;36.0;48.0;54.0,4,7,US,1,40,2,1,3C:6A:D2,Unknown,0,310
195885,Pearldrops,28:EE:52:C6:EA:AA,-93,9,324,100,803660902771,WPA2,1,0,1,8,1.0;2.0;5.5;11.0;9.0;18.0;36.0;54.0;6.0;12.0;24.0;48.0,4,9,,1,40,2,0,28:EE:52,Unknown,0,232
195933,Annai123,D8:07:B6:EC:94:89,-73,9,1438,100,402527029734,WPA2,1,0,1,8,1.0;2.0;5.5;11.0;9.0;18.0;36.0;54.0;6.0;12.0;24.0;48.0,4,9,,1,40,2,1,D8:07:B6,Unknown,0,238
195986,Annai123_5G,DA:07:B6:E9:94:89,-74,9,1439,100,402527031848,WPA2,1,0,1,8,1.0;2.0;5.5;11.0;9.0;18.0;36.0;54.0;6.0;12.0;24.0;48.0,4,9,,1,40,2,1,DA:07:B6,Unknown,0,241
196029,Pearldrops,28:EE:52:C6:EA:AA,-98,9,325,100,803661005173,WPA2,1,0,1,8,1.0;2.0;5.5;11.0;9.0;18.0;36.0;54.0;6.0;12.0;24.0;48.0,4,9,,1,40,2,0,28:EE:52,Unknown,0,232
196082,ACT-ai_103781533200,8C:86:DD:5B:46:50,-86,9,0,100,803635097996,WPA2,1,0,1,8,1.0;2.0;5.5;11.0;9.0;18.0;36.0;54.0;6.0;12.0;24.0;48.0,4,9,DE,1,20,2,1,8C:86:DD,Unknown,0,369
196134,Annai123,D8:07:B6:EC:94:89,-82,9,1440,100,402527132110,WPA2,1,0,1,8,1.0;2.0;5.5;11.0;9.0;18.0;36.0;54.0;6.0;12.0;24.0;48.0,4,9,,1,40,2,1,D8:07:B6,Unknown,0,238
196187,Annai123_5G,DA:07:B6:E9:94:89,-85,9,1441,100,402527134224,WPA2,1,0,1,8,1.0;2.0;5.5;11.0;9.0;18.0;36.0;54.0;6.0;12.0;24.0;48.0,4,9,,1,40,2,1,DA:07:B6,Unknown,0,241
196251,ACT-ai_103781533200,8C:86:DD:5B:46:50,-86,10,2,100,803635302811,WPA2,1,0,1,8,1.0;2.0;5.5;11.0;9.0;18.0;36.0;54.0;6.0;12.0;24.0;48.0,4,9,DE,1,20,2,1,8C:86:DD,Unknown,0,369
196293,Annai123_5G,DA:07:B6:E9:94:89,-87,10,1447,100,402527441433,WPA2,1,0,1,8,1.0;2.0;5.5;11.0;9.0;18.0;36.0;54.0;6.0;12.0;24.0;48.0,4,9,,1,40,2,1,DA:07:B6,Unknown,0,241
196346,TNPOLICE,54:AF:97:24:47:83,-91,11,3790,100,702093209972,WPA2,1,0,1,8,1.0;2.0;5.5;11.0;9.0;18.0;36.0;54.0;6.0;12.0;24.0;48.0,4,11,,1,40,2,1,54:AF:97,Unknown,0,238
196388,Vishaka,54:AF:97:6C:D4:DA,-92,11,3172,100,469434675515,WPA2,1,0,1,8,1.0;2.0;5.5;11.0;9.0;18.0;36.0;54.0;6.0;12.0;24.0;48.0,4,11,,1,40,2,1,54:AF:97,Unknown,0,237
196451,Vishaka_5G,56:AF:97:69:D4:DA,-91,11,3173,100,469434677621,WPA2,1,0,1,8,1.0;2.0;5.5;11.0;9.0;18.0;36.0;54.0;6.0;12.0;24.0;48.0,4,11,,1,40,2,1,56:AF:97,Unknown,0,240
196494,Vishaka,54:AF:97:6C:D4:DA,-93,12,3174,100,469434777915,WPA2,1,0,1,8,1.0;2.0;5.5;11.0;9.0;18.0;36.0;54.0;6.0;12.0;24.0;48.0,4,11,,1,40,2,1,54:AF:97,Unknown,0,237
196547,Vishaka_5G,56:AF:97:69:D4:DA,-93,12,3175,100,469434780020,WPA2,1,0,1,8,1.0;2.0;5.5;11.0;9.0;18.0;36.0;54.0;6.0;12.0;24.0;48.0,4,11,,1,40,2,1,56:AF:97,Unknown,0,240
196589,TNPOLICE,54:AF:97:24:47:83,-91,12,3792,100,702093414772,WPA2,1,0,1,8,1.0;2.0;5.5;11.0;9.0;18.0;36.0;54.0;6.0;12.0;24.0;48.0,4,11,,1,40,2,1,54:AF:97,Unknown,0,238
196924,J2G,A2:E5:32:B6:46:90,-92,1,1422,100,314543207450,WPA2,1,0,1,8,1.0;2.0;5.5;11.0;18.0;24.0;36.0;54.0;6.0;9.0;12.0;48.0,4,1,IN,1,40,2,1,A2:E5:32,Unknown,0,223
196982,JioFiber_24GH_KRR,A8:88:1F:20:7B:61,-95,1,3144,100,284317901221,WPA2,1,0,1,8,1.0;2.0;5.5;11.0;9.0;18.0;36.0;54.0;6.0;12.0;24.0;48.0,4,1,IN,1,20,2,1,A8:88:1F,Unknown,0,290
197083,JioFiber_24GH_KRR,A8:88:1F:20:7B:61,-92,1,3145,100,284318003601,WPA2,1,0,1,8,1.0;2.0;5.5;11.0;9.0;18.0;36.0;54.0;6.0;12.0;24.0;48.0,4,1,IN,1,20,2,1,A8:88:1F,Unknown,0,290
197137,Villa7,BC:07:1D:D4:35:49,-79,2,3273,100,780097024384,WPA2,1,1,1,8,1.0;2.0;5.5;11.0;6.0;9.0;12.0;18.0;24.0;36.0;48.0;54.0,4,2,US,1,40,2,1,BC:07:1D,Unknown,0,408
197168,,C2:07:1D:D4:35:49,-78,2,1120,100,780097027854,WEP,1,1,1,0,,0,0,,0,0,0,0,C2:07:1D,Unknown,0,431
197221,Villa7,BC:07:1D:D4:36:89,-80,2,195,100,803629363584,WPA2,1,1,1,8,1.0;2.0;5.5;11.0;6.0;9.0;12.0;18.0;24.0;36.0;48.0;54.0,4,2,US,1,40,2,1,BC:07:1D,Unknown,0,408
197263,,C2:07:1D:D4:36:89,-81,2,3415,100,803629367054,WEP,1,1,1,0,,0,0,,0,0,0,0,C2:07:1D,Unknown,0,431
197326,Villa7,BC:07:1D:D4:35:49,-78,2,3274,100,780097126784,WPA2,1,1,1,8,1.0;2.0;5.5;11.0;6.0;9.0;12.0;18.0;24.0;36.0;48.0;54.0,4,2,US,1,40,2,1,BC:07:1D,Unknown,0,408
197348,,C2:07:1D:D4:35:49,-79,2,1121,100,780097130254,WEP,1,1,1,0,,0,0,,0,0,0,0,C2:07:1D,Unknown,0,431
197411,Villa7,BC:07:1D:D4:36:89,-78,2,196,100,803629465984,WPA2,1,1,1,8,1.0;2.0;5.5;11.0;6.0;9.0;12.0;18.0;24.0;36.0;48.0;54.0,4,2,US,1,40,2,1,BC:07:1D,Unknown,0,408
197433,,C2:07:1D:D4:36:89,-78,2,3416,100,803629469454,WEP,1,1,1,0,,0,0,,0,0,0,0,C2:07:1D,Unknown,0,431
197503,Villa7,BC:07:1D:D4:35:49,-79,2,3275,100,780097229184,WPA2,1,1,1,8,1.0;2.0;5.5;11.0;6.0;9.0;12.0;18.0;24.0;36.0;48.0;54.0,4,2,US,1,40,2,1,BC:07:1D,Unknown,0,408
197556,Ganapathy,A8:29:48:63:F7:C7,-92,3,3168,100,803636633995,WPA2,1,0,1,8,1.0;2.0;5.5;11.0;9.0;18.0;36.0;54.0;6.0;12.0;24.0;48.0,4,3,DE,1,20,2,1,A8:29:48,Unknown,0,327
197609,Villa7,BC:07:1D:D4:35:49,-79,3,3276,100,780097331584,WPA2,1,1,1,8,1.0;2.0;5.5;11.0;6.0;9.0;12.0;18.0;24.0;36.0;48.0;54.0,4,2,US,1,40,2,1,BC:07:1D,Unknown,0,408
197640,,9E:53:22:2A:F5:19,-83,3,3219,100,803672474027,WEP,1,0,1,0,,0,0,,0,0,0,0,9E:53:22,Unknown,0,334
197703,Villa7,BC:07:1D:D4:36:89,-84,3,198,100,803629670784,WPA2,1,1,1,8,1.0;2.0;5.5;11.0;6.0;9.0;12.0;18.0;24.0;36.0;48.0;54.0,4,2,US,1,40,2,1,BC:07:1D,Unknown,0,408
197734,,C2:07:1D:D4:36:89,-77,3,3419,100,803629776654,WEP,1,1,1,0,,0,0,,0,0,0,0,C2:07:1D,Unknown,0,431
197787,Ganapathy,A8:29:48:63:F7:C7,-93,3,3174,100,803636838801,WPA2,1,0,1,8,1.0;2.0;5.5;11.0;9.0;18.0;36.0;54.0;6.0;12.0;24.0;48.0,4,3,DE,1,20,2,1,A8:29:48,Unknown,0,327
197808,,9E:53:22:2A:F5:19,-87,3,3227,100,803672678812,WEP,1,0,1,0,,0,0,,0,0,0,0,9E:53:22,Unknown,0,334
197871,Villa7,BC:07:1D:D4:35:49,-85,3,3279,100,780097638784,WPA2,1,1,1,8,1.0;2.0;5.5;11.0;6.0;9.0;12.0;18.0;24.0;36.0;48.0;54.0,4,2,US,1,40,2,1,BC:07:1D,Unknown,0,408
197893,,9E:53:22:2A:F5:19,-88,4,3235,100,803672883616,WEP,1,0,1,0,,0,0,,0,0,0,0,9E:53:22,Unknown,0,334
197954,ACT103619873565,E8:48:B8:FB:00:99,-88,5,1512,100,52295577977,WPA2,1,0,0,8,1.0;2.0;5.5;11.0;9.0;18.0;36.0;54.0;6.0;12.0;24.0;48.0,4,6,,1,40,2,1,E8:48:B8,Unknown,0,245
198017,Santhanam G_1F,9C:53:22:3A:F5:19,-88,5,3238,100,803672986021,WPA2,1,0,1,8,1.0;2.0;5.5;11.0;9.0;18.0;36.0;54.0;6.0;12.0;24.0;48.0,4,4,,1,40,2,1,9C:53:22,Unknown,0,389
198070,KeethuSri ACT,3C:6A:D2:16:D6:7E,-84,5,1163,100,553818726789,WPA2,1,1,1,8,1.0;2.0;5.5;11.0;6.0;9.0;12.0;18.0;24.0;36.0;48.0;54.0,4,7,US,1,40,2,1,3C:6A:D2,Unknown,0,310
198123,ACT103619873565,E8:48:B8:FB:00:99,-89,5,1514,100,52295680371,WPA2,1,0,0,8,1.0;2.0;5.5;11.0;9.0;18.0;36.0;54.0;6.0;12.0;24.0;48.0,4,6,,1,40,2,1,E8:48:B8,Unknown,0,245
198166,ACT103619873565,E8:48:B8:FB:00:99,-85,6,1516,100,52295782771,WPA2,1,0,0,8,1.0;2.0;5.5;11.0;9.0;18.0;36.0;54.0;6.0;12.0;24.0;48.0,4,6,,1,40,2,1,E8:48:B8,Unknown,0,245
198217,ACT103619873565_5g,EA:48:B8:F9:00:99,-89,6,1517,100,52295784940,WPA2,1,0,0,8,1.0;2.0;5.5;11.0;9.0;18.0;36.0;54.0;6.0;12.0;24.0;48.0,4,6,,1,40,2,1,EA:48:B8,Unknown,0,248
198270,ACT103619873565,E8:48:B8:FB:00:99,-83,6,1518,100,52295885164,WPA2,1,0,0,8,1.0;2.0;5.5;11.0;9.0;18.0;36.0;54.0;6.0;12.0;24.0;48.0,4,6,,1,40,2,1,E8:48:B8,Unknown,0,245
198312,ACT103619873565_5g,EA:48:B8:F9:00:99,-85,6,1519,100,52295887333,WPA2,1,0,0,8,1.0;2.0;5.5;11.0;9.0;18.0;36.0;54.0;6.0;12.0;24.0;48.0,4,6,,1,40,2,1,EA:48:B8,Unknown,0,248
198366,Airtel_khus_2604,6C:4F:89:0B:6E:49,-93,6,3511,100,1783438336048,WPA2,1,0,1,8,1.0;2.0;5.5;11.0;6.0;9.0;12.0;18.0;24.0;36.0;48.0;54.0,4,6,IN,1,20,2,1,6C:4F:89,Unknown,0,312
198408,ACT103619873565,E8:48:B8:FB:00:99,-86,6,1520,100,52295987567,WPA2,1,0,0,8,1.0;2.0;5.5;11.0;9.0;18.0;36.0;54.0;6.0;12.0;24.0;48.0,4,6,,1,40,2,1,E8:48:B8,Unknown,0,245
198468,ACT103619873565_5g,EA:48:B8:F9:00:99,-87,6,1521,100,52295989736,WPA2,1,0,0,8,1.0;2.0;5.5;11.0;9.0;18.0;36.0;54.0;6.0;12.0;24.0;48.0,4,6,,1,40,2,1,EA:48:B8,Unknown,0,248
198531,KeethuSri ACT,3C:6A:D2:16:D6:7E,-80,7,1167,100,553819136389,WPA2,1,1,1,8,1.0;2.0;5.5;11.0;6.0;9.0;12.0;18.0;24.0;36.0;48.0;54.0,4,7,US,1,40,2,1,3C:6A:D2,Unknown,0,310
198553,,42:6A:D2:16:D6:7E,-77,7,1827,100,553819136389,WEP,1,1,1,0,,0,0,,0,0,0,0,42:6A:D2,Unknown,0,326
198605,ACT103619873565,E8:48:B8:FB:00:99,-90,7,1522,100,52296089970,WPA2,1,0,0,8,1.0;2.0;5.5;11.0;9.0;18.0;36.0;54.0;6.0;12.0;24.0;48.0,4,6,,1,40,2,1,E8:48:B8,Unknown,0,245
198658,KeethuSri ACT,3C:6A:D2:16:D6:7E,-83,7,1168,100,553819238789,WPA2,1,1,1,8,1.0;2.0;5.5;11.0;6.0;9.0;12.0;18.0;24.0;36.0;48.0;54.0,4,7,US,1,40,2,1,3C:6A:D2,Unknown,0,310
198722,KeethuSri ACT,3C:6A:D2:16:D6:7E,-87,7,1169,100,553819341189,WPA2,1,1,1,8,1.0;2.0;5.5;11.0;6.0;9.0;12.0;18.0;24.0;36.0;48.0;54.0,4,7,US,1,40,2,1,3C:6A:D2,Unknown,0,310
198743,,42:6A:D2:16:D6:7E,-82,7,1829,100,553819341189,WEP,1,1,1,0,,0,0,,0,0,0,0,42:6A:D2,Unknown,0,326
198806,KeethuSri ACT,3C:6A:D2:16:D6:7E,-91,7,1170,100,553819443589,WPA2,1,1,1,8,1.0;2.0;5.5;11.0;6.0;9.0;12.0;18.0;24.0;36.0;48.0;54.0,4,7,US,1,40,2,1,3C:6A:D2,Unknown,0,310
198859,ACT-ai_103781533200,8C:86:DD:5B:46:50,-76,8,28,100,803637965207,WPA2,1,0,1,8,1.0;2.0;5.5;11.0;9.0;18.0;36.0;54.0;6.0;12.0;24.0;48.0,4,9,DE,1,20,2,1,8C:86:DD,Unknown,0,369
198922,ACT-ai_103781533200,8C:86:DD:5B:46:50,-78,8,29,100,803638067610,WPA2,1,0,1,8,1.0;2.0;5.5;11.0;9.0;18.0;36.0;54.0;6.0;12.0;24.0;48.0,4,9,DE,1,20,2,1,8C:86:DD,Unknown,0,369
198985,ACT-ai_103781533200,8C:86:DD:5B:46:50,-85,9,30,100,803638170023,WPA2,1,0,1,8,1.0;2.0;5.5;11.0;9.0;18.0;36.0;54.0;6.0;12.0;24.0;48.0,4,9,DE,1,20,2,1,8C:86:DD,Unknown,0,369
199037,Annai123,D8:07:B6:EC:94:89,-93,9,1500,100,402530204128,WPA2,1,0,1,8,1.0;2.0;5.5;11.0;9.0;18.0;36.0;54.0;6.0;12.0;24.0;48.0,4,9,,1,40,2,1,D8:07:B6,Unknown,0,238
199079,Annai123_5G,DA:07:B6:E9:94:89,-86,9,1501,100,402530206242,WPA2,1,0,1,8,1.0;2.0;5.5;11.0;9.0;18.0;36.0;54.0;6.0;12.0;24.0;48.0,4,9,,1,40,2,1,DA:07:B6,Unknown,0,241
199123,Pearldrops,28:EE:52:C6:EA:AA,-94,9,356,100,803664179541,WPA2,1,0,1,8,1.0;2.0;5.5;11.0;9.0;18.0;36.0;54.0;6.0;12.0;24.0;48.0,4,9,,1,40,2,0,28:EE:52,Unknown,0,232
199185,ACT-ai_103781533200,8C:86:DD:5B:46:50,-82,9,31,100,803638272417,WPA2,1,0,1,8,1.0;2.0;5.5;11.0;9.0;18.0;36.0;54.0;6.0;12.0;24.0;48.0,4,9,DE,1,20,2,1,8C:86:DD,Unknown,0,369
199235,Annai123,D8:07:B6:EC:94:89,-80,9,1502,100,402530306522,WPA2,1,0,1,8,1.0;2.0;5.5;11.0;9.0;18.0;36.0;54.0;6.0;12.0;24.0;48.0,4,9,,1,40,2,1,D8:07:B6,Unknown,0,238
199288,Annai123_5G,DA:07:B6:E9:94:89,-82,9,1503,100,402530308636,WPA2,1,0,1,8,1.0;2.0;5.5;11.0;9.0;18.0;36.0;54.0;6.0;12.0;24.0;48.0,4,9,,1,40,2,1,DA:07:B6,Unknown,0,241
199330,Annai123,D8:07:B6:EC:94:89,-84,10,1504,100,402530408925,WPA2,1,0,1,8,1.0;2.0;5.5;11.0;9.0;18.0;36.0;54.0;6.0;12.0;24.0;48.0,4,9,,1,40,2,1,D8:07:B6,Unknown,0,238
199383,Annai123_5G,DA:07:B6:E9:94:89,-82,10,1505,100,402530411039,WPA2,1,0,1,8,1.0;2.0;5.5;11.0;9.0;18.0;36.0;54.0;6.0;12.0;24.0;48.0,4,9,,1,40,2,1,DA:07:B6,Unknown,0,241
199425,Annai123,D8:07:B6:EC:94:89,-82,10,1506,100,402530512651,WPA2,1,0,1,8,1.0;2.0;5.5;11.0;9.0;18.0;36.0;54.0;6.0;12.0;24.0;48.0,4,9,,1,40,2,1,D8:07:B6,Unknown,0,238
199478,Annai123_5G,DA:07:B6:E9:94:89,-81,10,1507,100,402530514765,WPA2,1,0,1,8,1.0;2.0;5.5;11.0;9.0;18.0;36.0;54.0;6.0;12.0;24.0;48.0,4,9,,1,40,2,1,DA:07:B6,Unknown,0,241
199531,Annai123,D8:07:B6:EC:94:89,-85,10,1508,100,402530613700,WPA2,1,0,1,8,1.0;2.0;5.5;11.0;9.0;18.0;36.0;54.0;6.0;12.0;24.0;48.0,4,9,,1,40,2,1,D8:07:B6,Unknown,0,238
199574,Annai123_5G,DA:07:B6:E9:94:89,-84,10,1509,100,402530615813,WPA2,1,0,1,8,1.0;2.0;5.5;11.0;9.0;18.0;36.0;54.0;6.0;12.0;24.0;48.0,4,9,,1,40,2,1,DA:07:B6,Unknown,0,241
199626,Annai123_5G,DA:07:B6:E9:94:89,-79,10,1511,100,402530718243,WPA2,1,0,1,8,1.0;2.0;5.5;11.0;9.0;18.0;36.0;54.0;6.0;12.0;24.0;48.0,4,9,,1,40,2,1,DA:07:B6,Unknown,0,241
199669,Vishaka,54:AF:97:6C:D4:DA,-90,11,3236,100,469437952346,WPA2,1,0,1,8,1.0;2.0;5.5;11.0;9.0;18.0;36.0;54.0;6.0;12.0;24.0;48.0,4,11,,1,40,2,1,54:AF:97,Unknown,0,237
199721,Vishaka_5G,56:AF:97:69:D4:DA,-89,11,3237,100,469437954451,WPA2,1,0,1,8,1.0;2.0;5.5;11.0;9.0;18.0;36.0;54.0;6.0;12.0;24.0;48.0,4,11,,1,40,2,1,56:AF:97,Unknown,0,240
199774,TNPOLICE,54:AF:97:24:47:83,-90,11,3823,100,702096589142,WPA2,1,0,1,8,1.0;2.0;5.5;11.0;9.0;18.0;36.0;54.0;6.0;12.0;24.0;48.0,4,11,,1,40,2,1,54:AF:97,Unknown,0,238
200116,Villa7,BC:07:1D:D4:36:89,-77,1,224,100,803632333184,WPA2,1,1,1,8,1.0;2.0;5.5;11.0;6.0;9.0;12.0;18.0;24.0;36.0;48.0;54.0,4,2,US,1,40,2,1,BC:07:1D,Unknown,0,408
200138,,C2:07:1D:D4:36:89,-77,1,3444,100,803632336654,WEP,1,1,1,0,,0,0,,0,0,0,0,C2:07:1D,Unknown,0,431
200191,JioFiber-3TFFK_EXT,8C:90:2D:3C:03:B3,-94,1,3905,100,603616872270,WPA2,1,0,1,8,1.0;2.0;5.5;11.0;9.0;18.0;36.0;54.0;6.0;12.0;24.0;48.0,4,1,,1,20,2,0,8C:90:2D,Unknown,0,224
200250,JioFiber_24GH_KRR,A8:88:1F:20:7B:61,-88,1,3177,100,284321080617,WPA2,1,0,1,8,1.0;2.0;5.5;11.0;9.0;18.0;36.0;54.0;6.0;12.0;24.0;48.0,4,1,IN,1,20,2,1,A8:88:1F,Unknown,0,290
200272,,C2:07:1D:D4:36:89,-77,1,3445,100,803632439054,WEP,1,1,1,0,,0,0,,0,0,0,0,C2:07:1D,Unknown,0,431
200325,JioFiber-3TFFK_EXT,8C:90:2D:3C:03:B3,-92,1,3906,100,603616974508,WPA2,1,0,1,8,1.0;2.0;5.5;11.0;9.0;18.0;36.0;54.0;6.0;12.0;24.0;48.0,4,1,,1,20,2,0,8C:90:2D,Unknown,0,224
200377,Villa7,BC:07:1D:D4:35:49,-79,1,3304,100,780100198784,WPA2,1,1,1,8,1.0;2.0;5.5;11.0;6.0;9.0;12.0;18.0;24.0;36.0;48.0;54.0,4,2,US,1,40,2,1,BC:07:1D,Unknown,0,408
200441,JioFiber_24GH_KRR,A8:88:1F:20:7B:61,-90,1,3179,100,284321280404,WPA2,1,0,1,8,1.0;2.0;5.5;11.0;9.0;18.0;36.0;54.0;6.0;12.0;24.0;48.0,4,1,IN,1,20,2,1,A8:88:1F,Unknown,0,290
200494,JioFiber-3TFFK_EXT,8C:90:2D:3C:03:B3,-92,1,3907,100,603617076614,WPA2,1,0,1,8,1.0;2.0;5.5;11.0;9.0;18.0;36.0;54.0;6.0;12.0;24.0;48.0,4,1,,1,20,2,0,8C:90:2D,Unknown,0,224
200547,Villa7,BC:07:1D:D4:35:49,-73,2,3306,100,780100403584,WPA2,1,1,1,8,1.0;2.0;5.5;11.0;6.0;9.0;12.0;18.0;24.0;36.0;48.0;54.0,4,2,US,1,40,2,1,BC:07:1D,Unknown,0,408
200578,,C2:07:1D:D4:35:49,-74,2,1153,100,780100407054,WEP,1,1,1,0,,0,0,,0,0,0,0,C2:07:1D,Unknown,0,431
200641,Villa7,BC:07:1D:D4:36:89,-72,2,228,100,803632742784,WPA2,1,1,1,8,1.0;2.0;5.5;11.0;6.0;9.0;12.0;18.0;24.0;36.0;48.0;54.0,4,2,US,1,40,2,1,BC:07:1D,Unknown,0,408
200663,,C2:07:1D:D4:36:89,-71,2,3448,100,803632746254,WEP,1,1,1,0,,0,0,,0,0,0,0,C2:07:1D,Unknown,0,431
200732,Villa7,BC:07:1D:D4:35:49,-78,2,3307,100,780100505984,WPA2,1,1,1,8,1.0;2.0;5.5;11.0;6.0;9.0;12.0;18.0;24.0;36.0;48.0;54.0,4,2,US,1,40,2,1,BC:07:1D,Unknown,0,408
200785,Villa7,BC:07:1D:D4:36:89,-75,2,229,100,803632845184,WPA2,1,1,1,8,1.0;2.0;5.5;11.0;6.0;9.0;12.0;18.0;24.0;36.0;48.0;54.0,4,2,US,1,40,2,1,BC:07:1D,Unknown,0,408
200817,,C2:07:1D:D4:36:89,-75,2,3449,100,803632848654,WEP,1,1,1,0,,0,0,,0,0,0,0,C2:07:1D,Unknown,0,431
200879,Villa7,BC:07:1D:D4:35:49,-79,2,3308,100,780100608384,WPA2,1,1,1,8,1.0;2.0;5.5;11.0;6.0;9.0;12.0;18.0;24.0;36.0;48.0;54.0,4,2,US,1,40,2,1,BC:07:1D,Unknown,0,408
200902,,C2:07:1D:D4:36:89,-79,3,3450,100,803632951054,WEP,1,1,1,0,,0,0,,0,0,0,0,C2:07:1D,Unknown,0,431
200970,Villa7,BC:07:1D:D4:35:49,-80,3,3309,100,780100710784,WPA2,1,1,1,8,1.0;2.0;5.5;11.0;6.0;9.0;12.0;18.0;24.0;36.0;48.0;54.0,4,2,US,1,40,2,1,BC:07:1D,Unknown,0,408
201033,Villa7,BC:07:1D:D4:36:89,-84,3,231,100,803633049984,WPA2,1,1,1,8,1.0;2.0;5.5;11.0;6.0;9.0;12.0;18.0;24.0;36.0;48.0;54.0,4,2,US,1,40,2,1,BC:07:1D,Unknown,0,408
201055,,C2:07:1D:D4:36:89,-84,3,3451,100,803633053454,WEP,1,1,1,0,,0,0,,0,0,0,0,C2:07:1D,Unknown,0,431
201118,Santhanam G_1F,9C:53:22:3A:F5:19,-78,4,3362,100,803676058018,WPA2,1,0,1,8,1.0;2.0;5.5;11.0;9.0;18.0;36.0;54.0;6.0;12.0;24.0;48.0,4,4,,1,40,2,1,9C:53:22,Unknown,0,389
201171,Santhanam G_1F,9C:53:22:3A:F5:19,-80,4,3366,100,803676160393,WPA2,1,0,1,8,1.0;2.0;5.5;11.0;9.0;18.0;36.0;54.0;6.0;12.0;24.0;48.0,4,4,,1,40,2,1,9C:53:22,Unknown,0,389
201202,,9E:53:22:2A:F5:19,-84,4,3367,100,803676160399,WEP,1,0,1,0,,0,0,,0,0,0,0,9E:53:22,Unknown,0,334
201252,NISHA-SEN,D8:0D:17:F6:48:8A,-92,5,3400,100,121407693184,WPA2,1,1,1,8,1.0;2.0;5.5;11.0;6.0;9.0;12.0;18.0;24.0;36.0;48.0;54.0,4,5,,1,40,3,1,D8:0D:17,Unknown,0,272
201305,ACT103619873565,E8:48:B8:FB:00:99,-83,5,1578,100,52298957139,WPA2,1,0,0,8,1.0;2.0;5.5;11.0;9.0;18.0;36.0;54.0;6.0;12.0;24.0;48.0,4,6,,1,40,2,1,E8:48:B8,Unknown,0,245
201358,ACT103619873565_5g,EA:48:B8:F9:00:99,-86,5,1579,100,52298959309,WPA2,1,0,0,8,1.0;2.0;5.5;11.0;9.0;18.0;36.0;54.0;6.0;12.0;24.0;48.0,4,6,,1,40,2,1,EA:48:B8,Unknown,0,248
201410,Santhanam G_1F,9C:53:22:3A:F5:19,-86,5,3374,100,803676365206,WPA2,1,0,1,8,1.0;2.0;5.5;11.0;9.0;18.0;36.0;54.0;6.0;12.0;24.0;48.0,4,4,,1,40,2,1,9C:53:22,Unknown,0,389
201441,,9E:53:22:2A:F5:19,-91,5,3375,100,803676365212,WEP,1,0,1,0,,0,0,,0,0,0,0,9E:53:22,Unknown,0,334
201484,ACT103619873565,E8:48:B8:FB:00:99,-90,5,1580,100,52299059546,WPA2,1,0,0,8,1.0;2.0;5.5;11.0;9.0;18.0;36.0;54.0;6.0;12.0;24.0;48.0,4,6,,1,40,2,1,E8:48:B8,Unknown,0,245
201536,ACT103619873565_5g,EA:48:B8:F9:00:99,-87,5,1581,100,52299061715,WPA2,1,0,0,8,1.0;2.0;5.5;11.0;9.0;18.0;36.0;54.0;6.0;12.0;24.0;48.0,4,6,,1,40,2,1,EA:48:B8,Unknown,0,248
201579,ACT103619873565,E8:48:B8:FB:00:99,-87,6,1582,100,52299161948,WPA2,1,0,0,8,1.0;2.0;5.5;11.0;9.0;18.0;36.0;54.0;6.0;12.0;24.0;48.0,4,6,,1,40,2,1,E8:48:B8,Unknown,0,245
201631,ACT103619873565_5g,EA:48:B8:F9:00:99,-89,6,1583,100,52299164118,WPA2,1,0,0,8,1.0;2.0;5.5;11.0;9.0;18.0;36.0;54.0;6.0;12.0;24.0;48.0,4,6,,1,40,2,1,EA:48:B8,Unknown,0,248
201692,Ganesh ,54:AF:97:5B:06:91,-92,6,572,100,803657728340,WPA2,1,0,1,8,1.0;2.0;5.5;11.0;9.0;18.0;36.0;54.0;6.0;12.0;24.0;48.0,4,6,,1,40,2,1,54:AF:97,Unknown,0,288
201736,ACT103619873565,E8:48:B8:FB:00:99,-86,7,1584,100,52299264336,WPA2,1,0,0,8,1.0;2.0;5.5;11.0;9.0;18.0;36.0;54.0;6.0;12.0;24.0;48.0,4,6,,1,40,2,1,E8:48:B8,Unknown,0,245
201788,Jashim Home ,D6:90:16:CD:33:14,-91,7,3429,100,146648064002,WPA3,1,1,1,4,1.0;2.0;5.5;11.0;6.0;9.0;12.0;18.0;24.0;36.0;48.0;54.0,8,6,IN,1,20,2,1,D6:90:16,Unknown,0,260
201831,ACT103619873565,E8:48:B8:FB:00:99,-85,7,1586,100,52299366748,WPA2,1,0,0,8,1.0;2.0;5.5;11.0;9.0;18.0;36.0;54.0;6.0;12.0;24.0;48.0,4,6,,1,40,2,1,E8:48:B8,Unknown,0,245
201883,ACT103619873565_5g,EA:48:B8:F9:00:99,-89,7,1587,100,52299368918,WPA2,1,0,0,8,1.0;2.0;5.5;11.0;9.0;18.0;36.0;54.0;6.0;12.0;24.0;48.0,4,6,,1,40,2,1,EA:48:B8,Unknown,0,248
201935,ACT103619873565,E8:48:B8:FB:00:99,-88,7,1588,100,52299469148,WPA2,1,0,0,8,1.0;2.0;5.5;11.0;9.0;18.0;36.0;54.0;6.0;12.0;24.0;48.0,4,6,,1,40,2,1,E8:48:B8,Unknown,0,245
201978,ACT103619873565_5g,EA:48:B8:F9:00:99,-91,7,1589,100,52299471318,WPA2,1,0,0,8,1.0;2.0;5.5;11.0;9.0;18.0;36.0;54.0;6.0;12.0;24.0;48.0,4,6,,1,40,2,1,EA:48:B8,Unknown,0,248
202041,KeethuSri ACT,3C:6A:D2:16:D6:7E,-93,7,1202,100,553822617989,WPA2,1,1,1,8,1.0;2.0;5.5;11.0;6.0;9.0;12.0;18.0;24.0;36.0;48.0;54.0,4,7,US,1,40,2,1,3C:6A:D2,Unknown,0,310
202104,ACT-ai_103781533200,8C:86:DD:5B:46:50,-76,8,60,100,803641242024,WPA2,1,0,1,8,1.0;2.0;5.5;11.0;9.0;18.0;36.0;54.0;6.0;12.0;24.0;48.0,4,9,DE,1,20,2,1,8C:86:DD,Unknown,0,369
202157,ACT-ai_103781533200,8C:86:DD:5B:46:50,-76,8,61,100,803641344428,WPA2,1,0,1,8,1.0;2.0;5.5;11.0;9.0;18.0;36.0;54.0;6.0;12.0;24.0;48.0,4,9,DE,1,20,2,1,8C:86:DD,Unknown,0,369
202185,,42:64:CF:3B:19:42,-94,8,3062,100,803639910787,WEP,1,1,1,0,,0,0,,0,0,0,0,42:64:CF,Unknown,0,326
202248,ACT-ai_103781533200,8C:86:DD:5B:46:50,-85,9,62,100,803641446804,WPA2,1,0,1,8,1.0;2.0;5.5;11.0;9.0;18.0;36.0;54.0;6.0;12.0;24.0;48.0,4,9,DE,1,20,2,1,8C:86:DD,Unknown,0,369
202291,Annai123_5G,DA:07:B6:E9:94:89,-89,9,1565,100,402533483013,WPA2,1,0,1,8,1.0;2.0;5.5;11.0;9.0;18.0;36.0;54.0;6.0;12.0;24.0;48.0,4,9,,1,40,2,1,DA:07:B6,Unknown,0,241
202354,MartinRouterKing,DC:62:79:A7:31:A5,-94,9,2945,100,5107257549408,WPA2,1,0,1,8,1.0;2.0;5.5;11.0;9.0;18.0;36.0;54.0;6.0;12.0;24.0;48.0,4,9,,1,40,2,1,DC:62:79,Unknown,0,391
202396,Pearldrops,28:EE:52:C6:EA:AA,-93,9,388,100,803667456368,WPA2,1,0,1,8,1.0;2.0;5.5;11.0;9.0;18.0;36.0;54.0;6.0;12.0;24.0;48.0,4,9,,1,40,2,0,28:EE:52,Unknown,0,232
202459,ACT-ai_103781533200,8C:86:DD:5B:46:50,-84,9,63,100,803641549207,WPA2,1,0,1,8,1.0;2.0;5.5;11.0;9.0;18.0;36.0;54.0;6.0;12.0;24.0;48.0,4,9,DE,1,20,2,1,8C:86:DD,Unknown,0,369
202502,Annai123_5G,DA:07:B6:E9:94:89,-92,9,1567,100,402533585416,WPA2,1,0,1,8,1.0;2.0;5.5;11.0;9.0;18.0;36.0;54.0;6.0;12.0;24.0;48.0,4,9,,1,40,2,1,DA:07:B6,Unknown,0,241
202534,,DE:62:79:27:31:A5,-95,9,2950,100,5107257651598,WEP,1,0,1,0,,0,0,,0,0,0,0,DE:62:79,Unknown,0,310
202587,ACT-ai_103781533200,8C:86:DD:5B:46:50,-79,9,64,100,803641651620,WPA2,1,0,1,8,1.0;2.0;5.5;11.0;9.0;18.0;36.0;54.0;6.0;12.0;24.0;48.0,4,9,DE,1,20,2,1,8C:86:DD,Unknown,0,369
202619,,DE:62:79:27:31:A5,-93,9,2954,100,5107257753996,WEP,1,0,1,0,,0,0,,0,0,0,0,DE:62:79,Unknown,0,310
202646,,42:64:CF:3B:19:42,-89,9,3065,100,803640217987,WEP,1,1,1,0,,0,0,,0,0,0,0,42:64:CF,Unknown,0,326
202715,Saurabh’s Wi-Fi ,F0:A7:31:E8:CB:A5,-92,11,2202,100,122938777971,WPA2,1,0,1,8,1.0;2.0;5.5;11.0;9.0;18.0;36.0;54.0;6.0;12.0;24.0;48.0,4,11,,1,40,2,1,F0:A7:31,Unknown,0,299
202768,ACT103722870556_5g,F2:A7:31:E9:CB:A5,-93,11,2203,100,122938780573,WPA2,1,0,1,8,1.0;2.0;5.5;11.0;9.0;18.0;36.0;54.0;6.0;12.0;24.0;48.0,4,11,,1,40,2,1,F2:A7:31,Unknown,0,248
202810,KARTHIKA,D8:07:B6:EC:81:0F,-91,11,337,100,803664281938,WPA2,1,0,1,8,1.0;2.0;5.5;11.0;9.0;18.0;36.0;54.0;6.0;12.0;24.0;48.0,4,11,,1,40,2,0,D8:07:B6,Unknown,0,262
202863,TNPOLICE,54:AF:97:24:47:83,-95,11,3854,100,702099763568,WPA2,1,0,1,8,1.0;2.0;5.5;11.0;9.0;18.0;36.0;54.0;6.0;12.0;24.0;48.0,4,11,,1,40,2,1,54:AF:97,Unknown,0,238
202916,Saurabh’s Wi-Fi ,F0:A7:31:E8:CB:A5,-92,11,2204,100,122938880377,WPA2,1,0,1,8,1.0;2.0;5.5;11.0;9.0;18.0;36.0;54.0;6.0;12.0;24.0;48.0,4,11,,1,40,2,1,F0:A7:31,Unknown,0,299
202969,ACT103722870556_5g,F2:A7:31:E9:CB:A5,-92,11,2205,100,122938882978,WPA2,1,0,1,8,1.0;2.0;5.5;11.0;9.0;18.0;36.0;54.0;6.0;12.0;24.0;48.0,4,11,,1,40,2,1,F2:A7:31,Unknown,0,248
203011,KARTHIKA,D8:07:B6:EC:81:0F,-89,11,338,100,803664384337,WPA2,1,0,1,8,1.0;2.0;5.5;11.0;9.0;18.0;36.0;54.0;6.0;12.0;24.0;48.0,4,11,,1,40,2,0,D8:07:B6,Unknown,0,262
203432,JioFiber_24GH_KRR,A8:88:1F:20:7B:61,-85,1,3209,100,284324352422,WPA2,1,0,1,8,1.0;2.0;5.5;11.0;9.0;18.0;36.0;54.0;6.0;12.0;24.0;48.0,4,1,IN,1,20,2,1,A8:88:1F,Unknown,0,290
203475,JioFiber-3TFFK_EXT,8C:90:2D:3C:03:B3,-93,1,3937,100,603620148689,WPA2,1,0,1,8,1.0;2.0;5.5;11.0;9.0;18.0;36.0;54.0;6.0;12.0;24.0;48.0,4,1,,1,20,2,0,8C:90:2D,Unknown,0,224
203507,,C2:07:1D:D4:36:89,-81,1,3477,100,803635715854,WEP,1,1,1,0,,0,0,,0,0,0,0,C2:07:1D,Unknown,0,431
203560,JioFiber_24GH_KRR,A8:88:1F:20:7B:61,-79,1,3210,100,284324454824,WPA2,1,0,1,8,1.0;2.0;5.5;11.0;9.0;18.0;36.0;54.0;6.0;12.0;24.0;48.0,4,1,IN,1,20,2,1,A8:88:1F,Unknown,0,290
203612,JioFiber-3TFFK_EXT,8C:90:2D:3C:03:B3,-91,1,3938,100,603620251075,WPA2,1,0,1,8,1.0;2.0;5.5;11.0;9.0;18.0;36.0;54.0;6.0;12.0;24.0;48.0,4,1,,1,20,2,0,8C:90:2D,Unknown,0,224
203666,JioFiber_24GH_KRR,A8:88:1F:20:7B:61,-83,2,3211,100,284324557475,WPA2,1,0,1,8,1.0;2.0;5.5;11.0;9.0;18.0;36.0;54.0;6.0;12.0;24.0;48.0,4,1,IN,1,20,2,1,A8:88:1F,Unknown,0,290
203708,JioFiber-3TFFK_EXT,8C:90:2D:3C:03:B3,-87,2,3939,100,603620353745,WPA2,1,0,1,8,1.0;2.0;5.5;11.0;9.0;18.0;36.0;54.0;6.0;12.0;24.0;48.0,4,1,,1,20,2,0,8C:90:2D,Unknown,0,224
203777,Villa7,BC:07:1D:D4:35:49,-82,2,3337,100,780103577984,WPA2,1,1,1,8,1.0;2.0;5.5;11.0;6.0;9.0;12.0;18.0;24.0;36.0;48.0;54.0,4,2,US,1,40,2,1,BC:07:1D,Unknown,0,408
203799,,C2:07:1D:D4:35:49,-81,2,1184,100,780103581454,WEP,1,1,1,0,,0,0,,0,0,0,0,C2:07:1D,Unknown,0,431
203862,Villa7,BC:07:1D:D4:36:89,-74,2,259,100,803635917184,WPA2,1,1,1,8,1.0;2.0;5.5;11.0;6.0;9.0;12.0;18.0;24.0;36.0;48.0;54.0,4,2,US,1,40,2,1,BC:07:1D,Unknown,0,408
203893,,C2:07:1D:D4:36:89,-74,2,3479,100,803635920654,WEP,1,1,1,0,,0,0,,0,0,0,0,C2:07:1D,Unknown,0,431
203947,Villa7,BC:07:1D:D4:35:49,-81,2,3338,100,780103680384,WPA2,1,1,1,8,1.0;2.0;5.5;11.0;6.0;9.0;12.0;18.0;24.0;36.0;48.0;54.0,4,2,US,1,40,2,1,BC:07:1D,Unknown,0,408
203989,,C2:07:1D:D4:35:49,-79,2,1185,100,780103683854,WEP,1,1,1,0,,0,0,,0,0,0,0,C2:07:1D,Unknown,0,431
204052,Villa7,BC:07:1D:D4:36:89,-74,2,260,100,803636019584,WPA2,1,1,1,8,1.0;2.0;5.5;11.0;6.0;9.0;12.0;18.0;24.0;36.0;48.0;54.0,4,2,US,1,40,2,1,BC:07:1D,Unknown,0,408
204073,,C2:07:1D:D4:36:89,-73,2,3480,100,803636023054,WEP,1,1,1,0,,0,0,,0,0,0,0,C2:07:1D,Unknown,0,431
204127,Ganapathy,A8:29:48:63:F7:C7,-89,3,3366,100,803643187605,WPA2,1,0,1,8,1.0;2.0;5.5;11.0;9.0;18.0;36.0;54.0;6.0;12.0;24.0;48.0,4,3,DE,1,20,2,1,A8:29:48,Unknown,0,327
204158,,9E:53:22:2A:F5:19,-84,3,3479,100,803679027615,WEP,1,0,1,0,,0,0,,0,0,0,0,9E:53:22,Unknown,0,334
204218,Villa7,BC:07:1D:D4:36:89,-72,3,262,100,803636224384,WPA2,1,1,1,8,1.0;2.0;5.5;11.0;6.0;9.0;12.0;18.0;24.0;36.0;48.0;54.0,4,2,US,1,40,2,1,BC:07:1D,Unknown,0,408
204250,,9E:53:22:2A:F5:19,-82,3,3483,100,803679130017,WEP,1,0,1,0,,0,0,,0,0,0,0,9E:53:22,Unknown,0,334
204303,Santhanam G_1F,9C:53:22:3A:F5:19,-72,4,3486,100,803679232422,WPA2,1,0,1,8,1.0;2.0;5.5;11.0;9.0;18.0;36.0;54.0;6.0;12.0;24.0;48.0,4,4,,1,40,2,1,9C:53:22,Unknown,0,389
204325,,9E:53:22:2A:F5:19,-72,4,3487,100,803679232419,WEP,1,0,1,0,,0,0,,0,0,0,0,9E:53:22,Unknown,0,334
204387,Santhanam G_1F,9C:53:22:3A:F5:19,-73,4,3490,100,803679334821,WPA2,1,0,1,8,1.0;2.0;5.5;11.0;9.0;18.0;36.0;54.0;6.0;12.0;24.0;48.0,4,4,,1,40,2,1,9C:53:22,Unknown,0,389
204416,,9E:53:22:2A:F5:19,-73,4,3491,100,803679334827,WEP,1,0,1,0,,0,0,,0,0,0,0,9E:53:22,Unknown,0,334
204438,,C2:07:1D:D4:36:89,-86,4,3485,100,803636535054,WEP,1,1,1,0,,0,0,,0,0,0,0,C2:07:1D,Unknown,0,431
204501,Santhanam G_1F,9C:53:22:3A:F5:19,-84,4,3494,100,803679437223,WPA2,1,0,1,8,1.0;2.0;5.5;11.0;9.0;18.0;36.0;54.0;6.0;12.0;24.0;48.0,4,4,,1,40,2,1,9C:53:22,Unknown,0,389
204523,,9E:53:22:2A:F5:19,-82,4,3495,100,803679437418,WEP,1,0,1,0,,0,0,,0,0,0,0,9E:53:22,Unknown,0,334
204585,Ganesh upstairs,1C:61:B4:3A:B6:64,-93,4,2661,100,803677798822,WPA2,1,0,1,8,1.0;2.0;5.5;11.0;9.0;18.0;36.0;54.0;6.0;12.0;24.0;48.0,4,4,,1,40,2,1,1C:61:B4,Unknown,0,390
204649,Santhanam G_1F,9C:53:22:3A:F5:19,-80,5,3498,100,803679541479,WPA2,1,0,1,8,1.0;2.0;5.5;11.0;9.0;18.0;36.0;54.0;6.0;12.0;24.0;48.0,4,4,,1,40,2,1,9C:53:22,Unknown,0,389
204671,,1E:61:B4:2A:B6:64,-90,5,2669,100,803677901199,WEP,1,0,1,0,,0,0,,0,0,0,0,1E:61:B4,Unknown,0,334
204723,ganesh_5g,56:AF:97:59:06:91,-87,5,631,100,803660700478,WPA2,1,0,1,8,1.0;2.0;5.5;11.0;9.0;18.0;36.0;54.0;6.0;12.0;24.0;48.0,4,6,,1,40,2,1,56:AF:97,Unknown,0,239
204776,NISHA-SEN,D8:0D:17:F6:48:8A,-92,5,3435,100,121410970495,WPA2,1,1,1,8,1.0;2.0;5.5;11.0;6.0;9.0;12.0;18.0;24.0;36.0;48.0;54.0,4,5,,1,40,3,1,D8:0D:17,Unknown,0,272
204819,JioFiber-CqkfQ,9A:78:C9:62:4F:27,-95,6,947,100,803643187591,WPA2,1,0,1,8,1.0;2.0;5.5;11.0;18.0;24.0;36.0;54.0;6.0;9.0;12.0;48.0,4,6,IN,1,40,2,1,9A:78:C9,Unknown,0,234
204887,Shravan-4g,48:55:5E:19:EA:BA,-88,6,2581,100,803602944399,WPA2,1,0,1,8,1.0;2.0;5.5;11.0;9.0;18.0;36.0;54.0;6.0;12.0;24.0;48.0,4,6,IN,1,20,2,1,48:55:5E,Unknown,0,283
204941,Ganesh ,54:AF:97:5B:06:91,-90,6,636,100,803661005167,WPA2,1,0,1,8,1.0;2.0;5.5;11.0;9.0;18.0;36.0;54.0;6.0;12.0;24.0;48.0,4,6,,1,40,2,1,54:AF:97,Unknown,0,288
204983,ganesh_5g,56:AF:97:59:06:91,-93,6,637,100,803661007681,WPA2,1,0,1,8,1.0;2.0;5.5;11.0;9.0;18.0;36.0;54.0;6.0;12.0;24.0;48.0,4,6,,1,40,2,1,56:AF:97,Unknown,0,239
205015,,4A:55:5E:17:C0:D2,-95,6,1160,100,121776640394,WEP,1,0,1,0,,0,0,,0,0,0,0,4A:55:5E,Unknown,0,320
205057,ACT103619873565,E8:48:B8:FB:00:99,-92,6,1648,100,52302541183,WPA2,1,0,0,8,1.0;2.0;5.5;11.0;9.0;18.0;36.0;54.0;6.0;12.0;24.0;48.0,4,6,,1,40,2,1,E8:48:B8,Unknown,0,245
205088,,42:64:CF:3B:19:42,-92,8,3091,100,803642880387,WEP,1,1,1,0,,0,0,,0,0,0,0,42:64:CF,Unknown,0,326
205170,Fareed,3C:64:CF:3B:19:42,-87,8,480,100,803642982787,WPA2,1,1,1,8,1.0;2.0;5.5;11.0;6.0;9.0;12.0;18.0;24.0;36.0;48.0;54.0,4,8,US,1,40,2,1,3C:64:CF,Unknown,0,303
205191,,42:64:CF:3B:19:42,-86,8,3092,100,803642982787,WEP,1,1,1,0,,0,0,,0,0,0,0,42:64:CF,Unknown,0,326
205272,Fareed,3C:64:CF:3B:19:42,-91,8,481,100,803643085187,WPA2,1,1,1,8,1.0;2.0;5.5;11.0;6.0;9.0;12.0;18.0;24.0;36.0;48.0;54.0,4,8,US,1,40,2,1,3C:64:CF,Unknown,0,303
205294,,42:64:CF:3B:19:42,-87,8,3093,100,803643085187,WEP,1,1,1,0,,0,0,,0,0,0,0,42:64:CF,Unknown,0,326
205384,ACT-ai_103781533200,8C:86:DD:5B:46:50,-90,9,93,100,803644621198,WPA2,1,0,1,8,1.0;2.0;5.5;11.0;9.0;18.0;36.0;54.0;6.0;12.0;24.0;48.0,4,9,DE,1,20,2,1,8C:86:DD,Unknown,0,369
205426,Annai123,D8:07:B6:EC:94:89,-94,9,1626,100,402536655285,WPA2,1,0,1,8,1.0;2.0;5.5;11.0;9.0;18.0;36.0;54.0;6.0;12.0;24.0;48.0,4,9,,1,40,2,1,D8:07:B6,Unknown,0,238
205497,,42:64:CF:3B:19:42,-92,9,3095,100,803643289987,WEP,1,1,1,0,,0,0,,0,0,0,0,42:64:CF,Unknown,0,326
205649,Santhana G,5C:A6:E6:BB:86:25,-91,10,3847,100,428984320406,WPA2,1,0,1,8,1.0;2.0;5.5;11.0;18.0;24.0;36.0;54.0;6.0;9.0;12.0;48.0,4,10,,1,40,2,1,5C:A6:E6,Unknown,0,260
205751,Santhana G,5C:A6:E6:BB:86:25,-96,10,3848,100,428984422811,WPA2,1,0,1,8,1.0;2.0;5.5;11.0;18.0;24.0;36.0;54.0;6.0;9.0;12.0;48.0,4,10,,1,40,2,1,5C:A6:E6,Unknown,0,260
205889,Saurabh’s Wi-Fi ,F0:A7:31:E8:CB:A5,-93,11,2264,100,122941952343,WPA2,1,0,1,8,1.0;2.0;5.5;11.0;9.0;18.0;36.0;54.0;6.0;12.0;24.0;48.0,4,11,,1,40,2,1,F0:A7:31,Unknown,0,299
205942,ACT103722870556_5g,F2:A7:31:E9:CB:A5,-90,11,2265,100,122941954944,WPA2,1,0,1,8,1.0;2.0;5.5;11.0;9.0;18.0;36.0;54.0;6.0;12.0;24.0;48.0,4,11,,1,40,2,1,F2:A7:31,Unknown,0,248
205985,KARTHIKA,D8:07:B6:EC:81:0F,-88,11,368,100,803667456371,WPA2,1,0,1,8,1.0;2.0;5.5;11.0;9.0;18.0;36.0;54.0;6.0;12.0;24.0;48.0,4,11,,1,40,2,0,D8:07:B6,Unknown,0,262
206048,JBNR,C0:68:CC:6D:DD:52,-93,11,3524,100,610227507609,WPA2,1,0,1,8,1.0;2.0;5.5;11.0;9.0;18.0;36.0;54.0;6.0;12.0;24.0;48.0,4,11,IN,1,20,2,1,C0:68:CC,Unknown,0,277
206090,JVACT1,A4:2B:B0:01:A6:3A,-94,11,390,100,803671142885,WPA2,1,0,1,8,1.0;2.0;5.5;11.0;9.0;18.0;36.0;54.0;6.0;12.0;24.0;48.0,4,11,,1,40,2,0,A4:2B:B0,Unknown,0,260
206153,Saurabh’s Wi-Fi ,F0:A7:31:E8:CB:A5,-90,11,2266,100,122942054737,WPA2,1,0,1,8,1.0;2.0;5.5;11.0;9.0;18.0;36.0;54.0;6.0;12.0;24.0;48.0,4,11,,1,40,2,1,F0:A7:31,Unknown,0,299
206195,ACT103722870556_5g,F2:A7:31:E9:CB:A5,-92,11,2267,100,122942057339,WPA2,1,0,1,8,1.0;2.0;5.5;11.0;9.0;18.0;36.0;54.0;6.0;12.0;24.0;48.0,4,11,,1,40,2,1,F2:A7:31,Unknown,0,248
206249,JVACT1,A4:2B:B0:01:A6:3A,-94,11,391,100,803671245205,WPA2,1,0,1,8,1.0;2.0;5.5;11.0;9.0;18.0;36.0;54.0;6.0;12.0;24.0;48.0,4,11,,1,40,2,0,A4:2B:B0,Unknown,0,260
206291,ACT103722870556_5g,F2:A7:31:E9:CB:A5,-92,11,2269,100,122942159744,WPA2,1,0,1,8,1.0;2.0;5.5;11.0;9.0;18.0;36.0;54.0;6.0;12.0;24.0;48.0,4,11,,1,40,2,1,F2:A7:31,Unknown,0,248
206344,KARTHIKA,D8:07:B6:EC:81:0F,-87,11,370,100,803667661169,WPA2,1,0,1,8,1.0;2.0;5.5;11.0;9.0;18.0;36.0;54.0;6.0;12.0;24.0;48.0,4,11,,1,40,2,0,D8:07:B6,Unknown,0,262
206406,JBNR,C0:68:CC:6D:DD:52,-92,11,3526,100,610227712410,WPA2,1,0,1,8,1.0;2.0;5.5;11.0;9.0;18.0;36.0;54.0;6.0;12.0;24.0;48.0,4,11,IN,1,20,2,1,C0:68:CC,Unknown,0,277
206449,JVACT1,A4:2B:B0:01:A6:3A,-94,13,394,100,803671552393,WPA2,1,0,1,8,1.0;2.0;5.5;11.0;9.0;18.0;36.0;54.0;6.0;12.0;24.0;48.0,4,11,,1,40,2,0,A4:2B:B0,Unknown,0,260
206501,KARTHIKA,D8:07:B6:EC:81:0F,-89,13,373,100,803667968315,WPA2,1,0,1,8,1.0;2.0;5.5;11.0;9.0;18.0;36.0;54.0;6.0;12.0;24.0;48.0,4,11,,1,40,2,0,D8:07:B6,Unknown,0,262
206670,JioFiber-3TFFK,E8:22:B8:12:3E:9A,-89,1,1871,100,803606118856,WPA2,1,0,1,8,1.0;2.0;5.5;11.0;9.0;18.0;36.0;54.0;6.0;12.0;24.0;48.0,4,1,IN,1,20,2,1,E8:22:B8,Unknown,0,287
206723,JioFiber_24GH_KRR,A8:88:1F:20:7B:61,-77,1,3243,100,284327629197,WPA2,1,0,1,8,1.0;2.0;5.5;11.0;9.0;18.0;36.0;54.0;6.0;12.0;24.0;48.0,4,1,IN,1,20,2,1,A8:88:1F,Unknown,0,290
206774,JioFiber-3TFFK_EXT,8C:90:2D:3C:03:B3,-88,1,3978,100,603623425903,WPA2,1,0,1,8,1.0;2.0;5.5;11.0;9.0;18.0;36.0;54.0;6.0;12.0;24.0;48.0,4,1,,1,20,2,0,8C:90:2D,Unknown,0,224
206827,JioFiber-3TFFK,E8:22:B8:12:3E:9A,-87,1,1872,100,803606221210,WPA2,1,0,1,8,1.0;2.0;5.5;11.0;9.0;18.0;36.0;54.0;6.0;12.0;24.0;48.0,4,1,IN,1,20,2,1,E8:22:B8,Unknown,0,287
206890,JioFiber_24GH_KRR,A8:88:1F:20:7B:61,-77,1,3244,100,284327731592,WPA2,1,0,1,8,1.0;2.0;5.5;11.0;9.0;18.0;36.0;54.0;6.0;12.0;24.0;48.0,4,1,IN,1,20,2,1,A8:88:1F,Unknown,0,290
206932,JioFiber-3TFFK_EXT,8C:90:2D:3C:03:B3,-89,1,3979,100,603623527894,WPA2,1,0,1,8,1.0;2.0;5.5;11.0;9.0;18.0;36.0;54.0;6.0;12.0;24.0;48.0,4,1,,1,20,2,0,8C:90:2D,Unknown,0,224
206986,JioFiber-3TFFK,E8:22:B8:12:3E:9A,-88,2,1873,100,803606323621,WPA2,1,0,1,8,1.0;2.0;5.5;11.0;9.0;18.0;36.0;54.0;6.0;12.0;24.0;48.0,4,1,IN,1,20,2,1,E8:22:B8,Unknown,0,287
207047,JioFiber_24GH_KRR,A8:88:1F:20:7B:61,-78,2,3245,100,284327834011,WPA2,1,0,1,8,1.0;2.0;5.5;11.0;9.0;18.0;36.0;54.0;6.0;12.0;24.0;48.0,4,1,IN,1,20,2,1,A8:88:1F,Unknown,0,290
207089,JioFiber-3TFFK_EXT,8C:90:2D:3C:03:B3,-85,2,3980,100,603623630314,WPA2,1,0,1,8,1.0;2.0;5.5;11.0;9.0;18.0;36.0;54.0;6.0;12.0;24.0;48.0,4,1,,1,20,2,0,8C:90:2D,Unknown,0,224
207142,JioFiber-3TFFK,E8:22:B8:12:3E:9A,-89,2,1874,100,803606425992,WPA2,1,0,1,8,1.0;2.0;5.5;11.0;9.0;18.0;36.0;54.0;6.0;12.0;24.0;48.0,4,1,IN,1,20,2,1,E8:22:B8,Unknown,0,287
207195,JioFiber_24GH_KRR,A8:88:1F:20:7B:61,-76,2,3246,100,284327936400,WPA2,1,0,1,8,1.0;2.0;5.5;11.0;9.0;18.0;36.0;54.0;6.0;12.0;24.0;48.0,4,1,IN,1,20,2,1,A8:88:1F,Unknown,0,290
207248,JioFiber-3TFFK_EXT,8C:90:2D:3C:03:B3,-89,2,3981,100,603623732714,WPA2,1,0,1,8,1.0;2.0;5.5;11.0;9.0;18.0;36.0;54.0;6.0;12.0;24.0;48.0,4,1,,1,20,2,0,8C:90:2D,Unknown,0,224
207310,JioFiber_24GH_KRR,A8:88:1F:20:7B:61,-81,2,3247,100,284328038795,WPA2,1,0,1,8,1.0;2.0;5.5;11.0;9.0;18.0;36.0;54.0;6.0;12.0;24.0;48.0,4,1,IN,1,20,2,1,A8:88:1F,Unknown,0,290
207352,JioFiber-3TFFK_EXT,8C:90:2D:3C:03:B3,-84,2,3982,100,603623835101,WPA2,1,0,1,8,1.0;2.0;5.5;11.0;9.0;18.0;36.0;54.0;6.0;12.0;24.0;48.0,4,1,,1,20,2,0,8C:90:2D,Unknown,0,224
207416,Santhanam G_1F,9C:53:22:3A:F5:19,-81,3,3606,100,803682304402,WPA2,1,0,1,8,1.0;2.0;5.5;11.0;9.0;18.0;36.0;54.0;6.0;12.0;24.0;48.0,4,4,,1,40,2,1,9C:53:22,Unknown,0,389
207437,,1E:61:B4:2A:B6:64,-92,3,2779,100,803680666015,WEP,1,0,1,0,,0,0,,0,0,0,0,1E:61:B4,Unknown,0,334
207500,Santhanam G_1F,9C:53:22:3A:F5:19,-84,3,3610,100,803682406795,WPA2,1,0,1,8,1.0;2.0;5.5;11.0;9.0;18.0;36.0;54.0;6.0;12.0;24.0;48.0,4,4,,1,40,2,1,9C:53:22,Unknown,0,389
207562,Santhanam G_1F,9C:53:22:3A:F5:19,-83,4,3614,100,803682509206,WPA2,1,0,1,8,1.0;2.0;5.5;11.0;9.0;18.0;36.0;54.0;6.0;12.0;24.0;48.0,4,4,,1,40,2,1,9C:53:22,Unknown,0,389
207583,,9E:53:22:2A:F5:19,-83,4,3615,100,803682509194,WEP,1,0,1,0,,0,0,,0,0,0,0,9E:53:22,Unknown,0,334
207646,Ganesh upstairs,1C:61:B4:3A:B6:64,-91,4,2786,100,803680870823,WPA2,1,0,1,8,1.0;2.0;5.5;11.0;9.0;18.0;36.0;54.0;6.0;12.0;24.0;48.0,4,4,,1,40,2,1,1C:61:B4,Unknown,0,390
207668,,1E:61:B4:2A:B6:64,-92,4,2787,100,803680871518,WEP,1,0,1,0,,0,0,,0,0,0,0,1E:61:B4,Unknown,0,334
207721,Santhanam G_1F,9C:53:22:3A:F5:19,-82,4,3618,100,803682611607,WPA2,1,0,1,8,1.0;2.0;5.5;11.0;9.0;18.0;36.0;54.0;6.0;12.0;24.0;48.0,4,4,,1,40,2,1,9C:53:22,Unknown,0,389
207761,,9E:53:22:2A:F5:19,-82,4,3619,100,803682611622,WEP,1,0,1,0,,0,0,,0,0,0,0,9E:53:22,Unknown,0,334
207824,Santhanam G_1F,9C:53:22:3A:F5:19,-82,4,3622,100,803682714020,WPA2,1,0,1,8,1.0;2.0;5.5;11.0;9.0;18.0;36.0;54.0;6.0;12.0;24.0;48.0,4,4,,1,40,2,1,9C:53:22,Unknown,0,389
207845,,9E:53:22:2A:F5:19,-83,4,3623,100,803682714016,WEP,1,0,1,0,,0,0,,0,0,0,0,9E:53:22,Unknown,0,334
207899,Santhanam G_1F,9C:53:22:3A:F5:19,-85,5,3626,100,803682816422,WPA2,1,0,1,8,1.0;2.0;5.5;11.0;9.0;18.0;36.0;54.0;6.0;12.0;24.0;48.0,4,4,,1,40,2,1,9C:53:22,Unknown,0,389
207930,,9E:53:22:2A:F5:19,-84,5,3627,100,803682816418,WEP,1,0,1,0,,0,0,,0,0,0,0,9E:53:22,Unknown,0,334
207989,Santhanam G_1F,9C:53:22:3A:F5:19,-82,5,3630,100,803682918824,WPA2,1,0,1,8,1.0;2.0;5.5;11.0;9.0;18.0;36.0;54.0;6.0;12.0;24.0;48.0,4,4,,1,40,2,1,9C:53:22,Unknown,0,389
208010,,9E:53:22:2A:F5:19,-83,5,3631,100,803682918802,WEP,1,0,1,0,,0,0,,0,0,0,0,9E:53:22,Unknown,0,334
208063,ganesh_5g,56:AF:97:59:06:91,-91,6,697,100,803664079650,WPA2,1,0,1,8,1.0;2.0;5.5;11.0;9.0;18.0;36.0;54.0;6.0;12.0;24.0;48.0,4,6,,1,40,2,1,56:AF:97,Unknown,0,239
208262,,42:64:CF:3B:19:42,-90,7,3122,100,803646054787,WEP,1,1,1,0,,0,0,,0,0,0,0,42:64:CF,Unknown,0,326
208315,Shravan-4g,48:55:5E:19:EA:BA,-90,7,2616,100,803606528422,WPA2,1,0,1,8,1.0;2.0;5.5;11.0;9.0;18.0;36.0;54.0;6.0;12.0;24.0;48.0,4,6,IN,1,20,2,1,48:55:5E,Unknown,0,283
208378,Fareed,3C:64:CF:3B:19:42,-89,7,511,100,803646157187,WPA2,1,1,1,8,1.0;2.0;5.5;11.0;6.0;9.0;12.0;18.0;24.0;36.0;48.0;54.0,4,8,US,1,40,2,1,3C:64:CF,Unknown,0,303
208400,,42:64:CF:3B:19:42,-91,8,3123,100,803646157187,WEP,1,1,1,0,,0,0,,0,0,0,0,42:64:CF,Unknown,0,326
208463,Fareed,3C:64:CF:3B:19:42,-91,8,512,100,803646259587,WPA2,1,1,1,8,1.0;2.0;5.5;11.0;6.0;9.0;12.0;18.0;24.0;36.0;48.0;54.0,4,8,US,1,40,2,1,3C:64:CF,Unknown,0,303
208754,Fareed,3C:64:CF:3B:19:42,-93,9,515,100,803646566787,WPA2,1,1,1,8,1.0;2.0;5.5;11.0;6.0;9.0;12.0;18.0;24.0;36.0;48.0;54.0,4,8,US,1,40,2,1,3C:64:CF,Unknown,0,303
208776,,42:64:CF:3B:19:42,-92,9,3127,100,803646566787,WEP,1,1,1,0,,0,0,,0,0,0,0,42:64:CF,Unknown,0,326
208919,JBNR,C0:68:CC:6D:DD:52,-90,10,3553,100,610230477207,WPA2,1,0,1,8,1.0;2.0;5.5;11.0;9.0;18.0;36.0;54.0;6.0;12.0;24.0;48.0,4,11,IN,1,20,2,1,C0:68:CC,Unknown,0,277
209066,ACT103722870556_5g,F2:A7:31:E9:CB:A5,-92,10,2327,100,122945129372,WPA2,1,0,1,8,1.0;2.0;5.5;11.0;9.0;18.0;36.0;54.0;6.0;12.0;24.0;48.0,4,11,,1,40,2,1,F2:A7:31,Unknown,0,248
209166,Saurabh’s Wi-Fi ,F0:A7:31:E8:CB:A5,-91,11,2328,100,122945229171,WPA2,1,0,1,8,1.0;2.0;5.5;11.0;9.0;18.0;36.0;54.0;6.0;12.0;24.0;48.0,4,11,,1,40,2,1,F0:A7:31,Unknown,0,299
209219,ACT103722870556_5g,F2:A7:31:E9:CB:A5,-92,11,2329,100,122945231773,WPA2,1,0,1,8,1.0;2.0;5.5;11.0;9.0;18.0;36.0;54.0;6.0;12.0;24.0;48.0,4,11,,1,40,2,1,F2:A7:31,Unknown,0,248
209262,KARTHIKA,D8:07:B6:EC:81:0F,-91,11,400,100,803670733134,WPA2,1,0,1,8,1.0;2.0;5.5;11.0;9.0;18.0;36.0;54.0;6.0;12.0;24.0;48.0,4,11,,1,40,2,0,D8:07:B6,Unknown,0,262
209333,JBNR,C0:68:CC:6D:DD:52,-96,11,3556,100,610230784410,WPA2,1,0,1,8,1.0;2.0;5.5;11.0;9.0;18.0;36.0;54.0;6.0;12.0;24.0;48.0,4,11,IN,1,20,2,1,C0:68:CC,Unknown,0,277
209386,Saurabh’s Wi-Fi ,F0:A7:31:E8:CB:A5,-89,11,2330,100,122945331575,WPA2,1,0,1,8,1.0;2.0;5.5;11.0;9.0;18.0;36.0;54.0;6.0;12.0;24.0;48.0,4,11,,1,40,2,1,F0:A7:31,Unknown,0,299
209428,ACT103722870556_5g,F2:A7:31:E9:CB:A5,-90,11,2331,100,122945334176,WPA2,1,0,1,8,1.0;2.0;5.5;11.0;9.0;18.0;36.0;54.0;6.0;12.0;24.0;48.0,4,11,,1,40,2,1,F2:A7:31,Unknown,0,248
209481,KARTHIKA,D8:07:B6:EC:81:0F,-92,11,401,100,803670835899,WPA2,1,0,1,8,1.0;2.0;5.5;11.0;9.0;18.0;36.0;54.0;6.0;12.0;24.0;48.0,4,11,,1,40,2,0,D8:07:B6,Unknown,0,262
209534,JBNR,C0:68:CC:6D:DD:52,-96,11,3557,100,610230886813,WPA2,1,0,1,8,1.0;2.0;5.5;11.0;9.0;18.0;36.0;54.0;6.0;12.0;24.0;48.0,4,11,IN,1,20,2,1,C0:68:CC,Unknown,0,277
209585,Saurabh’s Wi-Fi ,F0:A7:31:E8:CB:A5,-93,11,2332,100,122945433971,WPA2,1,0,1,8,1.0;2.0;5.5;11.0;9.0;18.0;36.0;54.0;6.0;12.0;24.0;48.0,4,11,,1,40,2,1,F0:A7:31,Unknown,0,299
209638,KARTHIKA,D8:07:B6:EC:81:0F,-91,11,402,100,803670937938,WPA2,1,0,1,8,1.0;2.0;5.5;11.0;9.0;18.0;36.0;54.0;6.0;12.0;24.0;48.0,4,11,,1,40,2,0,D8:07:B6,Unknown,0,262
209691,JBNR,C0:68:CC:6D:DD:52,-91,11,3558,100,610230989223,WPA2,1,0,1,8,1.0;2.0;5.5;11.0;9.0;18.0;36.0;54.0;6.0;12.0;24.0;48.0,4,11,IN,1,20,2,1,C0:68:CC,Unknown,0,277
209744,JBNR,C0:68:CC:6D:DD:52,-88,13,3560,100,610231194001,WPA2,1,0,1,8,1.0;2.0;5.5;11.0;9.0;18.0;36.0;54.0;6.0;12.0;24.0;48.0,4,11,IN,1,20,2,1,C0:68:CC,Unknown,0,277
209797,Saurabh’s Wi-Fi ,F0:A7:31:E8:CB:A5,-88,13,2338,100,122945741111,WPA2,1,0,1,8,1.0;2.0;5.5;11.0;9.0;18.0;36.0;54.0;6.0;12.0;24.0;48.0,4,11,,1,40,2,1,F0:A7:31,Unknown,0,299
209849,ACT103722870556_5g,F2:A7:31:E9:CB:A5,-87,13,2339,100,122945743713,WPA2,1,0,1,8,1.0;2.0;5.5;11.0;9.0;18.0;36.0;54.0;6.0;12.0;24.0;48.0,4,11,,1,40,2,1,F2:A7:31,Unknown,0,248
209986,JioFiber_24GH_KRR,A8:88:1F:20:7B:61,-73,1,3275,100,284330906027,WPA2,1,0,1,8,1.0;2.0;5.5;11.0;9.0;18.0;36.0;54.0;6.0;12.0;24.0;48.0,4,1,IN,1,20,2,1,A8:88:1F,Unknown,0,290
210029,JioFiber-3TFFK_EXT,8C:90:2D:3C:03:B3,-81,1,4016,100,603626702396,WPA2,1,0,1,8,1.0;2.0;5.5;11.0;9.0;18.0;36.0;54.0;6.0;12.0;24.0;48.0,4,1,,1,20,2,0,8C:90:2D,Unknown,0,224
210081,JioFiber-3TFFK,E8:22:B8:12:3E:9A,-90,1,1906,100,803609498055,WPA2,1,0,1,8,1.0;2.0;5.5;11.0;9.0;18.0;36.0;54.0;6.0;12.0;24.0;48.0,4,1,IN,1,20,2,1,E8:22:B8,Unknown,0,287
210135,JioFiber_24GH_KRR,A8:88:1F:20:7B:61,-79,1,3276,100,284331008402,WPA2,1,0,1,8,1.0;2.0;5.5;11.0;9.0;18.0;36.0;54.0;6.0;12.0;24.0;48.0,4,1,IN,1,20,2,1,A8:88:1F,Unknown,0,290
210196,JioFiber-3TFFK_EXT,8C:90:2D:3C:03:B3,-84,1,4017,100,603626804772,WPA2,1,0,1,8,1.0;2.0;5.5;11.0;9.0;18.0;36.0;54.0;6.0;12.0;24.0;48.0,4,1,,1,20,2,0,8C:90:2D,Unknown,0,224
210249,JioFiber-3TFFK,E8:22:B8:12:3E:9A,-92,2,1907,100,803609600400,WPA2,1,0,1,8,1.0;2.0;5.5;11.0;9.0;18.0;36.0;54.0;6.0;12.0;24.0;48.0,4,1,IN,1,20,2,1,E8:22:B8,Unknown,0,287
210301,JioFiber_24GH_KRR,A8:88:1F:20:7B:61,-80,2,3277,100,284331110824,WPA2,1,0,1,8,1.0;2.0;5.5;11.0;9.0;18.0;36.0;54.0;6.0;12.0;24.0;48.0,4,1,IN,1,20,2,1,A8:88:1F,Unknown,0,290
210354,JioFiber-3TFFK,E8:22:B8:12:3E:9A,-90,2,1908,100,803609703799,WPA2,1,0,1,8,1.0;2.0;5.5;11.0;9.0;18.0;36.0;54.0;6.0;12.0;24.0;48.0,4,1,IN,1,20,2,1,E8:22:B8,Unknown,0,287
210407,JioFiber-3TFFK_EXT,8C:90:2D:3C:03:B3,-87,2,4019,100,603627009569,WPA2,1,0,1,8,1.0;2.0;5.5;11.0;9.0;18.0;36.0;54.0;6.0;12.0;24.0;48.0,4,1,,1,20,2,0,8C:90:2D,Unknown,0,224
210460,JioFiber-3TFFK_EXT,8C:90:2D:3C:03:B3,-87,3,4020,100,603627112329,WPA2,1,0,1,8,1.0;2.0;5.5;11.0;9.0;18.0;36.0;54.0;6.0;12.0;24.0;48.0,4,1,,1,20,2,0,8C:90:2D,Unknown,0,224
210610,,9E:53:22:2A:F5:19,-89,4,3742,100,803685683602,WEP,1,0,1,0,,0,0,,0,0,0,0,9E:53:22,Unknown,0,334
210736,Santhanam G_1F,9C:53:22:3A:F5:19,-90,4,3745,100,803685786025,WPA2,1,0,1,8,1.0;2.0;5.5;11.0;9.0;18.0;36.0;54.0;6.0;12.0;24.0;48.0,4,4,,1,40,2,1,9C:53:22,Unknown,0,389
210757,,9E:53:22:2A:F5:19,-87,4,3746,100,803685785992,WEP,1,0,1,0,,0,0,,0,0,0,0,9E:53:22,Unknown,0,334
210820,Ganesh upstairs,1C:61:B4:3A:B6:64,-96,4,2920,100,803684147611,WPA2,1,0,1,8,1.0;2.0;5.5;11.0;9.0;18.0;36.0;54.0;6.0;12.0;24.0;48.0,4,4,,1,40,2,1,1C:61:B4,Unknown,0,390
210850,,9E:53:22:2A:F5:19,-89,4,3750,100,803685888397,WEP,1,0,1,0,,0,0,,0,0,0,0,9E:53:22,Unknown,0,334
210903,Ganesh upstairs,1C:61:B4:3A:B6:64,-93,4,2924,100,803684250016,WPA2,1,0,1,8,1.0;2.0;5.5;11.0;9.0;18.0;36.0;54.0;6.0;12.0;24.0;48.0,4,4,,1,40,2,1,1C:61:B4,Unknown,0,390
210967,Shravan-4g,48:55:5E:19:EA:BA,-91,5,2645,100,803609190815,WPA2,1,0,1,8,1.0;2.0;5.5;11.0;9.0;18.0;36.0;54.0;6.0;12.0;24.0;48.0,4,6,IN,1,20,2,1,48:55:5E,Unknown,0,283
211020,,9E:53:22:2A:F5:19,-91,5,3758,100,803686093192,WEP,1,0,1,0,,0,0,,0,0,0,0,9E:53:22,Unknown,0,334
211077,Ganesh ,54:AF:97:5B:06:91,-80,5,758,100,803667251567,WPA2,1,0,1,8,1.0;2.0;5.5;11.0;9.0;18.0;36.0;54.0;6.0;12.0;24.0;48.0,4,6,,1,40,2,1,54:AF:97,Unknown,0,288
211127,ganesh_5g,56:AF:97:59:06:91,-83,5,759,100,803667254081,WPA2,1,0,1,8,1.0;2.0;5.5;11.0;9.0;18.0;36.0;54.0;6.0;12.0;24.0;48.0,4,6,,1,40,2,1,56:AF:97,Unknown,0,239
211190,Shravan-4g,48:55:5E:19:EA:BA,-86,6,2648,100,803609395606,WPA2,1,0,1,8,1.0;2.0;5.5;11.0;9.0;18.0;36.0;54.0;6.0;12.0;24.0;48.0,4,6,IN,1,20,2,1,48:55:5E,Unknown,0,283
211232,babu_5G,CA:78:C9:FE:B1:30,-95,6,3398,100,9929524631,WPA2,1,0,1,8,1.0;2.0;5.5;11.0;18.0;24.0;36.0;54.0;6.0;9.0;12.0;48.0,4,6,IN,1,40,2,1,CA:78:C9,Unknown,0,227
211285,suresh4G,CA:78:C9:FE:B1:3C,-91,6,3399,100,9929526667,WPA2,1,0,1,8,1.0;2.0;5.5;11.0;18.0;24.0;36.0;54.0;6.0;9.0;12.0;48.0,4,6,IN,1,40,2,1,CA:78:C9,Unknown,0,228
211337,Ganesh ,54:AF:97:5B:06:91,-88,6,760,100,803667353965,WPA2,1,0,1,8,1.0;2.0;5.5;11.0;9.0;18.0;36.0;54.0;6.0;12.0;24.0;48.0,4,6,,1,40,2,1,54:AF:97,Unknown,0,288
211391,Shravan-4g,48:55:5E:19:EA:BA,-89,6,2649,100,803609498027,WPA2,1,0,1,8,1.0;2.0;5.5;11.0;9.0;18.0;36.0;54.0;6.0;12.0;24.0;48.0,4,6,IN,1,20,2,1,48:55:5E,Unknown,0,283
211443,babu_5G,CA:78:C9:FE:B1:30,-93,6,3400,100,9929626973,WPA2,1,0,1,8,1.0;2.0;5.5;11.0;18.0;24.0;36.0;54.0;6.0;9.0;12.0;48.0,4,6,IN,1,40,2,1,CA:78:C9,Unknown,0,227
211496,Ganesh ,54:AF:97:5B:06:91,-73,6,762,100,803667456373,WPA2,1,0,1,8,1.0;2.0;5.5;11.0;9.0;18.0;36.0;54.0;6.0;12.0;24.0;48.0,4,6,,1,40,2,1,54:AF:97,Unknown,0,288
211538,ganesh_5g,56:AF:97:59:06:91,-74,6,763,100,803667458886,WPA2,1,0,1,8,1.0;2.0;5.5;11.0;9.0;18.0;36.0;54.0;6.0;12.0;24.0;48.0,4,6,,1,40,2,1,56:AF:97,Unknown,0,239
211591,ganesh_5g,56:AF:97:59:06:91,-86,7,765,100,803667561289,WPA2,1,0,1,8,1.0;2.0;5.5;11.0;9.0;18.0;36.0;54.0;6.0;12.0;24.0;48.0,4,6,,1,40,2,1,56:AF:97,Unknown,0,239
211662,Fareed,3C:64:CF:3B:19:42,-87,7,546,100,803649229187,WPA2,1,1,1,8,1.0;2.0;5.5;11.0;6.0;9.0;12.0;18.0;24.0;36.0;48.0;54.0,4,8,US,1,40,2,1,3C:64:CF,Unknown,0,303
211694,,42:64:CF:3B:19:42,-82,7,3153,100,803649229187,WEP,1,1,1,0,,0,0,,0,0,0,0,42:64:CF,Unknown,0,326
211736,Ganesh ,54:AF:97:5B:06:91,-76,7,766,100,803667661175,WPA2,1,0,1,8,1.0;2.0;5.5;11.0;9.0;18.0;36.0;54.0;6.0;12.0;24.0;48.0,4,6,,1,40,2,1,54:AF:97,Unknown,0,288
211800,Fareed,3C:64:CF:3B:19:42,-85,8,548,100,803649433987,WPA2,1,1,1,8,1.0;2.0;5.5;11.0;6.0;9.0;12.0;18.0;24.0;36.0;48.0;54.0,4,8,US,1,40,2,1,3C:64:CF,Unknown,0,303
211821,,42:64:CF:3B:19:42,-82,8,3155,100,803649433987,WEP,1,1,1,0,,0,0,,0,0,0,0,42:64:CF,Unknown,0,326
211871,Ganesh ,54:AF:97:5B:06:91,-81,8,770,100,803667865978,WPA2,1,0,1,8,1.0;2.0;5.5;11.0;9.0;18.0;36.0;54.0;6.0;12.0;24.0;48.0,4,6,,1,40,2,1,54:AF:97,Unknown,0,288
211934,Fareed,3C:64:CF:3B:19:42,-79,8,550,100,803649638787,WPA2,1,1,1,8,1.0;2.0;5.5;11.0;6.0;9.0;12.0;18.0;24.0;36.0;48.0;54.0,4,8,US,1,40,2,1,3C:64:CF,Unknown,0,303
211956,,42:64:CF:3B:19:42,-81,8,3157,100,803649638787,WEP,1,1,1,0,,0,0,,0,0,0,0,42:64:CF,Unknown,0,326
212019,Fareed,3C:64:CF:3B:19:42,-80,8,551,100,803649741187,WPA2,1,1,1,8,1.0;2.0;5.5;11.0;6.0;9.0;12.0;18.0;24.0;36.0;48.0;54.0,4,8,US,1,40,2,1,3C:64:CF,Unknown,0,303
212040,,42:64:CF:3B:19:42,-82,9,3158,100,803649741187,WEP,1,1,1,0,,0,0,,0,0,0,0,42:64:CF,Unknown,0,326
212101,Fareed,3C:64:CF:3B:19:42,-87,9,552,100,803649843587,WPA2,1,1,1,8,1.0;2.0;5.5;11.0;6.0;9.0;12.0;18.0;24.0;36.0;48.0;54.0,4,8,US,1,40,2,1,3C:64:CF,Unknown,0,303
212241,ACT103722870556_5g,F2:A7:31:E9:CB:A5,-86,10,2389,100,122948303741,WPA2,1,0,1,8,1.0;2.0;5.5;11.0;9.0;18.0;36.0;54.0;6.0;12.0;24.0;48.0,4,11,,1,40,2,1,F2:A7:31,Unknown,0,248
212341,Saurabh’s Wi-Fi ,F0:A7:31:E8:CB:A5,-88,10,2390,100,122948403536,WPA2,1,0,1,8,1.0;2.0;5.5;11.0;9.0;18.0;36.0;54.0;6.0;12.0;24.0;48.0,4,11,,1,40,2,1,F0:A7:31,Unknown,0,299
212394,KARTHIKA,D8:07:B6:EC:81:0F,-92,11,431,100,803673909578,WPA2,1,0,1,8,1.0;2.0;5.5;11.0;9.0;18.0;36.0;54.0;6.0;12.0;24.0;48.0,4,11,,1,40,2,0,D8:07:B6,Unknown,0,262
212443,Saurabh’s Wi-Fi ,F0:A7:31:E8:CB:A5,-83,11,2392,100,122948505944,WPA2,1,0,1,8,1.0;2.0;5.5;11.0;9.0;18.0;36.0;54.0;6.0;12.0;24.0;48.0,4,11,,1,40,2,1,F0:A7:31,Unknown,0,299
212495,ACT103722870556_5g,F2:A7:31:E9:CB:A5,-82,11,2393,100,122948508545,WPA2,1,0,1,8,1.0;2.0;5.5;11.0;9.0;18.0;36.0;54.0;6.0;12.0;24.0;48.0,4,11,,1,40,2,1,F2:A7:31,Unknown,0,248
212547,KARTHIKA,D8:07:B6:EC:81:0F,-93,11,432,100,803674009972,WPA2,1,0,1,8,1.0;2.0;5.5;11.0;9.0;18.0;36.0;54.0;6.0;12.0;24.0;48.0,4,11,,1,40,2,0,D8:07:B6,Unknown,0,262
212600,JBNR_EXT,1C:3B:F3:EE:C6:D8,-96,11,1958,100,342679347596,WPA2,1,0,1,8,1.0;2.0;5.5;11.0;9.0;18.0;36.0;54.0;6.0;12.0;24.0;48.0,4,11,,1,20,2,0,1C:3B:F3,Unknown,0,297
212653,JBNR,C0:68:CC:6D:DD:52,-90,11,3589,100,610234061212,WPA2,1,0,1,8,1.0;2.0;5.5;11.0;9.0;18.0;36.0;54.0;6.0;12.0;24.0;48.0,4,11,IN,1,20,2,1,C0:68:CC,Unknown,0,277
212696,JVACT1,A4:2B:B0:01:A6:3A,-95,11,454,100,803677696371,WPA2,1,0,1,8,1.0;2.0;5.5;11.0;9.0;18.0;36.0;54.0;6.0;12.0;24.0;48.0,4,11,,1,40,2,0,A4:2B:B0,Unknown,0,260
212776,Saurabh’s Wi-Fi ,F0:A7:31:E8:CB:A5,-87,11,2394,100,122948608345,WPA2,1,0,1,8,1.0;2.0;5.5;11.0;9.0;18.0;36.0;54.0;6.0;12.0;24.0;48.0,4,11,,1,40,2,1,F0:A7:31,Unknown,0,299
212818,ACT103722870556_5g,F2:A7:31:E9:CB:A5,-88,11,2395,100,122948610946,WPA2,1,0,1,8,1.0;2.0;5.5;11.0;9.0;18.0;36.0;54.0;6.0;12.0;24.0;48.0,4,11,,1,40,2,1,F2:A7:31,Unknown,0,248
212872,KARTHIKA,D8:07:B6:EC:81:0F,-91,12,434,100,803674214775,WPA2,1,0,1,8,1.0;2.0;5.5;11.0;9.0;18.0;36.0;54.0;6.0;12.0;24.0;48.0,4,11,,1,40,2,0,D8:07:B6,Unknown,0,262
212914,KARTHIKA,D8:07:B6:EC:81:0F,-90,12,435,100,803674317170,WPA2,1,0,1,8,1.0;2.0;5.5;11.0;9.0;18.0;36.0;54.0;6.0;12.0;24.0;48.0,4,11,,1,40,2,0,D8:07:B6,Unknown,0,262
212967,ACT103722870556_5g,F2:A7:31:E9:CB:A5,-81,12,2401,100,122948918147,WPA2,1,0,1,8,1.0;2.0;5.5;11.0;9.0;18.0;36.0;54.0;6.0;12.0;24.0;48.0,4,11,,1,40,2,1,F2:A7:31,Unknown,0,248
213121,JioFiber-3TFFK,E8:22:B8:12:3E:9A,-90,1,1936,100,803612569995,WPA2,1,0,1,8,1.0;2.0;5.5;11.0;9.0;18.0;36.0;54.0;6.0;12.0;24.0;48.0,4,1,IN,1,20,2,1,E8:22:B8,Unknown,0,287
213174,JioFiber_24GH_KRR,A8:88:1F:20:7B:61,-78,1,3306,100,284334080419,WPA2,1,0,1,8,1.0;2.0;5.5;11.0;9.0;18.0;36.0;54.0;6.0;12.0;24.0;48.0,4,1,IN,1,20,2,1,A8:88:1F,Unknown,0,290
213216,JioFiber-3TFFK_EXT,8C:90:2D:3C:03:B3,-81,1,4047,100,603629876838,WPA2,1,0,1,8,1.0;2.0;5.5;11.0;9.0;18.0;36.0;54.0;6.0;12.0;24.0;48.0,4,1,,1,20,2,0,8C:90:2D,Unknown,0,224
213269,JioFiber-3TFFK,E8:22:B8:12:3E:9A,-92,1,1937,100,803612672427,WPA2,1,0,1,8,1.0;2.0;5.5;11.0;9.0;18.0;36.0;54.0;6.0;12.0;24.0;48.0,4,1,IN,1,20,2,1,E8:22:B8,Unknown,0,287
213332,JioFiber_24GH_KRR,A8:88:1F:20:7B:61,-83,1,3307,100,284334182805,WPA2,1,0,1,8,1.0;2.0;5.5;11.0;9.0;18.0;36.0;54.0;6.0;12.0;24.0;48.0,4,1,IN,1,20,2,1,A8:88:1F,Unknown,0,290
213394,JioFiber-3TFFK,E8:22:B8:12:3E:9A,-90,1,1938,100,803612774824,WPA2,1,0,1,8,1.0;2.0;5.5;11.0;9.0;18.0;36.0;54.0;6.0;12.0;24.0;48.0,4,1,IN,1,20,2,1,E8:22:B8,Unknown,0,287
213436,JioFiber-3TFFK_EXT,8C:90:2D:3C:03:B3,-87,1,4049,100,603630082061,WPA2,1,0,1,8,1.0;2.0;5.5;11.0;9.0;18.0;36.0;54.0;6.0;12.0;24.0;48.0,4,1,,1,20,2,0,8C:90:2D,Unknown,0,224
213531,JioFiber-3TFFK,E8:22:B8:12:3E:9A,-93,2,1940,100,803612979609,WPA2,1,0,1,8,1.0;2.0;5.5;11.0;9.0;18.0;36.0;54.0;6.0;12.0;24.0;48.0,4,1,IN,1,20,2,1,E8:22:B8,Unknown,0,287
213583,JioFiber_24GH_KRR,A8:88:1F:20:7B:61,-82,2,3310,100,284334490038,WPA2,1,0,1,8,1.0;2.0;5.5;11.0;9.0;18.0;36.0;54.0;6.0;12.0;24.0;48.0,4,1,IN,1,20,2,1,A8:88:1F,Unknown,0,290
213605,,C2:07:1D:D4:35:49,-92,2,1281,100,780113514254,WEP,1,1,1,0,,0,0,,0,0,0,0,C2:07:1D,Unknown,0,431
214147,NISHA-SEN,D8:0D:17:F6:48:8A,-86,5,3543,100,121420595584,WPA2,1,1,1,8,1.0;2.0;5.5;11.0;6.0;9.0;12.0;18.0;24.0;36.0;48.0;54.0,4,5,,1,40,3,1,D8:0D:17,Unknown,0,272
214249,NISHA-SEN,D8:0D:17:F6:48:8A,-89,5,3544,100,121420698065,WPA2,1,1,1,8,1.0;2.0;5.5;11.0;6.0;9.0;12.0;18.0;24.0;36.0;48.0;54.0,4,5,,1,40,3,1,D8:0D:17,Unknown,0,272
214356,ganesh_5g,56:AF:97:59:06:91,-81,6,823,100,803670530850,WPA2,1,0,1,8,1.0;2.0;5.5;11.0;9.0;18.0;36.0;54.0;6.0;12.0;24.0;48.0,4,6,,1,40,2,1,56:AF:97,Unknown,0,239
214448,Shravan-4g,48:55:5E:19:EA:BA,-90,6,2681,100,803612672419,WPA2,1,0,1,8,1.0;2.0;5.5;11.0;9.0;18.0;36.0;54.0;6.0;12.0;24.0;48.0,4,6,IN,1,20,2,1,48:55:5E,Unknown,0,283
214501,NISHA-SEN,D8:0D:17:F6:48:8A,-90,6,3548,100,121420902784,WPA2,1,1,1,8,1.0;2.0;5.5;11.0;6.0;9.0;12.0;18.0;24.0;36.0;48.0;54.0,4,5,,1,40,3,1,D8:0D:17,Unknown,0,272
214551,Ganesh ,54:AF:97:5B:06:91,-89,6,824,100,803670630734,WPA2,1,0,1,8,1.0;2.0;5.5;11.0;9.0;18.0;36.0;54.0;6.0;12.0;24.0;48.0,4,6,,1,40,2,1,54:AF:97,Unknown,0,288
214604,ganesh_5g,56:AF:97:59:06:91,-88,6,825,100,803670633248,WPA2,1,0,1,8,1.0;2.0;5.5;11.0;9.0;18.0;36.0;54.0;6.0;12.0;24.0;48.0,4,6,,1,40,2,1,56:AF:97,Unknown,0,239
214656,JioFiber-CqkfQ,9A:78:C9:62:4F:27,-84,6,1049,100,803653018001,WPA2,1,0,1,8,1.0;2.0;5.5;11.0;18.0;24.0;36.0;54.0;6.0;9.0;12.0;48.0,4,6,IN,1,40,2,1,9A:78:C9,Unknown,0,234
214699,Ganesh ,54:AF:97:5B:06:91,-83,6,826,100,803670733141,WPA2,1,0,1,8,1.0;2.0;5.5;11.0;9.0;18.0;36.0;54.0;6.0;12.0;24.0;48.0,4,6,,1,40,2,1,54:AF:97,Unknown,0,288
214752,ganesh_5g,56:AF:97:59:06:91,-86,6,827,100,803670735654,WPA2,1,0,1,8,1.0;2.0;5.5;11.0;9.0;18.0;36.0;54.0;6.0;12.0;24.0;48.0,4,6,,1,40,2,1,56:AF:97,Unknown,0,239
214795,,42:64:CF:3B:19:42,-83,7,3185,100,803652505987,WEP,1,1,1,0,,0,0,,0,0,0,0,42:64:CF,Unknown,0,326
214898,Fareed,3C:64:CF:3B:19:42,-80,8,580,100,803652710787,WPA2,1,1,1,8,1.0;2.0;5.5;11.0;6.0;9.0;12.0;18.0;24.0;36.0;48.0;54.0,4,8,US,1,40,2,1,3C:64:CF,Unknown,0,303
215001,Fareed,3C:64:CF:3B:19:42,-86,8,583,100,803652813187,WPA2,1,1,1,8,1.0;2.0;5.5;11.0;6.0;9.0;12.0;18.0;24.0;36.0;48.0;54.0,4,8,US,1,40,2,1,3C:64:CF,Unknown,0,303
215022,,42:64:CF:3B:19:42,-88,8,3188,100,803652813187,WEP,1,1,1,0,,0,0,,0,0,0,0,42:64:CF,Unknown,0,326
215103,Fareed,3C:64:CF:3B:19:42,-82,8,584,100,803652915587,WPA2,1,1,1,8,1.0;2.0;5.5;11.0;6.0;9.0;12.0;18.0;24.0;36.0;48.0;54.0,4,8,US,1,40,2,1,3C:64:CF,Unknown,0,303
215133,,42:64:CF:3B:19:42,-91,9,3189,100,803652915587,WEP,1,1,1,0,,0,0,,0,0,0,0,42:64:CF,Unknown,0,326
215205,Fareed,3C:64:CF:3B:19:42,-90,9,585,100,803653017987,WPA2,1,1,1,8,1.0;2.0;5.5;11.0;6.0;9.0;12.0;18.0;24.0;36.0;48.0;54.0,4,8,US,1,40,2,1,3C:64:CF,Unknown,0,303
215328,,42:64:CF:3B:19:42,-86,9,3191,100,803653120387,WEP,1,1,1,0,,0,0,,0,0,0,0,42:64:CF,Unknown,0,326
215413,Saurabh’s Wi-Fi ,F0:A7:31:E8:CB:A5,-73,10,2450,100,122951475569,WPA2,1,0,1,8,1.0;2.0;5.5;11.0;9.0;18.0;36.0;54.0;6.0;12.0;24.0;48.0,4,11,,1,40,2,1,F0:A7:31,Unknown,0,299
215466,ACT103722870556_5g,F2:A7:31:E9:CB:A5,-74,10,2451,100,122951478170,WPA2,1,0,1,8,1.0;2.0;5.5;11.0;9.0;18.0;36.0;54.0;6.0;12.0;24.0;48.0,4,11,,1,40,2,1,F2:A7:31,Unknown,0,248
215527,JBNR,C0:68:CC:6D:DD:52,-89,10,3620,100,610237030810,WPA2,1,0,1,8,1.0;2.0;5.5;11.0;9.0;18.0;36.0;54.0;6.0;12.0;24.0;48.0,4,11,IN,1,20,2,1,C0:68:CC,Unknown,0,277
215570,Saurabh’s Wi-Fi ,F0:A7:31:E8:CB:A5,-82,10,2452,100,122951577971,WPA2,1,0,1,8,1.0;2.0;5.5;11.0;9.0;18.0;36.0;54.0;6.0;12.0;24.0;48.0,4,11,,1,40,2,1,F0:A7:31,Unknown,0,299
215623,ACT103722870556_5g,F2:A7:31:E9:CB:A5,-81,10,2453,100,122951580573,WPA2,1,0,1,8,1.0;2.0;5.5;11.0;9.0;18.0;36.0;54.0;6.0;12.0;24.0;48.0,4,11,,1,40,2,1,F2:A7:31,Unknown,0,248
215678,JBNR,C0:68:CC:6D:DD:52,-81,11,3622,100,610237235621,WPA2,1,0,1,8,1.0;2.0;5.5;11.0;9.0;18.0;36.0;54.0;6.0;12.0;24.0;48.0,4,11,IN,1,20,2,1,C0:68:CC,Unknown,0,277
215731,JVACT1,A4:2B:B0:01:A6:3A,-96,11,485,100,803680870773,WPA2,1,0,1,8,1.0;2.0;5.5;11.0;9.0;18.0;36.0;54.0;6.0;12.0;24.0;48.0,4,11,,1,40,2,0,A4:2B:B0,Unknown,0,260
215792,Saurabh’s Wi-Fi ,F0:A7:31:E8:CB:A5,-75,11,2456,100,122951782772,WPA2,1,0,1,8,1.0;2.0;5.5;11.0;9.0;18.0;36.0;54.0;6.0;12.0;24.0;48.0,4,11,,1,40,2,1,F0:A7:31,Unknown,0,299
215834,ACT103722870556_5g,F2:A7:31:E9:CB:A5,-75,11,2457,100,122951785373,WPA2,1,0,1,8,1.0;2.0;5.5;11.0;9.0;18.0;36.0;54.0;6.0;12.0;24.0;48.0,4,11,,1,40,2,1,F2:A7:31,Unknown,0,248
215888,JBNR_EXT,1C:3B:F3:EE:C6:D8,-92,11,1996,100,342682624427,WPA2,1,0,1,8,1.0;2.0;5.5;11.0;9.0;18.0;36.0;54.0;6.0;12.0;24.0;48.0,4,11,,1,20,2,0,1C:3B:F3,Unknown,0,297
215941,JBNR,C0:68:CC:6D:DD:52,-84,11,3623,100,610237338006,WPA2,1,0,1,8,1.0;2.0;5.5;11.0;9.0;18.0;36.0;54.0;6.0;12.0;24.0;48.0,4,11,IN,1,20,2,1,C0:68:CC,Unknown,0,277
215993,JVACT1,A4:2B:B0:01:A6:3A,-93,11,486,100,803680973173,WPA2,1,0,1,8,1.0;2.0;5.5;11.0;9.0;18.0;36.0;54.0;6.0;12.0;24.0;48.0,4,11,,1,40,2,0,A4:2B:B0,Unknown,0,260
216044,ACT103722870556_5g,F2:A7:31:E9:CB:A5,-84,12,2461,100,122951990173,WPA2,1,0,1,8,1.0;2.0;5.5;11.0;9.0;18.0;36.0;54.0;6.0;12.0;24.0;48.0,4,11,,1,40,2,1,F2:A7:31,Unknown,0,248
216097,KARTHIKA,D8:07:B6:EC:81:0F,-91,12,466,100,803677491537,WPA2,1,0,1,8,1.0;2.0;5.5;11.0;9.0;18.0;36.0;54.0;6.0;12.0;24.0;48.0,4,11,,1,40,2,0,D8:07:B6,Unknown,0,262
216150,JBNR,C0:68:CC:6D:DD:52,-86,12,3625,100,610237542814,WPA2,1,0,1,8,1.0;2.0;5.5;11.0;9.0;18.0;36.0;54.0;6.0;12.0;24.0;48.0,4,11,IN,1,20,2,1,C0:68:CC,Unknown,0,277
216202,Saurabh’s Wi-Fi ,F0:A7:31:E8:CB:A5,-83,12,2462,100,122952089909,WPA2,1,0,1,8,1.0;2.0;5.5;11.0;9.0;18.0;36.0;54.0;6.0;12.0;24.0;48.0,4,11,,1,40,2,1,F0:A7:31,Unknown,0,299
216245,ACT103722870556_5g,F2:A7:31:E9:CB:A5,-86,13,2465,100,122952194912,WPA2,1,0,1,8,1.0;2.0;5.5;11.0;9.0;18.0;36.0;54.0;6.0;12.0;24.0;48.0,4,11,,1,40,2,1,F2:A7:31,Unknown,0,248
216307,Saurabh’s Wi-Fi ,F0:A7:31:E8:CB:A5,-88,13,2466,100,122952294709,WPA2,1,0,1,8,1.0;2.0;5.5;11.0;9.0;18.0;36.0;54.0;6.0;12.0;24.0;48.0,4,11,,1,40,2,1,F0:A7:31,Unknown,0,299
216350,ACT103722870556_5g,F2:A7:31:E9:CB:A5,-79,13,2467,100,122952297311,WPA2,1,0,1,8,1.0;2.0;5.5;11.0;9.0;18.0;36.0;54.0;6.0;12.0;24.0;48.0,4,11,,1,40,2,1,F2:A7:31,Unknown,0,248
216438,JioFiber_24GH_KRR,A8:88:1F:20:7B:61,-72,1,3340,100,284337357202,WPA2,1,0,1,8,1.0;2.0;5.5;11.0;9.0;18.0;36.0;54.0;6.0;12.0;24.0;48.0,4,1,IN,1,20,2,1,A8:88:1F,Unknown,0,290
216480,JioFiber-3TFFK_EXT,8C:90:2D:3C:03:B3,-84,1,4085,100,603633154082,WPA2,1,0,1,8,1.0;2.0;5.5;11.0;9.0;18.0;36.0;54.0;6.0;12.0;24.0;48.0,4,1,,1,20,2,0,8C:90:2D,Unknown,0,224
216533,JioFiber-3TFFK,E8:22:B8:12:3E:9A,-90,1,1971,100,803615949219,WPA2,1,0,1,8,1.0;2.0;5.5;11.0;9.0;18.0;36.0;54.0;6.0;12.0;24.0;48.0,4,1,IN,1,20,2,1,E8:22:B8,Unknown,0,287
216598,JioFiber_24GH_KRR,A8:88:1F:20:7B:61,-71,1,3341,100,284337459613,WPA2,1,0,1,8,1.0;2.0;5.5;11.0;9.0;18.0;36.0;54.0;6.0;12.0;24.0;48.0,4,1,IN,1,20,2,1,A8:88:1F,Unknown,0,290
216640,JioFiber-3TFFK_EXT,8C:90:2D:3C:03:B3,-88,1,4086,100,603633256084,WPA2,1,0,1,8,1.0;2.0;5.5;11.0;9.0;18.0;36.0;54.0;6.0;12.0;24.0;48.0,4,1,,1,20,2,0,8C:90:2D,Unknown,0,224
216694,JioFiber-3TFFK,E8:22:B8:12:3E:9A,-87,1,1972,100,803616051607,WPA2,1,0,1,8,1.0;2.0;5.5;11.0;9.0;18.0;36.0;54.0;6.0;12.0;24.0;48.0,4,1,IN,1,20,2,1,E8:22:B8,Unknown,0,287
216746,JioFiber_24GH_KRR,A8:88:1F:20:7B:61,-67,1,3342,100,284337562005,WPA2,1,0,1,8,1.0;2.0;5.5;11.0;9.0;18.0;36.0;54.0;6.0;12.0;24.0;48.0,4,1,IN,1,20,2,1,A8:88:1F,Unknown,0,290
216799,JioFiber-3TFFK_EXT,8C:90:2D:3C:03:B3,-80,1,4087,100,603633358468,WPA2,1,0,1,8,1.0;2.0;5.5;11.0;9.0;18.0;36.0;54.0;6.0;12.0;24.0;48.0,4,1,,1,20,2,0,8C:90:2D,Unknown,0,224
216847,JioFiber-3TFFK_EXT,8C:90:2D:3C:03:B3,-82,2,4088,100,603633460863,WPA2,1,0,1,8,1.0;2.0;5.5;11.0;9.0;18.0;36.0;54.0;6.0;12.0;24.0;48.0,4,1,,1,20,2,0,8C:90:2D,Unknown,0,224
216890,JioFiber-3TFFK_EXT,8C:90:2D:3C:03:B3,-79,2,4089,100,603633563267,WPA2,1,0,1,8,1.0;2.0;5.5;11.0;9.0;18.0;36.0;54.0;6.0;12.0;24.0;48.0,4,1,,1,20,2,0,8C:90:2D,Unknown,0,224
217217,NISHA-SEN,D8:0D:17:F6:48:8A,-86,4,3583,100,121423667584,WPA2,1,1,1,8,1.0;2.0;5.5;11.0;6.0;9.0;12.0;18.0;24.0;36.0;48.0;54.0,4,5,,1,40,3,1,D8:0D:17,Unknown,0,272
217421,NISHA-SEN,D8:0D:17:F6:48:8A,-78,5,3585,100,121423872384,WPA2,1,1,1,8,1.0;2.0;5.5;11.0;6.0;9.0;12.0;18.0;24.0;36.0;48.0;54.0,4,5,,1,40,3,1,D8:0D:17,Unknown,0,272
217474,JioFiber-CqkfQ,9A:78:C9:62:4F:27,-85,5,1078,100,803655987617,WPA2,1,0,1,8,1.0;2.0;5.5;11.0;18.0;24.0;36.0;54.0;6.0;9.0;12.0;48.0,4,6,IN,1,40,2,1,9A:78:C9,Unknown,0,234
217534,NISHA-SEN,D8:0D:17:F6:48:8A,-86,5,3586,100,121423974784,WPA2,1,1,1,8,1.0;2.0;5.5;11.0;6.0;9.0;12.0;18.0;24.0;36.0;48.0;54.0,4,5,,1,40,3,1,D8:0D:17,Unknown,0,272
217631,Ganesh ,54:AF:97:5B:06:91,-90,6,886,100,803673805171,WPA2,1,0,1,8,1.0;2.0;5.5;11.0;9.0;18.0;36.0;54.0;6.0;12.0;24.0;48.0,4,6,,1,40,2,1,54:AF:97,Unknown,0,288
217683,ganesh_5g,56:AF:97:59:06:91,-84,6,887,100,803673807685,WPA2,1,0,1,8,1.0;2.0;5.5;11.0;9.0;18.0;36.0;54.0;6.0;12.0;24.0;48.0,4,6,,1,40,2,1,56:AF:97,Unknown,0,239
217733,Ganesh ,54:AF:97:5B:06:91,-87,6,888,100,803673907568,WPA2,1,0,1,8,1.0;2.0;5.5;11.0;9.0;18.0;36.0;54.0;6.0;12.0;24.0;48.0,4,6,,1,40,2,1,54:AF:97,Unknown,0,288
217786,ganesh_5g,56:AF:97:59:06:91,-88,6,889,100,803673910082,WPA2,1,0,1,8,1.0;2.0;5.5;11.0;9.0;18.0;36.0;54.0;6.0;12.0;24.0;48.0,4,6,,1,40,2,1,56:AF:97,Unknown,0,239
217837,JioFiber-CqkfQ,9A:78:C9:62:4F:27,-84,6,1081,100,803656294808,WPA2,1,0,1,8,1.0;2.0;5.5;11.0;18.0;24.0;36.0;54.0;6.0;9.0;12.0;48.0,4,6,IN,1,40,2,1,9A:78:C9,Unknown,0,234
217890,ganesh_5g,56:AF:97:59:06:91,-90,6,891,100,803674012481,WPA2,1,0,1,8,1.0;2.0;5.5;11.0;9.0;18.0;36.0;54.0;6.0;12.0;24.0;48.0,4,6,,1,40,2,1,56:AF:97,Unknown,0,239
218175,Fareed,3C:64:CF:3B:19:42,-88,8,616,100,803655987587,WPA2,1,1,1,8,1.0;2.0;5.5;11.0;6.0;9.0;12.0;18.0;24.0;36.0;48.0;54.0,4,8,US,1,40,2,1,3C:64:CF,Unknown,0,303
218197,,42:64:CF:3B:19:42,-88,8,3219,100,803655987587,WEP,1,1,1,0,,0,0,,0,0,0,0,42:64:CF,Unknown,0,326
218277,Fareed,3C:64:CF:3B:19:42,-89,8,617,100,803656089987,WPA2,1,1,1,8,1.0;2.0;5.5;11.0;6.0;9.0;12.0;18.0;24.0;36.0;48.0;54.0,4,8,US,1,40,2,1,3C:64:CF,Unknown,0,303
218400,,42:64:CF:3B:19:42,-87,9,3221,100,803656192387,WEP,1,1,1,0,,0,0,,0,0,0,0,42:64:CF,Unknown,0,326
218482,Fareed,3C:64:CF:3B:19:42,-90,9,619,100,803656294787,WPA2,1,1,1,8,1.0;2.0;5.5;11.0;6.0;9.0;12.0;18.0;24.0;36.0;48.0;54.0,4,8,US,1,40,2,1,3C:64:CF,Unknown,0,303
218504,,42:64:CF:3B:19:42,-89,9,3222,100,803656294787,WEP,1,1,1,0,,0,0,,0,0,0,0,42:64:CF,Unknown,0,326
218692,ACT103722870556_5g,F2:A7:31:E9:CB:A5,-88,10,2515,100,122954754940,WPA2,1,0,1,8,1.0;2.0;5.5;11.0;9.0;18.0;36.0;54.0;6.0;12.0;24.0;48.0,4,11,,1,40,2,1,F2:A7:31,Unknown,0,248
218792,Saurabh’s Wi-Fi ,F0:A7:31:E8:CB:A5,-91,10,2516,100,122954854740,WPA2,1,0,1,8,1.0;2.0;5.5;11.0;9.0;18.0;36.0;54.0;6.0;12.0;24.0;48.0,4,11,,1,40,2,1,F0:A7:31,Unknown,0,299
218881,JVACT1,A4:2B:B0:01:A6:3A,-88,11,516,100,803684045141,WPA2,1,0,1,8,1.0;2.0;5.5;11.0;9.0;18.0;36.0;54.0;6.0;12.0;24.0;48.0,4,11,,1,40,2,0,A4:2B:B0,Unknown,0,260
218923,ACT103722870556_5g,F2:A7:31:E9:CB:A5,-92,11,2519,100,122954960105,WPA2,1,0,1,8,1.0;2.0;5.5;11.0;9.0;18.0;36.0;54.0;6.0;12.0;24.0;48.0,4,11,,1,40,2,1,F2:A7:31,Unknown,0,248
218976,ACT103722870556_5g_EXT,A8:6E:84:0C:CF:26,-93,11,2703,100,803699610505,WPA2,1,0,1,8,1.0;2.0;5.5;11.0;9.0;18.0;36.0;54.0;6.0;12.0;24.0;48.0,4,11,,1,40,2,0,A8:6E:84,Unknown,0,244
219029,JBNR,C0:68:CC:6D:DD:52,-96,11,3654,100,610240512422,WPA2,1,0,1,8,1.0;2.0;5.5;11.0;9.0;18.0;36.0;54.0;6.0;12.0;24.0;48.0,4,11,IN,1,20,2,1,C0:68:CC,Unknown,0,277
219082,JVACT1,A4:2B:B0:01:A6:3A,-90,11,517,100,803684147541,WPA2,1,0,1,8,1.0;2.0;5.5;11.0;9.0;18.0;36.0;54.0;6.0;12.0;24.0;48.0,4,11,,1,40,2,0,A4:2B:B0,Unknown,0,260
219131,Saurabh’s Wi-Fi ,F0:A7:31:E8:CB:A5,-94,11,2520,100,122955059537,WPA2,1,0,1,8,1.0;2.0;5.5;11.0;9.0;18.0;36.0;54.0;6.0;12.0;24.0;48.0,4,11,,1,40,2,1,F0:A7:31,Unknown,0,299
219184,ACT103722870556_5g,F2:A7:31:E9:CB:A5,-94,11,2521,100,122955062139,WPA2,1,0,1,8,1.0;2.0;5.5;11.0;9.0;18.0;36.0;54.0;6.0;12.0;24.0;48.0,4,11,,1,40,2,1,F2:A7:31,Unknown,0,248
219227,JVACT1,A4:2B:B0:01:A6:3A,-91,11,518,100,803684249940,WPA2,1,0,1,8,1.0;2.0;5.5;11.0;9.0;18.0;36.0;54.0;6.0;12.0;24.0;48.0,4,11,,1,40,2,0,A4:2B:B0,Unknown,0,260
219280,Saurabh’s Wi-Fi ,F0:A7:31:E8:CB:A5,-94,11,2522,100,122955215681,WPA2,1,0,1,8,1.0;2.0;5.5;11.0;9.0;18.0;36.0;54.0;6.0;12.0;24.0;48.0,4,11,,1,40,2,1,F0:A7:31,Unknown,0,299
219332,ACT103722870556_5g,F2:A7:31:E9:CB:A5,-95,11,2523,100,122955218283,WPA2,1,0,1,8,1.0;2.0;5.5;11.0;9.0;18.0;36.0;54.0;6.0;12.0;24.0;48.0,4,11,,1,40,2,1,F2:A7:31,Unknown,0,248
219386,ACT103722870556_5g,F2:A7:31:E9:CB:A5,-93,12,2527,100,122955369345,WPA2,1,0,1,8,1.0;2.0;5.5;11.0;9.0;18.0;36.0;54.0;6.0;12.0;24.0;48.0,4,11,,1,40,2,1,F2:A7:31,Unknown,0,248
219675,JioFiber-3TFFK,E8:22:B8:12:3E:9A,-73,1,2005,100,803619123600,WPA2,1,0,1,8,1.0;2.0;5.5;11.0;9.0;18.0;36.0;54.0;6.0;12.0;24.0;48.0,4,1,IN,1,20,2,1,E8:22:B8,Unknown,0,287
219728,JioFiber_24GH_KRR,A8:88:1F:20:7B:61,-74,1,3373,100,284340634028,WPA2,1,0,1,8,1.0;2.0;5.5;11.0;9.0;18.0;36.0;54.0;6.0;12.0;24.0;48.0,4,1,IN,1,20,2,1,A8:88:1F,Unknown,0,290
219770,JioFiber-3TFFK_EXT,8C:90:2D:3C:03:B3,-75,1,30,100,603636430538,WPA2,1,0,1,8,1.0;2.0;5.5;11.0;9.0;18.0;36.0;54.0;6.0;12.0;24.0;48.0,4,1,,1,20,2,0,8C:90:2D,Unknown,0,224
219823,JioFiber-3TFFK,E8:22:B8:12:3E:9A,-71,1,2006,100,803619225994,WPA2,1,0,1,8,1.0;2.0;5.5;11.0;9.0;18.0;36.0;54.0;6.0;12.0;24.0;48.0,4,1,IN,1,20,2,1,E8:22:B8,Unknown,0,287
219895,JioFiber_24GH_KRR,A8:88:1F:20:7B:61,-74,1,3374,100,284340736422,WPA2,1,0,1,8,1.0;2.0;5.5;11.0;9.0;18.0;36.0;54.0;6.0;12.0;24.0;48.0,4,1,IN,1,20,2,1,A8:88:1F,Unknown,0,290
219937,JioFiber-3TFFK_EXT,8C:90:2D:3C:03:B3,-83,1,31,100,603636532917,WPA2,1,0,1,8,1.0;2.0;5.5;11.0;9.0;18.0;36.0;54.0;6.0;12.0;24.0;48.0,4,1,,1,20,2,0,8C:90:2D,Unknown,0,224
219990,JioFiber-3TFFK,E8:22:B8:12:3E:9A,-72,2,2007,100,803619328418,WPA2,1,0,1,8,1.0;2.0;5.5;11.0;9.0;18.0;36.0;54.0;6.0;12.0;24.0;48.0,4,1,IN,1,20,2,1,E8:22:B8,Unknown,0,287
220043,JioFiber_24GH_KRR,A8:88:1F:20:7B:61,-83,2,3375,100,284340838800,WPA2,1,0,1,8,1.0;2.0;5.5;11.0;9.0;18.0;36.0;54.0;6.0;12.0;24.0;48.0,4,1,IN,1,20,2,1,A8:88:1F,Unknown,0,290
220095,JioFiber-3TFFK_EXT,8C:90:2D:3C:03:B3,-78,2,32,100,603636635323,WPA2,1,0,1,8,1.0;2.0;5.5;11.0;9.0;18.0;36.0;54.0;6.0;12.0;24.0;48.0,4,1,,1,20,2,0,8C:90:2D,Unknown,0,224
220155,JioFiber-3TFFK,E8:22:B8:12:3E:9A,-71,2,2008,100,803619430817,WPA2,1,0,1,8,1.0;2.0;5.5;11.0;9.0;18.0;36.0;54.0;6.0;12.0;24.0;48.0,4,1,IN,1,20,2,1,E8:22:B8,Unknown,0,287
220209,JioFiber_24GH_KRR,A8:88:1F:20:7B:61,-79,2,3376,100,284340941201,WPA2,1,0,1,8,1.0;2.0;5.5;11.0;9.0;18.0;36.0;54.0;6.0;12.0;24.0;48.0,4,1,IN,1,20,2,1,A8:88:1F,Unknown,0,290
220261,JioFiber-3TFFK,E8:22:B8:12:3E:9A,-73,2,2010,100,803619636618,WPA2,1,0,1,8,1.0;2.0;5.5;11.0;9.0;18.0;36.0;54.0;6.0;12.0;24.0;48.0,4,1,IN,1,20,2,1,E8:22:B8,Unknown,0,287
220314,NISHA-SEN,D8:0D:17:F6:48:8A,-83,3,3623,100,121426742808,WPA2,1,1,1,8,1.0;2.0;5.5;11.0;6.0;9.0;12.0;18.0;24.0;36.0;48.0;54.0,4,5,,1,40,3,1,D8:0D:17,Unknown,0,272
220390,NISHA-SEN,D8:0D:17:F6:48:8A,-81,4,3624,100,121426842808,WPA2,1,1,1,8,1.0;2.0;5.5;11.0;6.0;9.0;12.0;18.0;24.0;36.0;48.0;54.0,4,5,,1,40,3,1,D8:0D:17,Unknown,0,272
220492,NISHA-SEN,D8:0D:17:F6:48:8A,-80,4,3625,100,121426945234,WPA2,1,1,1,8,1.0;2.0;5.5;11.0;6.0;9.0;12.0;18.0;24.0;36.0;48.0;54.0,4,5,,1,40,3,1,D8:0D:17,Unknown,0,272
220595,NISHA-SEN,D8:0D:17:F6:48:8A,-80,4,3626,100,121427047687,WPA2,1,1,1,8,1.0;2.0;5.5;11.0;6.0;9.0;12.0;18.0;24.0;36.0;48.0;54.0,4,5,,1,40,3,1,D8:0D:17,Unknown,0,272
220700,NISHA-SEN,D8:0D:17:F6:48:8A,-77,5,3627,100,121427152808,WPA2,1,1,1,8,1.0;2.0;5.5;11.0;6.0;9.0;12.0;18.0;24.0;36.0;48.0;54.0,4,5,,1,40,3,1,D8:0D:17,Unknown,0,272
220752,Ganesh ,54:AF:97:5B:06:91,-88,5,946,100,803676877131,WPA2,1,0,1,8,1.0;2.0;5.5;11.0;9.0;18.0;36.0;54.0;6.0;12.0;24.0;48.0,4,6,,1,40,2,1,54:AF:97,Unknown,0,288
220809,NISHA-SEN,D8:0D:17:F6:48:8A,-76,5,3628,100,121427252667,WPA2,1,1,1,8,1.0;2.0;5.5;11.0;6.0;9.0;12.0;18.0;24.0;36.0;48.0;54.0,4,5,,1,40,3,1,D8:0D:17,Unknown,0,272
220902,NISHA-SEN,D8:0D:17:F6:48:8A,-73,6,3629,100,121427355110,WPA2,1,1,1,8,1.0;2.0;5.5;11.0;6.0;9.0;12.0;18.0;24.0;36.0;48.0;54.0,4,5,,1,40,3,1,D8:0D:17,Unknown,0,272
220955,JioFiber-CqkfQ,9A:78:C9:62:4F:27,-79,6,1114,100,803659473291,WPA2,1,0,1,8,1.0;2.0;5.5;11.0;18.0;24.0;36.0;54.0;6.0;9.0;12.0;48.0,4,6,IN,1,40,2,1,9A:78:C9,Unknown,0,234
221004,NISHA-SEN,D8:0D:17:F6:48:8A,-74,6,3630,100,121427457520,WPA2,1,1,1,8,1.0;2.0;5.5;11.0;6.0;9.0;12.0;18.0;24.0;36.0;48.0;54.0,4,5,,1,40,3,1,D8:0D:17,Unknown,0,272
221057,Ganesh ,54:AF:97:5B:06:91,-86,6,952,100,803677184339,WPA2,1,0,1,8,1.0;2.0;5.5;11.0;9.0;18.0;36.0;54.0;6.0;12.0;24.0;48.0,4,6,,1,40,2,1,54:AF:97,Unknown,0,288
221110,ganesh_5g,56:AF:97:59:06:91,-92,6,953,100,803677186852,WPA2,1,0,1,8,1.0;2.0;5.5;11.0;9.0;18.0;36.0;54.0;6.0;12.0;24.0;48.0,4,6,,1,40,2,1,56:AF:97,Unknown,0,239
221159,JioFiber-CqkfQ,9A:78:C9:62:4F:27,-81,6,1115,100,803659574190,WPA2,1,0,1,8,1.0;2.0;5.5;11.0;18.0;24.0;36.0;54.0;6.0;9.0;12.0;48.0,4,6,IN,1,40,2,1,9A:78:C9,Unknown,0,234
221213,NISHA-SEN,D8:0D:17:F6:48:8A,-74,6,3631,100,121427560010,WPA2,1,1,1,8,1.0;2.0;5.5;11.0;6.0;9.0;12.0;18.0;24.0;36.0;48.0;54.0,4,5,,1,40,3,1,D8:0D:17,Unknown,0,272
221265,Ganesh ,54:AF:97:5B:06:91,-88,6,954,100,803677286740,WPA2,1,0,1,8,1.0;2.0;5.5;11.0;9.0;18.0;36.0;54.0;6.0;12.0;24.0;48.0,4,6,,1,40,2,1,54:AF:97,Unknown,0,288
221318,NISHA-SEN,D8:0D:17:F6:48:8A,-84,7,3632,100,121427661225,WPA2,1,1,1,8,1.0;2.0;5.5;11.0;6.0;9.0;12.0;18.0;24.0;36.0;48.0;54.0,4,5,,1,40,3,1,D8:0D:17,Unknown,0,272
221371,Ganesh ,54:AF:97:5B:06:91,-90,7,956,100,803677389143,WPA2,1,0,1,8,1.0;2.0;5.5;11.0;9.0;18.0;36.0;54.0;6.0;12.0;24.0;48.0,4,6,,1,40,2,1,54:AF:97,Unknown,0,288
221452,Fareed,3C:64:CF:3B:19:42,-91,8,650,100,803659264387,WPA2,1,1,1,8,1.0;2.0;5.5;11.0;6.0;9.0;12.0;18.0;24.0;36.0;48.0;54.0,4,8,US,1,40,2,1,3C:64:CF,Unknown,0,303
221474,,42:64:CF:3B:19:42,-93,8,3251,100,803659264387,WEP,1,1,1,0,,0,0,,0,0,0,0,42:64:CF,Unknown,0,326
221554,Fareed,3C:64:CF:3B:19:42,-95,8,651,100,803659366787,WPA2,1,1,1,8,1.0;2.0;5.5;11.0;6.0;9.0;12.0;18.0;24.0;36.0;48.0;54.0,4,8,US,1,40,2,1,3C:64:CF,Unknown,0,303
221953,JVACT1,A4:2B:B0:01:A6:3A,-93,10,546,100,803687117175,WPA2,1,0,1,8,1.0;2.0;5.5;11.0;9.0;18.0;36.0;54.0;6.0;12.0;24.0;48.0,4,11,,1,40,2,0,A4:2B:B0,Unknown,0,260
222158,JVACT1,A4:2B:B0:01:A6:3A,-89,11,548,100,803687321974,WPA2,1,0,1,8,1.0;2.0;5.5;11.0;9.0;18.0;36.0;54.0;6.0;12.0;24.0;48.0,4,11,,1,40,2,0,A4:2B:B0,Unknown,0,260
222260,JVACT1,A4:2B:B0:01:A6:3A,-87,11,549,100,803687424374,WPA2,1,0,1,8,1.0;2.0;5.5;11.0;9.0;18.0;36.0;54.0;6.0;12.0;24.0;48.0,4,11,,1,40,2,0,A4:2B:B0,Unknown,0,260
222362,JVACT1,A4:2B:B0:01:A6:3A,-87,12,550,100,803687526773,WPA2,1,0,1,8,1.0;2.0;5.5;11.0;9.0;18.0;36.0;54.0;6.0;12.0;24.0;48.0,4,11,,1,40,2,0,A4:2B:B0,Unknown,0,260
222889,JioFiber_24GH_KRR,A8:88:1F:20:7B:61,-79,1,3408,100,284343808427,WPA2,1,0,1,8,1.0;2.0;5.5;11.0;9.0;18.0;36.0;54.0;6.0;12.0;24.0;48.0,4,1,IN,1,20,2,1,A8:88:1F,Unknown,0,290
222932,JioFiber-3TFFK_EXT,8C:90:2D:3C:03:B3,-76,1,61,100,603639604969,WPA2,1,0,1,8,1.0;2.0;5.5;11.0;9.0;18.0;36.0;54.0;6.0;12.0;24.0;48.0,4,1,,1,20,2,0,8C:90:2D,Unknown,0,224
222984,JioFiber-3TFFK,E8:22:B8:12:3E:9A,-80,1,2037,100,803622400396,WPA2,1,0,1,8,1.0;2.0;5.5;11.0;9.0;18.0;36.0;54.0;6.0;12.0;24.0;48.0,4,1,IN,1,20,2,1,E8:22:B8,Unknown,0,287
223044,JioFiber_24GH_KRR,A8:88:1F:20:7B:61,-76,1,3409,100,284343910800,WPA2,1,0,1,8,1.0;2.0;5.5;11.0;9.0;18.0;36.0;54.0;6.0;12.0;24.0;48.0,4,1,IN,1,20,2,1,A8:88:1F,Unknown,0,290
223097,JioFiber-3TFFK,E8:22:B8:12:3E:9A,-82,1,2038,100,803622502827,WPA2,1,0,1,8,1.0;2.0;5.5;11.0;9.0;18.0;36.0;54.0;6.0;12.0;24.0;48.0,4,1,IN,1,20,2,1,E8:22:B8,Unknown,0,287
223160,JioFiber_24GH_KRR,A8:88:1F:20:7B:61,-71,1,3410,100,284344013263,WPA2,1,0,1,8,1.0;2.0;5.5;11.0;9.0;18.0;36.0;54.0;6.0;12.0;24.0;48.0,4,1,IN,1,20,2,1,A8:88:1F,Unknown,0,290
223202,JioFiber-3TFFK_EXT,8C:90:2D:3C:03:B3,-87,1,63,100,603639809827,WPA2,1,0,1,8,1.0;2.0;5.5;11.0;9.0;18.0;36.0;54.0;6.0;12.0;24.0;48.0,4,1,,1,20,2,0,8C:90:2D,Unknown,0,224
223256,JioFiber-3TFFK,E8:22:B8:12:3E:9A,-82,2,2039,100,803622605494,WPA2,1,0,1,8,1.0;2.0;5.5;11.0;9.0;18.0;36.0;54.0;6.0;12.0;24.0;48.0,4,1,IN,1,20,2,1,E8:22:B8,Unknown,0,287
223319,JioFiber_24GH_KRR,A8:88:1F:20:7B:61,-75,2,3411,100,284344115593,WPA2,1,0,1,8,1.0;2.0;5.5;11.0;9.0;18.0;36.0;54.0;6.0;12.0;24.0;48.0,4,1,IN,1,20,2,1,A8:88:1F,Unknown,0,290
223361,JioFiber-3TFFK_EXT,8C:90:2D:3C:03:B3,-82,2,64,100,603639912167,WPA2,1,0,1,8,1.0;2.0;5.5;11.0;9.0;18.0;36.0;54.0;6.0;12.0;24.0;48.0,4,1,,1,20,2,0,8C:90:2D,Unknown,0,224
223415,JioFiber-3TFFK,E8:22:B8:12:3E:9A,-89,2,2040,100,803622707607,WPA2,1,0,1,8,1.0;2.0;5.5;11.0;9.0;18.0;36.0;54.0;6.0;12.0;24.0;48.0,4,1,IN,1,20,2,1,E8:22:B8,Unknown,0,287
223467,JioFiber_24GH_KRR,A8:88:1F:20:7B:61,-74,2,3412,100,284344218617,WPA2,1,0,1,8,1.0;2.0;5.5;11.0;9.0;18.0;36.0;54.0;6.0;12.0;24.0;48.0,4,1,IN,1,20,2,1,A8:88:1F,Unknown,0,290
223530,JioFiber-3TFFK,E8:22:B8:12:3E:9A,-82,2,2041,100,803622810420,WPA2,1,0,1,8,1.0;2.0;5.5;11.0;9.0;18.0;36.0;54.0;6.0;12.0;24.0;48.0,4,1,IN,1,20,2,1,E8:22:B8,Unknown,0,287
223865,Airtel__dontuse,30:BD:13:27:87:96,-90,5,415,100,180567654430,WPA2,1,0,1,8,1.0;2.0;5.5;11.0;6.0;9.0;12.0;18.0;24.0;36.0;48.0;54.0,4,6,IN,1,20,2,1,30:BD:13,Unknown,0,311
223917,JioFiber-CqkfQ,9A:78:C9:62:4F:27,-85,5,1143,100,803662438799,WPA2,1,0,1,8,1.0;2.0;5.5;11.0;18.0;24.0;36.0;54.0;6.0;9.0;12.0;48.0,4,6,IN,1,40,2,1,9A:78:C9,Unknown,0,234
223967,Airtel__dontuse,30:BD:13:27:87:96,-88,5,416,100,180567756830,WPA2,1,0,1,8,1.0;2.0;5.5;11.0;6.0;9.0;12.0;18.0;24.0;36.0;48.0;54.0,4,6,IN,1,20,2,1,30:BD:13,Unknown,0,311
224020,NISHA-SEN,D8:0D:17:F6:48:8A,-83,5,3659,100,121430425985,WPA2,1,1,1,8,1.0;2.0;5.5;11.0;6.0;9.0;12.0;18.0;24.0;36.0;48.0;54.0,4,5,,1,40,3,1,D8:0D:17,Unknown,0,272
224069,Airtel__dontuse,30:BD:13:27:87:96,-90,5,417,100,180567859239,WPA2,1,0,1,8,1.0;2.0;5.5;11.0;6.0;9.0;12.0;18.0;24.0;36.0;48.0;54.0,4,6,IN,1,20,2,1,30:BD:13,Unknown,0,311
224130,NISHA-SEN,D8:0D:17:F6:48:8A,-82,5,3660,100,121430529404,WPA2,1,1,1,8,1.0;2.0;5.5;11.0;6.0;9.0;12.0;18.0;24.0;36.0;48.0;54.0,4,5,,1,40,3,1,D8:0D:17,Unknown,0,272
224172,Airtel__dontuse,30:BD:13:27:87:96,-92,6,418,100,180567961648,WPA2,1,0,1,8,1.0;2.0;5.5;11.0;6.0;9.0;12.0;18.0;24.0;36.0;48.0;54.0,4,6,IN,1,20,2,1,30:BD:13,Unknown,0,311
224225,JioFiber-CqkfQ,9A:78:C9:62:4F:27,-89,6,1146,100,803662745990,WPA2,1,0,1,8,1.0;2.0;5.5;11.0;18.0;24.0;36.0;54.0;6.0;9.0;12.0;48.0,4,6,IN,1,40,2,1,9A:78:C9,Unknown,0,234
224278,JioFiber-satz,C0:68:CC:6E:74:72,-91,6,1066,100,11511296416,WPA2,1,0,1,8,1.0;2.0;5.5;11.0;9.0;18.0;36.0;54.0;6.0;12.0;24.0;48.0,4,6,IN,1,20,2,1,C0:68:CC,Unknown,0,245
224320,Airtel__dontuse,30:BD:13:27:87:96,-90,6,419,100,180568064022,WPA2,1,0,1,8,1.0;2.0;5.5;11.0;6.0;9.0;12.0;18.0;24.0;36.0;48.0;54.0,4,6,IN,1,20,2,1,30:BD:13,Unknown,0,311
224384,Ganesh ,54:AF:97:5B:06:91,-86,6,1016,100,803680461173,WPA2,1,0,1,8,1.0;2.0;5.5;11.0;9.0;18.0;36.0;54.0;6.0;12.0;24.0;48.0,4,6,,1,40,2,1,54:AF:97,Unknown,0,288
224436,ganesh_5g,56:AF:97:59:06:91,-87,6,1017,100,803680463687,WPA2,1,0,1,8,1.0;2.0;5.5;11.0;9.0;18.0;36.0;54.0;6.0;12.0;24.0;48.0,4,6,,1,40,2,1,56:AF:97,Unknown,0,239
224489,JioFiber-CqkfQ,9A:78:C9:62:4F:27,-84,6,1147,100,803662848407,WPA2,1,0,1,8,1.0;2.0;5.5;11.0;18.0;24.0;36.0;54.0;6.0;9.0;12.0;48.0,4,6,IN,1,40,2,1,9A:78:C9,Unknown,0,234
224542,JioFiber-satz,C0:68:CC:6E:74:72,-91,6,1067,100,11511400259,WPA2,1,0,1,8,1.0;2.0;5.5;11.0;9.0;18.0;36.0;54.0;6.0;12.0;24.0;48.0,4,6,IN,1,20,2,1,C0:68:CC,Unknown,0,245
224585,Airtel__dontuse,30:BD:13:27:87:96,-92,6,420,100,180568166439,WPA2,1,0,1,8,1.0;2.0;5.5;11.0;6.0;9.0;12.0;18.0;24.0;36.0;48.0;54.0,4,6,IN,1,20,2,1,30:BD:13,Unknown,0,311
224636,babu_5G,CA:78:C9:FE:B1:30,-95,6,3680,100,9942733550,WPA2,1,0,1,8,1.0;2.0;5.5;11.0;18.0;24.0;36.0;54.0;6.0;9.0;12.0;48.0,4,6,IN,1,40,2,1,CA:78:C9,Unknown,0,227
224689,babu_5G,CA:78:C9:FE:B1:30,-91,6,3682,100,9942835918,WPA2,1,0,1,8,1.0;2.0;5.5;11.0;18.0;24.0;36.0;54.0;6.0;9.0;12.0;48.0,4,6,IN,1,40,2,1,CA:78:C9,Unknown,0,227
224732,Ganesh ,54:AF:97:5B:06:91,-85,7,1022,100,803680768375,WPA2,1,0,1,8,1.0;2.0;5.5;11.0;9.0;18.0;36.0;54.0;6.0;12.0;24.0;48.0,4,6,,1,40,2,1,54:AF:97,Unknown,0,288
224784,ganesh_5g,56:AF:97:59:06:91,-87,7,1023,100,803680770889,WPA2,1,0,1,8,1.0;2.0;5.5;11.0;9.0;18.0;36.0;54.0;6.0;12.0;24.0;48.0,4,6,,1,40,2,1,56:AF:97,Unknown,0,239
224837,VKS_4G,FC:7A:58:1B:1B:9A,-89,7,2965,100,544211047155,WPA2,1,0,1,8,1.0;2.0;5.5;11.0;9.0;18.0;36.0;54.0;6.0;12.0;24.0;48.0,4,6,IN,1,20,2,1,FC:7A:58,Unknown,0,356
224876,,42:64:CF:3B:19:42,-92,9,3284,100,803662643587,WEP,1,1,1,0,,0,0,,0,0,0,0,42:64:CF,Unknown,0,326
225056,,42:64:CF:3B:19:42,-92,9,3286,100,803662848387,WEP,1,1,1,0,,0,0,,0,0,0,0,42:64:CF,Unknown,0,326
225434,JVACT1,A4:2B:B0:01:A6:3A,-88,11,580,100,803690598743,WPA2,1,0,1,8,1.0;2.0;5.5;11.0;9.0;18.0;36.0;54.0;6.0;12.0;24.0;48.0,4,11,,1,40,2,0,A4:2B:B0,Unknown,0,260
225537,JVACT1,A4:2B:B0:01:A6:3A,-81,11,581,100,803690701147,WPA2,1,0,1,8,1.0;2.0;5.5;11.0;9.0;18.0;36.0;54.0;6.0;12.0;24.0;48.0,4,11,,1,40,2,0,A4:2B:B0,Unknown,0,260
225639,JVACT1,A4:2B:B0:01:A6:3A,-89,12,582,100,803690803542,WPA2,1,0,1,8,1.0;2.0;5.5;11.0;9.0;18.0;36.0;54.0;6.0;12.0;24.0;48.0,4,11,,1,40,2,0,A4:2B:B0,Unknown,0,260
225742,JVACT1,A4:2B:B0:01:A6:3A,-86,12,583,100,803690905943,WPA2,1,0,1,8,1.0;2.0;5.5;11.0;9.0;18.0;36.0;54.0;6.0;12.0;24.0;48.0,4,11,,1,40,2,0,A4:2B:B0,Unknown,0,260
226128,JioFiber-3TFFK,E8:22:B8:12:3E:9A,-83,1,2070,100,803625576185,WPA2,1,0,1,8,1.0;2.0;5.5;11.0;9.0;18.0;36.0;54.0;6.0;12.0;24.0;48.0,4,1,IN,1,20,2,1,E8:22:B8,Unknown,0,287
226180,JioFiber_24GH_KRR,A8:88:1F:20:7B:61,-87,1,3442,100,284347085704,WPA2,1,0,1,8,1.0;2.0;5.5;11.0;9.0;18.0;36.0;54.0;6.0;12.0;24.0;48.0,4,1,IN,1,20,2,1,A8:88:1F,Unknown,0,290
226233,JioFiber-3TFFK,E8:22:B8:12:3E:9A,-84,1,2071,100,803625677358,WPA2,1,0,1,8,1.0;2.0;5.5;11.0;9.0;18.0;36.0;54.0;6.0;12.0;24.0;48.0,4,1,IN,1,20,2,1,E8:22:B8,Unknown,0,287
226286,JioFiber_24GH_KRR,A8:88:1F:20:7B:61,-78,1,3443,100,284347187799,WPA2,1,0,1,8,1.0;2.0;5.5;11.0;9.0;18.0;36.0;54.0;6.0;12.0;24.0;48.0,4,1,IN,1,20,2,1,A8:88:1F,Unknown,0,290
226344,JioFiber-3TFFK_EXT,8C:90:2D:3C:03:B3,-86,1,103,100,603642984403,WPA2,1,0,1,8,1.0;2.0;5.5;11.0;9.0;18.0;36.0;54.0;6.0;12.0;24.0;48.0,4,1,,1,20,2,0,8C:90:2D,Unknown,0,224
226398,JioFiber-3TFFK,E8:22:B8:12:3E:9A,-85,1,2072,100,803625781133,WPA2,1,0,1,8,1.0;2.0;5.5;11.0;9.0;18.0;36.0;54.0;6.0;12.0;24.0;48.0,4,1,IN,1,20,2,1,E8:22:B8,Unknown,0,287
226450,JioFiber_24GH_KRR,A8:88:1F:20:7B:61,-84,1,3444,100,284347291666,WPA2,1,0,1,8,1.0;2.0;5.5;11.0;9.0;18.0;36.0;54.0;6.0;12.0;24.0;48.0,4,1,IN,1,20,2,1,A8:88:1F,Unknown,0,290
226939,NISHA-SEN,D8:0D:17:F6:48:8A,-90,4,3698,100,121433395630,WPA2,1,1,1,8,1.0;2.0;5.5;11.0;6.0;9.0;12.0;18.0;24.0;36.0;48.0;54.0,4,5,,1,40,3,1,D8:0D:17,Unknown,0,272
227141,Airtel__dontuse,30:BD:13:27:87:96,-79,5,448,100,180570931248,WPA2,1,0,1,8,1.0;2.0;5.5;11.0;6.0;9.0;12.0;18.0;24.0;36.0;48.0;54.0,4,6,IN,1,20,2,1,30:BD:13,Unknown,0,311
227194,suresh4G,CA:78:C9:FE:B1:3C,-84,5,3747,100,9945500236,WPA2,1,0,1,8,1.0;2.0;5.5;11.0;18.0;24.0;36.0;54.0;6.0;9.0;12.0;48.0,4,6,IN,1,40,2,1,CA:78:C9,Unknown,0,228
227243,Airtel__dontuse,30:BD:13:27:87:96,-84,5,449,100,180571033622,WPA2,1,0,1,8,1.0;2.0;5.5;11.0;6.0;9.0;12.0;18.0;24.0;36.0;48.0;54.0,4,6,IN,1,20,2,1,30:BD:13,Unknown,0,311
227359,Ganesh ,54:AF:97:5B:06:91,-90,6,1076,100,803683533137,WPA2,1,0,1,8,1.0;2.0;5.5;11.0;9.0;18.0;36.0;54.0;6.0;12.0;24.0;48.0,4,6,,1,40,2,1,54:AF:97,Unknown,0,288
227412,ganesh_5g,56:AF:97:59:06:91,-90,6,1077,100,803683535651,WPA2,1,0,1,8,1.0;2.0;5.5;11.0;9.0;18.0;36.0;54.0;6.0;12.0;24.0;48.0,4,6,,1,40,2,1,56:AF:97,Unknown,0,239
227454,JioFiber-CqkfQ,9A:78:C9:62:4F:27,-88,6,1180,100,803665920417,WPA2,1,0,1,8,1.0;2.0;5.5;11.0;18.0;24.0;36.0;54.0;6.0;9.0;12.0;48.0,4,6,IN,1,40,2,1,9A:78:C9,Unknown,0,234
227517,Charleshome_4g,60:A4:B7:D0:B1:81,-92,6,680,100,18013491548,WPA2,1,0,1,8,1.0;2.0;5.5;11.0;9.0;18.0;36.0;54.0;6.0;12.0;24.0;48.0,4,6,,1,40,2,1,60:A4:B7,Unknown,0,244
227570,Charleshome_5g,62:A4:B7:D1:B1:81,-94,6,681,100,18013493710,WPA2,1,0,1,8,1.0;2.0;5.5;11.0;9.0;18.0;36.0;54.0;6.0;12.0;24.0;48.0,4,6,,1,40,2,1,62:A4:B7,Unknown,0,244
227612,Airtel__dontuse,30:BD:13:27:87:96,-78,6,451,100,180571238430,WPA2,1,0,1,8,1.0;2.0;5.5;11.0;6.0;9.0;12.0;18.0;24.0;36.0;48.0;54.0,4,6,IN,1,20,2,1,30:BD:13,Unknown,0,311
227665,babu_5G,CA:78:C9:FE:B1:30,-86,6,3752,100,9945805366,WPA2,1,0,1,8,1.0;2.0;5.5;11.0;18.0;24.0;36.0;54.0;6.0;9.0;12.0;48.0,4,6,IN,1,40,2,1,CA:78:C9,Unknown,0,227
227718,Airtel__dontuse,30:BD:13:27:87:96,-81,6,452,100,180571340848,WPA2,1,0,1,8,1.0;2.0;5.5;11.0;6.0;9.0;12.0;18.0;24.0;36.0;48.0;54.0,4,6,IN,1,20,2,1,30:BD:13,Unknown,0,311
227770,babu_5G,CA:78:C9:FE:B1:30,-85,6,3754,100,9945907797,WPA2,1,0,1,8,1.0;2.0;5.5;11.0;18.0;24.0;36.0;54.0;6.0;9.0;12.0;48.0,4,6,IN,1,40,2,1,CA:78:C9,Unknown,0,227
227823,suresh4G,CA:78:C9:FE:B1:3C,-86,6,3755,100,9945909842,WPA2,1,0,1,8,1.0;2.0;5.5;11.0;18.0;24.0;36.0;54.0;6.0;9.0;12.0;48.0,4,6,IN,1,40,2,1,CA:78:C9,Unknown,0,228
227865,Ganesh ,54:AF:97:5B:06:91,-93,6,1080,100,803683737936,WPA2,1,0,1,8,1.0;2.0;5.5;11.0;9.0;18.0;36.0;54.0;6.0;12.0;24.0;48.0,4,6,,1,40,2,1,54:AF:97,Unknown,0,288
227918,Charleshome_4g,60:A4:B7:D0:B1:81,-93,7,688,100,18013901152,WPA2,1,0,1,8,1.0;2.0;5.5;11.0;9.0;18.0;36.0;54.0;6.0;12.0;24.0;48.0,4,6,,1,40,2,1,60:A4:B7,Unknown,0,244
227971,JioFiber-CqkfQ,9A:78:C9:62:4F:27,-85,7,1185,100,803666432402,WPA2,1,0,1,8,1.0;2.0;5.5;11.0;18.0;24.0;36.0;54.0;6.0;9.0;12.0;48.0,4,6,IN,1,40,2,1,9A:78:C9,Unknown,0,234
228122,Vani,14:EB:B6:8A:64:71,-87,9,3259,100,443503821212,WPA2,1,0,1,8,1.0;2.0;5.5;11.0;9.0;18.0;36.0;54.0;6.0;12.0;24.0;48.0,4,9,,1,20,2,1,14:EB:B6,Unknown,0,332
228144,,16:EB:B6:AA:64:71,-86,9,3260,100,443503821192,WEP,1,0,1,0,,0,0,,0,0,0,0,16:EB:B6,Unknown,0,263
228224,Vani,14:EB:B6:8A:64:71,-87,9,3261,100,443503923601,WPA2,1,0,1,8,1.0;2.0;5.5;11.0;9.0;18.0;36.0;54.0;6.0;12.0;24.0;48.0,4,9,,1,20,2,1,14:EB:B6,Unknown,0,332
228246,,16:EB:B6:AA:64:71,-90,9,3262,100,443503923612,WEP,1,0,1,0,,0,0,,0,0,0,0,16:EB:B6,Unknown,0,263
228326,Vani,14:EB:B6:8A:64:71,-87,9,3263,100,443504026022,WPA2,1,0,1,8,1.0;2.0;5.5;11.0;9.0;18.0;36.0;54.0;6.0;12.0;24.0;48.0,4,9,,1,20,2,1,14:EB:B6,Unknown,0,332
228368,,16:EB:B6:AA:64:71,-87,9,3264,100,443504026012,WEP,1,0,1,0,,0,0,,0,0,0,0,16:EB:B6,Unknown,0,263
228429,Vani,14:EB:B6:8A:64:71,-88,10,3265,100,443504128413,WPA2,1,0,1,8,1.0;2.0;5.5;11.0;9.0;18.0;36.0;54.0;6.0;12.0;24.0;48.0,4,9,,1,20,2,1,14:EB:B6,Unknown,0,332
228507,JVACT1,A4:2B:B0:01:A6:3A,-74,10,610,100,803693670773,WPA2,1,0,1,8,1.0;2.0;5.5;11.0;9.0;18.0;36.0;54.0;6.0;12.0;24.0;48.0,4,11,,1,40,2,0,A4:2B:B0,Unknown,0,260
228559,Vani,14:EB:B6:8A:64:71,-89,10,3267,100,443504230809,WPA2,1,0,1,8,1.0;2.0;5.5;11.0;9.0;18.0;36.0;54.0;6.0;12.0;24.0;48.0,4,9,,1,20,2,1,14:EB:B6,Unknown,0,332
228609,JVACT1,A4:2B:B0:01:A6:3A,-69,11,611,100,803693773168,WPA2,1,0,1,8,1.0;2.0;5.5;11.0;9.0;18.0;36.0;54.0;6.0;12.0;24.0;48.0,4,11,,1,40,2,0,A4:2B:B0,Unknown,0,260
228668,Saurabh’s Wi-Fi ,F0:A7:31:E8:CB:A5,-94,11,2708,100,122964685166,WPA2,1,0,1,8,1.0;2.0;5.5;11.0;9.0;18.0;36.0;54.0;6.0;12.0;24.0;48.0,4,11,,1,40,2,1,F0:A7:31,Unknown,0,299
228721,ACT103722870556_5g,F2:A7:31:E9:CB:A5,-91,11,2709,100,122964687768,WPA2,1,0,1,8,1.0;2.0;5.5;11.0;9.0;18.0;36.0;54.0;6.0;12.0;24.0;48.0,4,11,,1,40,2,1,F2:A7:31,Unknown,0,248
228773,Jio_2,4A:55:5E:2B:F9:AA,-97,11,800,100,110194893193,WPA2,1,0,1,8,1.0;2.0;5.5;11.0;9.0;18.0;36.0;54.0;6.0;12.0;24.0;48.0,4,11,IN,1,20,2,1,4A:55:5E,Unknown,0,278
228816,SanD-JioFiber,BA:A9:15:4E:AF:EE,-92,11,3777,100,802788864391,WPA2,1,0,1,8,1.0;2.0;5.5;11.0;18.0;24.0;36.0;54.0;6.0;9.0;12.0;48.0,4,11,IN,1,40,2,1,BA:A9:15,Unknown,0,233
228868,SanD-JioFiber_EXT,8C:90:2D:3B:B6:5A,-94,11,2118,100,3221504428,WPA2,1,0,1,8,1.0;2.0;5.5;11.0;9.0;18.0;36.0;54.0;6.0;12.0;24.0;48.0,4,11,,1,20,2,0,8C:90:2D,Unknown,0,223
228921,JVACT1,A4:2B:B0:01:A6:3A,-74,11,612,100,803693875573,WPA2,1,0,1,8,1.0;2.0;5.5;11.0;9.0;18.0;36.0;54.0;6.0;12.0;24.0;48.0,4,11,,1,40,2,0,A4:2B:B0,Unknown,0,260
228974,GJ-4G,48:55:5E:2B:F9:AA,-93,11,803,100,110195098015,WPA2,1,0,1,8,1.0;2.0;5.5;11.0;9.0;18.0;36.0;54.0;6.0;12.0;24.0;48.0,4,11,IN,1,20,2,1,48:55:5E,Unknown,0,278
229027,Jio_2,4A:55:5E:2B:F9:AA,-93,11,804,100,110195098006,WPA2,1,0,1,8,1.0;2.0;5.5;11.0;9.0;18.0;36.0;54.0;6.0;12.0;24.0;48.0,4,11,IN,1,20,2,1,4A:55:5E,Unknown,0,278
229080,BrownArc-Jio,FC:7A:58:30:93:DA,-93,11,2831,100,803630182825,WPA2,1,0,1,8,1.0;2.0;5.5;11.0;9.0;18.0;36.0;54.0;6.0;12.0;24.0;48.0,4,11,IN,1,20,2,1,FC:7A:58,Unknown,0,285
229132,JVACT1,A4:2B:B0:01:A6:3A,-76,11,614,100,803694080377,WPA2,1,0,1,8,1.0;2.0;5.5;11.0;9.0;18.0;36.0;54.0;6.0;12.0;24.0;48.0,4,11,,1,40,2,0,A4:2B:B0,Unknown,0,260
229183,SanD-JioFiber_EXT,8C:90:2D:3B:B6:5A,-91,12,2127,100,3221811619,WPA2,1,0,1,8,1.0;2.0;5.5;11.0;9.0;18.0;36.0;54.0;6.0;12.0;24.0;48.0,4,11,,1,20,2,0,8C:90:2D,Unknown,0,223
229235,JVACT1,A4:2B:B0:01:A6:3A,-85,12,615,100,803694182771,WPA2,1,0,1,8,1.0;2.0;5.5;11.0;9.0;18.0;36.0;54.0;6.0;12.0;24.0;48.0,4,11,,1,40,2,0,A4:2B:B0,Unknown,0,260
229288,GJ-4G,48:55:5E:2B:F9:AA,-91,12,807,100,110195302802,WPA2,1,0,1,8,1.0;2.0;5.5;11.0;9.0;18.0;36.0;54.0;6.0;12.0;24.0;48.0,4,11,IN,1,20,2,1,48:55:5E,Unknown,0,278
229341,Jio_2,4A:55:5E:2B:F9:AA,-91,12,808,100,110195302801,WPA2,1,0,1,8,1.0;2.0;5.5;11.0;9.0;18.0;36.0;54.0;6.0;12.0;24.0;48.0,4,11,IN,1,20,2,1,4A:55:5E,Unknown,0,278
229403,JioFiber-3TFFK,E8:22:B8:12:3E:9A,-76,1,2104,100,803628851620,WPA2,1,0,1,8,1.0;2.0;5.5;11.0;9.0;18.0;36.0;54.0;6.0;12.0;24.0;48.0,4,1,IN,1,20,2,1,E8:22:B8,Unknown,0,287
229455,JVACT,F0:A7:31:F8:68:16,-91,1,718,100,910132338,WPA2,1,0,1,8,1.0;2.0;5.5;11.0;9.0;18.0;36.0;54.0;6.0;12.0;24.0;48.0,4,1,,1,40,2,1,F0:A7:31,Unknown,0,235
229507,JioFiber_24GH_KRR,A8:88:1F:20:7B:61,-86,1,3477,100,284350362020,WPA2,1,0,1,8,1.0;2.0;5.5;11.0;9.0;18.0;36.0;54.0;6.0;12.0;24.0;48.0,4,1,IN,1,20,2,1,A8:88:1F,Unknown,0,290
229550,JioFiber-3TFFK_EXT,8C:90:2D:3C:03:B3,-95,1,143,100,603646158673,WPA2,1,0,1,8,1.0;2.0;5.5;11.0;9.0;18.0;36.0;54.0;6.0;12.0;24.0;48.0,4,1,,1,20,2,0,8C:90:2D,Unknown,0,224
229603,VKS_4G_1,60:A4:B7:D0:B1:75,-81,1,1861,100,38357504366,WPA2,1,0,1,8,1.0;2.0;5.5;11.0;9.0;18.0;36.0;54.0;6.0;12.0;24.0;48.0,4,1,,1,40,2,1,60:A4:B7,Unknown,0,238
229656,JioFiber-3TFFK,E8:22:B8:12:3E:9A,-80,1,2105,100,803628954007,WPA2,1,0,1,8,1.0;2.0;5.5;11.0;9.0;18.0;36.0;54.0;6.0;12.0;24.0;48.0,4,1,IN,1,20,2,1,E8:22:B8,Unknown,0,287
229708,JVACT,F0:A7:31:F8:68:16,-91,1,720,100,910233965,WPA2,1,0,1,8,1.0;2.0;5.5;11.0;9.0;18.0;36.0;54.0;6.0;12.0;24.0;48.0,4,1,,1,40,2,1,F0:A7:31,Unknown,0,235
229761,JVACT5G,F2:A7:31:F9:68:16,-92,1,721,100,910236054,WPA2,1,0,1,8,1.0;2.0;5.5;11.0;9.0;18.0;36.0;54.0;6.0;12.0;24.0;48.0,4,1,,1,40,2,1,F2:A7:31,Unknown,0,237
229804,JVACT5G,F2:A7:31:F9:68:16,-93,2,723,100,910338694,WPA2,1,0,1,8,1.0;2.0;5.5;11.0;9.0;18.0;36.0;54.0;6.0;12.0;24.0;48.0,4,1,,1,40,2,1,F2:A7:31,Unknown,0,237
229856,JioFiber-3TFFK_EXT,8C:90:2D:3C:03:B3,-91,2,145,100,603646363500,WPA2,1,0,1,8,1.0;2.0;5.5;11.0;9.0;18.0;36.0;54.0;6.0;12.0;24.0;48.0,4,1,,1,20,2,0,8C:90:2D,Unknown,0,224
229898,VKS_4G_1,60:A4:B7:D0:B1:75,-76,2,1863,100,38357709170,WPA2,1,0,1,8,1.0;2.0;5.5;11.0;9.0;18.0;36.0;54.0;6.0;12.0;24.0;48.0,4,1,,1,40,2,1,60:A4:B7,Unknown,0,238
229948,JVACT,F0:A7:31:F8:68:16,-92,2,724,100,910438774,WPA2,1,0,1,8,1.0;2.0;5.5;11.0;9.0;18.0;36.0;54.0;6.0;12.0;24.0;48.0,4,1,,1,40,2,1,F0:A7:31,Unknown,0,235
229991,JVACT,F0:A7:31:F8:68:16,-88,2,726,100,910541170,WPA2,1,0,1,8,1.0;2.0;5.5;11.0;9.0;18.0;36.0;54.0;6.0;12.0;24.0;48.0,4,1,,1,40,2,1,F0:A7:31,Unknown,0,235
230044,VKS_4G_1,60:A4:B7:D0:B1:75,-85,2,1865,100,38357913972,WPA2,1,0,1,8,1.0;2.0;5.5;11.0;9.0;18.0;36.0;54.0;6.0;12.0;24.0;48.0,4,1,,1,40,2,1,60:A4:B7,Unknown,0,238
230086,JVACT,F0:A7:31:F8:68:16,-90,2,728,100,910643576,WPA2,1,0,1,8,1.0;2.0;5.5;11.0;9.0;18.0;36.0;54.0;6.0;12.0;24.0;48.0,4,1,,1,40,2,1,F0:A7:31,Unknown,0,235
230139,VKS_4G_1,60:A4:B7:D0:B1:75,-87,2,1866,100,38358016373,WPA2,1,0,1,8,1.0;2.0;5.5;11.0;9.0;18.0;36.0;54.0;6.0;12.0;24.0;48.0,4,1,,1,40,2,1,60:A4:B7,Unknown,0,238
230358,JioFiber-CqkfQ,9A:78:C9:62:4F:27,-90,5,1210,100,803668892543,WPA2,1,0,1,8,1.0;2.0;5.5;11.0;18.0;24.0;36.0;54.0;6.0;9.0;12.0;48.0,4,6,IN,1,40,2,1,9A:78:C9,Unknown,0,234
230418,Airtel__dontuse,30:BD:13:27:87:96,-83,5,480,100,180574208048,WPA2,1,0,1,8,1.0;2.0;5.5;11.0;6.0;9.0;12.0;18.0;24.0;36.0;48.0;54.0,4,6,IN,1,20,2,1,30:BD:13,Unknown,0,311
230471,babu_5G,CA:78:C9:FE:B1:30,-83,5,3812,100,9948774851,WPA2,1,0,1,8,1.0;2.0;5.5;11.0;18.0;24.0;36.0;54.0;6.0;9.0;12.0;48.0,4,6,IN,1,40,2,1,CA:78:C9,Unknown,0,227
230513,JioFiber-CqkfQ,9A:78:C9:62:4F:27,-83,5,1211,100,803668994921,WPA2,1,0,1,8,1.0;2.0;5.5;11.0;18.0;24.0;36.0;54.0;6.0;9.0;12.0;48.0,4,6,IN,1,40,2,1,9A:78:C9,Unknown,0,234
230566,Airtel__dontuse,30:BD:13:27:87:96,-71,5,481,100,180574310422,WPA2,1,0,1,8,1.0;2.0;5.5;11.0;6.0;9.0;12.0;18.0;24.0;36.0;48.0;54.0,4,6,IN,1,20,2,1,30:BD:13,Unknown,0,311
230629,VKS_4G,FC:7A:58:1B:1B:9A,-85,5,3081,100,544216986005,WPA2,1,0,1,8,1.0;2.0;5.5;11.0;9.0;18.0;36.0;54.0;6.0;12.0;24.0;48.0,4,6,IN,1,20,2,1,FC:7A:58,Unknown,0,356
230672,JioFiber-CqkfQ,9A:78:C9:62:4F:27,-81,5,1212,100,803669097312,WPA2,1,0,1,8,1.0;2.0;5.5;11.0;18.0;24.0;36.0;54.0;6.0;9.0;12.0;48.0,4,6,IN,1,40,2,1,9A:78:C9,Unknown,0,234
230724,JioFiber-satz,C0:68:CC:6E:74:72,-85,5,1133,100,11517645217,WPA2,1,0,1,8,1.0;2.0;5.5;11.0;9.0;18.0;36.0;54.0;6.0;12.0;24.0;48.0,4,6,IN,1,20,2,1,C0:68:CC,Unknown,0,245
230777,Airtel__dontuse,30:BD:13:27:87:96,-84,5,482,100,180574412848,WPA2,1,0,1,8,1.0;2.0;5.5;11.0;6.0;9.0;12.0;18.0;24.0;36.0;48.0;54.0,4,6,IN,1,20,2,1,30:BD:13,Unknown,0,311
230830,suresh4G,CA:78:C9:FE:B1:3C,-87,5,3817,100,9948981668,WPA2,1,0,1,8,1.0;2.0;5.5;11.0;18.0;24.0;36.0;54.0;6.0;9.0;12.0;48.0,4,6,IN,1,40,2,1,CA:78:C9,Unknown,0,228
230880,Charleshome_5g,62:A4:B7:D1:B1:81,-91,6,745,100,18016770482,WPA2,1,0,1,8,1.0;2.0;5.5;11.0;9.0;18.0;36.0;54.0;6.0;12.0;24.0;48.0,4,6,,1,40,2,1,62:A4:B7,Unknown,0,244
230933,Airtel__dontuse,30:BD:13:27:87:96,-68,6,483,100,180574515305,WPA2,1,0,1,8,1.0;2.0;5.5;11.0;6.0;9.0;12.0;18.0;24.0;36.0;48.0;54.0,4,6,IN,1,20,2,1,30:BD:13,Unknown,0,311
230975,babu_5G,CA:78:C9:FE:B1:30,-93,6,3818,100,9949082074,WPA2,1,0,1,8,1.0;2.0;5.5;11.0;18.0;24.0;36.0;54.0;6.0;9.0;12.0;48.0,4,6,IN,1,40,2,1,CA:78:C9,Unknown,0,227
231028,suresh4G,CA:78:C9:FE:B1:3C,-86,6,3819,100,9949084102,WPA2,1,0,1,8,1.0;2.0;5.5;11.0;18.0;24.0;36.0;54.0;6.0;9.0;12.0;48.0,4,6,IN,1,40,2,1,CA:78:C9,Unknown,0,228
231081,JioFiber-satz,C0:68:CC:6E:74:72,-86,7,1136,100,11517952419,WPA2,1,0,1,8,1.0;2.0;5.5;11.0;9.0;18.0;36.0;54.0;6.0;12.0;24.0;48.0,4,6,IN,1,20,2,1,C0:68:CC,Unknown,0,245
231132,Airtel__dontuse,30:BD:13:27:87:96,-78,7,485,100,180574720039,WPA2,1,0,1,8,1.0;2.0;5.5;11.0;6.0;9.0;12.0;18.0;24.0;36.0;48.0;54.0,4,6,IN,1,20,2,1,30:BD:13,Unknown,0,311
231185,babu_5G,CA:78:C9:FE:B1:30,-85,7,3822,100,9949286798,WPA2,1,0,1,8,1.0;2.0;5.5;11.0;18.0;24.0;36.0;54.0;6.0;9.0;12.0;48.0,4,6,IN,1,40,2,1,CA:78:C9,Unknown,0,227
231227,JioFiber-CqkfQ,9A:78:C9:62:4F:27,-83,7,1216,100,803669506930,WPA2,1,0,1,8,1.0;2.0;5.5;11.0;18.0;24.0;36.0;54.0;6.0;9.0;12.0;48.0,4,6,IN,1,40,2,1,9A:78:C9,Unknown,0,234
231281,JioFiber-satz,C0:68:CC:6E:74:72,-87,7,1138,100,11518157227,WPA2,1,0,1,8,1.0;2.0;5.5;11.0;9.0;18.0;36.0;54.0;6.0;12.0;24.0;48.0,4,6,IN,1,20,2,1,C0:68:CC,Unknown,0,245
231333,Airtel__dontuse,30:BD:13:27:87:96,-74,7,487,100,180574924848,WPA2,1,0,1,8,1.0;2.0;5.5;11.0;6.0;9.0;12.0;18.0;24.0;36.0;48.0;54.0,4,6,IN,1,20,2,1,30:BD:13,Unknown,0,311
231386,suresh4G,CA:78:C9:FE:B1:3C,-88,7,3827,100,9949493635,WPA2,1,0,1,8,1.0;2.0;5.5;11.0;18.0;24.0;36.0;54.0;6.0;9.0;12.0;48.0,4,6,IN,1,40,2,1,CA:78:C9,Unknown,0,228
231417,,FE:7A:58:1B:1B:9A,-85,7,3094,100,544217600409,WEP,1,0,1,0,,0,0,,0,0,0,0,FE:7A:58,Unknown,0,320
231440,,42:64:CF:3B:19:42,-95,9,3348,100,803669197187,WEP,1,1,1,0,,0,0,,0,0,0,0,42:64:CF,Unknown,0,326
231501,Vani,14:EB:B6:8A:64:71,-95,9,3325,100,443507200428,WPA2,1,0,1,8,1.0;2.0;5.5;11.0;9.0;18.0;36.0;54.0;6.0;12.0;24.0;48.0,4,9,,1,20,2,1,14:EB:B6,Unknown,0,332
231523,,16:EB:B6:AA:64:71,-93,9,3326,100,443507200427,WEP,1,0,1,0,,0,0,,0,0,0,0,16:EB:B6,Unknown,0,263
231603,Vani,14:EB:B6:8A:64:71,-94,9,3327,100,443507302807,WPA2,1,0,1,8,1.0;2.0;5.5;11.0;9.0;18.0;36.0;54.0;6.0;12.0;24.0;48.0,4,9,,1,20,2,1,14:EB:B6,Unknown,0,332
231626,,16:EB:B6:AA:64:71,-90,9,3328,100,443507302804,WEP,1,0,1,0,,0,0,,0,0,0,0,16:EB:B6,Unknown,0,263
231678,Cctv,50:2B:73:FD:4F:28,-91,10,2785,100,501865267609,WPA2,1,0,1,8,1.0;2.0;5.5;11.0;6.0;9.0;12.0;18.0;24.0;36.0;48.0;54.0,4,11,,1,40,2,1,50:2B:73,Unknown,0,276
231731,JVACT1,A4:2B:B0:01:A6:3A,-64,10,641,100,803696845134,WPA2,1,0,1,8,1.0;2.0;5.5;11.0;9.0;18.0;36.0;54.0;6.0;12.0;24.0;48.0,4,11,,1,40,2,0,A4:2B:B0,Unknown,0,260
231784,Vani,14:EB:B6:8A:64:71,-90,10,3329,100,443507405195,WPA2,1,0,1,8,1.0;2.0;5.5;11.0;9.0;18.0;36.0;54.0;6.0;12.0;24.0;48.0,4,9,,1,20,2,1,14:EB:B6,Unknown,0,332
231823,,16:EB:B6:AA:64:71,-88,10,3330,100,443507405227,WEP,1,0,1,0,,0,0,,0,0,0,0,16:EB:B6,Unknown,0,263
231876,Cctv,50:2B:73:FD:4F:28,-89,11,2787,100,501865472400,WPA2,1,0,1,8,1.0;2.0;5.5;11.0;6.0;9.0;12.0;18.0;24.0;36.0;48.0;54.0,4,11,,1,40,2,1,50:2B:73,Unknown,0,276
231919,SanD-JioFiber_EXT,8C:90:2D:3B:B6:5A,-89,11,2164,100,3224678815,WPA2,1,0,1,8,1.0;2.0;5.5;11.0;9.0;18.0;36.0;54.0;6.0;12.0;24.0;48.0,4,11,,1,20,2,0,8C:90:2D,Unknown,0,223
231971,JVACT1,A4:2B:B0:01:A6:3A,-63,11,643,100,803697049939,WPA2,1,0,1,8,1.0;2.0;5.5;11.0;9.0;18.0;36.0;54.0;6.0;12.0;24.0;48.0,4,11,,1,40,2,0,A4:2B:B0,Unknown,0,260
232014,SanD-JioFiber,BA:A9:15:4E:AF:EE,-93,11,3810,100,802792141204,WPA2,1,0,1,8,1.0;2.0;5.5;11.0;18.0;24.0;36.0;54.0;6.0;9.0;12.0;48.0,4,11,IN,1,40,2,1,BA:A9:15,Unknown,0,233
232087,Cctv,50:2B:73:FD:4F:28,-89,11,2788,100,501865574800,WPA2,1,0,1,8,1.0;2.0;5.5;11.0;6.0;9.0;12.0;18.0;24.0;36.0;48.0;54.0,4,11,,1,40,2,1,50:2B:73,Unknown,0,276
232129,SanD-JioFiber_EXT,8C:90:2D:3B:B6:5A,-86,11,2165,100,3224781216,WPA2,1,0,1,8,1.0;2.0;5.5;11.0;9.0;18.0;36.0;54.0;6.0;12.0;24.0;48.0,4,11,,1,20,2,0,8C:90:2D,Unknown,0,223
232182,JVACT1,A4:2B:B0:01:A6:3A,-65,11,644,100,803697152339,WPA2,1,0,1,8,1.0;2.0;5.5;11.0;9.0;18.0;36.0;54.0;6.0;12.0;24.0;48.0,4,11,,1,40,2,0,A4:2B:B0,Unknown,0,260
232236,Cctv,50:2B:73:FD:4F:28,-92,11,2789,100,501865677182,WPA2,1,0,1,8,1.0;2.0;5.5;11.0;6.0;9.0;12.0;18.0;24.0;36.0;48.0;54.0,4,11,,1,40,2,1,50:2B:73,Unknown,0,276
232278,SanD-JioFiber_EXT,8C:90:2D:3B:B6:5A,-92,11,2166,100,3224883603,WPA2,1,0,1,8,1.0;2.0;5.5;11.0;9.0;18.0;36.0;54.0;6.0;12.0;24.0;48.0,4,11,,1,20,2,0,8C:90:2D,Unknown,0,223
232340,JVACT1,A4:2B:B0:01:A6:3A,-64,11,645,100,803697254743,WPA2,1,0,1,8,1.0;2.0;5.5;11.0;9.0;18.0;36.0;54.0;6.0;12.0;24.0;48.0,4,11,,1,40,2,0,A4:2B:B0,Unknown,0,260
232393,JVACT1,A4:2B:B0:01:A6:3A,-66,12,647,100,803697459539,WPA2,1,0,1,8,1.0;2.0;5.5;11.0;9.0;18.0;36.0;54.0;6.0;12.0;24.0;48.0,4,11,,1,40,2,0,A4:2B:B0,Unknown,0,260
232617,JioFiber_24GH_KRR,A8:88:1F:20:7B:61,-76,1,3508,100,284353536398,WPA2,1,0,1,8,1.0;2.0;5.5;11.0;9.0;18.0;36.0;54.0;6.0;12.0;24.0;48.0,4,1,IN,1,20,2,1,A8:88:1F,Unknown,0,290
232660,JioFiber-3TFFK_EXT,8C:90:2D:3C:03:B3,-89,1,174,100,603649333092,WPA2,1,0,1,8,1.0;2.0;5.5;11.0;9.0;18.0;36.0;54.0;6.0;12.0;24.0;48.0,4,1,,1,20,2,0,8C:90:2D,Unknown,0,224
232702,VKS_4G_1,60:A4:B7:D0:B1:75,-86,1,1892,100,38360678739,WPA2,1,0,1,8,1.0;2.0;5.5;11.0;9.0;18.0;36.0;54.0;6.0;12.0;24.0;48.0,4,1,,1,40,2,1,60:A4:B7,Unknown,0,238
232772,JioFiber-3TFFK,E8:22:B8:12:3E:9A,-94,1,2136,100,803632128401,WPA2,1,0,1,8,1.0;2.0;5.5;11.0;9.0;18.0;36.0;54.0;6.0;12.0;24.0;48.0,4,1,IN,1,20,2,1,E8:22:B8,Unknown,0,287
232815,JVACT,F0:A7:31:F8:68:16,-86,1,782,100,913408339,WPA2,1,0,1,8,1.0;2.0;5.5;11.0;9.0;18.0;36.0;54.0;6.0;12.0;24.0;48.0,4,1,,1,40,2,1,F0:A7:31,Unknown,0,235
232867,JVACT5G,F2:A7:31:F9:68:16,-88,1,783,100,913410428,WPA2,1,0,1,8,1.0;2.0;5.5;11.0;9.0;18.0;36.0;54.0;6.0;12.0;24.0;48.0,4,1,,1,40,2,1,F2:A7:31,Unknown,0,237
232920,JioFiber_24GH_KRR,A8:88:1F:20:7B:61,-86,1,3509,100,284353638822,WPA2,1,0,1,8,1.0;2.0;5.5;11.0;9.0;18.0;36.0;54.0;6.0;12.0;24.0;48.0,4,1,IN,1,20,2,1,A8:88:1F,Unknown,0,290
232963,JVACT,F0:A7:31:F8:68:16,-83,1,784,100,913510846,WPA2,1,0,1,8,1.0;2.0;5.5;11.0;9.0;18.0;36.0;54.0;6.0;12.0;24.0;48.0,4,1,,1,40,2,1,F0:A7:31,Unknown,0,235
233016,JVACT5G,F2:A7:31:F9:68:16,-83,1,785,100,913512936,WPA2,1,0,1,8,1.0;2.0;5.5;11.0;9.0;18.0;36.0;54.0;6.0;12.0;24.0;48.0,4,1,,1,40,2,1,F2:A7:31,Unknown,0,237
233078,JioFiber_24GH_KRR,A8:88:1F:20:7B:61,-89,1,3510,100,284353741220,WPA2,1,0,1,8,1.0;2.0;5.5;11.0;9.0;18.0;36.0;54.0;6.0;12.0;24.0;48.0,4,1,IN,1,20,2,1,A8:88:1F,Unknown,0,290
233121,JioFiber-3TFFK_EXT,8C:90:2D:3C:03:B3,-86,1,176,100,603649537926,WPA2,1,0,1,8,1.0;2.0;5.5;11.0;9.0;18.0;36.0;54.0;6.0;12.0;24.0;48.0,4,1,,1,20,2,0,8C:90:2D,Unknown,0,224
233164,JVACT,F0:A7:31:F8:68:16,-86,2,788,100,913715704,WPA2,1,0,1,8,1.0;2.0;5.5;11.0;9.0;18.0;36.0;54.0;6.0;12.0;24.0;48.0,4,1,,1,40,2,1,F0:A7:31,Unknown,0,235
233217,JVACT5G,F2:A7:31:F9:68:16,-85,2,789,100,913717793,WPA2,1,0,1,8,1.0;2.0;5.5;11.0;9.0;18.0;36.0;54.0;6.0;12.0;24.0;48.0,4,1,,1,40,2,1,F2:A7:31,Unknown,0,237
233265,JVACT5G,F2:A7:31:F9:68:16,-85,2,791,100,913820027,WPA2,1,0,1,8,1.0;2.0;5.5;11.0;9.0;18.0;36.0;54.0;6.0;12.0;24.0;48.0,4,1,,1,40,2,1,F2:A7:31,Unknown,0,237
233318,JioFiber_24GH_KRR,A8:88:1F:20:7B:61,-82,2,3513,100,284354048398,WPA2,1,0,1,8,1.0;2.0;5.5;11.0;9.0;18.0;36.0;54.0;6.0;12.0;24.0;48.0,4,1,IN,1,20,2,1,A8:88:1F,Unknown,0,290
233371,Satz,10:27:F5:5C:C6:A3,-96,3,454,100,803675853191,WPA2,1,0,1,8,1.0;2.0;5.5;11.0;18.0;24.0;36.0;54.0;6.0;9.0;12.0;48.0,4,3,,1,40,2,1,10:27:F5,Unknown,0,254
233424,Satz,10:27:F5:5C:C6:A3,-91,3,455,100,803675955602,WPA2,1,0,1,8,1.0;2.0;5.5;11.0;18.0;24.0;36.0;54.0;6.0;9.0;12.0;48.0,4,3,,1,40,2,1,10:27:F5,Unknown,0,254
233492,babu_5G,CA:78:C9:FE:B1:30,-84,4,3886,100,9951846855,WPA2,1,0,1,8,1.0;2.0;5.5;11.0;18.0;24.0;36.0;54.0;6.0;9.0;12.0;48.0,4,6,IN,1,40,2,1,CA:78:C9,Unknown,0,227
233554,Satz,10:27:F5:5C:C6:A3,-93,4,457,100,803676160395,WPA2,1,0,1,8,1.0;2.0;5.5;11.0;18.0;24.0;36.0;54.0;6.0;9.0;12.0;48.0,4,3,,1,40,2,1,10:27:F5,Unknown,0,254
233695,Airtel__dontuse,30:BD:13:27:87:96,-81,5,512,100,180577484830,WPA2,1,0,1,8,1.0;2.0;5.5;11.0;6.0;9.0;12.0;18.0;24.0;36.0;48.0;54.0,4,6,IN,1,20,2,1,30:BD:13,Unknown,0,311
233716,,FE:7A:58:1B:1B:9A,-89,5,3144,100,544220160407,WEP,1,0,1,0,,0,0,,0,0,0,0,FE:7A:58,Unknown,0,320
233797,Airtel__dontuse,30:BD:13:27:87:96,-77,5,513,100,180577587230,WPA2,1,0,1,8,1.0;2.0;5.5;11.0;6.0;9.0;12.0;18.0;24.0;36.0;48.0;54.0,4,6,IN,1,20,2,1,30:BD:13,Unknown,0,311
233857,JioFiber-satz,C0:68:CC:6E:74:72,-84,6,1165,100,11520922016,WPA2,1,0,1,8,1.0;2.0;5.5;11.0;9.0;18.0;36.0;54.0;6.0;12.0;24.0;48.0,4,6,IN,1,20,2,1,C0:68:CC,Unknown,0,245
233910,Charleshome_4g,60:A4:B7:D0:B1:81,-91,6,806,100,18019942749,WPA2,1,0,1,8,1.0;2.0;5.5;11.0;9.0;18.0;36.0;54.0;6.0;12.0;24.0;48.0,4,6,,1,40,2,1,60:A4:B7,Unknown,0,244
233963,Charleshome_5g,62:A4:B7:D1:B1:81,-88,6,807,100,18019944910,WPA2,1,0,1,8,1.0;2.0;5.5;11.0;9.0;18.0;36.0;54.0;6.0;12.0;24.0;48.0,4,6,,1,40,2,1,62:A4:B7,Unknown,0,244
234005,Airtel__dontuse,30:BD:13:27:87:96,-71,6,514,100,180577689630,WPA2,1,0,1,8,1.0;2.0;5.5;11.0;6.0;9.0;12.0;18.0;24.0;36.0;48.0;54.0,4,6,IN,1,20,2,1,30:BD:13,Unknown,0,311
234058,babu_5G,CA:78:C9:FE:B1:30,-84,6,3894,100,9952256390,WPA2,1,0,1,8,1.0;2.0;5.5;11.0;18.0;24.0;36.0;54.0;6.0;9.0;12.0;48.0,4,6,IN,1,40,2,1,CA:78:C9,Unknown,0,227
234100,suresh4G,CA:78:C9:FE:B1:3C,-84,6,3895,100,9952258427,WPA2,1,0,1,8,1.0;2.0;5.5;11.0;18.0;24.0;36.0;54.0;6.0;9.0;12.0;48.0,4,6,IN,1,40,2,1,CA:78:C9,Unknown,0,228
234169,VKS_4G,FC:7A:58:1B:1B:9A,-85,6,3147,100,544220365211,WPA2,1,0,1,8,1.0;2.0;5.5;11.0;9.0;18.0;36.0;54.0;6.0;12.0;24.0;48.0,4,6,IN,1,20,2,1,FC:7A:58,Unknown,0,356
234221,JioFiber-satz,C0:68:CC:6E:74:72,-86,6,1166,100,11521024401,WPA2,1,0,1,8,1.0;2.0;5.5;11.0;9.0;18.0;36.0;54.0;6.0;12.0;24.0;48.0,4,6,IN,1,20,2,1,C0:68:CC,Unknown,0,245
234275,JioFiber-satz,C0:68:CC:6E:74:72,-86,6,1167,100,11521126823,WPA2,1,0,1,8,1.0;2.0;5.5;11.0;9.0;18.0;36.0;54.0;6.0;12.0;24.0;48.0,4,6,IN,1,20,2,1,C0:68:CC,Unknown,0,245
234327,Charleshome_4g,60:A4:B7:D0:B1:81,-89,6,810,100,18020147553,WPA2,1,0,1,8,1.0;2.0;5.5;11.0;9.0;18.0;36.0;54.0;6.0;12.0;24.0;48.0,4,6,,1,40,2,1,60:A4:B7,Unknown,0,244
234370,Charleshome_5g,62:A4:B7:D1:B1:81,-90,6,811,100,18020149714,WPA2,1,0,1,8,1.0;2.0;5.5;11.0;9.0;18.0;36.0;54.0;6.0;12.0;24.0;48.0,4,6,,1,40,2,1,62:A4:B7,Unknown,0,244
234422,Airtel__dontuse,30:BD:13:27:87:96,-76,6,516,100,180577894439,WPA2,1,0,1,8,1.0;2.0;5.5;11.0;6.0;9.0;12.0;18.0;24.0;36.0;48.0;54.0,4,6,IN,1,20,2,1,30:BD:13,Unknown,0,311
234476,babu_5G,CA:78:C9:FE:B1:30,-84,7,3902,100,9952667116,WPA2,1,0,1,8,1.0;2.0;5.5;11.0;18.0;24.0;36.0;54.0;6.0;9.0;12.0;48.0,4,6,IN,1,40,2,1,CA:78:C9,Unknown,0,227
234518,suresh4G,CA:78:C9:FE:B1:3C,-84,7,3903,100,9952669170,WPA2,1,0,1,8,1.0;2.0;5.5;11.0;18.0;24.0;36.0;54.0;6.0;9.0;12.0;48.0,4,6,IN,1,40,2,1,CA:78:C9,Unknown,0,228
234571,JioFiber-satz,C0:68:CC:6E:74:72,-88,7,1170,100,11521433995,WPA2,1,0,1,8,1.0;2.0;5.5;11.0;9.0;18.0;36.0;54.0;6.0;12.0;24.0;48.0,4,6,IN,1,20,2,1,C0:68:CC,Unknown,0,245
234623,Charleshome_4g,60:A4:B7:D0:B1:81,-87,7,816,100,18020454758,WPA2,1,0,1,8,1.0;2.0;5.5;11.0;9.0;18.0;36.0;54.0;6.0;12.0;24.0;48.0,4,6,,1,40,2,1,60:A4:B7,Unknown,0,244
234778,Vani,14:EB:B6:8A:64:71,-93,9,3389,100,443510477221,WPA2,1,0,1,8,1.0;2.0;5.5;11.0;9.0;18.0;36.0;54.0;6.0;12.0;24.0;48.0,4,9,,1,20,2,1,14:EB:B6,Unknown,0,332
234856,JVACT1,A4:2B:B0:01:A6:3A,-73,10,672,100,803700019568,WPA2,1,0,1,8,1.0;2.0;5.5;11.0;9.0;18.0;36.0;54.0;6.0;12.0;24.0;48.0,4,11,,1,40,2,0,A4:2B:B0,Unknown,0,260
234955,SanD-JioFiber_EXT,8C:90:2D:3B:B6:5A,-91,10,2194,100,3227750793,WPA2,1,0,1,8,1.0;2.0;5.5;11.0;9.0;18.0;36.0;54.0;6.0;12.0;24.0;48.0,4,11,,1,20,2,0,8C:90:2D,Unknown,0,223
234998,JVACT1,A4:2B:B0:01:A6:3A,-73,10,673,100,803700121967,WPA2,1,0,1,8,1.0;2.0;5.5;11.0;9.0;18.0;36.0;54.0;6.0;12.0;24.0;48.0,4,11,,1,40,2,0,A4:2B:B0,Unknown,0,260
235060,JVACT1,A4:2B:B0:01:A6:3A,-75,10,674,100,803700224579,WPA2,1,0,1,8,1.0;2.0;5.5;11.0;9.0;18.0;36.0;54.0;6.0;12.0;24.0;48.0,4,11,,1,40,2,0,A4:2B:B0,Unknown,0,260
235118,SanD-JioFiber,BA:A9:15:4E:AF:EE,-90,11,3845,100,802795315597,WPA2,1,0,1,8,1.0;2.0;5.5;11.0;18.0;24.0;36.0;54.0;6.0;9.0;12.0;48.0,4,11,IN,1,40,2,1,BA:A9:15,Unknown,0,233
235170,Cctv,50:2B:73:FD:4F:28,-91,11,2819,100,501868749200,WPA2,1,0,1,8,1.0;2.0;5.5;11.0;6.0;9.0;12.0;18.0;24.0;36.0;48.0;54.0,4,11,,1,40,2,1,50:2B:73,Unknown,0,276
235223,SanD-JioFiber_EXT,8C:90:2D:3B:B6:5A,-85,11,2196,100,3227955611,WPA2,1,0,1,8,1.0;2.0;5.5;11.0;9.0;18.0;36.0;54.0;6.0;12.0;24.0;48.0,4,11,,1,20,2,0,8C:90:2D,Unknown,0,223
235266,JVACT1,A4:2B:B0:01:A6:3A,-71,11,675,100,803700326767,WPA2,1,0,1,8,1.0;2.0;5.5;11.0;9.0;18.0;36.0;54.0;6.0;12.0;24.0;48.0,4,11,,1,40,2,0,A4:2B:B0,Unknown,0,260
235318,SanD-JioFiber,BA:A9:15:4E:AF:EE,-94,11,3846,100,802795417998,WPA2,1,0,1,8,1.0;2.0;5.5;11.0;18.0;24.0;36.0;54.0;6.0;9.0;12.0;48.0,4,11,IN,1,40,2,1,BA:A9:15,Unknown,0,233
235381,Cctv,50:2B:73:FD:4F:28,-92,11,2820,100,501868851591,WPA2,1,0,1,8,1.0;2.0;5.5;11.0;6.0;9.0;12.0;18.0;24.0;36.0;48.0;54.0,4,11,,1,40,2,1,50:2B:73,Unknown,0,276
235424,SanD-JioFiber_EXT,8C:90:2D:3B:B6:5A,-90,11,2197,100,3228057997,WPA2,1,0,1,8,1.0;2.0;5.5;11.0;9.0;18.0;36.0;54.0;6.0;12.0;24.0;48.0,4,11,,1,20,2,0,8C:90:2D,Unknown,0,223
235476,JVACT1,A4:2B:B0:01:A6:3A,-70,11,676,100,803700429170,WPA2,1,0,1,8,1.0;2.0;5.5;11.0;9.0;18.0;36.0;54.0;6.0;12.0;24.0;48.0,4,11,,1,40,2,0,A4:2B:B0,Unknown,0,260
235530,SanD-JioFiber,BA:A9:15:4E:AF:EE,-94,11,3847,100,802795520392,WPA2,1,0,1,8,1.0;2.0;5.5;11.0;18.0;24.0;36.0;54.0;6.0;9.0;12.0;48.0,4,11,IN,1,40,2,1,BA:A9:15,Unknown,0,233
235582,Cctv,50:2B:73:FD:4F:28,-88,11,2821,100,501868954000,WPA2,1,0,1,8,1.0;2.0;5.5;11.0;6.0;9.0;12.0;18.0;24.0;36.0;48.0;54.0,4,11,,1,40,2,1,50:2B:73,Unknown,0,276
235635,SanD-JioFiber_EXT,8C:90:2D:3B:B6:5A,-87,11,2198,100,3228160405,WPA2,1,0,1,8,1.0;2.0;5.5;11.0;9.0;18.0;36.0;54.0;6.0;12.0;24.0;48.0,4,11,,1,20,2,0,8C:90:2D,Unknown,0,223
235677,JVACT1,A4:2B:B0:01:A6:3A,-73,11,677,100,803700531577,WPA2,1,0,1,8,1.0;2.0;5.5;11.0;9.0;18.0;36.0;54.0;6.0;12.0;24.0;48.0,4,11,,1,40,2,0,A4:2B:B0,Unknown,0,260
235731,SanD-JioFiber_EXT,8C:90:2D:3B:B6:5A,-90,12,2200,100,3228365196,WPA2,1,0,1,8,1.0;2.0;5.5;11.0;9.0;18.0;36.0;54.0;6.0;12.0;24.0;48.0,4,11,,1,20,2,0,8C:90:2D,Unknown,0,223
235773,JVACT1,A4:2B:B0:01:A6:3A,-76,12,679,100,803700736377,WPA2,1,0,1,8,1.0;2.0;5.5;11.0;9.0;18.0;36.0;54.0;6.0;12.0;24.0;48.0,4,11,,1,40,2,0,A4:2B:B0,Unknown,0,260
235826,SanD-JioFiber,BA:A9:15:4E:AF:EE,-90,12,3850,100,802795827602,WPA2,1,0,1,8,1.0;2.0;5.5;11.0;18.0;24.0;36.0;54.0;6.0;9.0;12.0;48.0,4,11,IN,1,40,2,1,BA:A9:15,Unknown,0,233
235874,SanD-JioFiber_EXT,8C:90:2D:3B:B6:5A,-94,12,2201,100,3228467596,WPA2,1,0,1,8,1.0;2.0;5.5;11.0;9.0;18.0;36.0;54.0;6.0;12.0;24.0;48.0,4,11,,1,20,2,0,8C:90:2D,Unknown,0,223
235959,JVACT,F0:A7:31:F8:68:16,-90,1,846,100,916685170,WPA2,1,0,1,8,1.0;2.0;5.5;11.0;9.0;18.0;36.0;54.0;6.0;12.0;24.0;48.0,4,1,,1,40,2,1,F0:A7:31,Unknown,0,235
236001,JVACT5G,F2:A7:31:F9:68:16,-92,1,847,100,916687260,WPA2,1,0,1,8,1.0;2.0;5.5;11.0;9.0;18.0;36.0;54.0;6.0;12.0;24.0;48.0,4,1,,1,40,2,1,F2:A7:31,Unknown,0,237
236054,ABFAMILY,04:AB:08:31:B0:12,-90,1,3292,100,510180763793,WPA2,1,0,1,8,1.0;2.0;5.5;11.0;9.0;18.0;36.0;54.0;6.0;12.0;24.0;48.0,4,1,IN,1,20,2,1,04:AB:08,Unknown,0,281
236117,vasudha_4G,FC:7A:58:0E:CD:2A,-91,1,121,100,554336973225,WPA2,1,0,1,8,1.0;2.0;5.5;11.0;9.0;18.0;36.0;54.0;6.0;12.0;24.0;48.0,4,1,IN,1,20,2,1,FC:7A:58,Unknown,0,283
236169,JioFiber-3TFFK_EXT,8C:90:2D:3C:03:B3,-91,1,213,100,603652712367,WPA2,1,0,1,8,1.0;2.0;5.5;11.0;9.0;18.0;36.0;54.0;6.0;12.0;24.0;48.0,4,1,,1,20,2,0,8C:90:2D,Unknown,0,224
236213,Aadhav_Aarhav,62:A3:99:84:AC:E3,-92,1,3345,100,192934093197,WPA2,1,0,1,8,1.0;2.0;5.5;11.0;18.0;24.0;36.0;54.0;6.0;9.0;12.0;48.0,4,1,IN,1,40,2,1,62:A3:99,Unknown,0,233
236265,Aadhav_Aarhav5,62:A3:99:84:AC:E7,-92,1,3346,100,192934095291,WPA2,1,0,1,8,1.0;2.0;5.5;11.0;18.0;24.0;36.0;54.0;6.0;9.0;12.0;48.0,4,1,IN,1,40,2,1,62:A3:99,Unknown,0,234
236308,JVACT,F0:A7:31:F8:68:16,-77,1,848,100,916787565,WPA2,1,0,1,8,1.0;2.0;5.5;11.0;9.0;18.0;36.0;54.0;6.0;12.0;24.0;48.0,4,1,,1,40,2,1,F0:A7:31,Unknown,0,235
236360,JVACT5G,F2:A7:31:F9:68:16,-78,1,849,100,916789655,WPA2,1,0,1,8,1.0;2.0;5.5;11.0;9.0;18.0;36.0;54.0;6.0;12.0;24.0;48.0,4,1,,1,40,2,1,F2:A7:31,Unknown,0,237
236414,JVACT,F0:A7:31:F8:68:16,-86,3,854,100,917094771,WPA2,1,0,1,8,1.0;2.0;5.5;11.0;9.0;18.0;36.0;54.0;6.0;12.0;24.0;48.0,4,1,,1,40,2,1,F0:A7:31,Unknown,0,235
236466,JVACT5G,F2:A7:31:F9:68:16,-89,3,855,100,917096861,WPA2,1,0,1,8,1.0;2.0;5.5;11.0;9.0;18.0;36.0;54.0;6.0;12.0;24.0;48.0,4,1,,1,40,2,1,F2:A7:31,Unknown,0,237
236509,Satz,10:27:F5:5C:C6:A3,-92,3,486,100,803679027591,WPA2,1,0,1,8,1.0;2.0;5.5;11.0;18.0;24.0;36.0;54.0;6.0;9.0;12.0;48.0,4,3,,1,40,2,1,10:27:F5,Unknown,0,254
236561,Satz,10:27:F5:5C:C6:A3,-91,3,487,100,803679129995,WPA2,1,0,1,8,1.0;2.0;5.5;11.0;18.0;24.0;36.0;54.0;6.0;9.0;12.0;48.0,4,3,,1,40,2,1,10:27:F5,Unknown,0,254
236831,Satz,10:27:F5:5C:C6:A3,-92,4,490,100,803679437207,WPA2,1,0,1,8,1.0;2.0;5.5;11.0;18.0;24.0;36.0;54.0;6.0;9.0;12.0;48.0,4,3,,1,40,2,1,10:27:F5,Unknown,0,254
236971,Airtel__dontuse,30:BD:13:27:87:96,-67,5,544,100,180580761630,WPA2,1,0,1,8,1.0;2.0;5.5;11.0;6.0;9.0;12.0;18.0;24.0;36.0;48.0;54.0,4,6,IN,1,20,2,1,30:BD:13,Unknown,0,311
237024,suresh4G,CA:78:C9:FE:B1:3C,-60,5,3957,100,9955330433,WPA2,1,0,1,8,1.0;2.0;5.5;11.0;18.0;24.0;36.0;54.0;6.0;9.0;12.0;48.0,4,6,IN,1,40,2,1,CA:78:C9,Unknown,0,228
237067,Charleshome_5g,62:A4:B7:D1:B1:81,-70,5,869,100,18023119314,WPA2,1,0,1,8,1.0;2.0;5.5;11.0;9.0;18.0;36.0;54.0;6.0;12.0;24.0;48.0,4,6,,1,40,2,1,62:A4:B7,Unknown,0,244
237120,Airtel__dontuse,30:BD:13:27:87:96,-77,5,545,100,180580864022,WPA2,1,0,1,8,1.0;2.0;5.5;11.0;6.0;9.0;12.0;18.0;24.0;36.0;48.0;54.0,4,6,IN,1,20,2,1,30:BD:13,Unknown,0,311
237173,JioFiber-satz,C0:68:CC:6E:74:72,-89,6,1197,100,11524198984,WPA2,1,0,1,8,1.0;2.0;5.5;11.0;9.0;18.0;36.0;54.0;6.0;12.0;24.0;48.0,4,6,IN,1,20,2,1,C0:68:CC,Unknown,0,245
237226,Charleshome_4g,60:A4:B7:D0:B1:81,-70,6,870,100,18023219519,WPA2,1,0,1,8,1.0;2.0;5.5;11.0;9.0;18.0;36.0;54.0;6.0;12.0;24.0;48.0,4,6,,1,40,2,1,60:A4:B7,Unknown,0,244
237278,Charleshome_5g,62:A4:B7:D1:B1:81,-70,6,871,100,18023221681,WPA2,1,0,1,8,1.0;2.0;5.5;11.0;9.0;18.0;36.0;54.0;6.0;12.0;24.0;48.0,4,6,,1,40,2,1,62:A4:B7,Unknown,0,244
237321,Airtel__dontuse,30:BD:13:27:87:96,-70,6,546,100,180580966448,WPA2,1,0,1,8,1.0;2.0;5.5;11.0;6.0;9.0;12.0;18.0;24.0;36.0;48.0;54.0,4,6,IN,1,20,2,1,30:BD:13,Unknown,0,311
237373,babu_5G,CA:78:C9:FE:B1:30,-58,6,3960,100,9955533195,WPA2,1,0,1,8,1.0;2.0;5.5;11.0;18.0;24.0;36.0;54.0;6.0;9.0;12.0;48.0,4,6,IN,1,40,2,1,CA:78:C9,Unknown,0,227
237426,JioFiber-satz,C0:68:CC:6E:74:72,-92,6,1198,100,11524301212,WPA2,1,0,1,8,1.0;2.0;5.5;11.0;9.0;18.0;36.0;54.0;6.0;12.0;24.0;48.0,4,6,IN,1,20,2,1,C0:68:CC,Unknown,0,245
237477,Charleshome_4g,60:A4:B7:D0:B1:81,-75,6,872,100,18023321920,WPA2,1,0,1,8,1.0;2.0;5.5;11.0;9.0;18.0;36.0;54.0;6.0;12.0;24.0;48.0,4,6,,1,40,2,1,60:A4:B7,Unknown,0,244
237529,Charleshome_5g,62:A4:B7:D1:B1:81,-74,6,873,100,18023324082,WPA2,1,0,1,8,1.0;2.0;5.5;11.0;9.0;18.0;36.0;54.0;6.0;12.0;24.0;48.0,4,6,,1,40,2,1,62:A4:B7,Unknown,0,244
237571,babu_5G,CA:78:C9:FE:B1:30,-58,6,3962,100,9955635611,WPA2,1,0,1,8,1.0;2.0;5.5;11.0;18.0;24.0;36.0;54.0;6.0;9.0;12.0;48.0,4,6,IN,1,40,2,1,CA:78:C9,Unknown,0,227
237625,JioFiber-satz,C0:68:CC:6E:74:72,-91,7,1200,100,11524506001,WPA2,1,0,1,8,1.0;2.0;5.5;11.0;9.0;18.0;36.0;54.0;6.0;12.0;24.0;48.0,4,6,IN,1,20,2,1,C0:68:CC,Unknown,0,245
237677,Charleshome_4g,60:A4:B7:D0:B1:81,-80,7,876,100,18023526724,WPA2,1,0,1,8,1.0;2.0;5.5;11.0;9.0;18.0;36.0;54.0;6.0;12.0;24.0;48.0,4,6,,1,40,2,1,60:A4:B7,Unknown,0,244
237729,Charleshome_5g,62:A4:B7:D1:B1:81,-78,7,877,100,18023528886,WPA2,1,0,1,8,1.0;2.0;5.5;11.0;9.0;18.0;36.0;54.0;6.0;12.0;24.0;48.0,4,6,,1,40,2,1,62:A4:B7,Unknown,0,244
237781,Airtel__dontuse,30:BD:13:27:87:96,-67,7,549,100,180581273648,WPA2,1,0,1,8,1.0;2.0;5.5;11.0;6.0;9.0;12.0;18.0;24.0;36.0;48.0;54.0,4,6,IN,1,20,2,1,30:BD:13,Unknown,0,311
237953,Vani,14:EB:B6:8A:64:71,-89,9,3451,100,443513651607,WPA2,1,0,1,8,1.0;2.0;5.5;11.0;9.0;18.0;36.0;54.0;6.0;12.0;24.0;48.0,4,9,,1,20,2,1,14:EB:B6,Unknown,0,332
237974,,16:EB:B6:AA:64:71,-88,9,3452,100,443513651620,WEP,1,0,1,0,,0,0,,0,0,0,0,16:EB:B6,Unknown,0,263
238031,,16:EB:B6:AA:64:71,-92,9,3454,100,443513754001,WEP,1,0,1,0,,0,0,,0,0,0,0,16:EB:B6,Unknown,0,263
238127,Sekar,3C:84:6A:7B:AF:FE,-94,10,361,100,294895821147,WPA2,1,0,1,8,1.0;2.0;5.5;11.0;9.0;18.0;36.0;54.0;6.0;12.0;24.0;48.0,4,11,,1,40,2,0,3C:84:6A,Unknown,0,259
238170,SanD-JioFiber_EXT,8C:90:2D:3B:B6:5A,-88,10,2234,100,3230925208,WPA2,1,0,1,8,1.0;2.0;5.5;11.0;9.0;18.0;36.0;54.0;6.0;12.0;24.0;48.0,4,11,,1,20,2,0,8C:90:2D,Unknown,0,223
238232,Vani,14:EB:B6:8A:64:71,-92,10,3455,100,443513856428,WPA2,1,0,1,8,1.0;2.0;5.5;11.0;9.0;18.0;36.0;54.0;6.0;12.0;24.0;48.0,4,9,,1,20,2,1,14:EB:B6,Unknown,0,332
238254,,16:EB:B6:AA:64:71,-91,10,3456,100,443513856429,WEP,1,0,1,0,,0,0,,0,0,0,0,16:EB:B6,Unknown,0,263
238307,Cctv,50:2B:73:FD:4F:28,-89,10,2850,100,501871821191,WPA2,1,0,1,8,1.0;2.0;5.5;11.0;6.0;9.0;12.0;18.0;24.0;36.0;48.0;54.0,4,11,,1,40,2,1,50:2B:73,Unknown,0,276
238367,SanD-JioFiber_EXT,8C:90:2D:3B:B6:5A,-85,10,2236,100,3231130004,WPA2,1,0,1,8,1.0;2.0;5.5;11.0;9.0;18.0;36.0;54.0;6.0;12.0;24.0;48.0,4,11,,1,20,2,0,8C:90:2D,Unknown,0,223
238420,BrownArc-Jio,FC:7A:58:30:93:DA,-93,11,2931,100,803639705994,WPA2,1,0,1,8,1.0;2.0;5.5;11.0;9.0;18.0;36.0;54.0;6.0;12.0;24.0;48.0,4,11,IN,1,20,2,1,FC:7A:58,Unknown,0,285
238473,SanD-JioFiber,BA:A9:15:4E:AF:EE,-89,11,3877,100,802798592412,WPA2,1,0,1,8,1.0;2.0;5.5;11.0;18.0;24.0;36.0;54.0;6.0;9.0;12.0;48.0,4,11,IN,1,40,2,1,BA:A9:15,Unknown,0,233
238526,Cctv,50:2B:73:FD:4F:28,-84,11,2852,100,501872025991,WPA2,1,0,1,8,1.0;2.0;5.5;11.0;6.0;9.0;12.0;18.0;24.0;36.0;48.0;54.0,4,11,,1,40,2,1,50:2B:73,Unknown,0,276
238578,Sekar,3C:84:6A:7B:AF:FE,-96,11,364,100,294896128345,WPA2,1,0,1,8,1.0;2.0;5.5;11.0;9.0;18.0;36.0;54.0;6.0;12.0;24.0;48.0,4,11,,1,40,2,0,3C:84:6A,Unknown,0,259
238630,SanD-JioFiber_EXT,8C:90:2D:3B:B6:5A,-91,11,2237,100,3231232403,WPA2,1,0,1,8,1.0;2.0;5.5;11.0;9.0;18.0;36.0;54.0;6.0;12.0;24.0;48.0,4,11,,1,20,2,0,8C:90:2D,Unknown,0,223
238682,BrownArc-Jio,FC:7A:58:30:93:DA,-92,11,2932,100,803639808408,WPA2,1,0,1,8,1.0;2.0;5.5;11.0;9.0;18.0;36.0;54.0;6.0;12.0;24.0;48.0,4,11,IN,1,20,2,1,FC:7A:58,Unknown,0,285
238736,Cctv,50:2B:73:FD:4F:28,-79,11,2853,100,501872128382,WPA2,1,0,1,8,1.0;2.0;5.5;11.0;6.0;9.0;12.0;18.0;24.0;36.0;48.0;54.0,4,11,,1,40,2,1,50:2B:73,Unknown,0,276
238788,SanD-JioFiber_EXT,8C:90:2D:3B:B6:5A,-83,11,2238,100,3231334822,WPA2,1,0,1,8,1.0;2.0;5.5;11.0;9.0;18.0;36.0;54.0;6.0;12.0;24.0;48.0,4,11,,1,20,2,0,8C:90:2D,Unknown,0,223
238830,JVACT1,A4:2B:B0:01:A6:3A,-88,11,708,100,803703705937,WPA2,1,0,1,8,1.0;2.0;5.5;11.0;9.0;18.0;36.0;54.0;6.0;12.0;24.0;48.0,4,11,,1,40,2,0,A4:2B:B0,Unknown,0,260
238891,SanD-JioFiber,BA:A9:15:4E:AF:EE,-90,11,3879,100,802798797211,WPA2,1,0,1,8,1.0;2.0;5.5;11.0;18.0;24.0;36.0;54.0;6.0;9.0;12.0;48.0,4,11,IN,1,40,2,1,BA:A9:15,Unknown,0,233
238935,SanD-JioFiber_EXT,8C:90:2D:3B:B6:5A,-80,12,2240,100,3231539615,WPA2,1,0,1,8,1.0;2.0;5.5;11.0;9.0;18.0;36.0;54.0;6.0;12.0;24.0;48.0,4,11,,1,20,2,0,8C:90:2D,Unknown,0,223
238987,BrownArc-Jio,FC:7A:58:30:93:DA,-89,12,2935,100,803640115593,WPA2,1,0,1,8,1.0;2.0;5.5;11.0;9.0;18.0;36.0;54.0;6.0;12.0;24.0;48.0,4,11,IN,1,20,2,1,FC:7A:58,Unknown,0,285
239040,Cctv,50:2B:73:FD:4F:28,-82,12,2856,100,501872435591,WPA2,1,0,1,8,1.0;2.0;5.5;11.0;6.0;9.0;12.0;18.0;24.0;36.0;48.0;54.0,4,11,,1,40,2,1,50:2B:73,Unknown,0,276
239092,SanD-JioFiber_EXT,8C:90:2D:3B:B6:5A,-82,12,2241,100,3231642003,WPA2,1,0,1,8,1.0;2.0;5.5;11.0;9.0;18.0;36.0;54.0;6.0;12.0;24.0;48.0,4,11,,1,20,2,0,8C:90:2D,Unknown,0,223
239148,ABFAMILY,04:AB:08:31:B0:12,-88,1,3323,100,510183938170,WPA2,1,0,1,8,1.0;2.0;5.5;11.0;9.0;18.0;36.0;54.0;6.0;12.0;24.0;48.0,4,1,IN,1,20,2,1,04:AB:08,Unknown,0,281
239201,vasudha_4G,FC:7A:58:0E:CD:2A,-86,1,156,100,554340147621,WPA2,1,0,1,8,1.0;2.0;5.5;11.0;9.0;18.0;36.0;54.0;6.0;12.0;24.0;48.0,4,1,IN,1,20,2,1,FC:7A:58,Unknown,0,283
239264,JioFiber_24GH_KRR,A8:88:1F:20:7B:61,-94,1,3574,100,284360090022,WPA2,1,0,1,8,1.0;2.0;5.5;11.0;9.0;18.0;36.0;54.0;6.0;12.0;24.0;48.0,4,1,IN,1,20,2,1,A8:88:1F,Unknown,0,290
239306,JioFiber-3TFFK_EXT,8C:90:2D:3C:03:B3,-93,1,247,100,603655886817,WPA2,1,0,1,8,1.0;2.0;5.5;11.0;9.0;18.0;36.0;54.0;6.0;12.0;24.0;48.0,4,1,,1,20,2,0,8C:90:2D,Unknown,0,224
239359,Tanyaa-4G,04:AB:08:2A:8A:52,-93,1,1044,100,623211827611,WPA2,1,0,1,8,1.0;2.0;5.5;11.0;9.0;18.0;36.0;54.0;6.0;12.0;24.0;48.0,4,1,IN,1,20,2,1,04:AB:08,Unknown,0,282
239410,JVACT,F0:A7:31:F8:68:16,-83,1,910,100,919961935,WPA2,1,0,1,8,1.0;2.0;5.5;11.0;9.0;18.0;36.0;54.0;6.0;12.0;24.0;48.0,4,1,,1,40,2,1,F0:A7:31,Unknown,0,235
239463,JVACT5G,F2:A7:31:F9:68:16,-82,1,911,100,919964024,WPA2,1,0,1,8,1.0;2.0;5.5;11.0;9.0;18.0;36.0;54.0;6.0;12.0;24.0;48.0,4,1,,1,40,2,1,F2:A7:31,Unknown,0,237
239515,ABFAMILY,04:AB:08:31:B0:12,-81,1,3324,100,510184040584,WPA2,1,0,1,8,1.0;2.0;5.5;11.0;9.0;18.0;36.0;54.0;6.0;12.0;24.0;48.0,4,1,IN,1,20,2,1,04:AB:08,Unknown,0,281
239569,vasudha_4G,FC:7A:58:0E:CD:2A,-98,2,160,100,554340352393,WPA2,1,0,1,8,1.0;2.0;5.5;11.0;9.0;18.0;36.0;54.0;6.0;12.0;24.0;48.0,4,1,IN,1,20,2,1,FC:7A:58,Unknown,0,283
239611,JioFiber-3TFFK_EXT,8C:90:2D:3C:03:B3,-94,2,255,100,603656091606,WPA2,1,0,1,8,1.0;2.0;5.5;11.0;9.0;18.0;36.0;54.0;6.0;12.0;24.0;48.0,4,1,,1,20,2,0,8C:90:2D,Unknown,0,224
240133,Charleshome_4g,60:A4:B7:D0:B1:81,-73,5,928,100,18026189147,WPA2,1,0,1,8,1.0;2.0;5.5;11.0;9.0;18.0;36.0;54.0;6.0;12.0;24.0;48.0,4,6,,1,40,2,1,60:A4:B7,Unknown,0,244
240186,Airtel__dontuse,30:BD:13:27:87:96,-72,5,575,100,180583936039,WPA2,1,0,1,8,1.0;2.0;5.5;11.0;6.0;9.0;12.0;18.0;24.0;36.0;48.0;54.0,4,6,IN,1,20,2,1,30:BD:13,Unknown,0,311
240228,babu_5G,CA:78:C9:FE:B1:30,-66,5,4028,100,9958502806,WPA2,1,0,1,8,1.0;2.0;5.5;11.0;18.0;24.0;36.0;54.0;6.0;9.0;12.0;48.0,4,6,IN,1,40,2,1,CA:78:C9,Unknown,0,227
240281,Charleshome_5g,62:A4:B7:D1:B1:81,-72,5,931,100,18026293710,WPA2,1,0,1,8,1.0;2.0;5.5;11.0;9.0;18.0;36.0;54.0;6.0;12.0;24.0;48.0,4,6,,1,40,2,1,62:A4:B7,Unknown,0,244
240323,Airtel__dontuse,30:BD:13:27:87:96,-71,5,576,100,180584038448,WPA2,1,0,1,8,1.0;2.0;5.5;11.0;6.0;9.0;12.0;18.0;24.0;36.0;48.0;54.0,4,6,IN,1,20,2,1,30:BD:13,Unknown,0,311
240385,suresh4G,CA:78:C9:FE:B1:3C,-65,5,4031,100,9958607227,WPA2,1,0,1,8,1.0;2.0;5.5;11.0;18.0;24.0;36.0;54.0;6.0;9.0;12.0;48.0,4,6,IN,1,40,2,1,CA:78:C9,Unknown,0,228
240449,Isha99_FF,9C:A2:F4:FA:D3:9C,-91,5,809,100,30691913318839,WPA2,1,0,1,8,1.0;2.0;5.5;11.0;9.0;18.0;36.0;54.0;6.0;12.0;24.0;48.0,4,5,,1,40,2,1,9C:A2:F4,Unknown,0,384
240491,Charleshome_4g,60:A4:B7:D0:B1:81,-72,5,932,100,18026393953,WPA2,1,0,1,8,1.0;2.0;5.5;11.0;9.0;18.0;36.0;54.0;6.0;12.0;24.0;48.0,4,6,,1,40,2,1,60:A4:B7,Unknown,0,244
240544,Charleshome_4g,60:A4:B7:D0:B1:81,-79,6,934,100,18026496353,WPA2,1,0,1,8,1.0;2.0;5.5;11.0;9.0;18.0;36.0;54.0;6.0;12.0;24.0;48.0,4,6,,1,40,2,1,60:A4:B7,Unknown,0,244
240587,Charleshome_5g,62:A4:B7:D1:B1:81,-73,6,935,100,18026498514,WPA2,1,0,1,8,1.0;2.0;5.5;11.0;9.0;18.0;36.0;54.0;6.0;12.0;24.0;48.0,4,6,,1,40,2,1,62:A4:B7,Unknown,0,244
240648,Airtel__dontuse,30:BD:13:27:87:96,-75,6,578,100,180584243230,WPA2,1,0,1,8,1.0;2.0;5.5;11.0;6.0;9.0;12.0;18.0;24.0;36.0;48.0;54.0,4,6,IN,1,20,2,1,30:BD:13,Unknown,0,311
240700,babu_5G,CA:78:C9:FE:B1:30,-73,6,4034,100,9958810084,WPA2,1,0,1,8,1.0;2.0;5.5;11.0;18.0;24.0;36.0;54.0;6.0;9.0;12.0;48.0,4,6,IN,1,40,2,1,CA:78:C9,Unknown,0,227
240744,Charleshome_4g,60:A4:B7:D0:B1:81,-82,6,936,100,18026598752,WPA2,1,0,1,8,1.0;2.0;5.5;11.0;9.0;18.0;36.0;54.0;6.0;12.0;24.0;48.0,4,6,,1,40,2,1,60:A4:B7,Unknown,0,244
240796,Charleshome_5g,62:A4:B7:D1:B1:81,-82,6,937,100,18026600914,WPA2,1,0,1,8,1.0;2.0;5.5;11.0;9.0;18.0;36.0;54.0;6.0;12.0;24.0;48.0,4,6,,1,40,2,1,62:A4:B7,Unknown,0,244
240839,Airtel__dontuse,30:BD:13:27:87:96,-72,6,579,100,180584345639,WPA2,1,0,1,8,1.0;2.0;5.5;11.0;6.0;9.0;12.0;18.0;24.0;36.0;48.0;54.0,4,6,IN,1,20,2,1,30:BD:13,Unknown,0,311
240900,babu_5G,CA:78:C9:FE:B1:30,-72,6,4036,100,9958912412,WPA2,1,0,1,8,1.0;2.0;5.5;11.0;18.0;24.0;36.0;54.0;6.0;9.0;12.0;48.0,4,6,IN,1,40,2,1,CA:78:C9,Unknown,0,227
240953,Charleshome_4g,60:A4:B7:D0:B1:81,-72,7,940,100,18026803557,WPA2,1,0,1,8,1.0;2.0;5.5;11.0;9.0;18.0;36.0;54.0;6.0;12.0;24.0;48.0,4,6,,1,40,2,1,60:A4:B7,Unknown,0,244
240995,Charleshome_5g,62:A4:B7:D1:B1:81,-72,7,941,100,18026805719,WPA2,1,0,1,8,1.0;2.0;5.5;11.0;9.0;18.0;36.0;54.0;6.0;12.0;24.0;48.0,4,6,,1,40,2,1,62:A4:B7,Unknown,0,244
241048,Airtel__dontuse,30:BD:13:27:87:96,-73,7,581,100,180584550422,WPA2,1,0,1,8,1.0;2.0;5.5;11.0;6.0;9.0;12.0;18.0;24.0;36.0;48.0;54.0,4,6,IN,1,20,2,1,30:BD:13,Unknown,0,311
241100,babu_5G,CA:78:C9:FE:B1:30,-66,7,4040,100,9959117203,WPA2,1,0,1,8,1.0;2.0;5.5;11.0;18.0;24.0;36.0;54.0;6.0;9.0;12.0;48.0,4,6,IN,1,40,2,1,CA:78:C9,Unknown,0,227
241191,Cctv,50:2B:73:FD:4F:28,-84,9,2879,100,501874790782,WPA2,1,0,1,8,1.0;2.0;5.5;11.0;6.0;9.0;12.0;18.0;24.0;36.0;48.0;54.0,4,11,,1,40,2,1,50:2B:73,Unknown,0,276
241308,,16:EB:B6:AA:64:71,-96,9,3518,100,443517030799,WEP,1,0,1,0,,0,0,,0,0,0,0,16:EB:B6,Unknown,0,263
241366,BrownArc-Jio,FC:7A:58:30:93:DA,-82,10,2961,100,803642675617,WPA2,1,0,1,8,1.0;2.0;5.5;11.0;9.0;18.0;36.0;54.0;6.0;12.0;24.0;48.0,4,11,IN,1,20,2,1,FC:7A:58,Unknown,0,285
241408,SanD-JioFiber,BA:A9:15:4E:AF:EE,-91,10,3909,100,802801561996,WPA2,1,0,1,8,1.0;2.0;5.5;11.0;18.0;24.0;36.0;54.0;6.0;9.0;12.0;48.0,4,11,IN,1,40,2,1,BA:A9:15,Unknown,0,233
241461,SanD-JioFiber_EXT,8C:90:2D:3B:B6:5A,-93,10,2275,100,3234202025,WPA2,1,0,1,8,1.0;2.0;5.5;11.0;9.0;18.0;36.0;54.0;6.0;12.0;24.0;48.0,4,11,,1,20,2,0,8C:90:2D,Unknown,0,223
241522,BrownArc-Jio,FC:7A:58:30:93:DA,-83,10,2962,100,803642778028,WPA2,1,0,1,8,1.0;2.0;5.5;11.0;9.0;18.0;36.0;54.0;6.0;12.0;24.0;48.0,4,11,IN,1,20,2,1,FC:7A:58,Unknown,0,285
241575,SanD-JioFiber,BA:A9:15:4E:AF:EE,-88,10,3910,100,802801664398,WPA2,1,0,1,8,1.0;2.0;5.5;11.0;18.0;24.0;36.0;54.0;6.0;9.0;12.0;48.0,4,11,IN,1,40,2,1,BA:A9:15,Unknown,0,233
241618,ACTFIBERNET,AC:15:A2:92:C5:D3,-91,10,3274,100,554402831067,WPA2,1,0,1,8,1.0;2.0;5.5;11.0;9.0;18.0;36.0;54.0;6.0;12.0;24.0;48.0,4,11,,1,40,2,1,AC:15:A2,Unknown,0,241
241671,Cctv,50:2B:73:FD:4F:28,-86,10,2883,100,501875200391,WPA2,1,0,1,8,1.0;2.0;5.5;11.0;6.0;9.0;12.0;18.0;24.0;36.0;48.0;54.0,4,11,,1,40,2,1,50:2B:73,Unknown,0,276
241724,ACTFIBERNET,AC:15:A2:92:C5:D3,-92,10,3275,100,554402919184,WPA2,1,0,1,8,1.0;2.0;5.5;11.0;9.0;18.0;36.0;54.0;6.0;12.0;24.0;48.0,4,11,,1,40,2,1,AC:15:A2,Unknown,0,241
241785,BrownArc-Jio,FC:7A:58:30:93:DA,-79,11,2964,100,803642982816,WPA2,1,0,1,8,1.0;2.0;5.5;11.0;9.0;18.0;36.0;54.0;6.0;12.0;24.0;48.0,4,11,IN,1,20,2,1,FC:7A:58,Unknown,0,285
241827,SanD-JioFiber,BA:A9:15:4E:AF:EE,-89,11,3912,100,802801869199,WPA2,1,0,1,8,1.0;2.0;5.5;11.0;18.0;24.0;36.0;54.0;6.0;9.0;12.0;48.0,4,11,IN,1,40,2,1,BA:A9:15,Unknown,0,233
241890,Cctv,50:2B:73:FD:4F:28,-90,11,2884,100,501875302782,WPA2,1,0,1,8,1.0;2.0;5.5;11.0;6.0;9.0;12.0;18.0;24.0;36.0;48.0;54.0,4,11,,1,40,2,1,50:2B:73,Unknown,0,276
241932,SanD-JioFiber_EXT,8C:90:2D:3B:B6:5A,-84,11,2278,100,3234509224,WPA2,1,0,1,8,1.0;2.0;5.5;11.0;9.0;18.0;36.0;54.0;6.0;12.0;24.0;48.0,4,11,,1,20,2,0,8C:90:2D,Unknown,0,223
241986,SanD-JioFiber,BA:A9:15:4E:AF:EE,-85,11,3913,100,802801971593,WPA2,1,0,1,8,1.0;2.0;5.5;11.0;18.0;24.0;36.0;54.0;6.0;9.0;12.0;48.0,4,11,IN,1,40,2,1,BA:A9:15,Unknown,0,233
242048,Cctv,50:2B:73:FD:4F:28,-85,11,2885,100,501875405209,WPA2,1,0,1,8,1.0;2.0;5.5;11.0;6.0;9.0;12.0;18.0;24.0;36.0;48.0;54.0,4,11,,1,40,2,1,50:2B:73,Unknown,0,276
242090,SanD-JioFiber_EXT,8C:90:2D:3B:B6:5A,-85,11,2279,100,3234611606,WPA2,1,0,1,8,1.0;2.0;5.5;11.0;9.0;18.0;36.0;54.0;6.0;12.0;24.0;48.0,4,11,,1,20,2,0,8C:90:2D,Unknown,0,223
242153,BrownArc-Jio,FC:7A:58:30:93:DA,-80,11,2966,100,803643187625,WPA2,1,0,1,8,1.0;2.0;5.5;11.0;9.0;18.0;36.0;54.0;6.0;12.0;24.0;48.0,4,11,IN,1,20,2,1,FC:7A:58,Unknown,0,285
242196,SanD-JioFiber_EXT,8C:90:2D:3B:B6:5A,-86,12,2281,100,3234816399,WPA2,1,0,1,8,1.0;2.0;5.5;11.0;9.0;18.0;36.0;54.0;6.0;12.0;24.0;48.0,4,11,,1,20,2,0,8C:90:2D,Unknown,0,223
242248,JVACT1,A4:2B:B0:01:A6:3A,-86,12,742,100,803707187572,WPA2,1,0,1,8,1.0;2.0;5.5;11.0;9.0;18.0;36.0;54.0;6.0;12.0;24.0;48.0,4,11,,1,40,2,0,A4:2B:B0,Unknown,0,260
242300,SanD-JioFiber_EXT,8C:90:2D:3B:B6:5A,-92,12,2282,100,3234918803,WPA2,1,0,1,8,1.0;2.0;5.5;11.0;9.0;18.0;36.0;54.0;6.0;12.0;24.0;48.0,4,11,,1,20,2,0,8C:90:2D,Unknown,0,223
242342,SanD-JioFiber,BA:A9:15:4E:AF:EE,-91,12,3917,100,802802381211,WPA2,1,0,1,8,1.0;2.0;5.5;11.0;18.0;24.0;36.0;54.0;6.0;9.0;12.0;48.0,4,11,IN,1,40,2,1,BA:A9:15,Unknown,0,233
242410,JVACT,F0:A7:31:F8:68:16,-85,1,972,100,923136364,WPA2,1,0,1,8,1.0;2.0;5.5;11.0;9.0;18.0;36.0;54.0;6.0;12.0;24.0;48.0,4,1,,1,40,2,1,F0:A7:31,Unknown,0,235
242453,JVACT5G,F2:A7:31:F9:68:16,-84,1,973,100,923138454,WPA2,1,0,1,8,1.0;2.0;5.5;11.0;9.0;18.0;36.0;54.0;6.0;12.0;24.0;48.0,4,1,,1,40,2,1,F2:A7:31,Unknown,0,237
242505,ABFAMILY,04:AB:08:31:B0:12,-92,1,3355,100,510187215012,WPA2,1,0,1,8,1.0;2.0;5.5;11.0;9.0;18.0;36.0;54.0;6.0;12.0;24.0;48.0,4,1,IN,1,20,2,1,04:AB:08,Unknown,0,281
242566,JioFiber-3TFFK_EXT,8C:90:2D:3C:03:B3,-92,1,291,100,603659163665,WPA2,1,0,1,8,1.0;2.0;5.5;11.0;9.0;18.0;36.0;54.0;6.0;12.0;24.0;48.0,4,1,,1,20,2,0,8C:90:2D,Unknown,0,224
242610,JVACT5G,F2:A7:31:F9:68:16,-85,1,975,100,923240856,WPA2,1,0,1,8,1.0;2.0;5.5;11.0;9.0;18.0;36.0;54.0;6.0;12.0;24.0;48.0,4,1,,1,40,2,1,F2:A7:31,Unknown,0,237
242672,ABFAMILY,04:AB:08:31:B0:12,-84,1,3356,100,510187317415,WPA2,1,0,1,8,1.0;2.0;5.5;11.0;9.0;18.0;36.0;54.0;6.0;12.0;24.0;48.0,4,1,IN,1,20,2,1,04:AB:08,Unknown,0,281
242725,vasudha_4G,FC:7A:58:0E:CD:2A,-85,1,195,100,554343526895,WPA2,1,0,1,8,1.0;2.0;5.5;11.0;9.0;18.0;36.0;54.0;6.0;12.0;24.0;48.0,4,1,IN,1,20,2,1,FC:7A:58,Unknown,0,283
242767,JVACT,F0:A7:31:F8:68:16,-89,2,976,100,923341170,WPA2,1,0,1,8,1.0;2.0;5.5;11.0;9.0;18.0;36.0;54.0;6.0;12.0;24.0;48.0,4,1,,1,40,2,1,F0:A7:31,Unknown,0,235
242844,vasudha_4G,FC:7A:58:0E:CD:2A,-88,2,202,100,554343834009,WPA2,1,0,1,8,1.0;2.0;5.5;11.0;9.0;18.0;36.0;54.0;6.0;12.0;24.0;48.0,4,1,IN,1,20,2,1,FC:7A:58,Unknown,0,283
242897,JioFiber_24GH_KRR,A8:88:1F:20:7B:61,-89,2,3614,100,284363776415,WPA2,1,0,1,8,1.0;2.0;5.5;11.0;9.0;18.0;36.0;54.0;6.0;12.0;24.0;48.0,4,1,IN,1,20,2,1,A8:88:1F,Unknown,0,290
243078,Satz,10:27:F5:5C:C6:A3,-93,3,555,100,803685683605,WPA2,1,0,1,8,1.0;2.0;5.5;11.0;18.0;24.0;36.0;54.0;6.0;9.0;12.0;48.0,4,3,,1,40,2,1,10:27:F5,Unknown,0,254
243412,Charleshome_5g,62:A4:B7:D1:B1:81,-74,5,993,100,18029468073,WPA2,1,0,1,8,1.0;2.0;5.5;11.0;9.0;18.0;36.0;54.0;6.0;12.0;24.0;48.0,4,6,,1,40,2,1,62:A4:B7,Unknown,0,244
243464,Airtel__dontuse,30:BD:13:27:87:96,-87,5,609,100,180587212830,WPA2,1,0,1,8,1.0;2.0;5.5;11.0;6.0;9.0;12.0;18.0;24.0;36.0;48.0;54.0,4,6,IN,1,20,2,1,30:BD:13,Unknown,0,311
243516,Charleshome_4g,60:A4:B7:D0:B1:81,-71,5,994,100,18029568321,WPA2,1,0,1,8,1.0;2.0;5.5;11.0;9.0;18.0;36.0;54.0;6.0;12.0;24.0;48.0,4,6,,1,40,2,1,60:A4:B7,Unknown,0,244
243569,suresh4G,CA:78:C9:FE:B1:3C,-63,5,4095,100,9961884036,WPA2,1,0,1,8,1.0;2.0;5.5;11.0;18.0;24.0;36.0;54.0;6.0;9.0;12.0;48.0,4,6,IN,1,40,2,1,CA:78:C9,Unknown,0,228
243614,Charleshome_4g,60:A4:B7:D0:B1:81,-73,6,996,100,18029670714,WPA2,1,0,1,8,1.0;2.0;5.5;11.0;9.0;18.0;36.0;54.0;6.0;12.0;24.0;48.0,4,6,,1,40,2,1,60:A4:B7,Unknown,0,244
243667,Charleshome_5g,62:A4:B7:D1:B1:81,-80,6,997,100,18029672875,WPA2,1,0,1,8,1.0;2.0;5.5;11.0;9.0;18.0;36.0;54.0;6.0;12.0;24.0;48.0,4,6,,1,40,2,1,62:A4:B7,Unknown,0,244
243709,Airtel__dontuse,30:BD:13:27:87:96,-81,6,611,100,180587417622,WPA2,1,0,1,8,1.0;2.0;5.5;11.0;6.0;9.0;12.0;18.0;24.0;36.0;48.0;54.0,4,6,IN,1,20,2,1,30:BD:13,Unknown,0,311
243770,babu_5G,CA:78:C9:FE:B1:30,-71,6,0,100,9961984392,WPA2,1,0,1,8,1.0;2.0;5.5;11.0;18.0;24.0;36.0;54.0;6.0;9.0;12.0;48.0,4,6,IN,1,40,2,1,CA:78:C9,Unknown,0,227
243823,suresh4G,CA:78:C9:FE:B1:3C,-71,6,1,100,9961986437,WPA2,1,0,1,8,1.0;2.0;5.5;11.0;18.0;24.0;36.0;54.0;6.0;9.0;12.0;48.0,4,6,IN,1,40,2,1,CA:78:C9,Unknown,0,228
243866,JioFiber-satz,C0:68:CC:6E:74:72,-89,6,1267,100,11530752412,WPA2,1,0,1,8,1.0;2.0;5.5;11.0;9.0;18.0;36.0;54.0;6.0;12.0;24.0;48.0,4,6,IN,1,20,2,1,C0:68:CC,Unknown,0,245
243919,Charleshome_4g,60:A4:B7:D0:B1:81,-76,6,998,100,18029773118,WPA2,1,0,1,8,1.0;2.0;5.5;11.0;9.0;18.0;36.0;54.0;6.0;12.0;24.0;48.0,4,6,,1,40,2,1,60:A4:B7,Unknown,0,244
243971,Charleshome_5g,62:A4:B7:D1:B1:81,-74,6,999,100,18029775280,WPA2,1,0,1,8,1.0;2.0;5.5;11.0;9.0;18.0;36.0;54.0;6.0;12.0;24.0;48.0,4,6,,1,40,2,1,62:A4:B7,Unknown,0,244
244023,Airtel__dontuse,30:BD:13:27:87:96,-79,6,612,100,180587520039,WPA2,1,0,1,8,1.0;2.0;5.5;11.0;6.0;9.0;12.0;18.0;24.0;36.0;48.0;54.0,4,6,IN,1,20,2,1,30:BD:13,Unknown,0,311
244076,JioFiber-satz,C0:68:CC:6E:74:72,-91,7,1269,100,11530957241,WPA2,1,0,1,8,1.0;2.0;5.5;11.0;9.0;18.0;36.0;54.0;6.0;12.0;24.0;48.0,4,6,IN,1,20,2,1,C0:68:CC,Unknown,0,245
244128,Charleshome_4g,60:A4:B7:D0:B1:81,-74,7,1002,100,18029977925,WPA2,1,0,1,8,1.0;2.0;5.5;11.0;9.0;18.0;36.0;54.0;6.0;12.0;24.0;48.0,4,6,,1,40,2,1,60:A4:B7,Unknown,0,244
244171,Charleshome_5g,62:A4:B7:D1:B1:81,-73,7,1003,100,18029980086,WPA2,1,0,1,8,1.0;2.0;5.5;11.0;9.0;18.0;36.0;54.0;6.0;12.0;24.0;48.0,4,6,,1,40,2,1,62:A4:B7,Unknown,0,244
244223,babu_5G,CA:78:C9:FE:B1:30,-79,7,6,100,9962291611,WPA2,1,0,1,8,1.0;2.0;5.5;11.0;18.0;24.0;36.0;54.0;6.0;9.0;12.0;48.0,4,6,IN,1,40,2,1,CA:78:C9,Unknown,0,227
244275,babu_5G,CA:78:C9:FE:B1:30,-77,8,10,100,9962496401,WPA2,1,0,1,8,1.0;2.0;5.5;11.0;18.0;24.0;36.0;54.0;6.0;9.0;12.0;48.0,4,6,IN,1,40,2,1,CA:78:C9,Unknown,0,227
244328,suresh4G,CA:78:C9:FE:B1:3C,-77,8,11,100,9962498437,WPA2,1,0,1,8,1.0;2.0;5.5;11.0;18.0;24.0;36.0;54.0;6.0;9.0;12.0;48.0,4,6,IN,1,40,2,1,CA:78:C9,Unknown,0,228
244370,Charleshome_4g,60:A4:B7:D0:B1:81,-75,8,1008,100,18030285128,WPA2,1,0,1,8,1.0;2.0;5.5;11.0;9.0;18.0;36.0;54.0;6.0;12.0;24.0;48.0,4,6,,1,40,2,1,60:A4:B7,Unknown,0,244
244423,Charleshome_5g,62:A4:B7:D1:B1:81,-76,8,1009,100,18030287289,WPA2,1,0,1,8,1.0;2.0;5.5;11.0;9.0;18.0;36.0;54.0;6.0;12.0;24.0;48.0,4,6,,1,40,2,1,62:A4:B7,Unknown,0,244
244476,Vidya,78:20:51:C9:AC:08,-92,8,2493,100,802827161993,WPA2,1,0,1,8,1.0;2.0;5.5;11.0;9.0;18.0;36.0;54.0;6.0;12.0;24.0;48.0,4,8,,1,40,2,1,78:20:51,Unknown,0,380
244684,SanD-JioFiber_EXT,8C:90:2D:3B:B6:5A,-92,10,2307,100,3237478823,WPA2,1,0,1,8,1.0;2.0;5.5;11.0;9.0;18.0;36.0;54.0;6.0;12.0;24.0;48.0,4,11,,1,20,2,0,8C:90:2D,Unknown,0,223
244743,SanD-JioFiber,BA:A9:15:4E:AF:EE,-90,10,3945,100,802804941191,WPA2,1,0,1,8,1.0;2.0;5.5;11.0;18.0;24.0;36.0;54.0;6.0;9.0;12.0;48.0,4,11,IN,1,40,2,1,BA:A9:15,Unknown,0,233
244791,ACTFIBERNET,AC:15:A2:92:C5:D3,-87,10,3306,100,554406094506,WPA2,1,0,1,8,1.0;2.0;5.5;11.0;9.0;18.0;36.0;54.0;6.0;12.0;24.0;48.0,4,11,,1,40,2,1,AC:15:A2,Unknown,0,241
244847,BrownArc-Jio,FC:7A:58:30:93:DA,-80,10,2996,100,803646157232,WPA2,1,0,1,8,1.0;2.0;5.5;11.0;9.0;18.0;36.0;54.0;6.0;12.0;24.0;48.0,4,11,IN,1,20,2,1,FC:7A:58,Unknown,0,285
244892,ACTFIBERNET,AC:15:A2:92:C5:D3,-90,11,3307,100,554406195734,WPA2,1,0,1,8,1.0;2.0;5.5;11.0;9.0;18.0;36.0;54.0;6.0;12.0;24.0;48.0,4,11,,1,40,2,1,AC:15:A2,Unknown,0,241
244944,DIRECT-EX,8E:57:9B:08:7F:06,-89,11,653,100,5859021614,WPA2,1,0,1,8,6.0;9.0;12.0;18.0;24.0;36.0;48.0;54.0,0,11,,1,20,2,0,8E:57:9B,Unknown,0,261
244996,BrownArc-Jio,FC:7A:58:30:93:DA,-77,11,2997,100,803646259623,WPA2,1,0,1,8,1.0;2.0;5.5;11.0;9.0;18.0;36.0;54.0;6.0;12.0;24.0;48.0,4,11,IN,1,20,2,1,FC:7A:58,Unknown,0,285
245049,ACTFIBERNET,AC:15:A2:92:C5:D3,-86,11,3308,100,554406297955,WPA2,1,0,1,8,1.0;2.0;5.5;11.0;9.0;18.0;36.0;54.0;6.0;12.0;24.0;48.0,4,11,,1,40,2,1,AC:15:A2,Unknown,0,241
245102,BrownArc-Jio,FC:7A:58:30:93:DA,-72,11,2998,100,803646362024,WPA2,1,0,1,8,1.0;2.0;5.5;11.0;9.0;18.0;36.0;54.0;6.0;12.0;24.0;48.0,4,11,IN,1,20,2,1,FC:7A:58,Unknown,0,285
245144,SanD-JioFiber,BA:A9:15:4E:AF:EE,-89,11,3948,100,802805248418,WPA2,1,0,1,8,1.0;2.0;5.5;11.0;18.0;24.0;36.0;54.0;6.0;9.0;12.0;48.0,4,11,IN,1,40,2,1,BA:A9:15,Unknown,0,233
245435,JVACT1,A4:2B:B0:01:A6:3A,-88,11,772,100,803710259542,WPA2,1,0,1,8,1.0;2.0;5.5;11.0;9.0;18.0;36.0;54.0;6.0;12.0;24.0;48.0,4,11,,1,40,2,0,A4:2B:B0,Unknown,0,260
245488,BrownArc-Jio,FC:7A:58:30:93:DA,-71,11,2999,100,803646464398,WPA2,1,0,1,8,1.0;2.0;5.5;11.0;9.0;18.0;36.0;54.0;6.0;12.0;24.0;48.0,4,11,IN,1,20,2,1,FC:7A:58,Unknown,0,285
245541,JVACT1,A4:2B:B0:01:A6:3A,-88,13,776,100,803710669146,WPA2,1,0,1,8,1.0;2.0;5.5;11.0;9.0;18.0;36.0;54.0;6.0;12.0;24.0;48.0,4,11,,1,40,2,0,A4:2B:B0,Unknown,0,260
245689,JVACT5G,F2:A7:31:F9:68:16,-91,1,1037,100,926415219,WPA2,1,0,1,8,1.0;2.0;5.5;11.0;9.0;18.0;36.0;54.0;6.0;12.0;24.0;48.0,4,1,,1,40,2,1,F2:A7:31,Unknown,0,237
245742,ABFAMILY,04:AB:08:31:B0:12,-90,1,3387,100,510190491795,WPA2,1,0,1,8,1.0;2.0;5.5;11.0;9.0;18.0;36.0;54.0;6.0;12.0;24.0;48.0,4,1,IN,1,20,2,1,04:AB:08,Unknown,0,281
246050,vasudha_4G,FC:7A:58:0E:CD:2A,-83,1,236,100,554346803628,WPA2,1,0,1,8,1.0;2.0;5.5;11.0;9.0;18.0;36.0;54.0;6.0;12.0;24.0;48.0,4,1,IN,1,20,2,1,FC:7A:58,Unknown,0,283
246103,JVACT,F0:A7:31:F8:68:16,-84,1,1040,100,926617933,WPA2,1,0,1,8,1.0;2.0;5.5;11.0;9.0;18.0;36.0;54.0;6.0;12.0;24.0;48.0,4,1,,1,40,2,1,F0:A7:31,Unknown,0,235
246145,JVACT5G,F2:A7:31:F9:68:16,-86,1,1041,100,926620023,WPA2,1,0,1,8,1.0;2.0;5.5;11.0;9.0;18.0;36.0;54.0;6.0;12.0;24.0;48.0,4,1,,1,40,2,1,F2:A7:31,Unknown,0,237
246500,suresh4G,CA:78:C9:FE:B1:3C,-84,4,69,100,9964853643,WPA2,1,0,1,8,1.0;2.0;5.5;11.0;18.0;24.0;36.0;54.0;6.0;9.0;12.0;48.0,4,6,IN,1,40,2,1,CA:78:C9,Unknown,0,228
246688,Isha99_FF,9C:A2:F4:FA:D3:9C,-92,4,1062,100,30691919667622,WPA2,1,0,1,8,1.0;2.0;5.5;11.0;9.0;18.0;36.0;54.0;6.0;12.0;24.0;48.0,4,5,,1,40,2,1,9C:A2:F4,Unknown,0,384
246790,Isha99_FF,9C:A2:F4:FA:D3:9C,-91,5,1066,100,30691919770024,WPA2,1,0,1,8,1.0;2.0;5.5;11.0;9.0;18.0;36.0;54.0;6.0;12.0;24.0;48.0,4,5,,1,40,2,1,9C:A2:F4,Unknown,0,384
246833,Charleshome_5g,62:A4:B7:D1:B1:81,-84,5,1059,100,18032847315,WPA2,1,0,1,8,1.0;2.0;5.5;11.0;9.0;18.0;36.0;54.0;6.0;12.0;24.0;48.0,4,6,,1,40,2,1,62:A4:B7,Unknown,0,244
246885,babu_5G,CA:78:C9:FE:B1:30,-86,5,74,100,9965158790,WPA2,1,0,1,8,1.0;2.0;5.5;11.0;18.0;24.0;36.0;54.0;6.0;9.0;12.0;48.0,4,6,IN,1,40,2,1,CA:78:C9,Unknown,0,227
246938,Isha99_FF,9C:A2:F4:FA:D3:9C,-90,5,1070,100,30691919872401,WPA2,1,0,1,8,1.0;2.0;5.5;11.0;9.0;18.0;36.0;54.0;6.0;12.0;24.0;48.0,4,5,,1,40,2,1,9C:A2:F4,Unknown,0,384
246991,Charleshome_5g,62:A4:B7:D1:B1:81,-80,5,1061,100,18032949714,WPA2,1,0,1,8,1.0;2.0;5.5;11.0;9.0;18.0;36.0;54.0;6.0;12.0;24.0;48.0,4,6,,1,40,2,1,62:A4:B7,Unknown,0,244
247061,Isha99_FF,9C:A2:F4:FA:D3:9C,-88,6,1074,100,30691919974816,WPA2,1,0,1,8,1.0;2.0;5.5;11.0;9.0;18.0;36.0;54.0;6.0;12.0;24.0;48.0,4,5,,1,40,2,1,9C:A2:F4,Unknown,0,384
247082,,9E:A2:F4:AA:D3:9C,-87,6,1075,100,30691919974809,WEP,1,0,1,0,,0,0,,0,0,0,0,9E:A2:F4,Unknown,0,334
247135,Airtel__dontuse,30:BD:13:27:87:96,-89,6,644,100,180590796830,WPA2,1,0,1,8,1.0;2.0;5.5;11.0;6.0;9.0;12.0;18.0;24.0;36.0;48.0;54.0,4,6,IN,1,20,2,1,30:BD:13,Unknown,0,311
247188,JioFiber-satz,C0:68:CC:6E:74:72,-91,6,1300,100,11534131626,WPA2,1,0,1,8,1.0;2.0;5.5;11.0;9.0;18.0;36.0;54.0;6.0;12.0;24.0;48.0,4,6,IN,1,20,2,1,C0:68:CC,Unknown,0,245
247241,Isha99_FF,9C:A2:F4:FA:D3:9C,-87,6,1078,100,30691920077220,WPA2,1,0,1,8,1.0;2.0;5.5;11.0;9.0;18.0;36.0;54.0;6.0;12.0;24.0;48.0,4,5,,1,40,2,1,9C:A2:F4,Unknown,0,384
247298,Charleshome_4g,60:A4:B7:D0:B1:81,-76,6,1064,100,18033152353,WPA2,1,0,1,8,1.0;2.0;5.5;11.0;9.0;18.0;36.0;54.0;6.0;12.0;24.0;48.0,4,6,,1,40,2,1,60:A4:B7,Unknown,0,244
247341,Charleshome_5g,62:A4:B7:D1:B1:81,-77,6,1065,100,18033154514,WPA2,1,0,1,8,1.0;2.0;5.5;11.0;9.0;18.0;36.0;54.0;6.0;12.0;24.0;48.0,4,6,,1,40,2,1,62:A4:B7,Unknown,0,244
247394,Charleshome_4g,60:A4:B7:D0:B1:81,-76,7,1066,100,18033254757,WPA2,1,0,1,8,1.0;2.0;5.5;11.0;9.0;18.0;36.0;54.0;6.0;12.0;24.0;48.0,4,6,,1,40,2,1,60:A4:B7,Unknown,0,244
247436,Charleshome_5g,62:A4:B7:D1:B1:81,-74,7,1067,100,18033256919,WPA2,1,0,1,8,1.0;2.0;5.5;11.0;9.0;18.0;36.0;54.0;6.0;12.0;24.0;48.0,4,6,,1,40,2,1,62:A4:B7,Unknown,0,244
247489,babu_5G,CA:78:C9:FE:B1:30,-81,7,82,100,9965568407,WPA2,1,0,1,8,1.0;2.0;5.5;11.0;18.0;24.0;36.0;54.0;6.0;9.0;12.0;48.0,4,6,IN,1,40,2,1,CA:78:C9,Unknown,0,227
247538,suresh4G,CA:78:C9:FE:B1:3C,-81,7,83,100,9965570452,WPA2,1,0,1,8,1.0;2.0;5.5;11.0;18.0;24.0;36.0;54.0;6.0;9.0;12.0;48.0,4,6,IN,1,40,2,1,CA:78:C9,Unknown,0,228
247591,Charleshome_4g,60:A4:B7:D0:B1:81,-85,7,1070,100,18033459556,WPA2,1,0,1,8,1.0;2.0;5.5;11.0;9.0;18.0;36.0;54.0;6.0;12.0;24.0;48.0,4,6,,1,40,2,1,60:A4:B7,Unknown,0,244
247634,Charleshome_5g,62:A4:B7:D1:B1:81,-84,7,1071,100,18033461718,WPA2,1,0,1,8,1.0;2.0;5.5;11.0;9.0;18.0;36.0;54.0;6.0;12.0;24.0;48.0,4,6,,1,40,2,1,62:A4:B7,Unknown,0,244
247686,Airtel__dontuse,30:BD:13:27:87:96,-84,7,648,100,180591206430,WPA2,1,0,1,8,1.0;2.0;5.5;11.0;6.0;9.0;12.0;18.0;24.0;36.0;48.0;54.0,4,6,IN,1,20,2,1,30:BD:13,Unknown,0,311
247729,suresh4G,CA:78:C9:FE:B1:3C,-80,7,87,100,9965775259,WPA2,1,0,1,8,1.0;2.0;5.5;11.0;18.0;24.0;36.0;54.0;6.0;9.0;12.0;48.0,4,6,IN,1,40,2,1,CA:78:C9,Unknown,0,228
247768,,7A:20:51:29:AC:08,-95,8,2622,100,802830438814,WEP,1,0,1,0,,0,0,,0,0,0,0,7A:20:51,Unknown,0,310
247789,,7A:20:51:29:AC:08,-91,8,2626,100,802830541219,WEP,1,0,1,0,,0,0,,0,0,0,0,7A:20:51,Unknown,0,310
247852,Vidya,78:20:51:C9:AC:08,-88,8,2629,100,802830643595,WPA2,1,0,1,8,1.0;2.0;5.5;11.0;9.0;18.0;36.0;54.0;6.0;12.0;24.0;48.0,4,8,,1,40,2,1,78:20:51,Unknown,0,380
247874,,52:91:E3:A7:90:7E,-91,9,3339,100,802831974814,WEP,1,0,1,0,,0,0,,0,0,0,0,52:91:E3,Unknown,0,310
247926,palani-1st floor ,50:91:E3:F7:90:7E,-93,9,3342,100,802832077251,WPA2,1,0,1,8,1.0;2.0;5.5;11.0;9.0;18.0;36.0;54.0;6.0;12.0;24.0;48.0,4,9,,1,40,2,1,50:91:E3,Unknown,0,341
248022,BrownArc-Jio,FC:7A:58:30:93:DA,-80,10,3029,100,803649331609,WPA2,1,0,1,8,1.0;2.0;5.5;11.0;9.0;18.0;36.0;54.0;6.0;12.0;24.0;48.0,4,11,IN,1,20,2,1,FC:7A:58,Unknown,0,285
248066,ACTFIBERNET,AC:15:A2:92:C5:D3,-88,10,3338,100,554409369920,WPA2,1,0,1,8,1.0;2.0;5.5;11.0;9.0;18.0;36.0;54.0;6.0;12.0;24.0;48.0,4,11,,1,40,2,1,AC:15:A2,Unknown,0,241
248124,BrownArc-Jio,FC:7A:58:30:93:DA,-82,10,3030,100,803649434007,WPA2,1,0,1,8,1.0;2.0;5.5;11.0;9.0;18.0;36.0;54.0;6.0;12.0;24.0;48.0,4,11,IN,1,20,2,1,FC:7A:58,Unknown,0,285
248191,DIRECT-EX,8E:57:9B:08:7F:06,-86,11,685,100,5862297670,WPA2,1,0,1,8,6.0;9.0;12.0;18.0;24.0;36.0;48.0;54.0,0,11,,1,20,2,0,8E:57:9B,Unknown,0,261
248294,DIRECT-EX,8E:57:9B:08:7F:06,-91,11,688,100,5862400092,WPA2,1,0,1,8,6.0;9.0;12.0;18.0;24.0;36.0;48.0;54.0,0,11,,1,20,2,0,8E:57:9B,Unknown,0,261
248352,BrownArc-Jio,FC:7A:58:30:93:DA,-82,11,3032,100,803649638825,WPA2,1,0,1,8,1.0;2.0;5.5;11.0;9.0;18.0;36.0;54.0;6.0;12.0;24.0;48.0,4,11,IN,1,20,2,1,FC:7A:58,Unknown,0,285
248394,SAMIKSHA,54:AF:97:24:0F:A3,-86,11,799,100,803709030727,WPA2,1,0,1,8,1.0;2.0;5.5;11.0;9.0;18.0;36.0;54.0;6.0;12.0;24.0;48.0,4,11,,1,40,2,1,54:AF:97,Unknown,0,238
248447,SanD-JioFiber_EXT,8C:90:2D:3B:B6:5A,-91,11,2352,100,3241165224,WPA2,1,0,1,8,1.0;2.0;5.5;11.0;9.0;18.0;36.0;54.0;6.0;12.0;24.0;48.0,4,11,,1,20,2,0,8C:90:2D,Unknown,0,223
248500,BrownArc-Jio,FC:7A:58:30:93:DA,-87,11,3033,100,803649741199,WPA2,1,0,1,8,1.0;2.0;5.5;11.0;9.0;18.0;36.0;54.0;6.0;12.0;24.0;48.0,4,11,IN,1,20,2,1,FC:7A:58,Unknown,0,285
248553,SAMIKSHA,54:AF:97:24:0F:A3,-91,11,800,100,803709133133,WPA2,1,0,1,8,1.0;2.0;5.5;11.0;9.0;18.0;36.0;54.0;6.0;12.0;24.0;48.0,4,11,,1,40,2,1,54:AF:97,Unknown,0,238
248612,BrownArc-Jio,FC:7A:58:30:93:DA,-88,12,3034,100,803649843617,WPA2,1,0,1,8,1.0;2.0;5.5;11.0;9.0;18.0;36.0;54.0;6.0;12.0;24.0;48.0,4,11,IN,1,20,2,1,FC:7A:58,Unknown,0,285
248654,ACTFIBERNET,AC:15:A2:92:C5:D3,-85,12,3343,100,554409881928,WPA2,1,0,1,8,1.0;2.0;5.5;11.0;9.0;18.0;36.0;54.0;6.0;12.0;24.0;48.0,4,11,,1,40,2,1,AC:15:A2,Unknown,0,241
248989,vasudha_4G,FC:7A:58:0E:CD:2A,-79,1,269,100,554349978191,WPA2,1,0,1,8,1.0;2.0;5.5;11.0;9.0;18.0;36.0;54.0;6.0;12.0;24.0;48.0,4,1,IN,1,20,2,1,FC:7A:58,Unknown,0,283
249091,vasudha_4G,FC:7A:58:0E:CD:2A,-77,1,270,100,554350080660,WPA2,1,0,1,8,1.0;2.0;5.5;11.0;9.0;18.0;36.0;54.0;6.0;12.0;24.0;48.0,4,1,IN,1,20,2,1,FC:7A:58,Unknown,0,283
249193,vasudha_4G,FC:7A:58:0E:CD:2A,-78,1,271,100,554350182796,WPA2,1,0,1,8,1.0;2.0;5.5;11.0;9.0;18.0;36.0;54.0;6.0;12.0;24.0;48.0,4,1,IN,1,20,2,1,FC:7A:58,Unknown,0,283
249296,vasudha_4G,FC:7A:58:0E:CD:2A,-80,2,272,100,554350285427,WPA2,1,0,1,8,1.0;2.0;5.5;11.0;9.0;18.0;36.0;54.0;6.0;12.0;24.0;48.0,4,1,IN,1,20,2,1,FC:7A:58,Unknown,0,283
249963,Charleshome_4g,60:A4:B7:D0:B1:81,-83,5,1120,100,18036019512,WPA2,1,0,1,8,1.0;2.0;5.5;11.0;9.0;18.0;36.0;54.0;6.0;12.0;24.0;48.0,4,6,,1,40,2,1,60:A4:B7,Unknown,0,244
250066,Charleshome_4g,60:A4:B7:D0:B1:81,-81,5,1122,100,18036121917,WPA2,1,0,1,8,1.0;2.0;5.5;11.0;9.0;18.0;36.0;54.0;6.0;12.0;24.0;48.0,4,6,,1,40,2,1,60:A4:B7,Unknown,0,244
250108,Charleshome_5g,62:A4:B7:D1:B1:81,-85,5,1123,100,18036124079,WPA2,1,0,1,8,1.0;2.0;5.5;11.0;9.0;18.0;36.0;54.0;6.0;12.0;24.0;48.0,4,6,,1,40,2,1,62:A4:B7,Unknown,0,244
250168,Charleshome_4g,60:A4:B7:D0:B1:81,-84,5,1124,100,18036224321,WPA2,1,0,1,8,1.0;2.0;5.5;11.0;9.0;18.0;36.0;54.0;6.0;12.0;24.0;48.0,4,6,,1,40,2,1,60:A4:B7,Unknown,0,244
250217,Charleshome_5g,62:A4:B7:D1:B1:81,-85,5,1125,100,18036226483,WPA2,1,0,1,8,1.0;2.0;5.5;11.0;9.0;18.0;36.0;54.0;6.0;12.0;24.0;48.0,4,6,,1,40,2,1,62:A4:B7,Unknown,0,244
250270,Charleshome_4g,60:A4:B7:D0:B1:81,-85,6,1126,100,18036326717,WPA2,1,0,1,8,1.0;2.0;5.5;11.0;9.0;18.0;36.0;54.0;6.0;12.0;24.0;48.0,4,6,,1,40,2,1,60:A4:B7,Unknown,0,244
250313,Charleshome_5g,62:A4:B7:D1:B1:81,-84,6,1127,100,18036328878,WPA2,1,0,1,8,1.0;2.0;5.5;11.0;9.0;18.0;36.0;54.0;6.0;12.0;24.0;48.0,4,6,,1,40,2,1,62:A4:B7,Unknown,0,244
250366,Airtel__dontuse,30:BD:13:27:87:96,-86,6,676,100,180594073639,WPA2,1,0,1,8,1.0;2.0;5.5;11.0;6.0;9.0;12.0;18.0;24.0;36.0;48.0;54.0,4,6,IN,1,20,2,1,30:BD:13,Unknown,0,311
250418,babu_5G,CA:78:C9:FE:B1:30,-82,6,166,100,9968640394,WPA2,1,0,1,8,1.0;2.0;5.5;11.0;18.0;24.0;36.0;54.0;6.0;9.0;12.0;48.0,4,6,IN,1,40,2,1,CA:78:C9,Unknown,0,227
250469,suresh4G,CA:78:C9:FE:B1:3C,-82,6,167,100,9968642430,WPA2,1,0,1,8,1.0;2.0;5.5;11.0;18.0;24.0;36.0;54.0;6.0;9.0;12.0;48.0,4,6,IN,1,40,2,1,CA:78:C9,Unknown,0,228
250594,babu_5G,CA:78:C9:FE:B1:30,-86,7,178,100,9968947616,WPA2,1,0,1,8,1.0;2.0;5.5;11.0;18.0;24.0;36.0;54.0;6.0;9.0;12.0;48.0,4,6,IN,1,40,2,1,CA:78:C9,Unknown,0,227
250646,suresh4G,CA:78:C9:FE:B1:3C,-86,7,179,100,9968949644,WPA2,1,0,1,8,1.0;2.0;5.5;11.0;18.0;24.0;36.0;54.0;6.0;9.0;12.0;48.0,4,6,IN,1,40,2,1,CA:78:C9,Unknown,0,228
250690,ACTFIBERNET,B0:A7:B9:AF:A6:1B,-94,7,1180,100,803692954000,WPA2,1,0,1,8,1.0;2.0;5.5;11.0;18.0;24.0;36.0;54.0;6.0;9.0;12.0;48.0,4,7,,1,40,2,1,B0:A7:B9,Unknown,0,261
250766,Vidya,78:20:51:C9:AC:08,-89,8,2745,100,802833613213,WPA2,1,0,1,8,1.0;2.0;5.5;11.0;9.0;18.0;36.0;54.0;6.0;12.0;24.0;48.0,4,8,,1,40,2,1,78:20:51,Unknown,0,380
250796,,7A:20:51:29:AC:08,-89,8,2746,100,802833613213,WEP,1,0,1,0,,0,0,,0,0,0,0,7A:20:51,Unknown,0,310
250849,stupidshanG_EXT,9C:53:22:40:D3:D5,-93,8,3607,100,802834331839,WPA2,1,0,1,8,1.0;2.0;5.5;11.0;9.0;18.0;36.0;54.0;6.0;12.0;24.0;48.0,4,8,,1,20,2,0,9C:53:22,Unknown,0,305
250901,Vidya,78:20:51:C9:AC:08,-89,8,2749,100,802833715627,WPA2,1,0,1,8,1.0;2.0;5.5;11.0;9.0;18.0;36.0;54.0;6.0;12.0;24.0;48.0,4,8,,1,40,2,1,78:20:51,Unknown,0,380
250933,,7A:20:51:29:AC:08,-88,8,2750,100,802833715627,WEP,1,0,1,0,,0,0,,0,0,0,0,7A:20:51,Unknown,0,310
250987,Vidya,78:20:51:C9:AC:08,-92,9,2753,100,802833818004,WPA2,1,0,1,8,1.0;2.0;5.5;11.0;9.0;18.0;36.0;54.0;6.0;12.0;24.0;48.0,4,8,,1,40,2,1,78:20:51,Unknown,0,380
251074,Vidya,78:20:51:C9:AC:08,-93,9,2757,100,802833920407,WPA2,1,0,1,8,1.0;2.0;5.5;11.0;9.0;18.0;36.0;54.0;6.0;12.0;24.0;48.0,4,8,,1,40,2,1,78:20:51,Unknown,0,380
251126,palani-1st floor ,50:91:E3:F7:90:7E,-95,9,3466,100,802835251681,WPA2,1,0,1,8,1.0;2.0;5.5;11.0;9.0;18.0;36.0;54.0;6.0;12.0;24.0;48.0,4,9,,1,40,2,1,50:91:E3,Unknown,0,341
251148,,52:91:E3:A7:90:7E,-92,9,3467,100,802835251600,WEP,1,0,1,0,,0,0,,0,0,0,0,52:91:E3,Unknown,0,310
251201,palani-1st floor ,50:91:E3:F7:90:7E,-94,9,3470,100,802835354077,WPA2,1,0,1,8,1.0;2.0;5.5;11.0;9.0;18.0;36.0;54.0;6.0;12.0;24.0;48.0,4,9,,1,40,2,1,50:91:E3,Unknown,0,341
251233,,52:91:E3:A7:90:7E,-91,9,3471,100,802835354005,WEP,1,0,1,0,,0,0,,0,0,0,0,52:91:E3,Unknown,0,310
251298,BrownArc-Jio,FC:7A:58:30:93:DA,-89,10,3062,100,803652608403,WPA2,1,0,1,8,1.0;2.0;5.5;11.0;9.0;18.0;36.0;54.0;6.0;12.0;24.0;48.0,4,11,IN,1,20,2,1,FC:7A:58,Unknown,0,285
251341,TP-Link_26A2_2GEXT,94:A6:7E:49:80:14,-99,10,447,100,85968591186,WPA2,1,0,1,8,1.0;2.0;5.5;11.0;9.0;18.0;36.0;54.0;6.0;12.0;24.0;48.0,4,10,IN,1,40,2,0,94:A6:7E,Unknown,0,299
251401,BrownArc-Jio,FC:7A:58:30:93:DA,-87,10,3063,100,803652710825,WPA2,1,0,1,8,1.0;2.0;5.5;11.0;9.0;18.0;36.0;54.0;6.0;12.0;24.0;48.0,4,11,IN,1,20,2,1,FC:7A:58,Unknown,0,285
251470,Isha99_GF,10:27:F5:B7:CB:ED,-91,11,3035,100,23050957203,WPA2,1,0,1,8,1.0;2.0;5.5;11.0;18.0;24.0;36.0;54.0;6.0;9.0;12.0;48.0,4,11,,1,40,2,1,10:27:F5,Unknown,0,259
251523,BrownArc-Jio,FC:7A:58:30:93:DA,-88,11,3064,100,803652813220,WPA2,1,0,1,8,1.0;2.0;5.5;11.0;9.0;18.0;36.0;54.0;6.0;12.0;24.0;48.0,4,11,IN,1,20,2,1,FC:7A:58,Unknown,0,285
251592,Isha99_GF,10:27:F5:B7:CB:ED,-87,11,3036,100,23051059618,WPA2,1,0,1,8,1.0;2.0;5.5;11.0;18.0;24.0;36.0;54.0;6.0;9.0;12.0;48.0,4,11,,1,40,2,1,10:27:F5,Unknown,0,259
251645,BrownArc-Jio,FC:7A:58:30:93:DA,-89,11,3065,100,803652915609,WPA2,1,0,1,8,1.0;2.0;5.5;11.0;9.0;18.0;36.0;54.0;6.0;12.0;24.0;48.0,4,11,IN,1,20,2,1,FC:7A:58,Unknown,0,285
251688,ACTFIBERNET,AC:15:A2:92:C5:D3,-89,11,3373,100,554412953958,WPA2,1,0,1,8,1.0;2.0;5.5;11.0;9.0;18.0;36.0;54.0;6.0;12.0;24.0;48.0,4,11,,1,40,2,1,AC:15:A2,Unknown,0,241
251741,Isha99_GF,10:27:F5:B7:CB:ED,-87,11,3037,100,23051161993,WPA2,1,0,1,8,1.0;2.0;5.5;11.0;18.0;24.0;36.0;54.0;6.0;9.0;12.0;48.0,4,11,,1,40,2,1,10:27:F5,Unknown,0,259
251793,Isha99_GF,10:27:F5:B7:CB:ED,-86,12,3038,100,23051264398,WPA2,1,0,1,8,1.0;2.0;5.5;11.0;18.0;24.0;36.0;54.0;6.0;9.0;12.0;48.0,4,11,,1,40,2,1,10:27:F5,Unknown,0,259
251879,Isha99_GF,10:27:F5:B7:CB:ED,-92,12,3039,100,23051366818,WPA2,1,0,1,8,1.0;2.0;5.5;11.0;18.0;24.0;36.0;54.0;6.0;9.0;12.0;48.0,4,11,,1,40,2,1,10:27:F5,Unknown,0,259
252265,vasudha_4G,FC:7A:58:0E:CD:2A,-79,1,303,100,554353254799,WPA2,1,0,1,8,1.0;2.0;5.5;11.0;9.0;18.0;36.0;54.0;6.0;12.0;24.0;48.0,4,1,IN,1,20,2,1,FC:7A:58,Unknown,0,283
252368,vasudha_4G,FC:7A:58:0E:CD:2A,-75,1,305,100,554353357216,WPA2,1,0,1,8,1.0;2.0;5.5;11.0;9.0;18.0;36.0;54.0;6.0;12.0;24.0;48.0,4,1,IN,1,20,2,1,FC:7A:58,Unknown,0,283
252470,vasudha_4G,FC:7A:58:0E:CD:2A,-76,2,308,100,554353459599,WPA2,1,0,1,8,1.0;2.0;5.5;11.0;9.0;18.0;36.0;54.0;6.0;12.0;24.0;48.0,4,1,IN,1,20,2,1,FC:7A:58,Unknown,0,283
252572,vasudha_4G,FC:7A:58:0E:CD:2A,-75,2,309,100,554353562012,WPA2,1,0,1,8,1.0;2.0;5.5;11.0;9.0;18.0;36.0;54.0;6.0;12.0;24.0;48.0,4,1,IN,1,20,2,1,FC:7A:58,Unknown,0,283
252675,vasudha_4G,FC:7A:58:0E:CD:2A,-77,2,312,100,554353664645,WPA2,1,0,1,8,1.0;2.0;5.5;11.0;9.0;18.0;36.0;54.0;6.0;12.0;24.0;48.0,4,1,IN,1,20,2,1,FC:7A:58,Unknown,0,283
253445,Charleshome_4g,60:A4:B7:D0:B1:81,-85,6,1188,100,18039501153,WPA2,1,0,1,8,1.0;2.0;5.5;11.0;9.0;18.0;36.0;54.0;6.0;12.0;24.0;48.0,4,6,,1,40,2,1,60:A4:B7,Unknown,0,244
253488,Charleshome_5g,62:A4:B7:D1:B1:81,-82,6,1189,100,18039503315,WPA2,1,0,1,8,1.0;2.0;5.5;11.0;9.0;18.0;36.0;54.0;6.0;12.0;24.0;48.0,4,6,,1,40,2,1,62:A4:B7,Unknown,0,244
253540,babu_5G,CA:78:C9:FE:B1:30,-83,6,240,100,9971814803,WPA2,1,0,1,8,1.0;2.0;5.5;11.0;18.0;24.0;36.0;54.0;6.0;9.0;12.0;48.0,4,6,IN,1,40,2,1,CA:78:C9,Unknown,0,227
253593,suresh4G,CA:78:C9:FE:B1:3C,-83,6,241,100,9971816849,WPA2,1,0,1,8,1.0;2.0;5.5;11.0;18.0;24.0;36.0;54.0;6.0;9.0;12.0;48.0,4,6,IN,1,40,2,1,CA:78:C9,Unknown,0,228
253642,Charleshome_4g,60:A4:B7:D0:B1:81,-89,6,1190,100,18039603550,WPA2,1,0,1,8,1.0;2.0;5.5;11.0;9.0;18.0;36.0;54.0;6.0;12.0;24.0;48.0,4,6,,1,40,2,1,60:A4:B7,Unknown,0,244
253684,Charleshome_5g,62:A4:B7:D1:B1:81,-90,6,1191,100,18039605712,WPA2,1,0,1,8,1.0;2.0;5.5;11.0;9.0;18.0;36.0;54.0;6.0;12.0;24.0;48.0,4,6,,1,40,2,1,62:A4:B7,Unknown,0,244
253737,Airtel__dontuse,30:BD:13:27:87:96,-91,6,708,100,180597350422,WPA2,1,0,1,8,1.0;2.0;5.5;11.0;6.0;9.0;12.0;18.0;24.0;36.0;48.0;54.0,4,6,IN,1,20,2,1,30:BD:13,Unknown,0,311
253790,Charleshome_4g,60:A4:B7:D0:B1:81,-88,6,1192,100,18039705952,WPA2,1,0,1,8,1.0;2.0;5.5;11.0;9.0;18.0;36.0;54.0;6.0;12.0;24.0;48.0,4,6,,1,40,2,1,60:A4:B7,Unknown,0,244
253833,Charleshome_5g,62:A4:B7:D1:B1:81,-86,6,1193,100,18039708114,WPA2,1,0,1,8,1.0;2.0;5.5;11.0;9.0;18.0;36.0;54.0;6.0;12.0;24.0;48.0,4,6,,1,40,2,1,62:A4:B7,Unknown,0,244
253892,Airtel__dontuse,30:BD:13:27:87:96,-89,6,709,100,180597452848,WPA2,1,0,1,8,1.0;2.0;5.5;11.0;6.0;9.0;12.0;18.0;24.0;36.0;48.0;54.0,4,6,IN,1,20,2,1,30:BD:13,Unknown,0,311
253934,babu_5G,CA:78:C9:FE:B1:30,-87,6,244,100,9972019611,WPA2,1,0,1,8,1.0;2.0;5.5;11.0;18.0;24.0;36.0;54.0;6.0;9.0;12.0;48.0,4,6,IN,1,40,2,1,CA:78:C9,Unknown,0,227
253988,ACTFIBERNET,B0:A7:B9:AF:A6:1B,-91,7,1218,100,803696128399,WPA2,1,0,1,8,1.0;2.0;5.5;11.0;18.0;24.0;36.0;54.0;6.0;9.0;12.0;48.0,4,7,,1,40,2,1,B0:A7:B9,Unknown,0,261
254040,ACTFIBERNET,B0:A7:B9:AF:A6:1B,-93,7,1219,100,803696230805,WPA2,1,0,1,8,1.0;2.0;5.5;11.0;18.0;24.0;36.0;54.0;6.0;9.0;12.0;48.0,4,7,,1,40,2,1,B0:A7:B9,Unknown,0,261
254093,Charleshome_4g,60:A4:B7:D0:B1:81,-89,7,1198,100,18040013159,WPA2,1,0,1,8,1.0;2.0;5.5;11.0;9.0;18.0;36.0;54.0;6.0;12.0;24.0;48.0,4,6,,1,40,2,1,60:A4:B7,Unknown,0,244
254152,stupidshanG_EXT,9C:53:22:40:D3:D5,-87,8,3638,100,802837506271,WPA2,1,0,1,8,1.0;2.0;5.5;11.0;9.0;18.0;36.0;54.0;6.0;12.0;24.0;48.0,4,8,,1,20,2,0,9C:53:22,Unknown,0,305
254205,Vidya,78:20:51:C9:AC:08,-92,8,2877,100,802836890008,WPA2,1,0,1,8,1.0;2.0;5.5;11.0;9.0;18.0;36.0;54.0;6.0;12.0;24.0;48.0,4,8,,1,40,2,1,78:20:51,Unknown,0,380
254226,,7A:20:51:29:AC:08,-90,8,2878,100,802836890026,WEP,1,0,1,0,,0,0,,0,0,0,0,7A:20:51,Unknown,0,310
254289,stupidshanG_EXT,9C:53:22:40:D3:D5,-87,8,3639,100,802837608681,WPA2,1,0,1,8,1.0;2.0;5.5;11.0;9.0;18.0;36.0;54.0;6.0;12.0;24.0;48.0,4,8,,1,20,2,0,9C:53:22,Unknown,0,305
254311,,7A:20:51:29:AC:08,-95,8,2882,100,802836992407,WEP,1,0,1,0,,0,0,,0,0,0,0,7A:20:51,Unknown,0,310
254380,stupidshanG_EXT,9C:53:22:40:D3:D5,-89,8,3640,100,802837711043,WPA2,1,0,1,8,1.0;2.0;5.5;11.0;9.0;18.0;36.0;54.0;6.0;12.0;24.0;48.0,4,8,,1,20,2,0,9C:53:22,Unknown,0,305
254433,Vidya,78:20:51:C9:AC:08,-88,8,2885,100,802837094821,WPA2,1,0,1,8,1.0;2.0;5.5;11.0;9.0;18.0;36.0;54.0;6.0;12.0;24.0;48.0,4,8,,1,40,2,1,78:20:51,Unknown,0,380
254464,,7A:20:51:29:AC:08,-89,8,2886,100,802837094919,WEP,1,0,1,0,,0,0,,0,0,0,0,7A:20:51,Unknown,0,310
254518,Vidya,78:20:51:C9:AC:08,-89,10,2893,100,802837299601,WPA2,1,0,1,8,1.0;2.0;5.5;11.0;9.0;18.0;36.0;54.0;6.0;12.0;24.0;48.0,4,8,,1,40,2,1,78:20:51,Unknown,0,380
254570,palani-1st floor ,50:91:E3:F7:90:7E,-92,10,3598,100,802838630862,WPA2,1,0,1,8,1.0;2.0;5.5;11.0;9.0;18.0;36.0;54.0;6.0;12.0;24.0;48.0,4,9,,1,40,2,1,50:91:E3,Unknown,0,341
254598,,52:91:E3:A7:90:7E,-91,10,3599,100,802838630800,WEP,1,0,1,0,,0,0,,0,0,0,0,52:91:E3,Unknown,0,310
254651,ACTFIBERNET,AC:15:A2:92:C5:D3,-85,10,3401,100,554415821118,WPA2,1,0,1,8,1.0;2.0;5.5;11.0;9.0;18.0;36.0;54.0;6.0;12.0;24.0;48.0,4,11,,1,40,2,1,AC:15:A2,Unknown,0,241
254703,palani-1st floor ,50:91:E3:F7:90:7E,-91,10,3602,100,802838733256,WPA2,1,0,1,8,1.0;2.0;5.5;11.0;9.0;18.0;36.0;54.0;6.0;12.0;24.0;48.0,4,9,,1,40,2,1,50:91:E3,Unknown,0,341
254725,,52:91:E3:A7:90:7E,-90,10,3603,100,802838733203,WEP,1,0,1,0,,0,0,,0,0,0,0,52:91:E3,Unknown,0,310
254778,ACTFIBERNET,AC:15:A2:92:C5:D3,-84,11,3403,100,554416026846,WPA2,1,0,1,8,1.0;2.0;5.5;11.0;9.0;18.0;36.0;54.0;6.0;12.0;24.0;48.0,4,11,,1,40,2,1,AC:15:A2,Unknown,0,241
254838,BrownArc-Jio,FC:7A:58:30:93:DA,-91,11,3098,100,803656090119,WPA2,1,0,1,8,1.0;2.0;5.5;11.0;9.0;18.0;36.0;54.0;6.0;12.0;24.0;48.0,4,11,IN,1,20,2,1,FC:7A:58,Unknown,0,285
254881,ACTFIBERNET,AC:15:A2:92:C5:D3,-82,11,3404,100,554416129383,WPA2,1,0,1,8,1.0;2.0;5.5;11.0;9.0;18.0;36.0;54.0;6.0;12.0;24.0;48.0,4,11,,1,40,2,1,AC:15:A2,Unknown,0,241
254934,DIRECT-EX,8E:57:9B:08:7F:06,-86,11,755,100,5868955300,WPA2,1,0,1,8,6.0;9.0;12.0;18.0;24.0;36.0;48.0;54.0,0,11,,1,20,2,0,8E:57:9B,Unknown,0,261
254977,ACTFIBERNET,AC:15:A2:92:C5:D3,-85,12,3405,100,554416248751,WPA2,1,0,1,8,1.0;2.0;5.5;11.0;9.0;18.0;36.0;54.0;6.0;12.0;24.0;48.0,4,11,,1,40,2,1,AC:15:A2,Unknown,0,241
255029,DIRECT-EX,8E:57:9B:08:7F:06,-84,12,756,100,5869056902,WPA2,1,0,1,8,6.0;9.0;12.0;18.0;24.0;36.0;48.0;54.0,0,11,,1,20,2,0,8E:57:9B,Unknown,0,261
255132,ACTFIBERNET,AC:15:A2:92:C5:D3,-85,12,3407,100,554416435525,WPA2,1,0,1,8,1.0;2.0;5.5;11.0;9.0;18.0;36.0;54.0;6.0;12.0;24.0;48.0,4,11,,1,40,2,1,AC:15:A2,Unknown,0,241
255542,vasudha_4G,FC:7A:58:0E:CD:2A,-86,1,343,100,554356531652,WPA2,1,0,1,8,1.0;2.0;5.5;11.0;9.0;18.0;36.0;54.0;6.0;12.0;24.0;48.0,4,1,IN,1,20,2,1,FC:7A:58,Unknown,0,283
255644,vasudha_4G,FC:7A:58:0E:CD:2A,-83,1,344,100,554356634020,WPA2,1,0,1,8,1.0;2.0;5.5;11.0;9.0;18.0;36.0;54.0;6.0;12.0;24.0;48.0,4,1,IN,1,20,2,1,FC:7A:58,Unknown,0,283
255747,vasudha_4G,FC:7A:58:0E:CD:2A,-87,2,345,100,554356736408,WPA2,1,0,1,8,1.0;2.0;5.5;11.0;9.0;18.0;36.0;54.0;6.0;12.0;24.0;48.0,4,1,IN,1,20,2,1,FC:7A:58,Unknown,0,283
256495,,9E:A2:F4:AA:D3:9C,-91,5,1462,100,30691929497999,WEP,1,0,1,0,,0,0,,0,0,0,0,9E:A2:F4,Unknown,0,334
256632,Airtel__dontuse,30:BD:13:27:87:96,-90,5,739,100,180600422439,WPA2,1,0,1,8,1.0;2.0;5.5;11.0;6.0;9.0;12.0;18.0;24.0;36.0;48.0;54.0,4,6,IN,1,20,2,1,30:BD:13,Unknown,0,311
256722,Charleshome_4g,60:A4:B7:D0:B1:81,-85,6,1252,100,18042777920,WPA2,1,0,1,8,1.0;2.0;5.5;11.0;9.0;18.0;36.0;54.0;6.0;12.0;24.0;48.0,4,6,,1,40,2,1,60:A4:B7,Unknown,0,244
256765,Charleshome_5g,62:A4:B7:D1:B1:81,-87,6,1253,100,18042780082,WPA2,1,0,1,8,1.0;2.0;5.5;11.0;9.0;18.0;36.0;54.0;6.0;12.0;24.0;48.0,4,6,,1,40,2,1,62:A4:B7,Unknown,0,244
256817,Airtel__dontuse,30:BD:13:27:87:96,-90,6,740,100,180600524822,WPA2,1,0,1,8,1.0;2.0;5.5;11.0;6.0;9.0;12.0;18.0;24.0;36.0;48.0;54.0,4,6,IN,1,20,2,1,30:BD:13,Unknown,0,311
256870,babu_5G,CA:78:C9:FE:B1:30,-93,6,314,100,9975091591,WPA2,1,0,1,8,1.0;2.0;5.5;11.0;18.0;24.0;36.0;54.0;6.0;9.0;12.0;48.0,4,6,IN,1,40,2,1,CA:78:C9,Unknown,0,227
256919,suresh4G,CA:78:C9:FE:B1:3C,-93,6,315,100,9975093627,WPA2,1,0,1,8,1.0;2.0;5.5;11.0;18.0;24.0;36.0;54.0;6.0;9.0;12.0;48.0,4,6,IN,1,40,2,1,CA:78:C9,Unknown,0,228
256942,,FE:7A:58:15:49:0A,-93,6,3160,100,529355878842,WEP,1,0,0,0,,0,0,,0,0,0,0,FE:7A:58,Unknown,0,320
256994,Airtel__dontuse,30:BD:13:27:87:96,-94,6,741,100,180600627239,WPA2,1,0,1,8,1.0;2.0;5.5;11.0;6.0;9.0;12.0;18.0;24.0;36.0;48.0;54.0,4,6,IN,1,20,2,1,30:BD:13,Unknown,0,311
257047,babu_5G,CA:78:C9:FE:B1:30,-89,6,316,100,9975193990,WPA2,1,0,1,8,1.0;2.0;5.5;11.0;18.0;24.0;36.0;54.0;6.0;9.0;12.0;48.0,4,6,IN,1,40,2,1,CA:78:C9,Unknown,0,227
257089,suresh4G,CA:78:C9:FE:B1:3C,-90,6,317,100,9975196027,WPA2,1,0,1,8,1.0;2.0;5.5;11.0;18.0;24.0;36.0;54.0;6.0;9.0;12.0;48.0,4,6,IN,1,40,2,1,CA:78:C9,Unknown,0,228
257152,Vidya,78:20:51:C9:AC:08,-89,7,2995,100,802839859625,WPA2,1,0,1,8,1.0;2.0;5.5;11.0;9.0;18.0;36.0;54.0;6.0;12.0;24.0;48.0,4,8,,1,40,2,1,78:20:51,Unknown,0,380
257183,,7A:20:51:29:AC:08,-87,7,2996,100,802839859595,WEP,1,0,1,0,,0,0,,0,0,0,0,7A:20:51,Unknown,0,310
257236,Vidya,78:20:51:C9:AC:08,-85,7,2999,100,802839962000,WPA2,1,0,1,8,1.0;2.0;5.5;11.0;9.0;18.0;36.0;54.0;6.0;12.0;24.0;48.0,4,8,,1,40,2,1,78:20:51,Unknown,0,380
257258,,7A:20:51:29:AC:08,-84,8,3004,100,802840064440,WEP,1,0,1,0,,0,0,,0,0,0,0,7A:20:51,Unknown,0,310
257290,,DA:44:89:2E:11:AD,-93,8,3993,100,802839859653,WEP,1,0,0,0,,0,0,,0,0,0,0,DA:44:89,Unknown,0,310
257348,Vidya,78:20:51:C9:AC:08,-82,8,3007,100,802840166807,WPA2,1,0,1,8,1.0;2.0;5.5;11.0;9.0;18.0;36.0;54.0;6.0;12.0;24.0;48.0,4,8,,1,40,2,1,78:20:51,Unknown,0,380
257369,,7A:20:51:29:AC:08,-82,8,3008,100,802840166800,WEP,1,0,1,0,,0,0,,0,0,0,0,7A:20:51,Unknown,0,310
257432,stupidshanG,D8:44:89:1E:11:AD,-90,8,3996,100,802839962028,WPA2,1,0,0,8,1.0;2.0;5.5;11.0;9.0;18.0;36.0;54.0;6.0;12.0;24.0;48.0,4,8,,1,40,2,1,D8:44:89,Unknown,0,386
257485,stupidshanG_EXT,9C:53:22:40:D3:D5,-89,8,3671,100,802840885477,WPA2,1,0,1,8,1.0;2.0;5.5;11.0;9.0;18.0;36.0;54.0;6.0;12.0;24.0;48.0,4,8,,1,20,2,0,9C:53:22,Unknown,0,305
257507,,DA:44:89:2E:11:AD,-92,8,3997,100,802839962010,WEP,1,0,0,0,,0,0,,0,0,0,0,DA:44:89,Unknown,0,310
257566,Vidya,78:20:51:C9:AC:08,-83,8,3011,100,802840269194,WPA2,1,0,1,8,1.0;2.0;5.5;11.0;9.0;18.0;36.0;54.0;6.0;12.0;24.0;48.0,4,8,,1,40,2,1,78:20:51,Unknown,0,380
257629,palani-1st floor ,50:91:E3:F7:90:7E,-90,8,3714,100,802841600437,WPA2,1,0,1,8,1.0;2.0;5.5;11.0;9.0;18.0;36.0;54.0;6.0;12.0;24.0;48.0,4,9,,1,40,2,1,50:91:E3,Unknown,0,341
257651,,7A:20:51:29:AC:08,-83,8,3012,100,802840269215,WEP,1,0,1,0,,0,0,,0,0,0,0,7A:20:51,Unknown,0,310
257672,,52:91:E3:A7:90:7E,-90,8,3715,100,802841600392,WEP,1,0,1,0,,0,0,,0,0,0,0,52:91:E3,Unknown,0,310
257735,palani-1st floor ,50:91:E3:F7:90:7E,-90,9,3722,100,802841805199,WPA2,1,0,1,8,1.0;2.0;5.5;11.0;9.0;18.0;36.0;54.0;6.0;12.0;24.0;48.0,4,9,,1,40,2,1,50:91:E3,Unknown,0,341
257762,,52:91:E3:A7:90:7E,-88,9,3723,100,802841805217,WEP,1,0,1,0,,0,0,,0,0,0,0,52:91:E3,Unknown,0,310
257815,BrownArc-Jio,FC:7A:58:30:93:DA,-87,10,3128,100,803659059602,WPA2,1,0,1,8,1.0;2.0;5.5;11.0;9.0;18.0;36.0;54.0;6.0;12.0;24.0;48.0,4,11,IN,1,20,2,1,FC:7A:58,Unknown,0,285
257868,ACTFIBERNET,AC:15:A2:92:C5:D3,-86,10,3433,100,554419098061,WPA2,1,0,1,8,1.0;2.0;5.5;11.0;9.0;18.0;36.0;54.0;6.0;12.0;24.0;48.0,4,11,,1,40,2,1,AC:15:A2,Unknown,0,241
257912,TP-Link_26A2,AC:15:A2:DA:26:A2,-94,10,1605,100,803730125207,WPA2,1,0,1,8,1.0;2.0;5.5;11.0;9.0;18.0;36.0;54.0;6.0;12.0;24.0;48.0,4,10,,1,40,2,0,AC:15:A2,Unknown,0,265
258001,ACTFIBERNET,AC:15:A2:92:C5:D3,-84,11,3435,100,554419303852,WPA2,1,0,1,8,1.0;2.0;5.5;11.0;9.0;18.0;36.0;54.0;6.0;12.0;24.0;48.0,4,11,,1,40,2,1,AC:15:A2,Unknown,0,241
258051,DIRECT-EX,8E:57:9B:08:7F:06,-81,11,786,100,5872128101,WPA2,1,0,1,8,6.0;9.0;12.0;18.0;24.0;36.0;48.0;54.0,0,11,,1,20,2,0,8E:57:9B,Unknown,0,261
258104,BrownArc-Jio,FC:7A:58:30:93:DA,-90,11,3131,100,803659366816,WPA2,1,0,1,8,1.0;2.0;5.5;11.0;9.0;18.0;36.0;54.0;6.0;12.0;24.0;48.0,4,11,IN,1,20,2,1,FC:7A:58,Unknown,0,285
258157,ACTFIBERNET,AC:15:A2:92:C5:D3,-86,11,3436,100,554419426362,WPA2,1,0,1,8,1.0;2.0;5.5;11.0;9.0;18.0;36.0;54.0;6.0;12.0;24.0;48.0,4,11,,1,40,2,1,AC:15:A2,Unknown,0,241
258210,BrownArc-Jio,FC:7A:58:30:93:DA,-89,11,3132,100,803659469214,WPA2,1,0,1,8,1.0;2.0;5.5;11.0;9.0;18.0;36.0;54.0;6.0;12.0;24.0;48.0,4,11,IN,1,20,2,1,FC:7A:58,Unknown,0,285
258253,ACTFIBERNET,AC:15:A2:92:C5:D3,-88,12,3437,100,554419507559,WPA2,1,0,1,8,1.0;2.0;5.5;11.0;9.0;18.0;36.0;54.0;6.0;12.0;24.0;48.0,4,11,,1,40,2,1,AC:15:A2,Unknown,0,241
258317,ACTFIBERNET,AC:15:A2:92:C5:D3,-86,12,3438,100,554419609954,WPA2,1,0,1,8,1.0;2.0;5.5;11.0;9.0;18.0;36.0;54.0;6.0;12.0;24.0;48.0,4,11,,1,40,2,1,AC:15:A2,Unknown,0,241
258409,ACTFIBERNET,AC:15:A2:92:C5:D3,-86,12,3439,100,554419712357,WPA2,1,0,1,8,1.0;2.0;5.5;11.0;9.0;18.0;36.0;54.0;6.0;12.0;24.0;48.0,4,11,,1,40,2,1,AC:15:A2,Unknown,0,241
258717,vasudha_4G,FC:7A:58:0E:CD:2A,-84,1,377,100,554359706008,WPA2,1,0,1,8,1.0;2.0;5.5;11.0;9.0;18.0;36.0;54.0;6.0;12.0;24.0;48.0,4,1,IN,1,20,2,1,FC:7A:58,Unknown,0,283
258769,Jio4G,8C:A3:99:66:B3:A6,-92,1,2046,100,802756507628,WPA2,1,0,1,8,1.0;2.0;5.5;11.0;9.0;18.0;36.0;54.0;6.0;12.0;24.0;48.0,4,1,IN,1,20,2,1,8C:A3:99,Unknown,0,278
258822,vasudha_4G,FC:7A:58:0E:CD:2A,-80,1,378,100,554359808396,WPA2,1,0,1,8,1.0;2.0;5.5;11.0;9.0;18.0;36.0;54.0;6.0;12.0;24.0;48.0,4,1,IN,1,20,2,1,FC:7A:58,Unknown,0,283
258885,Jio4G,8C:A3:99:66:B3:A6,-91,1,2047,100,802756610024,WPA2,1,0,1,8,1.0;2.0;5.5;11.0;9.0;18.0;36.0;54.0;6.0;12.0;24.0;48.0,4,1,IN,1,20,2,1,8C:A3:99,Unknown,0,278
258938,vasudha_4G,FC:7A:58:0E:CD:2A,-76,1,379,100,554359910825,WPA2,1,0,1,8,1.0;2.0;5.5;11.0;9.0;18.0;36.0;54.0;6.0;12.0;24.0;48.0,4,1,IN,1,20,2,1,FC:7A:58,Unknown,0,283
258991,Jio4G,8C:A3:99:66:B3:A6,-87,1,2048,100,802756712451,WPA2,1,0,1,8,1.0;2.0;5.5;11.0;9.0;18.0;36.0;54.0;6.0;12.0;24.0;48.0,4,1,IN,1,20,2,1,8C:A3:99,Unknown,0,278
259331,vasudha_4G,FC:7A:58:0E:CD:2A,-84,3,384,100,554360320638,WPA2,1,0,1,8,1.0;2.0;5.5;11.0;9.0;18.0;36.0;54.0;6.0;12.0;24.0;48.0,4,1,IN,1,20,2,1,FC:7A:58,Unknown,0,283
259795,Isha99_FF,9C:A2:F4:FA:D3:9C,-90,5,1589,100,30691932774816,WPA2,1,0,1,8,1.0;2.0;5.5;11.0;9.0;18.0;36.0;54.0;6.0;12.0;24.0;48.0,4,5,,1,40,2,1,9C:A2:F4,Unknown,0,384
259826,,9E:A2:F4:AA:D3:9C,-90,5,1590,100,30691932774800,WEP,1,0,1,0,,0,0,,0,0,0,0,9E:A2:F4,Unknown,0,334
259898,Isha99_FF,9C:A2:F4:FA:D3:9C,-89,5,1593,100,30691932877224,WPA2,1,0,1,8,1.0;2.0;5.5;11.0;9.0;18.0;36.0;54.0;6.0;12.0;24.0;48.0,4,5,,1,40,2,1,9C:A2:F4,Unknown,0,384
259920,,9E:A2:F4:AA:D3:9C,-89,5,1594,100,30691932877226,WEP,1,0,1,0,,0,0,,0,0,0,0,9E:A2:F4,Unknown,0,334
260000,Isha99_FF,9C:A2:F4:FA:D3:9C,-89,6,1597,100,30691932979611,WPA2,1,0,1,8,1.0;2.0;5.5;11.0;9.0;18.0;36.0;54.0;6.0;12.0;24.0;48.0,4,5,,1,40,2,1,9C:A2:F4,Unknown,0,384
260043,Charleshome_5g,62:A4:B7:D1:B1:81,-90,6,1317,100,18046056916,WPA2,1,0,1,8,1.0;2.0;5.5;11.0;9.0;18.0;36.0;54.0;6.0;12.0;24.0;48.0,4,6,,1,40,2,1,62:A4:B7,Unknown,0,244
260102,babu_5G,CA:78:C9:FE:B1:30,-93,6,380,100,9978368394,WPA2,1,0,1,8,1.0;2.0;5.5;11.0;18.0;24.0;36.0;54.0;6.0;9.0;12.0;48.0,4,6,IN,1,40,2,1,CA:78:C9,Unknown,0,227
260145,suresh4G,CA:78:C9:FE:B1:3C,-91,6,381,100,9978370421,WPA2,1,0,1,8,1.0;2.0;5.5;11.0;18.0;24.0;36.0;54.0;6.0;9.0;12.0;48.0,4,6,IN,1,40,2,1,CA:78:C9,Unknown,0,228
260198,Charleshome_4g,60:A4:B7:D0:B1:81,-85,6,1318,100,18046157155,WPA2,1,0,1,8,1.0;2.0;5.5;11.0;9.0;18.0;36.0;54.0;6.0;12.0;24.0;48.0,4,6,,1,40,2,1,60:A4:B7,Unknown,0,244
260240,Charleshome_5g,62:A4:B7:D1:B1:81,-85,6,1319,100,18046159317,WPA2,1,0,1,8,1.0;2.0;5.5;11.0;9.0;18.0;36.0;54.0;6.0;12.0;24.0;48.0,4,6,,1,40,2,1,62:A4:B7,Unknown,0,244
260293,Charleshome_4g,60:A4:B7:D0:B1:81,-87,7,1320,100,18046259556,WPA2,1,0,1,8,1.0;2.0;5.5;11.0;9.0;18.0;36.0;54.0;6.0;12.0;24.0;48.0,4,6,,1,40,2,1,60:A4:B7,Unknown,0,244
260346,Charleshome_4g,60:A4:B7:D0:B1:81,-88,7,1322,100,18046361955,WPA2,1,0,1,8,1.0;2.0;5.5;11.0;9.0;18.0;36.0;54.0;6.0;12.0;24.0;48.0,4,6,,1,40,2,1,60:A4:B7,Unknown,0,244
260411,Charleshome_5g,62:A4:B7:D1:B1:81,-91,7,1325,100,18046466519,WPA2,1,0,1,8,1.0;2.0;5.5;11.0;9.0;18.0;36.0;54.0;6.0;12.0;24.0;48.0,4,6,,1,40,2,1,62:A4:B7,Unknown,0,244
260471,,7A:20:51:29:AC:08,-93,8,3134,100,802843341194,WEP,1,0,1,0,,0,0,,0,0,0,0,7A:20:51,Unknown,0,310
260778,,7A:20:51:29:AC:08,-91,9,3146,100,802843648404,WEP,1,0,1,0,,0,0,,0,0,0,0,7A:20:51,Unknown,0,310
261197,DIRECT-EX,8E:57:9B:08:7F:06,-90,11,817,100,5875302661,WPA2,1,0,1,8,6.0;9.0;12.0;18.0;24.0;36.0;48.0;54.0,0,11,,1,20,2,0,8E:57:9B,Unknown,0,261
261255,BrownArc-Jio,FC:7A:58:30:93:DA,-95,11,3163,100,803662541212,WPA2,1,0,1,8,1.0;2.0;5.5;11.0;9.0;18.0;36.0;54.0;6.0;12.0;24.0;48.0,4,11,IN,1,20,2,1,FC:7A:58,Unknown,0,285
261298,ACTFIBERNET,AC:15:A2:92:C5:D3,-91,11,3467,100,554422579526,WPA2,1,0,1,8,1.0;2.0;5.5;11.0;9.0;18.0;36.0;54.0;6.0;12.0;24.0;48.0,4,11,,1,40,2,1,AC:15:A2,Unknown,0,241
261351,DIRECT-EX,8E:57:9B:08:7F:06,-89,11,818,100,5875412393,WPA2,1,0,1,8,6.0;9.0;12.0;18.0;24.0;36.0;48.0;54.0,0,11,,1,20,2,0,8E:57:9B,Unknown,0,261
261403,BrownArc-Jio,FC:7A:58:30:93:DA,-92,11,3164,100,803662643592,WPA2,1,0,1,8,1.0;2.0;5.5;11.0;9.0;18.0;36.0;54.0;6.0;12.0;24.0;48.0,4,11,IN,1,20,2,1,FC:7A:58,Unknown,0,285
261446,ACTFIBERNET,AC:15:A2:92:C5:D3,-89,11,3468,100,554422682369,WPA2,1,0,1,8,1.0;2.0;5.5;11.0;9.0;18.0;36.0;54.0;6.0;12.0;24.0;48.0,4,11,,1,40,2,1,AC:15:A2,Unknown,0,241
261520,BrownArc-Jio,FC:7A:58:30:93:DA,-93,11,3165,100,803662746002,WPA2,1,0,1,8,1.0;2.0;5.5;11.0;9.0;18.0;36.0;54.0;6.0;12.0;24.0;48.0,4,11,IN,1,20,2,1,FC:7A:58,Unknown,0,285
261562,DIRECT-EX,8E:57:9B:08:7F:06,-86,11,819,100,5875534706,WPA2,1,0,1,8,6.0;9.0;12.0;18.0;24.0;36.0;48.0;54.0,0,11,,1,20,2,0,8E:57:9B,Unknown,0,261
261605,ACTFIBERNET,AC:15:A2:92:C5:D3,-90,12,3469,100,554422784322,WPA2,1,0,1,8,1.0;2.0;5.5;11.0;9.0;18.0;36.0;54.0;6.0;12.0;24.0;48.0,4,11,,1,40,2,1,AC:15:A2,Unknown,0,241
261657,ACTFIBERNET,AC:15:A2:92:C5:D3,-88,12,3470,100,554422886721,WPA2,1,0,1,8,1.0;2.0;5.5;11.0;9.0;18.0;36.0;54.0;6.0;12.0;24.0;48.0,4,11,,1,40,2,1,AC:15:A2,Unknown,0,241
261993,vasudha_4G,FC:7A:58:0E:CD:2A,-84,1,413,100,554362982810,WPA2,1,0,1,8,1.0;2.0;5.5;11.0;9.0;18.0;36.0;54.0;6.0;12.0;24.0;48.0,4,1,IN,1,20,2,1,FC:7A:58,Unknown,0,283
262096,vasudha_4G,FC:7A:58:0E:CD:2A,-86,1,414,100,554363085209,WPA2,1,0,1,8,1.0;2.0;5.5;11.0;9.0;18.0;36.0;54.0;6.0;12.0;24.0;48.0,4,1,IN,1,20,2,1,FC:7A:58,Unknown,0,283
262403,vasudha_4G,FC:7A:58:0E:CD:2A,-94,2,417,100,554363392413,WPA2,1,0,1,8,1.0;2.0;5.5;11.0;9.0;18.0;36.0;54.0;6.0;12.0;24.0;48.0,4,1,IN,1,20,2,1,FC:7A:58,Unknown,0,283
263189,babu_5G,CA:78:C9:FE:B1:30,-92,6,464,100,9981542812,WPA2,1,0,1,8,1.0;2.0;5.5;11.0;18.0;24.0;36.0;54.0;6.0;9.0;12.0;48.0,4,6,IN,1,40,2,1,CA:78:C9,Unknown,0,227
263242,suresh4G,CA:78:C9:FE:B1:3C,-91,6,465,100,9981544867,WPA2,1,0,1,8,1.0;2.0;5.5;11.0;18.0;24.0;36.0;54.0;6.0;9.0;12.0;48.0,4,6,IN,1,40,2,1,CA:78:C9,Unknown,0,228
263284,Charleshome_4g,60:A4:B7:D0:B1:81,-89,6,1380,100,18049331518,WPA2,1,0,1,8,1.0;2.0;5.5;11.0;9.0;18.0;36.0;54.0;6.0;12.0;24.0;48.0,4,6,,1,40,2,1,60:A4:B7,Unknown,0,244
263336,Charleshome_5g,62:A4:B7:D1:B1:81,-85,6,1381,100,18049333679,WPA2,1,0,1,8,1.0;2.0;5.5;11.0;9.0;18.0;36.0;54.0;6.0;12.0;24.0;48.0,4,6,,1,40,2,1,62:A4:B7,Unknown,0,244
263389,babu_5G,CA:78:C9:FE:B1:30,-91,6,466,100,9981645207,WPA2,1,0,1,8,1.0;2.0;5.5;11.0;18.0;24.0;36.0;54.0;6.0;9.0;12.0;48.0,4,6,IN,1,40,2,1,CA:78:C9,Unknown,0,227
263431,suresh4G,CA:78:C9:FE:B1:3C,-89,6,467,100,9981647234,WPA2,1,0,1,8,1.0;2.0;5.5;11.0;18.0;24.0;36.0;54.0;6.0;9.0;12.0;48.0,4,6,IN,1,40,2,1,CA:78:C9,Unknown,0,228
263484,babu_5G,CA:78:C9:FE:B1:30,-91,6,468,100,9981747594,WPA2,1,0,1,8,1.0;2.0;5.5;11.0;18.0;24.0;36.0;54.0;6.0;9.0;12.0;48.0,4,6,IN,1,40,2,1,CA:78:C9,Unknown,0,227
263527,suresh4G,CA:78:C9:FE:B1:3C,-90,6,469,100,9981749639,WPA2,1,0,1,8,1.0;2.0;5.5;11.0;18.0;24.0;36.0;54.0;6.0;9.0;12.0;48.0,4,6,IN,1,40,2,1,CA:78:C9,Unknown,0,228
264174,palani-1st floor ,50:91:E3:F7:90:7E,-90,9,3985,100,802848358812,WPA2,1,0,1,8,1.0;2.0;5.5;11.0;9.0;18.0;36.0;54.0;6.0;12.0;24.0;48.0,4,9,,1,40,2,1,50:91:E3,Unknown,0,341
264206,,52:91:E3:A7:90:7E,-90,9,3986,100,802848358802,WEP,1,0,1,0,,0,0,,0,0,0,0,52:91:E3,Unknown,0,310
264348,ACTFIBERNET,AC:15:A2:92:C5:D3,-86,10,3497,100,554425651550,WPA2,1,0,1,8,1.0;2.0;5.5;11.0;9.0;18.0;36.0;54.0;6.0;12.0;24.0;48.0,4,11,,1,40,2,1,AC:15:A2,Unknown,0,241
264451,ACTFIBERNET,AC:15:A2:92:C5:D3,-94,11,3498,100,554425753952,WPA2,1,0,1,8,1.0;2.0;5.5;11.0;9.0;18.0;36.0;54.0;6.0;12.0;24.0;48.0,4,11,,1,40,2,1,AC:15:A2,Unknown,0,241
264508,BrownArc-Jio,FC:7A:58:30:93:DA,-94,11,3199,100,803665817994,WPA2,1,0,1,8,1.0;2.0;5.5;11.0;9.0;18.0;36.0;54.0;6.0;12.0;24.0;48.0,4,11,IN,1,20,2,1,FC:7A:58,Unknown,0,285
264559,DIRECT-EX,8E:57:9B:08:7F:06,-84,11,849,100,5878605837,WPA2,1,0,1,8,6.0;9.0;12.0;18.0;24.0;36.0;48.0;54.0,0,11,,1,20,2,0,8E:57:9B,Unknown,0,261
264601,ACTFIBERNET,AC:15:A2:92:C5:D3,-93,11,3499,100,554425856552,WPA2,1,0,1,8,1.0;2.0;5.5;11.0;9.0;18.0;36.0;54.0;6.0;12.0;24.0;48.0,4,11,,1,40,2,1,AC:15:A2,Unknown,0,241
264656,ACTFIBERNET,AC:15:A2:92:C5:D3,-89,11,3500,100,554425958759,WPA2,1,0,1,8,1.0;2.0;5.5;11.0;9.0;18.0;36.0;54.0;6.0;12.0;24.0;48.0,4,11,,1,40,2,1,AC:15:A2,Unknown,0,241
264699,DIRECT-EX,8E:57:9B:08:7F:06,-85,11,850,100,5878784877,WPA2,1,0,1,8,6.0;9.0;12.0;18.0;24.0;36.0;48.0;54.0,0,11,,1,20,2,0,8E:57:9B,Unknown,0,261
264758,ACTFIBERNET,AC:15:A2:92:C5:D3,-88,12,3501,100,554426061155,WPA2,1,0,1,8,1.0;2.0;5.5;11.0;9.0;18.0;36.0;54.0;6.0;12.0;24.0;48.0,4,11,,1,40,2,1,AC:15:A2,Unknown,0,241
265270,vasudha_4G,FC:7A:58:0E:CD:2A,-88,1,449,100,554366259600,WPA2,1,0,1,8,1.0;2.0;5.5;11.0;9.0;18.0;36.0;54.0;6.0;12.0;24.0;48.0,4,1,IN,1,20,2,1,FC:7A:58,Unknown,0,283
265323,Jio4G,8C:A3:99:66:B3:A6,-89,1,2114,100,802763061156,WPA2,1,0,1,8,1.0;2.0;5.5;11.0;9.0;18.0;36.0;54.0;6.0;12.0;24.0;48.0,4,1,IN,1,20,2,1,8C:A3:99,Unknown,0,278
265376,vasudha_4G,FC:7A:58:0E:CD:2A,-80,1,450,100,554366362045,WPA2,1,0,1,8,1.0;2.0;5.5;11.0;9.0;18.0;36.0;54.0;6.0;12.0;24.0;48.0,4,1,IN,1,20,2,1,FC:7A:58,Unknown,0,283
266245,Charleshome_4g,60:A4:B7:D0:B1:81,-86,5,1438,100,18052301166,WPA2,1,0,1,8,1.0;2.0;5.5;11.0;9.0;18.0;36.0;54.0;6.0;12.0;24.0;48.0,4,6,,1,40,2,1,60:A4:B7,Unknown,0,244
266450,Charleshome_4g,60:A4:B7:D0:B1:81,-89,6,1442,100,18052505952,WPA2,1,0,1,8,1.0;2.0;5.5;11.0;9.0;18.0;36.0;54.0;6.0;12.0;24.0;48.0,4,6,,1,40,2,1,60:A4:B7,Unknown,0,244
266501,Charleshome_5g,62:A4:B7:D1:B1:81,-82,6,1443,100,18052508113,WPA2,1,0,1,8,1.0;2.0;5.5;11.0;9.0;18.0;36.0;54.0;6.0;12.0;24.0;48.0,4,6,,1,40,2,1,62:A4:B7,Unknown,0,244
266553,Charleshome_4g,60:A4:B7:D0:B1:81,-88,6,1444,100,18052608349,WPA2,1,0,1,8,1.0;2.0;5.5;11.0;9.0;18.0;36.0;54.0;6.0;12.0;24.0;48.0,4,6,,1,40,2,1,60:A4:B7,Unknown,0,244
266595,Charleshome_5g,62:A4:B7:D1:B1:81,-91,6,1445,100,18052610511,WPA2,1,0,1,8,1.0;2.0;5.5;11.0;9.0;18.0;36.0;54.0;6.0;12.0;24.0;48.0,4,6,,1,40,2,1,62:A4:B7,Unknown,0,244
266757,Charleshome_4g,60:A4:B7:D0:B1:81,-90,7,1448,100,18052813156,WPA2,1,0,1,8,1.0;2.0;5.5;11.0;9.0;18.0;36.0;54.0;6.0;12.0;24.0;48.0,4,6,,1,40,2,1,60:A4:B7,Unknown,0,244
267335,,52:91:E3:A7:90:7E,-92,9,14,100,802851533239,WEP,1,0,1,0,,0,0,,0,0,0,0,52:91:E3,Unknown,0,310
267750,DIRECT-EX,8E:57:9B:08:7F:06,-91,11,877,100,5881856074,WPA2,1,0,1,8,6.0;9.0;12.0;18.0;24.0;36.0;48.0;54.0,0,11,,1,20,2,0,8E:57:9B,Unknown,0,261
267803,BrownArc-Jio,FC:7A:58:30:93:DA,-88,11,3232,100,803669094793,WPA2,1,0,1,8,1.0;2.0;5.5;11.0;9.0;18.0;36.0;54.0;6.0;12.0;24.0;48.0,4,11,IN,1,20,2,1,FC:7A:58,Unknown,0,285
267852,DIRECT-EX,8E:57:9B:08:7F:06,-88,11,878,100,5881958496,WPA2,1,0,1,8,6.0;9.0;12.0;18.0;24.0;36.0;48.0;54.0,0,11,,1,20,2,0,8E:57:9B,Unknown,0,261
267905,BrownArc-Jio,FC:7A:58:30:93:DA,-90,11,3233,100,803669197208,WPA2,1,0,1,8,1.0;2.0;5.5;11.0;9.0;18.0;36.0;54.0;6.0;12.0;24.0;48.0,4,11,IN,1,20,2,1,FC:7A:58,Unknown,0,285
267948,ACTFIBERNET,AC:15:A2:92:C5:D3,-91,11,3532,100,554429235522,WPA2,1,0,1,8,1.0;2.0;5.5;11.0;9.0;18.0;36.0;54.0;6.0;12.0;24.0;48.0,4,11,,1,40,2,1,AC:15:A2,Unknown,0,241
268093,BrownArc-Jio,FC:7A:58:30:93:DA,-90,12,3235,100,803669401997,WPA2,1,0,1,8,1.0;2.0;5.5;11.0;9.0;18.0;36.0;54.0;6.0;12.0;24.0;48.0,4,11,IN,1,20,2,1,FC:7A:58,Unknown,0,285
268195,BrownArc-Jio,FC:7A:58:30:93:DA,-92,12,3236,100,803669504408,WPA2,1,0,1,8,1.0;2.0;5.5;11.0;9.0;18.0;36.0;54.0;6.0;12.0;24.0;48.0,4,11,IN,1,20,2,1,FC:7A:58,Unknown,0,285
268547,vasudha_4G,FC:7A:58:0E:CD:2A,-80,1,488,100,554369536411,WPA2,1,0,1,8,1.0;2.0;5.5;11.0;9.0;18.0;36.0;54.0;6.0;12.0;24.0;48.0,4,1,IN,1,20,2,1,FC:7A:58,Unknown,0,283
268600,Jio4G,8C:A3:99:66:B3:A6,-89,1,2146,100,802766337929,WPA2,1,0,1,8,1.0;2.0;5.5;11.0;9.0;18.0;36.0;54.0;6.0;12.0;24.0;48.0,4,1,IN,1,20,2,1,8C:A3:99,Unknown,0,278
268653,vasudha_4G,FC:7A:58:0E:CD:2A,-79,1,489,100,554369638911,WPA2,1,0,1,8,1.0;2.0;5.5;11.0;9.0;18.0;36.0;54.0;6.0;12.0;24.0;48.0,4,1,IN,1,20,2,1,FC:7A:58,Unknown,0,283
268752,vasudha_4G,FC:7A:58:0E:CD:2A,-81,2,490,100,554369741311,WPA2,1,0,1,8,1.0;2.0;5.5;11.0;9.0;18.0;36.0;54.0;6.0;12.0;24.0;48.0,4,1,IN,1,20,2,1,FC:7A:58,Unknown,0,283
268854,vasudha_4G,FC:7A:58:0E:CD:2A,-79,2,491,100,554369843677,WPA2,1,0,1,8,1.0;2.0;5.5;11.0;9.0;18.0;36.0;54.0;6.0;12.0;24.0;48.0,4,1,IN,1,20,2,1,FC:7A:58,Unknown,0,283
269524,Isha99_FF,9C:A2:F4:FA:D3:9C,-88,5,1973,100,30691942502809,WPA2,1,0,1,8,1.0;2.0;5.5;11.0;9.0;18.0;36.0;54.0;6.0;12.0;24.0;48.0,4,5,,1,40,2,1,9C:A2:F4,Unknown,0,384
269545,,9E:A2:F4:AA:D3:9C,-88,5,1974,100,30691942502810,WEP,1,0,1,0,,0,0,,0,0,0,0,9E:A2:F4,Unknown,0,334
269598,Charleshome_5g,62:A4:B7:D1:B1:81,-85,5,1503,100,18055580080,WPA2,1,0,1,8,1.0;2.0;5.5;11.0;9.0;18.0;36.0;54.0;6.0;12.0;24.0;48.0,4,6,,1,40,2,1,62:A4:B7,Unknown,0,244
269660,Isha99_FF,9C:A2:F4:FA:D3:9C,-88,5,1977,100,30691942605213,WPA2,1,0,1,8,1.0;2.0;5.5;11.0;9.0;18.0;36.0;54.0;6.0;12.0;24.0;48.0,4,5,,1,40,2,1,9C:A2:F4,Unknown,0,384
269702,Charleshome_4g,60:A4:B7:D0:B1:81,-78,5,1504,100,18055680312,WPA2,1,0,1,8,1.0;2.0;5.5;11.0;9.0;18.0;36.0;54.0;6.0;12.0;24.0;48.0,4,6,,1,40,2,1,60:A4:B7,Unknown,0,244
269755,Charleshome_5g,62:A4:B7:D1:B1:81,-84,5,1505,100,18055682474,WPA2,1,0,1,8,1.0;2.0;5.5;11.0;9.0;18.0;36.0;54.0;6.0;12.0;24.0;48.0,4,6,,1,40,2,1,62:A4:B7,Unknown,0,244
269808,Isha99_FF,9C:A2:F4:FA:D3:9C,-93,6,1981,100,30691942707617,WPA2,1,0,1,8,1.0;2.0;5.5;11.0;9.0;18.0;36.0;54.0;6.0;12.0;24.0;48.0,4,5,,1,40,2,1,9C:A2:F4,Unknown,0,384
269932,Charleshome_4g,60:A4:B7:D0:B1:81,-74,6,1510,100,18055987517,WPA2,1,0,1,8,1.0;2.0;5.5;11.0;9.0;18.0;36.0;54.0;6.0;12.0;24.0;48.0,4,6,,1,40,2,1,60:A4:B7,Unknown,0,244
269984,Charleshome_5g,62:A4:B7:D1:B1:81,-75,6,1511,100,18055989678,WPA2,1,0,1,8,1.0;2.0;5.5;11.0;9.0;18.0;36.0;54.0;6.0;12.0;24.0;48.0,4,6,,1,40,2,1,62:A4:B7,Unknown,0,244
270036,babu_5G,CA:78:C9:FE:B1:30,-90,6,616,100,9988301210,WPA2,1,0,1,8,1.0;2.0;5.5;11.0;18.0;24.0;36.0;54.0;6.0;9.0;12.0;48.0,4,6,IN,1,40,2,1,CA:78:C9,Unknown,0,227
270079,suresh4G,CA:78:C9:FE:B1:3C,-89,6,617,100,9988303265,WPA2,1,0,1,8,1.0;2.0;5.5;11.0;18.0;24.0;36.0;54.0;6.0;9.0;12.0;48.0,4,6,IN,1,40,2,1,CA:78:C9,Unknown,0,228
270132,ACTFIBERNET,B0:A7:B9:AF:A6:1B,-89,7,1396,100,803712307607,WPA2,1,0,1,8,1.0;2.0;5.5;11.0;18.0;24.0;36.0;54.0;6.0;9.0;12.0;48.0,4,7,,1,40,2,1,B0:A7:B9,Unknown,0,261
270184,Charleshome_4g,60:A4:B7:D0:B1:81,-83,7,1512,100,18056089918,WPA2,1,0,1,8,1.0;2.0;5.5;11.0;9.0;18.0;36.0;54.0;6.0;12.0;24.0;48.0,4,6,,1,40,2,1,60:A4:B7,Unknown,0,244
270235,Charleshome_5g,62:A4:B7:D1:B1:81,-75,7,1513,100,18056092079,WPA2,1,0,1,8,1.0;2.0;5.5;11.0;9.0;18.0;36.0;54.0;6.0;12.0;24.0;48.0,4,6,,1,40,2,1,62:A4:B7,Unknown,0,244
270288,ACTFIBERNET,B0:A7:B9:AF:A6:1B,-91,7,1397,100,803712410006,WPA2,1,0,1,8,1.0;2.0;5.5;11.0;18.0;24.0;36.0;54.0;6.0;9.0;12.0;48.0,4,7,,1,40,2,1,B0:A7:B9,Unknown,0,261
270331,Charleshome_4g,60:A4:B7:D0:B1:81,-83,7,1514,100,18056192320,WPA2,1,0,1,8,1.0;2.0;5.5;11.0;9.0;18.0;36.0;54.0;6.0;12.0;24.0;48.0,4,6,,1,40,2,1,60:A4:B7,Unknown,0,244
270384,ACTFIBERNET,B0:A7:B9:AF:A6:1B,-90,7,1398,100,803712512397,WPA2,1,0,1,8,1.0;2.0;5.5;11.0;18.0;24.0;36.0;54.0;6.0;9.0;12.0;48.0,4,7,,1,40,2,1,B0:A7:B9,Unknown,0,261
270436,suresh4G,CA:78:C9:FE:B1:3C,-92,7,623,100,9988610431,WPA2,1,0,1,8,1.0;2.0;5.5;11.0;18.0;24.0;36.0;54.0;6.0;9.0;12.0;48.0,4,6,IN,1,40,2,1,CA:78:C9,Unknown,0,228
270498,ACTFIBERNET,B0:A7:B9:AF:A6:1B,-94,7,1399,100,803712614791,WPA2,1,0,1,8,1.0;2.0;5.5;11.0;18.0;24.0;36.0;54.0;6.0;9.0;12.0;48.0,4,7,,1,40,2,1,B0:A7:B9,Unknown,0,261
270541,ACTFIBERNET,B0:A7:B9:AF:A6:1B,-92,8,1400,100,803712717209,WPA2,1,0,1,8,1.0;2.0;5.5;11.0;18.0;24.0;36.0;54.0;6.0;9.0;12.0;48.0,4,7,,1,40,2,1,B0:A7:B9,Unknown,0,261
270604,Vidya,78:20:51:C9:AC:08,-93,8,3530,100,802853274023,WPA2,1,0,1,8,1.0;2.0;5.5;11.0;9.0;18.0;36.0;54.0;6.0;12.0;24.0;48.0,4,8,,1,40,2,1,78:20:51,Unknown,0,380
270625,,7A:20:51:29:AC:08,-95,8,3531,100,802853274018,WEP,1,0,1,0,,0,0,,0,0,0,0,7A:20:51,Unknown,0,310
270678,palani-1st floor ,50:91:E3:F7:90:7E,-93,9,141,100,802854810084,WPA2,1,0,1,8,1.0;2.0;5.5;11.0;9.0;18.0;36.0;54.0;6.0;12.0;24.0;48.0,4,9,,1,40,2,1,50:91:E3,Unknown,0,341
270707,,52:91:E3:A7:90:7E,-92,9,142,100,802854810021,WEP,1,0,1,0,,0,0,,0,0,0,0,52:91:E3,Unknown,0,310
270761,palani-1st floor ,50:91:E3:F7:90:7E,-93,10,145,100,802854912471,WPA2,1,0,1,8,1.0;2.0;5.5;11.0;9.0;18.0;36.0;54.0;6.0;12.0;24.0;48.0,4,9,,1,40,2,1,50:91:E3,Unknown,0,341
270792,,52:91:E3:A7:90:7E,-93,10,146,100,802854912409,WEP,1,0,1,0,,0,0,,0,0,0,0,52:91:E3,Unknown,0,310
270857,BrownArc-Jio,FC:7A:58:30:93:DA,-88,10,3263,100,803672166813,WPA2,1,0,1,8,1.0;2.0;5.5;11.0;9.0;18.0;36.0;54.0;6.0;12.0;24.0;48.0,4,11,IN,1,20,2,1,FC:7A:58,Unknown,0,285
270941,DIRECT-EX,8E:57:9B:08:7F:06,-90,11,907,100,5885046590,WPA2,1,0,1,8,6.0;9.0;12.0;18.0;24.0;36.0;48.0;54.0,0,11,,1,20,2,0,8E:57:9B,Unknown,0,261
271001,SanD-JioFiber_EXT,8C:90:2D:3B:B6:5A,-97,11,2630,100,3263795609,WPA2,1,0,1,8,1.0;2.0;5.5;11.0;9.0;18.0;36.0;54.0;6.0;12.0;24.0;48.0,4,11,,1,20,2,0,8C:90:2D,Unknown,0,223
271062,BrownArc-Jio,FC:7A:58:30:93:DA,-86,11,3265,100,803672371610,WPA2,1,0,1,8,1.0;2.0;5.5;11.0;9.0;18.0;36.0;54.0;6.0;12.0;24.0;48.0,4,11,IN,1,20,2,1,FC:7A:58,Unknown,0,285
271129,DIRECT-EX,8E:57:9B:08:7F:06,-90,11,909,100,5885235282,WPA2,1,0,1,8,6.0;9.0;12.0;18.0;24.0;36.0;48.0;54.0,0,11,,1,20,2,0,8E:57:9B,Unknown,0,261
271182,BrownArc-Jio,FC:7A:58:30:93:DA,-87,11,3266,100,803672473994,WPA2,1,0,1,8,1.0;2.0;5.5;11.0;9.0;18.0;36.0;54.0;6.0;12.0;24.0;48.0,4,11,IN,1,20,2,1,FC:7A:58,Unknown,0,285
271225,SanD-JioFiber_EXT,8C:90:2D:3B:B6:5A,-94,12,2632,100,3264000402,WPA2,1,0,1,8,1.0;2.0;5.5;11.0;9.0;18.0;36.0;54.0;6.0;12.0;24.0;48.0,4,11,,1,20,2,0,8C:90:2D,Unknown,0,223
271284,BrownArc-Jio,FC:7A:58:30:93:DA,-87,12,3267,100,803672578801,WPA2,1,0,1,8,1.0;2.0;5.5;11.0;9.0;18.0;36.0;54.0;6.0;12.0;24.0;48.0,4,11,IN,1,20,2,1,FC:7A:58,Unknown,0,285
271722,vasudha_4G,FC:7A:58:0E:CD:2A,-78,1,521,100,554372711045,WPA2,1,0,1,8,1.0;2.0;5.5;11.0;9.0;18.0;36.0;54.0;6.0;12.0;24.0;48.0,4,1,IN,1,20,2,1,FC:7A:58,Unknown,0,283
271775,Jio4G,8C:A3:99:66:B3:A6,-94,1,2177,100,802769512546,WPA2,1,0,1,8,1.0;2.0;5.5;11.0;9.0;18.0;36.0;54.0;6.0;12.0;24.0;48.0,4,1,IN,1,20,2,1,8C:A3:99,Unknown,0,278
271828,vasudha_4G,FC:7A:58:0E:CD:2A,-77,1,522,100,554372813340,WPA2,1,0,1,8,1.0;2.0;5.5;11.0;9.0;18.0;36.0;54.0;6.0;12.0;24.0;48.0,4,1,IN,1,20,2,1,FC:7A:58,Unknown,0,283
271880,Jio4G,8C:A3:99:66:B3:A6,-92,1,2178,100,802769614848,WPA2,1,0,1,8,1.0;2.0;5.5;11.0;9.0;18.0;36.0;54.0;6.0;12.0;24.0;48.0,4,1,IN,1,20,2,1,8C:A3:99,Unknown,0,278
272029,vasudha_4G,FC:7A:58:0E:CD:2A,-79,2,524,100,554373018042,WPA2,1,0,1,8,1.0;2.0;5.5;11.0;9.0;18.0;36.0;54.0;6.0;12.0;24.0;48.0,4,1,IN,1,20,2,1,FC:7A:58,Unknown,0,283
272697,Charleshome_4g,60:A4:B7:D0:B1:81,-81,5,1564,100,18058752345,WPA2,1,0,1,8,1.0;2.0;5.5;11.0;9.0;18.0;36.0;54.0;6.0;12.0;24.0;48.0,4,6,,1,40,2,1,60:A4:B7,Unknown,0,244
272739,suresh4G,CA:78:C9:FE:B1:3C,-89,5,673,100,9991068041,WPA2,1,0,1,8,1.0;2.0;5.5;11.0;18.0;24.0;36.0;54.0;6.0;9.0;12.0;48.0,4,6,IN,1,40,2,1,CA:78:C9,Unknown,0,228
272799,Charleshome_4g,60:A4:B7:D0:B1:81,-81,5,1566,100,18058854751,WPA2,1,0,1,8,1.0;2.0;5.5;11.0;9.0;18.0;36.0;54.0;6.0;12.0;24.0;48.0,4,6,,1,40,2,1,60:A4:B7,Unknown,0,244
272901,Charleshome_4g,60:A4:B7:D0:B1:81,-78,5,1568,100,18058957151,WPA2,1,0,1,8,1.0;2.0;5.5;11.0;9.0;18.0;36.0;54.0;6.0;12.0;24.0;48.0,4,6,,1,40,2,1,60:A4:B7,Unknown,0,244
273004,Charleshome_4g,60:A4:B7:D0:B1:81,-77,6,1570,100,18059059550,WPA2,1,0,1,8,1.0;2.0;5.5;11.0;9.0;18.0;36.0;54.0;6.0;12.0;24.0;48.0,4,6,,1,40,2,1,60:A4:B7,Unknown,0,244
273047,Charleshome_5g,62:A4:B7:D1:B1:81,-77,6,1571,100,18059061711,WPA2,1,0,1,8,1.0;2.0;5.5;11.0;9.0;18.0;36.0;54.0;6.0;12.0;24.0;48.0,4,6,,1,40,2,1,62:A4:B7,Unknown,0,244
273099,Airtel__dontuse,30:BD:13:27:87:96,-91,6,899,100,180616806430,WPA2,1,0,1,8,1.0;2.0;5.5;11.0;6.0;9.0;12.0;18.0;24.0;36.0;48.0;54.0,4,6,IN,1,20,2,1,30:BD:13,Unknown,0,311
273152,babu_5G,CA:78:C9:FE:B1:30,-88,6,678,100,9991373216,WPA2,1,0,1,8,1.0;2.0;5.5;11.0;18.0;24.0;36.0;54.0;6.0;9.0;12.0;48.0,4,6,IN,1,40,2,1,CA:78:C9,Unknown,0,227
273194,suresh4G,CA:78:C9:FE:B1:3C,-88,6,679,100,9991375243,WPA2,1,0,1,8,1.0;2.0;5.5;11.0;18.0;24.0;36.0;54.0;6.0;9.0;12.0;48.0,4,6,IN,1,40,2,1,CA:78:C9,Unknown,0,228
273254,ACTFIBERNET,B0:A7:B9:AF:A6:1B,-91,6,1435,100,803715379591,WPA2,1,0,1,8,1.0;2.0;5.5;11.0;18.0;24.0;36.0;54.0;6.0;9.0;12.0;48.0,4,7,,1,40,2,1,B0:A7:B9,Unknown,0,261
273306,Charleshome_4g,60:A4:B7:D0:B1:81,-74,6,1572,100,18059161952,WPA2,1,0,1,8,1.0;2.0;5.5;11.0;9.0;18.0;36.0;54.0;6.0;12.0;24.0;48.0,4,6,,1,40,2,1,60:A4:B7,Unknown,0,244
273359,Charleshome_5g,62:A4:B7:D1:B1:81,-77,6,1573,100,18059164113,WPA2,1,0,1,8,1.0;2.0;5.5;11.0;9.0;18.0;36.0;54.0;6.0;12.0;24.0;48.0,4,6,,1,40,2,1,62:A4:B7,Unknown,0,244
273401,Airtel__dontuse,30:BD:13:27:87:96,-88,6,900,100,180616908848,WPA2,1,0,1,8,1.0;2.0;5.5;11.0;6.0;9.0;12.0;18.0;24.0;36.0;48.0;54.0,4,6,IN,1,20,2,1,30:BD:13,Unknown,0,311
273454,ACTFIBERNET,B0:A7:B9:AF:A6:1B,-88,7,1437,100,803715584397,WPA2,1,0,1,8,1.0;2.0;5.5;11.0;18.0;24.0;36.0;54.0;6.0;9.0;12.0;48.0,4,7,,1,40,2,1,B0:A7:B9,Unknown,0,261
273507,Charleshome_5g,62:A4:B7:D1:B1:81,-76,7,1577,100,18059368917,WPA2,1,0,1,8,1.0;2.0;5.5;11.0;9.0;18.0;36.0;54.0;6.0;12.0;24.0;48.0,4,6,,1,40,2,1,62:A4:B7,Unknown,0,244
273560,ACTFIBERNET,B0:A7:B9:AF:A6:1B,-89,7,1438,100,803715686801,WPA2,1,0,1,8,1.0;2.0;5.5;11.0;18.0;24.0;36.0;54.0;6.0;9.0;12.0;48.0,4,7,,1,40,2,1,B0:A7:B9,Unknown,0,261
273602,Charleshome_4g,60:A4:B7:D0:B1:81,-75,7,1578,100,18059469483,WPA2,1,0,1,8,1.0;2.0;5.5;11.0;9.0;18.0;36.0;54.0;6.0;12.0;24.0;48.0,4,6,,1,40,2,1,60:A4:B7,Unknown,0,244
273655,stupidshanG_EXT,9C:53:22:40:D3:D5,-91,8,3840,100,802856962358,WPA2,1,0,1,8,1.0;2.0;5.5;11.0;9.0;18.0;36.0;54.0;6.0;12.0;24.0;48.0,4,8,,1,20,2,0,9C:53:22,Unknown,0,305
273718,stupidshanG_EXT,9C:53:22:40:D3:D5,-91,8,3841,100,802857064950,WPA2,1,0,1,8,1.0;2.0;5.5;11.0;9.0;18.0;36.0;54.0;6.0;12.0;24.0;48.0,4,8,,1,20,2,0,9C:53:22,Unknown,0,305
273781,Vidya,78:20:51:C9:AC:08,-89,8,3656,100,802856448425,WPA2,1,0,1,8,1.0;2.0;5.5;11.0;9.0;18.0;36.0;54.0;6.0;12.0;24.0;48.0,4,8,,1,40,2,1,78:20:51,Unknown,0,380
273834,Vidya,78:20:51:C9:AC:08,-88,9,3660,100,802856550799,WPA2,1,0,1,8,1.0;2.0;5.5;11.0;9.0;18.0;36.0;54.0;6.0;12.0;24.0;48.0,4,8,,1,40,2,1,78:20:51,Unknown,0,380
273866,,7A:20:51:29:AC:08,-88,9,3661,100,802856550823,WEP,1,0,1,0,,0,0,,0,0,0,0,7A:20:51,Unknown,0,310
273888,,DA:44:89:2E:11:AD,-94,9,548,100,802856346011,WEP,1,0,0,0,,0,0,,0,0,0,0,DA:44:89,Unknown,0,310
273940,Vidya,78:20:51:C9:AC:08,-91,9,3664,100,802856653200,WPA2,1,0,1,8,1.0;2.0;5.5;11.0;9.0;18.0;36.0;54.0;6.0;12.0;24.0;48.0,4,8,,1,40,2,1,78:20:51,Unknown,0,380
274032,BrownArc-Jio,FC:7A:58:30:93:DA,-90,10,3295,100,803675341221,WPA2,1,0,1,8,1.0;2.0;5.5;11.0;9.0;18.0;36.0;54.0;6.0;12.0;24.0;48.0,4,11,IN,1,20,2,1,FC:7A:58,Unknown,0,285
274096,TP-Link_26A2,AC:15:A2:DA:26:A2,-91,10,1825,100,803746308014,WPA2,1,0,1,8,1.0;2.0;5.5;11.0;9.0;18.0;36.0;54.0;6.0;12.0;24.0;48.0,4,10,,1,40,2,0,AC:15:A2,Unknown,0,265
274237,BrownArc-Jio,FC:7A:58:30:93:DA,-86,11,3297,100,803675546025,WPA2,1,0,1,8,1.0;2.0;5.5;11.0;9.0;18.0;36.0;54.0;6.0;12.0;24.0;48.0,4,11,IN,1,20,2,1,FC:7A:58,Unknown,0,285
274304,DIRECT-EX,8E:57:9B:08:7F:06,-89,11,943,100,5888409691,WPA2,1,0,1,8,6.0;9.0;12.0;18.0;24.0;36.0;48.0;54.0,0,11,,1,20,2,0,8E:57:9B,Unknown,0,261
274401,ACTFIBERNET,AC:15:A2:92:C5:D3,-90,11,3595,100,554435703467,WPA2,1,0,1,8,1.0;2.0;5.5;11.0;9.0;18.0;36.0;54.0;6.0;12.0;24.0;48.0,4,11,,1,40,2,1,AC:15:A2,Unknown,0,241
274454,DIRECT-EX,8E:57:9B:08:7F:06,-82,11,948,100,5888512066,WPA2,1,0,1,8,6.0;9.0;12.0;18.0;24.0;36.0;48.0;54.0,0,11,,1,20,2,0,8E:57:9B,Unknown,0,261
274497,ACTFIBERNET,AC:15:A2:92:C5:D3,-91,12,3596,100,554435789120,WPA2,1,0,1,8,1.0;2.0;5.5;11.0;9.0;18.0;36.0;54.0;6.0;12.0;24.0;48.0,4,11,,1,40,2,1,AC:15:A2,Unknown,0,241
274646,BrownArc-Jio,FC:7A:58:30:93:DA,-89,12,3302,100,803675955594,WPA2,1,0,1,8,1.0;2.0;5.5;11.0;9.0;18.0;36.0;54.0;6.0;12.0;24.0;48.0,4,11,IN,1,20,2,1,FC:7A:58,Unknown,0,285
275093,Jio4G,8C:A3:99:66:B3:A6,-90,1,2211,100,802772891496,WPA2,1,0,1,8,1.0;2.0;5.5;11.0;9.0;18.0;36.0;54.0;6.0;12.0;24.0;48.0,4,1,IN,1,20,2,1,8C:A3:99,Unknown,0,278
275196,Jio4G,8C:A3:99:66:B3:A6,-92,2,2212,100,802772993967,WPA2,1,0,1,8,1.0;2.0;5.5;11.0;9.0;18.0;36.0;54.0;6.0;12.0;24.0;48.0,4,1,IN,1,20,2,1,8C:A3:99,Unknown,0,278
275306,vasudha_4G,FC:7A:58:0E:CD:2A,-77,2,562,100,554376294821,WPA2,1,0,1,8,1.0;2.0;5.5;11.0;9.0;18.0;36.0;54.0;6.0;12.0;24.0;48.0,4,1,IN,1,20,2,1,FC:7A:58,Unknown,0,283
275359,Jio4G,8C:A3:99:66:B3:A6,-91,2,2213,100,802773096282,WPA2,1,0,1,8,1.0;2.0;5.5;11.0;9.0;18.0;36.0;54.0;6.0;12.0;24.0;48.0,4,1,IN,1,20,2,1,8C:A3:99,Unknown,0,278
275401,Palani,9C:A2:F4:E8:A2:D4,-93,2,538,100,802842726912,WPA2,1,0,1,8,1.0;2.0;5.5;11.0;9.0;18.0;36.0;54.0;6.0;12.0;24.0;48.0,4,2,,1,40,2,1,9C:A2:F4,Unknown,0,236
276181,Charleshome_5g,62:A4:B7:D1:B1:81,-85,5,1633,100,18062236081,WPA2,1,0,1,8,1.0;2.0;5.5;11.0;9.0;18.0;36.0;54.0;6.0;12.0;24.0;48.0,4,6,,1,40,2,1,62:A4:B7,Unknown,0,244
276283,Charleshome_5g,62:A4:B7:D1:B1:81,-85,6,1635,100,18062338480,WPA2,1,0,1,8,1.0;2.0;5.5;11.0;9.0;18.0;36.0;54.0;6.0;12.0;24.0;48.0,4,6,,1,40,2,1,62:A4:B7,Unknown,0,244
276383,Charleshome_4g,60:A4:B7:D0:B1:81,-84,6,1636,100,18062438717,WPA2,1,0,1,8,1.0;2.0;5.5;11.0;9.0;18.0;36.0;54.0;6.0;12.0;24.0;48.0,4,6,,1,40,2,1,60:A4:B7,Unknown,0,244
276426,Charleshome_5g,62:A4:B7:D1:B1:81,-93,6,1637,100,18062440878,WPA2,1,0,1,8,1.0;2.0;5.5;11.0;9.0;18.0;36.0;54.0;6.0;12.0;24.0;48.0,4,6,,1,40,2,1,62:A4:B7,Unknown,0,244
276486,Charleshome_4g,60:A4:B7:D0:B1:81,-87,7,1638,100,18062541121,WPA2,1,0,1,8,1.0;2.0;5.5;11.0;9.0;18.0;36.0;54.0;6.0;12.0;24.0;48.0,4,6,,1,40,2,1,60:A4:B7,Unknown,0,244
276588,Charleshome_4g,60:A4:B7:D0:B1:81,-91,7,1640,100,18062643522,WPA2,1,0,1,8,1.0;2.0;5.5;11.0;9.0;18.0;36.0;54.0;6.0;12.0;24.0;48.0,4,6,,1,40,2,1,60:A4:B7,Unknown,0,244
276753,,7A:20:51:29:AC:08,-93,8,3783,100,802859622818,WEP,1,0,1,0,,0,0,,0,0,0,0,7A:20:51,Unknown,0,310
277456,ACTFIBERNET,AC:15:A2:92:C5:D3,-94,11,3625,100,554438758751,WPA2,1,0,1,8,1.0;2.0;5.5;11.0;9.0;18.0;36.0;54.0;6.0;12.0;24.0;48.0,4,11,,1,40,2,1,AC:15:A2,Unknown,0,241
277513,BrownArc-Jio,FC:7A:58:30:93:DA,-91,11,3331,100,803678822823,WPA2,1,0,1,8,1.0;2.0;5.5;11.0;9.0;18.0;36.0;54.0;6.0;12.0;24.0;48.0,4,11,IN,1,20,2,1,FC:7A:58,Unknown,0,285
277558,ACTFIBERNET,AC:15:A2:92:C5:D3,-94,11,3626,100,554438861151,WPA2,1,0,1,8,1.0;2.0;5.5;11.0;9.0;18.0;36.0;54.0;6.0;12.0;24.0;48.0,4,11,,1,40,2,1,AC:15:A2,Unknown,0,241
277616,BrownArc-Jio,FC:7A:58:30:93:DA,-93,11,3332,100,803678925198,WPA2,1,0,1,8,1.0;2.0;5.5;11.0;9.0;18.0;36.0;54.0;6.0;12.0;24.0;48.0,4,11,IN,1,20,2,1,FC:7A:58,Unknown,0,285
277661,ACTFIBERNET,AC:15:A2:92:C5:D3,-92,11,3627,100,554438963551,WPA2,1,0,1,8,1.0;2.0;5.5;11.0;9.0;18.0;36.0;54.0;6.0;12.0;24.0;48.0,4,11,,1,40,2,1,AC:15:A2,Unknown,0,241
277722,BrownArc-Jio,FC:7A:58:30:93:DA,-94,12,3333,100,803679027594,WPA2,1,0,1,8,1.0;2.0;5.5;11.0;9.0;18.0;36.0;54.0;6.0;12.0;24.0;48.0,4,11,IN,1,20,2,1,FC:7A:58,Unknown,0,285
278268,Jio4G,8C:A3:99:66:B3:A6,-90,1,2242,100,802776065842,WPA2,1,0,1,8,1.0;2.0;5.5;11.0;9.0;18.0;36.0;54.0;6.0;12.0;24.0;48.0,4,1,IN,1,20,2,1,8C:A3:99,Unknown,0,278
278378,vasudha_4G,FC:7A:58:0E:CD:2A,-84,1,593,100,554379367307,WPA2,1,0,1,8,1.0;2.0;5.5;11.0;9.0;18.0;36.0;54.0;6.0;12.0;24.0;48.0,4,1,IN,1,20,2,1,FC:7A:58,Unknown,0,283
278431,Jio4G,8C:A3:99:66:B3:A6,-89,1,2243,100,802776168761,WPA2,1,0,1,8,1.0;2.0;5.5;11.0;9.0;18.0;36.0;54.0;6.0;12.0;24.0;48.0,4,1,IN,1,20,2,1,8C:A3:99,Unknown,0,278
278484,vasudha_4G,FC:7A:58:0E:CD:2A,-92,2,594,100,554379469271,WPA2,1,0,1,8,1.0;2.0;5.5;11.0;9.0;18.0;36.0;54.0;6.0;12.0;24.0;48.0,4,1,IN,1,20,2,1,FC:7A:58,Unknown,0,283
278546,Jio4G,8C:A3:99:66:B3:A6,-92,2,2244,100,802776270706,WPA2,1,0,1,8,1.0;2.0;5.5;11.0;9.0;18.0;36.0;54.0;6.0;12.0;24.0;48.0,4,1,IN,1,20,2,1,8C:A3:99,Unknown,0,278
279046,Charleshome_4g,60:A4:B7:D0:B1:81,-83,4,1688,100,18065101144,WPA2,1,0,1,8,1.0;2.0;5.5;11.0;9.0;18.0;36.0;54.0;6.0;12.0;24.0;48.0,4,6,,1,40,2,1,60:A4:B7,Unknown,0,244
279148,Charleshome_4g,60:A4:B7:D0:B1:81,-83,4,1690,100,18065203546,WPA2,1,0,1,8,1.0;2.0;5.5;11.0;9.0;18.0;36.0;54.0;6.0;12.0;24.0;48.0,4,6,,1,40,2,1,60:A4:B7,Unknown,0,244
279253,Charleshome_5g,62:A4:B7:D1:B1:81,-84,5,1693,100,18065308109,WPA2,1,0,1,8,1.0;2.0;5.5;11.0;9.0;18.0;36.0;54.0;6.0;12.0;24.0;48.0,4,6,,1,40,2,1,62:A4:B7,Unknown,0,244
279355,Charleshome_5g,62:A4:B7:D1:B1:81,-84,5,1695,100,18065410512,WPA2,1,0,1,8,1.0;2.0;5.5;11.0;9.0;18.0;36.0;54.0;6.0;12.0;24.0;48.0,4,6,,1,40,2,1,62:A4:B7,Unknown,0,244
279455,Charleshome_4g,60:A4:B7:D0:B1:81,-82,6,1696,100,18065510749,WPA2,1,0,1,8,1.0;2.0;5.5;11.0;9.0;18.0;36.0;54.0;6.0;12.0;24.0;48.0,4,6,,1,40,2,1,60:A4:B7,Unknown,0,244
279498,Charleshome_5g,62:A4:B7:D1:B1:81,-82,6,1697,100,18065512911,WPA2,1,0,1,8,1.0;2.0;5.5;11.0;9.0;18.0;36.0;54.0;6.0;12.0;24.0;48.0,4,6,,1,40,2,1,62:A4:B7,Unknown,0,244
279551,babu_5G,CA:78:C9:FE:B1:30,-93,6,820,100,9997826608,WPA2,1,0,1,8,1.0;2.0;5.5;11.0;18.0;24.0;36.0;54.0;6.0;9.0;12.0;48.0,4,6,IN,1,40,2,1,CA:78:C9,Unknown,0,227
279603,suresh4G,CA:78:C9:FE:B1:3C,-90,6,821,100,9997828635,WPA2,1,0,1,8,1.0;2.0;5.5;11.0;18.0;24.0;36.0;54.0;6.0;9.0;12.0;48.0,4,6,IN,1,40,2,1,CA:78:C9,Unknown,0,228
279646,Charleshome_4g,60:A4:B7:D0:B1:81,-78,6,1698,100,18065613146,WPA2,1,0,1,8,1.0;2.0;5.5;11.0;9.0;18.0;36.0;54.0;6.0;12.0;24.0;48.0,4,6,,1,40,2,1,60:A4:B7,Unknown,0,244
279696,Charleshome_5g,62:A4:B7:D1:B1:81,-81,6,1699,100,18065615308,WPA2,1,0,1,8,1.0;2.0;5.5;11.0;9.0;18.0;36.0;54.0;6.0;12.0;24.0;48.0,4,6,,1,40,2,1,62:A4:B7,Unknown,0,244
279748,babu_5G,CA:78:C9:FE:B1:30,-93,6,822,100,9997928976,WPA2,1,0,1,8,1.0;2.0;5.5;11.0;18.0;24.0;36.0;54.0;6.0;9.0;12.0;48.0,4,6,IN,1,40,2,1,CA:78:C9,Unknown,0,227
279791,suresh4G,CA:78:C9:FE:B1:3C,-91,6,823,100,9997931004,WPA2,1,0,1,8,1.0;2.0;5.5;11.0;18.0;24.0;36.0;54.0;6.0;9.0;12.0;48.0,4,6,IN,1,40,2,1,CA:78:C9,Unknown,0,228
279844,Charleshome_4g,60:A4:B7:D0:B1:81,-78,6,1700,100,18065715548,WPA2,1,0,1,8,1.0;2.0;5.5;11.0;9.0;18.0;36.0;54.0;6.0;12.0;24.0;48.0,4,6,,1,40,2,1,60:A4:B7,Unknown,0,244
279897,Charleshome_5g,62:A4:B7:D1:B1:81,-82,6,1701,100,18065717710,WPA2,1,0,1,8,1.0;2.0;5.5;11.0;9.0;18.0;36.0;54.0;6.0;12.0;24.0;48.0,4,6,,1,40,2,1,62:A4:B7,Unknown,0,244
279949,Charleshome_4g,60:A4:B7:D0:B1:81,-84,7,1704,100,18065920348,WPA2,1,0,1,8,1.0;2.0;5.5;11.0;9.0;18.0;36.0;54.0;6.0;12.0;24.0;48.0,4,6,,1,40,2,1,60:A4:B7,Unknown,0,244
280053,Vidya,78:20:51:C9:AC:08,-95,8,3910,100,802862899626,WPA2,1,0,1,8,1.0;2.0;5.5;11.0;9.0;18.0;36.0;54.0;6.0;12.0;24.0;48.0,4,8,,1,40,2,1,78:20:51,Unknown,0,380
280075,,7A:20:51:29:AC:08,-92,8,3911,100,802862899602,WEP,1,0,1,0,,0,0,,0,0,0,0,7A:20:51,Unknown,0,310
280156,Vidya,78:20:51:C9:AC:08,-93,8,3914,100,802863002190,WPA2,1,0,1,8,1.0;2.0;5.5;11.0;9.0;18.0;36.0;54.0;6.0;12.0;24.0;48.0,4,8,,1,40,2,1,78:20:51,Unknown,0,380
280483,BrownArc-Jio,FC:7A:58:30:93:DA,-89,10,3360,100,803681792411,WPA2,1,0,1,8,1.0;2.0;5.5;11.0;9.0;18.0;36.0;54.0;6.0;12.0;24.0;48.0,4,11,IN,1,20,2,1,FC:7A:58,Unknown,0,285
280534,TP-Link_26A2_2GEXT,94:A6:7E:49:80:14,-96,10,861,100,85997773232,WPA2,1,0,1,8,1.0;2.0;5.5;11.0;9.0;18.0;36.0;54.0;6.0;12.0;24.0;48.0,4,10,IN,1,40,2,0,94:A6:7E,Unknown,0,299
280733,ACTFIBERNET,AC:15:A2:92:C5:D3,-94,11,3657,100,554442035524,WPA2,1,0,1,8,1.0;2.0;5.5;11.0;9.0;18.0;36.0;54.0;6.0;12.0;24.0;48.0,4,11,,1,40,2,1,AC:15:A2,Unknown,0,241
280790,BrownArc-Jio,FC:7A:58:30:93:DA,-91,11,3363,100,803682099605,WPA2,1,0,1,8,1.0;2.0;5.5;11.0;9.0;18.0;36.0;54.0;6.0;12.0;24.0;48.0,4,11,IN,1,20,2,1,FC:7A:58,Unknown,0,285
280893,BrownArc-Jio,FC:7A:58:30:93:DA,-91,11,3364,100,803682202027,WPA2,1,0,1,8,1.0;2.0;5.5;11.0;9.0;18.0;36.0;54.0;6.0;12.0;24.0;48.0,4,11,IN,1,20,2,1,FC:7A:58,Unknown,0,285
280995,BrownArc-Jio,FC:7A:58:30:93:DA,-90,12,3365,100,803682304398,WPA2,1,0,1,8,1.0;2.0;5.5;11.0;9.0;18.0;36.0;54.0;6.0;12.0;24.0;48.0,4,11,IN,1,20,2,1,FC:7A:58,Unknown,0,285
281450,vasudha_4G,FC:7A:58:0E:CD:2A,-85,1,631,100,554382438792,WPA2,1,0,1,8,1.0;2.0;5.5;11.0;9.0;18.0;36.0;54.0;6.0;12.0;24.0;48.0,4,1,IN,1,20,2,1,FC:7A:58,Unknown,0,283
281655,vasudha_4G,FC:7A:58:0E:CD:2A,-84,1,633,100,554382643834,WPA2,1,0,1,8,1.0;2.0;5.5;11.0;9.0;18.0;36.0;54.0;6.0;12.0;24.0;48.0,4,1,IN,1,20,2,1,FC:7A:58,Unknown,0,283
281860,vasudha_4G,FC:7A:58:0E:CD:2A,-85,2,635,100,554382848574,WPA2,1,0,1,8,1.0;2.0;5.5;11.0;9.0;18.0;36.0;54.0;6.0;12.0;24.0;48.0,4,1,IN,1,20,2,1,FC:7A:58,Unknown,0,283
282426,Isha99_FF,9C:A2:F4:FA:D3:9C,-90,4,2483,100,30691955405211,WPA2,1,0,1,8,1.0;2.0;5.5;11.0;9.0;18.0;36.0;54.0;6.0;12.0;24.0;48.0,4,5,,1,40,2,1,9C:A2:F4,Unknown,0,384
282529,Isha99_FF,9C:A2:F4:FA:D3:9C,-90,5,2487,100,30691955507613,WPA2,1,0,1,8,1.0;2.0;5.5;11.0;9.0;18.0;36.0;54.0;6.0;12.0;24.0;48.0,4,5,,1,40,2,1,9C:A2:F4,Unknown,0,384
282732,Charleshome_4g,60:A4:B7:D0:B1:81,-78,6,1760,100,18068787519,WPA2,1,0,1,8,1.0;2.0;5.5;11.0;9.0;18.0;36.0;54.0;6.0;12.0;24.0;48.0,4,6,,1,40,2,1,60:A4:B7,Unknown,0,244
282775,Charleshome_5g,62:A4:B7:D1:B1:81,-79,6,1761,100,18068789680,WPA2,1,0,1,8,1.0;2.0;5.5;11.0;9.0;18.0;36.0;54.0;6.0;12.0;24.0;48.0,4,6,,1,40,2,1,62:A4:B7,Unknown,0,244
282828,Airtel__dontuse,30:BD:13:27:87:96,-93,6,994,100,180626534448,WPA2,1,0,1,8,1.0;2.0;5.5;11.0;6.0;9.0;12.0;18.0;24.0;36.0;48.0;54.0,4,6,IN,1,20,2,1,30:BD:13,Unknown,0,311
282880,babu_5G,CA:78:C9:FE:B1:30,-88,6,896,100,10001103241,WPA2,1,0,1,8,1.0;2.0;5.5;11.0;18.0;24.0;36.0;54.0;6.0;9.0;12.0;48.0,4,6,IN,1,40,2,1,CA:78:C9,Unknown,0,227
282922,suresh4G,CA:78:C9:FE:B1:3C,-88,6,897,100,10001105286,WPA2,1,0,1,8,1.0;2.0;5.5;11.0;18.0;24.0;36.0;54.0;6.0;9.0;12.0;48.0,4,6,IN,1,40,2,1,CA:78:C9,Unknown,0,228
282984,Charleshome_4g,60:A4:B7:D0:B1:81,-84,6,1762,100,18068889914,WPA2,1,0,1,8,1.0;2.0;5.5;11.0;9.0;18.0;36.0;54.0;6.0;12.0;24.0;48.0,4,6,,1,40,2,1,60:A4:B7,Unknown,0,244
283037,Charleshome_5g,62:A4:B7:D1:B1:81,-83,6,1763,100,18068892076,WPA2,1,0,1,8,1.0;2.0;5.5;11.0;9.0;18.0;36.0;54.0;6.0;12.0;24.0;48.0,4,6,,1,40,2,1,62:A4:B7,Unknown,0,244
283079,Airtel__dontuse,30:BD:13:27:87:96,-92,6,995,100,180626636830,WPA2,1,0,1,8,1.0;2.0;5.5;11.0;6.0;9.0;12.0;18.0;24.0;36.0;48.0;54.0,4,6,IN,1,20,2,1,30:BD:13,Unknown,0,311
283132,Charleshome_4g,60:A4:B7:D0:B1:81,-83,6,1764,100,18068992318,WPA2,1,0,1,8,1.0;2.0;5.5;11.0;9.0;18.0;36.0;54.0;6.0;12.0;24.0;48.0,4,6,,1,40,2,1,60:A4:B7,Unknown,0,244
283185,ACTFIBERNET,B0:A7:B9:AF:A6:1B,-92,7,1564,100,803725312394,WPA2,1,0,1,8,1.0;2.0;5.5;11.0;18.0;24.0;36.0;54.0;6.0;9.0;12.0;48.0,4,7,,1,40,2,1,B0:A7:B9,Unknown,0,261
283236,Charleshome_4g,60:A4:B7:D0:B1:81,-82,7,1766,100,18069094721,WPA2,1,0,1,8,1.0;2.0;5.5;11.0;9.0;18.0;36.0;54.0;6.0;12.0;24.0;48.0,4,6,,1,40,2,1,60:A4:B7,Unknown,0,244
283289,Charleshome_5g,62:A4:B7:D1:B1:81,-84,7,1767,100,18069096883,WPA2,1,0,1,8,1.0;2.0;5.5;11.0;9.0;18.0;36.0;54.0;6.0;12.0;24.0;48.0,4,6,,1,40,2,1,62:A4:B7,Unknown,0,244
283332,ACTFIBERNET,B0:A7:B9:AF:A6:1B,-90,8,1566,100,803725517192,WPA2,1,0,1,8,1.0;2.0;5.5;11.0;18.0;24.0;36.0;54.0;6.0;9.0;12.0;48.0,4,7,,1,40,2,1,B0:A7:B9,Unknown,0,261
283385,Charleshome_4g,60:A4:B7:D0:B1:81,-81,8,1770,100,18069299525,WPA2,1,0,1,8,1.0;2.0;5.5;11.0;9.0;18.0;36.0;54.0;6.0;12.0;24.0;48.0,4,6,,1,40,2,1,60:A4:B7,Unknown,0,244
283427,Charleshome_5g,62:A4:B7:D1:B1:81,-83,8,1771,100,18069301687,WPA2,1,0,1,8,1.0;2.0;5.5;11.0;9.0;18.0;36.0;54.0;6.0;12.0;24.0;48.0,4,6,,1,40,2,1,62:A4:B7,Unknown,0,244
283489,babu_5G,CA:78:C9:FE:B1:30,-88,8,906,100,10001615191,WPA2,1,0,1,8,1.0;2.0;5.5;11.0;18.0;24.0;36.0;54.0;6.0;9.0;12.0;48.0,4,6,IN,1,40,2,1,CA:78:C9,Unknown,0,227
283552,Vidya,78:20:51:C9:AC:08,-91,8,4042,100,802866278799,WPA2,1,0,1,8,1.0;2.0;5.5;11.0;9.0;18.0;36.0;54.0;6.0;12.0;24.0;48.0,4,8,,1,40,2,1,78:20:51,Unknown,0,380
283574,,7A:20:51:29:AC:08,-92,8,4043,100,802866278826,WEP,1,0,1,0,,0,0,,0,0,0,0,7A:20:51,Unknown,0,310
283965,BrownArc-Jio,FC:7A:58:30:93:DA,-87,11,3394,100,803685274032,WPA2,1,0,1,8,1.0;2.0;5.5;11.0;9.0;18.0;36.0;54.0;6.0;12.0;24.0;48.0,4,11,IN,1,20,2,1,FC:7A:58,Unknown,0,285
284032,DIRECT-EX,8E:57:9B:08:7F:06,-92,11,1042,100,5898137695,WPA2,1,0,1,8,6.0;9.0;12.0;18.0;24.0;36.0;48.0;54.0,0,11,,1,20,2,0,8E:57:9B,Unknown,0,261
284093,BrownArc-Jio,FC:7A:58:30:93:DA,-88,11,3395,100,803685376418,WPA2,1,0,1,8,1.0;2.0;5.5;11.0;9.0;18.0;36.0;54.0;6.0;12.0;24.0;48.0,4,11,IN,1,20,2,1,FC:7A:58,Unknown,0,285
284136,ACTFIBERNET,AC:15:A2:92:C5:D3,-94,11,3690,100,554445414751,WPA2,1,0,1,8,1.0;2.0;5.5;11.0;9.0;18.0;36.0;54.0;6.0;12.0;24.0;48.0,4,11,,1,40,2,1,AC:15:A2,Unknown,0,241
284189,BrownArc-Jio,FC:7A:58:30:93:DA,-90,11,3396,100,803685478825,WPA2,1,0,1,8,1.0;2.0;5.5;11.0;9.0;18.0;36.0;54.0;6.0;12.0;24.0;48.0,4,11,IN,1,20,2,1,FC:7A:58,Unknown,0,285
284242,ACTFIBERNET,AC:15:A2:92:C5:D3,-92,11,3691,100,554445519763,WPA2,1,0,1,8,1.0;2.0;5.5;11.0;9.0;18.0;36.0;54.0;6.0;12.0;24.0;48.0,4,11,,1,40,2,1,AC:15:A2,Unknown,0,241
284727,vasudha_4G,FC:7A:58:0E:CD:2A,-82,1,668,100,554385715632,WPA2,1,0,1,8,1.0;2.0;5.5;11.0;9.0;18.0;36.0;54.0;6.0;12.0;24.0;48.0,4,1,IN,1,20,2,1,FC:7A:58,Unknown,0,283
284829,vasudha_4G,FC:7A:58:0E:CD:2A,-83,1,669,100,554385818153,WPA2,1,0,1,8,1.0;2.0;5.5;11.0;9.0;18.0;36.0;54.0;6.0;12.0;24.0;48.0,4,1,IN,1,20,2,1,FC:7A:58,Unknown,0,283
284931,vasudha_4G,FC:7A:58:0E:CD:2A,-86,1,670,100,554385920413,WPA2,1,0,1,8,1.0;2.0;5.5;11.0;9.0;18.0;36.0;54.0;6.0;12.0;24.0;48.0,4,1,IN,1,20,2,1,FC:7A:58,Unknown,0,283
285034,vasudha_4G,FC:7A:58:0E:CD:2A,-84,2,673,100,554386022792,WPA2,1,0,1,8,1.0;2.0;5.5;11.0;9.0;18.0;36.0;54.0;6.0;12.0;24.0;48.0,4,1,IN,1,20,2,1,FC:7A:58,Unknown,0,283
285136,vasudha_4G,FC:7A:58:0E:CD:2A,-86,2,674,100,554386125213,WPA2,1,0,1,8,1.0;2.0;5.5;11.0;9.0;18.0;36.0;54.0;6.0;12.0;24.0;48.0,4,1,IN,1,20,2,1,FC:7A:58,Unknown,0,283
285703,Isha99_FF,9C:A2:F4:FA:D3:9C,-88,5,2617,100,30691958682012,WPA2,1,0,1,8,1.0;2.0;5.5;11.0;9.0;18.0;36.0;54.0;6.0;12.0;24.0;48.0,4,5,,1,40,2,1,9C:A2:F4,Unknown,0,384
285734,,9E:A2:F4:AA:D3:9C,-89,5,2618,100,30691958682001,WEP,1,0,1,0,,0,0,,0,0,0,0,9E:A2:F4,Unknown,0,334
285805,Isha99_FF,9C:A2:F4:FA:D3:9C,-90,5,2621,100,30691958784397,WPA2,1,0,1,8,1.0;2.0;5.5;11.0;9.0;18.0;36.0;54.0;6.0;12.0;24.0;48.0,4,5,,1,40,2,1,9C:A2:F4,Unknown,0,384
285827,,9E:A2:F4:AA:D3:9C,-91,5,2622,100,30691958784426,WEP,1,0,1,0,,0,0,,0,0,0,0,9E:A2:F4,Unknown,0,334
285880,Charleshome_5g,62:A4:B7:D1:B1:81,-88,5,1821,100,18071861704,WPA2,1,0,1,8,1.0;2.0;5.5;11.0;9.0;18.0;36.0;54.0;6.0;12.0;24.0;48.0,4,6,,1,40,2,1,62:A4:B7,Unknown,0,244
285932,Isha99_FF,9C:A2:F4:FA:D3:9C,-90,5,2625,100,30691958886792,WPA2,1,0,1,8,1.0;2.0;5.5;11.0;9.0;18.0;36.0;54.0;6.0;12.0;24.0;48.0,4,5,,1,40,2,1,9C:A2:F4,Unknown,0,384
285962,,9E:A2:F4:AA:D3:9C,-90,5,2626,100,30691958886803,WEP,1,0,1,0,,0,0,,0,0,0,0,9E:A2:F4,Unknown,0,334
286016,Isha99_FF,9C:A2:F4:FA:D3:9C,-90,5,2629,100,30691958989206,WPA2,1,0,1,8,1.0;2.0;5.5;11.0;9.0;18.0;36.0;54.0;6.0;12.0;24.0;48.0,4,5,,1,40,2,1,9C:A2:F4,Unknown,0,384
286069,Charleshome_4g,60:A4:B7:D0:B1:81,-88,6,1824,100,18072064349,WPA2,1,0,1,8,1.0;2.0;5.5;11.0;9.0;18.0;36.0;54.0;6.0;12.0;24.0;48.0,4,6,,1,40,2,1,60:A4:B7,Unknown,0,244
286121,Charleshome_5g,62:A4:B7:D1:B1:81,-89,6,1825,100,18072066510,WPA2,1,0,1,8,1.0;2.0;5.5;11.0;9.0;18.0;36.0;54.0;6.0;12.0;24.0;48.0,4,6,,1,40,2,1,62:A4:B7,Unknown,0,244
286164,Charleshome_4g,60:A4:B7:D0:B1:81,-86,6,1826,100,18072166747,WPA2,1,0,1,8,1.0;2.0;5.5;11.0;9.0;18.0;36.0;54.0;6.0;12.0;24.0;48.0,4,6,,1,40,2,1,60:A4:B7,Unknown,0,244
286215,Charleshome_5g,62:A4:B7:D1:B1:81,-90,6,1827,100,18072168908,WPA2,1,0,1,8,1.0;2.0;5.5;11.0;9.0;18.0;36.0;54.0;6.0;12.0;24.0;48.0,4,6,,1,40,2,1,62:A4:B7,Unknown,0,244
286237,,9E:A2:F4:AA:D3:9C,-92,7,2638,100,30691959194024,WEP,1,0,1,0,,0,0,,0,0,0,0,9E:A2:F4,Unknown,0,334
286290,Charleshome_5g,62:A4:B7:D1:B1:81,-88,7,1829,100,18072271309,WPA2,1,0,1,8,1.0;2.0;5.5;11.0;9.0;18.0;36.0;54.0;6.0;12.0;24.0;48.0,4,6,,1,40,2,1,62:A4:B7,Unknown,0,244
286402,Vidya,78:20:51:C9:AC:08,-92,7,64,100,802869248427,WPA2,1,0,1,8,1.0;2.0;5.5;11.0;9.0;18.0;36.0;54.0;6.0;12.0;24.0;48.0,4,8,,1,40,2,1,78:20:51,Unknown,0,380
286505,Vidya,78:20:51:C9:AC:08,-92,8,68,100,802869350797,WPA2,1,0,1,8,1.0;2.0;5.5;11.0;9.0;18.0;36.0;54.0;6.0;12.0;24.0;48.0,4,8,,1,40,2,1,78:20:51,Unknown,0,380
286534,,7A:20:51:29:AC:08,-93,8,69,100,802869350810,WEP,1,0,1,0,,0,0,,0,0,0,0,7A:20:51,Unknown,0,310
286607,Vidya,78:20:51:C9:AC:08,-97,8,72,100,802869453206,WPA2,1,0,1,8,1.0;2.0;5.5;11.0;9.0;18.0;36.0;54.0;6.0;12.0;24.0;48.0,4,8,,1,40,2,1,78:20:51,Unknown,0,380
286703,palani-1st floor ,50:91:E3:F7:90:7E,-93,9,769,100,802870886902,WPA2,1,0,1,8,1.0;2.0;5.5;11.0;9.0;18.0;36.0;54.0;6.0;12.0;24.0;48.0,4,9,,1,40,2,1,50:91:E3,Unknown,0,341
286734,,52:91:E3:A7:90:7E,-94,9,770,100,802870886803,WEP,1,0,1,0,,0,0,,0,0,0,0,52:91:E3,Unknown,0,310
286894,,52:91:E3:A7:90:7E,-94,9,778,100,802871091593,WEP,1,0,1,0,,0,0,,0,0,0,0,52:91:E3,Unknown,0,310
287207,DIRECT-EX,8E:57:9B:08:7F:06,-91,11,1073,100,5901312065,WPA2,1,0,1,8,6.0;9.0;12.0;18.0;24.0;36.0;48.0;54.0,0,11,,1,20,2,0,8E:57:9B,Unknown,0,261
287287,ACTFIBERNET,AC:15:A2:92:C5:D3,-96,11,3721,100,554448589118,WPA2,1,0,1,8,1.0;2.0;5.5;11.0;9.0;18.0;36.0;54.0;6.0;12.0;24.0;48.0,4,11,,1,40,2,1,AC:15:A2,Unknown,0,241
287344,BrownArc-Jio,FC:7A:58:30:93:DA,-93,11,3427,100,803688653227,WPA2,1,0,1,8,1.0;2.0;5.5;11.0;9.0;18.0;36.0;54.0;6.0;12.0;24.0;48.0,4,11,IN,1,20,2,1,FC:7A:58,Unknown,0,285
288004,vasudha_4G,FC:7A:58:0E:CD:2A,-81,1,707,100,554388992429,WPA2,1,0,1,8,1.0;2.0;5.5;11.0;9.0;18.0;36.0;54.0;6.0;12.0;24.0;48.0,4,1,IN,1,20,2,1,FC:7A:58,Unknown,0,283
288056,Jio4G,8C:A3:99:66:B3:A6,-91,1,2340,100,802785793783,WPA2,1,0,1,8,1.0;2.0;5.5;11.0;9.0;18.0;36.0;54.0;6.0;12.0;24.0;48.0,4,1,IN,1,20,2,1,8C:A3:99,Unknown,0,278
288208,vasudha_4G,FC:7A:58:0E:CD:2A,-89,2,709,100,554389197275,WPA2,1,0,1,8,1.0;2.0;5.5;11.0;9.0;18.0;36.0;54.0;6.0;12.0;24.0;48.0,4,1,IN,1,20,2,1,FC:7A:58,Unknown,0,283
288311,vasudha_4G,FC:7A:58:0E:CD:2A,-87,2,710,100,554389299610,WPA2,1,0,1,8,1.0;2.0;5.5;11.0;9.0;18.0;36.0;54.0;6.0;12.0;24.0;48.0,4,1,IN,1,20,2,1,FC:7A:58,Unknown,0,283
288413,vasudha_4G,FC:7A:58:0E:CD:2A,-87,2,711,100,554389402055,WPA2,1,0,1,8,1.0;2.0;5.5;11.0;9.0;18.0;36.0;54.0;6.0;12.0;24.0;48.0,4,1,IN,1,20,2,1,FC:7A:58,Unknown,0,283
288980,Isha99_FF,9C:A2:F4:FA:D3:9C,-89,5,2747,100,30691961958795,WPA2,1,0,1,8,1.0;2.0;5.5;11.0;9.0;18.0;36.0;54.0;6.0;12.0;24.0;48.0,4,5,,1,40,2,1,9C:A2:F4,Unknown,0,384
289002,,9E:A2:F4:AA:D3:9C,-90,5,2748,100,30691961958808,WEP,1,0,1,0,,0,0,,0,0,0,0,9E:A2:F4,Unknown,0,334
289082,Isha99_FF,9C:A2:F4:FA:D3:9C,-90,5,2751,100,30691962061211,WPA2,1,0,1,8,1.0;2.0;5.5;11.0;9.0;18.0;36.0;54.0;6.0;12.0;24.0;48.0,4,5,,1,40,2,1,9C:A2:F4,Unknown,0,384
289104,,9E:A2:F4:AA:D3:9C,-91,5,2752,100,30691962061231,WEP,1,0,1,0,,0,0,,0,0,0,0,9E:A2:F4,Unknown,0,334
289161,,9E:A2:F4:AA:D3:9C,-91,5,2756,100,30691962163627,WEP,1,0,1,0,,0,0,,0,0,0,0,9E:A2:F4,Unknown,0,334
289288,Charleshome_5g,62:A4:B7:D1:B1:81,-87,6,1889,100,18075343274,WPA2,1,0,1,8,1.0;2.0;5.5;11.0;9.0;18.0;36.0;54.0;6.0;12.0;24.0;48.0,4,6,,1,40,2,1,62:A4:B7,Unknown,0,244
289331,babu_5G,CA:78:C9:FE:B1:30,-90,6,1034,100,10007656492,WPA2,1,0,1,8,1.0;2.0;5.5;11.0;18.0;24.0;36.0;54.0;6.0;9.0;12.0;48.0,4,6,IN,1,40,2,1,CA:78:C9,Unknown,0,227
289393,suresh4G,CA:78:C9:FE:B1:3C,-92,6,1035,100,10007658538,WPA2,1,0,1,8,1.0;2.0;5.5;11.0;18.0;24.0;36.0;54.0;6.0;9.0;12.0;48.0,4,6,IN,1,40,2,1,CA:78:C9,Unknown,0,228
289782,Vidya,78:20:51:C9:AC:08,-91,8,196,100,802872627616,WPA2,1,0,1,8,1.0;2.0;5.5;11.0;9.0;18.0;36.0;54.0;6.0;12.0;24.0;48.0,4,8,,1,40,2,1,78:20:51,Unknown,0,380
289803,,7A:20:51:29:AC:08,-90,8,197,100,802872627629,WEP,1,0,1,0,,0,0,,0,0,0,0,7A:20:51,Unknown,0,310
289884,Vidya,78:20:51:C9:AC:08,-93,8,200,100,802872729996,WPA2,1,0,1,8,1.0;2.0;5.5;11.0;9.0;18.0;36.0;54.0;6.0;12.0;24.0;48.0,4,8,,1,40,2,1,78:20:51,Unknown,0,380
289906,,7A:20:51:29:AC:08,-91,8,201,100,802872730017,WEP,1,0,1,0,,0,0,,0,0,0,0,7A:20:51,Unknown,0,310
289987,Vidya,78:20:51:C9:AC:08,-91,9,204,100,802872832422,WPA2,1,0,1,8,1.0;2.0;5.5;11.0;9.0;18.0;36.0;54.0;6.0;12.0;24.0;48.0,4,8,,1,40,2,1,78:20:51,Unknown,0,380
290191,Vidya,78:20:51:C9:AC:08,-91,9,212,100,802873037214,WPA2,1,0,1,8,1.0;2.0;5.5;11.0;9.0;18.0;36.0;54.0;6.0;12.0;24.0;48.0,4,8,,1,40,2,1,78:20:51,Unknown,0,380
290416,BrownArc-Jio,FC:7A:58:30:93:DA,-88,10,3458,100,803691725219,WPA2,1,0,1,8,1.0;2.0;5.5;11.0;9.0;18.0;36.0;54.0;6.0;12.0;24.0;48.0,4,11,IN,1,20,2,1,FC:7A:58,Unknown,0,285
290464,ACTFIBERNET,AC:15:A2:92:C5:D3,-89,11,3752,100,554451765971,WPA2,1,0,1,8,1.0;2.0;5.5;11.0;9.0;18.0;36.0;54.0;6.0;12.0;24.0;48.0,4,11,,1,40,2,1,AC:15:A2,Unknown,0,241
290506,DIRECT-EX,8E:57:9B:08:7F:06,-88,11,1105,100,5904591035,WPA2,1,0,1,8,6.0;9.0;12.0;18.0;24.0;36.0;48.0;54.0,0,11,,1,20,2,0,8E:57:9B,Unknown,0,261
290569,BrownArc-Jio,FC:7A:58:30:93:DA,-88,11,3459,100,803691830783,WPA2,1,0,1,8,1.0;2.0;5.5;11.0;9.0;18.0;36.0;54.0;6.0;12.0;24.0;48.0,4,11,IN,1,20,2,1,FC:7A:58,Unknown,0,285
290612,DIRECT-EX,8E:57:9B:08:7F:06,-87,11,1106,100,5904691621,WPA2,1,0,1,8,6.0;9.0;12.0;18.0;24.0;36.0;48.0;54.0,0,11,,1,20,2,0,8E:57:9B,Unknown,0,261
290665,BrownArc-Jio,FC:7A:58:30:93:DA,-88,11,3460,100,803691930023,WPA2,1,0,1,8,1.0;2.0;5.5;11.0;9.0;18.0;36.0;54.0;6.0;12.0;24.0;48.0,4,11,IN,1,20,2,1,FC:7A:58,Unknown,0,285
290718,ACTFIBERNET,AC:15:A2:92:C5:D3,-97,11,3754,100,554451973158,WPA2,1,0,1,8,1.0;2.0;5.5;11.0;9.0;18.0;36.0;54.0;6.0;12.0;24.0;48.0,4,11,,1,40,2,1,AC:15:A2,Unknown,0,241
290771,BrownArc-Jio,FC:7A:58:30:93:DA,-89,12,3461,100,803692032408,WPA2,1,0,1,8,1.0;2.0;5.5;11.0;9.0;18.0;36.0;54.0;6.0;12.0;24.0;48.0,4,11,IN,1,20,2,1,FC:7A:58,Unknown,0,285
290826,BrownArc-Jio,FC:7A:58:30:93:DA,-89,12,3462,100,803692134816,WPA2,1,0,1,8,1.0;2.0;5.5;11.0;9.0;18.0;36.0;54.0;6.0;12.0;24.0;48.0,4,11,IN,1,20,2,1,FC:7A:58,Unknown,0,285
290881,ACTFIBERNET,AC:15:A2:92:C5:D3,-93,12,3756,100,554452173158,WPA2,1,0,1,8,1.0;2.0;5.5;11.0;9.0;18.0;36.0;54.0;6.0;12.0;24.0;48.0,4,11,,1,40,2,1,AC:15:A2,Unknown,0,241
290934,BrownArc-Jio,FC:7A:58:30:93:DA,-89,12,3463,100,803692237210,WPA2,1,0,1,8,1.0;2.0;5.5;11.0;9.0;18.0;36.0;54.0;6.0;12.0;24.0;48.0,4,11,IN,1,20,2,1,FC:7A:58,Unknown,0,285
291280,vasudha_4G,FC:7A:58:0E:CD:2A,-84,1,742,100,554392269199,WPA2,1,0,1,8,1.0;2.0;5.5;11.0;9.0;18.0;36.0;54.0;6.0;12.0;24.0;48.0,4,1,IN,1,20,2,1,FC:7A:58,Unknown,0,283
291383,vasudha_4G,FC:7A:58:0E:CD:2A,-87,1,743,100,554392371762,WPA2,1,0,1,8,1.0;2.0;5.5;11.0;9.0;18.0;36.0;54.0;6.0;12.0;24.0;48.0,4,1,IN,1,20,2,1,FC:7A:58,Unknown,0,283
291588,vasudha_4G,FC:7A:58:0E:CD:2A,-86,2,745,100,554392576772,WPA2,1,0,1,8,1.0;2.0;5.5;11.0;9.0;18.0;36.0;54.0;6.0;12.0;24.0;48.0,4,1,IN,1,20,2,1,FC:7A:58,Unknown,0,283
291690,vasudha_4G,FC:7A:58:0E:CD:2A,-87,2,746,100,554392679263,WPA2,1,0,1,8,1.0;2.0;5.5;11.0;9.0;18.0;36.0;54.0;6.0;12.0;24.0;48.0,4,1,IN,1,20,2,1,FC:7A:58,Unknown,0,283
292463,Charleshome_5g,62:A4:B7:D1:B1:81,-86,6,1951,100,18078517707,WPA2,1,0,1,8,1.0;2.0;5.5;11.0;9.0;18.0;36.0;54.0;6.0;12.0;24.0;48.0,4,6,,1,40,2,1,62:A4:B7,Unknown,0,244
292505,suresh4G,CA:78:C9:FE:B1:3C,-93,6,1108,100,10010832800,WPA2,1,0,1,8,1.0;2.0;5.5;11.0;18.0;24.0;36.0;54.0;6.0;9.0;12.0;48.0,4,6,IN,1,40,2,1,CA:78:C9,Unknown,0,228
292563,Charleshome_4g,60:A4:B7:D0:B1:81,-88,6,1952,100,18078617946,WPA2,1,0,1,8,1.0;2.0;5.5;11.0;9.0;18.0;36.0;54.0;6.0;12.0;24.0;48.0,4,6,,1,40,2,1,60:A4:B7,Unknown,0,244
292667,Charleshome_5g,62:A4:B7:D1:B1:81,-87,6,1955,100,18078722507,WPA2,1,0,1,8,1.0;2.0;5.5;11.0;9.0;18.0;36.0;54.0;6.0;12.0;24.0;48.0,4,6,,1,40,2,1,62:A4:B7,Unknown,0,244
292768,Charleshome_4g,60:A4:B7:D0:B1:81,-87,7,1956,100,18078822747,WPA2,1,0,1,8,1.0;2.0;5.5;11.0;9.0;18.0;36.0;54.0;6.0;12.0;24.0;48.0,4,6,,1,40,2,1,60:A4:B7,Unknown,0,244
292810,Charleshome_5g,62:A4:B7:D1:B1:81,-87,7,1957,100,18078824908,WPA2,1,0,1,8,1.0;2.0;5.5;11.0;9.0;18.0;36.0;54.0;6.0;12.0;24.0;48.0,4,6,,1,40,2,1,62:A4:B7,Unknown,0,244
292870,Charleshome_4g,60:A4:B7:D0:B1:81,-93,7,1958,100,18078925153,WPA2,1,0,1,8,1.0;2.0;5.5;11.0;9.0;18.0;36.0;54.0;6.0;12.0;24.0;48.0,4,6,,1,40,2,1,60:A4:B7,Unknown,0,244
292933,,7A:20:51:29:AC:08,-91,8,321,100,802875802025,WEP,1,0,1,0,,0,0,,0,0,0,0,7A:20:51,Unknown,0,310
293059,Vidya,78:20:51:C9:AC:08,-93,8,324,100,802875904401,WPA2,1,0,1,8,1.0;2.0;5.5;11.0;9.0;18.0;36.0;54.0;6.0;12.0;24.0;48.0,4,8,,1,40,2,1,78:20:51,Unknown,0,380
293080,,7A:20:51:29:AC:08,-92,8,325,100,802875904425,WEP,1,0,1,0,,0,0,,0,0,0,0,7A:20:51,Unknown,0,310
293137,,7A:20:51:29:AC:08,-91,8,329,100,802876006818,WEP,1,0,1,0,,0,0,,0,0,0,0,7A:20:51,Unknown,0,310
293263,Vidya,78:20:51:C9:AC:08,-92,9,332,100,802876109196,WPA2,1,0,1,8,1.0;2.0;5.5;11.0;9.0;18.0;36.0;54.0;6.0;12.0;24.0;48.0,4,8,,1,40,2,1,78:20:51,Unknown,0,380
293342,,7A:20:51:29:AC:08,-95,9,337,100,802876211619,WEP,1,0,1,0,,0,0,,0,0,0,0,7A:20:51,Unknown,0,310
293760,DIRECT-EX,8E:57:9B:08:7F:06,-92,11,1137,100,5907865666,WPA2,1,0,1,8,6.0;9.0;12.0;18.0;24.0;36.0;48.0;54.0,0,11,,1,20,2,0,8E:57:9B,Unknown,0,261
293813,BrownArc-Jio,FC:7A:58:30:93:DA,-92,11,3500,100,803695104410,WPA2,1,0,1,8,1.0;2.0;5.5;11.0;9.0;18.0;36.0;54.0;6.0;12.0;24.0;48.0,4,11,IN,1,20,2,1,FC:7A:58,Unknown,0,285
293863,DIRECT-EX,8E:57:9B:08:7F:06,-92,11,1138,100,5907968087,WPA2,1,0,1,8,6.0;9.0;12.0;18.0;24.0;36.0;48.0;54.0,0,11,,1,20,2,0,8E:57:9B,Unknown,0,261
294000,BrownArc-Jio,FC:7A:58:30:93:DA,-92,12,3502,100,803695309215,WPA2,1,0,1,8,1.0;2.0;5.5;11.0;9.0;18.0;36.0;54.0;6.0;12.0;24.0;48.0,4,11,IN,1,20,2,1,FC:7A:58,Unknown,0,285
294455,vasudha_4G,FC:7A:58:0E:CD:2A,-78,1,782,100,554395443664,WPA2,1,0,1,8,1.0;2.0;5.5;11.0;9.0;18.0;36.0;54.0;6.0;12.0;24.0;48.0,4,1,IN,1,20,2,1,FC:7A:58,Unknown,0,283
294557,vasudha_4G,FC:7A:58:0E:CD:2A,-77,1,783,100,554395546013,WPA2,1,0,1,8,1.0;2.0;5.5;11.0;9.0;18.0;36.0;54.0;6.0;12.0;24.0;48.0,4,1,IN,1,20,2,1,FC:7A:58,Unknown,0,283
294660,vasudha_4G,FC:7A:58:0E:CD:2A,-81,1,784,100,554395648453,WPA2,1,0,1,8,1.0;2.0;5.5;11.0;9.0;18.0;36.0;54.0;6.0;12.0;24.0;48.0,4,1,IN,1,20,2,1,FC:7A:58,Unknown,0,283
295635,Charleshome_4g,60:A4:B7:D0:B1:81,-87,5,2012,100,18081689915,WPA2,1,0,1,8,1.0;2.0;5.5;11.0;9.0;18.0;36.0;54.0;6.0;12.0;24.0;48.0,4,6,,1,40,2,1,60:A4:B7,Unknown,0,244
295739,Charleshome_5g,62:A4:B7:D1:B1:81,-89,6,2015,100,18081794477,WPA2,1,0,1,8,1.0;2.0;5.5;11.0;9.0;18.0;36.0;54.0;6.0;12.0;24.0;48.0,4,6,,1,40,2,1,62:A4:B7,Unknown,0,244
295792,Airtel__dontuse,30:BD:13:27:87:96,-94,6,1123,100,180639539222,WPA2,1,0,1,8,1.0;2.0;5.5;11.0;6.0;9.0;12.0;18.0;24.0;36.0;48.0;54.0,4,6,IN,1,20,2,1,30:BD:13,Unknown,0,311
295840,Charleshome_4g,60:A4:B7:D0:B1:81,-88,6,2016,100,18081894714,WPA2,1,0,1,8,1.0;2.0;5.5;11.0;9.0;18.0;36.0;54.0;6.0;12.0;24.0;48.0,4,6,,1,40,2,1,60:A4:B7,Unknown,0,244
295893,Charleshome_5g,62:A4:B7:D1:B1:81,-86,6,2017,100,18081896875,WPA2,1,0,1,8,1.0;2.0;5.5;11.0;9.0;18.0;36.0;54.0;6.0;12.0;24.0;48.0,4,6,,1,40,2,1,62:A4:B7,Unknown,0,244
295945,Airtel__dontuse,30:BD:13:27:87:96,-93,6,1124,100,180639641639,WPA2,1,0,1,8,1.0;2.0;5.5;11.0;6.0;9.0;12.0;18.0;24.0;36.0;48.0;54.0,4,6,IN,1,20,2,1,30:BD:13,Unknown,0,311
295988,babu_5G,CA:78:C9:FE:B1:30,-94,6,1185,100,10014209765,WPA2,1,0,1,8,1.0;2.0;5.5;11.0;18.0;24.0;36.0;54.0;6.0;9.0;12.0;48.0,4,6,IN,1,40,2,1,CA:78:C9,Unknown,0,227
296040,suresh4G,CA:78:C9:FE:B1:3C,-93,6,1186,100,10014211810,WPA2,1,0,1,8,1.0;2.0;5.5;11.0;18.0;24.0;36.0;54.0;6.0;9.0;12.0;48.0,4,6,IN,1,40,2,1,CA:78:C9,Unknown,0,228
296093,Charleshome_5g,62:A4:B7:D1:B1:81,-90,7,2019,100,18081999281,WPA2,1,0,1,8,1.0;2.0;5.5;11.0;9.0;18.0;36.0;54.0;6.0;12.0;24.0;48.0,4,6,,1,40,2,1,62:A4:B7,Unknown,0,244
296146,Airtel__dontuse,30:BD:13:27:87:96,-93,7,1125,100,180639744039,WPA2,1,0,1,8,1.0;2.0;5.5;11.0;6.0;9.0;12.0;18.0;24.0;36.0;48.0;54.0,4,6,IN,1,20,2,1,30:BD:13,Unknown,0,311
296168,,7A:20:51:29:AC:08,-89,7,445,100,802878976419,WEP,1,0,1,0,,0,0,,0,0,0,0,7A:20:51,Unknown,0,310
296200,,DA:44:89:2E:11:AD,-92,8,1414,100,802878772581,WEP,1,0,0,0,,0,0,,0,0,0,0,DA:44:89,Unknown,0,310
296253,Vidya,78:20:51:C9:AC:08,-91,8,448,100,802879078811,WPA2,1,0,1,8,1.0;2.0;5.5;11.0;9.0;18.0;36.0;54.0;6.0;12.0;24.0;48.0,4,8,,1,40,2,1,78:20:51,Unknown,0,380
296282,,7A:20:51:29:AC:08,-91,8,449,100,802879078806,WEP,1,0,1,0,,0,0,,0,0,0,0,7A:20:51,Unknown,0,310
296303,,DA:44:89:2E:11:AD,-94,8,1418,100,802878874050,WEP,1,0,0,0,,0,0,,0,0,0,0,DA:44:89,Unknown,0,310
296366,Vidya,78:20:51:C9:AC:08,-93,8,452,100,802879181220,WPA2,1,0,1,8,1.0;2.0;5.5;11.0;9.0;18.0;36.0;54.0;6.0;12.0;24.0;48.0,4,8,,1,40,2,1,78:20:51,Unknown,0,380
296388,,7A:20:51:29:AC:08,-91,8,453,100,802879181208,WEP,1,0,1,0,,0,0,,0,0,0,0,7A:20:51,Unknown,0,310
296441,stupidshanG,D8:44:89:1E:11:AD,-94,8,1421,100,802878976436,WPA2,1,0,0,8,1.0;2.0;5.5;11.0;9.0;18.0;36.0;54.0;6.0;12.0;24.0;48.0,4,8,,1,40,2,1,D8:44:89,Unknown,0,386
296479,,DA:44:89:2E:11:AD,-92,8,1422,100,802878976650,WEP,1,0,0,0,,0,0,,0,0,0,0,DA:44:89,Unknown,0,310
296532,Vidya,78:20:51:C9:AC:08,-91,8,456,100,802879283600,WPA2,1,0,1,8,1.0;2.0;5.5;11.0;9.0;18.0;36.0;54.0;6.0;12.0;24.0;48.0,4,8,,1,40,2,1,78:20:51,Unknown,0,380
296564,,7A:20:51:29:AC:08,-90,9,457,100,802879283615,WEP,1,0,1,0,,0,0,,0,0,0,0,7A:20:51,Unknown,0,310
296617,stupidshanG,D8:44:89:1E:11:AD,-92,9,1425,100,802879082781,WPA2,1,0,0,8,1.0;2.0;5.5;11.0;9.0;18.0;36.0;54.0;6.0;12.0;24.0;48.0,4,8,,1,40,2,1,D8:44:89,Unknown,0,386
296649,,DA:44:89:2E:11:AD,-93,9,1426,100,802879078815,WEP,1,0,0,0,,0,0,,0,0,0,0,DA:44:89,Unknown,0,310
296680,,7A:20:51:29:AC:08,-93,9,461,100,802879385997,WEP,1,0,1,0,,0,0,,0,0,0,0,7A:20:51,Unknown,0,310
296734,palani-1st floor ,50:91:E3:F7:90:7E,-95,9,1157,100,802880819675,WPA2,1,0,1,8,1.0;2.0;5.5;11.0;9.0;18.0;36.0;54.0;6.0;12.0;24.0;48.0,4,9,,1,40,2,1,50:91:E3,Unknown,0,341
296755,,52:91:E3:A7:90:7E,-98,9,1158,100,802880819602,WEP,1,0,1,0,,0,0,,0,0,0,0,52:91:E3,Unknown,0,310
296867,BrownArc-Jio,FC:7A:58:30:93:DA,-90,10,3532,100,803698176406,WPA2,1,0,1,8,1.0;2.0;5.5;11.0;9.0;18.0;36.0;54.0;6.0;12.0;24.0;48.0,4,11,IN,1,20,2,1,FC:7A:58,Unknown,0,285
297037,DIRECT-EX,8E:57:9B:08:7F:06,-92,11,1169,100,5911142470,WPA2,1,0,1,8,6.0;9.0;12.0;18.0;24.0;36.0;48.0;54.0,0,11,,1,20,2,0,8E:57:9B,Unknown,0,261
297096,BrownArc-Jio,FC:7A:58:30:93:DA,-90,11,3534,100,803698381697,WPA2,1,0,1,8,1.0;2.0;5.5;11.0;9.0;18.0;36.0;54.0;6.0;12.0;24.0;48.0,4,11,IN,1,20,2,1,FC:7A:58,Unknown,0,285
297138,ACTFIBERNET,AC:15:A2:92:C5:D3,-92,11,3817,100,554458419553,WPA2,1,0,1,8,1.0;2.0;5.5;11.0;9.0;18.0;36.0;54.0;6.0;12.0;24.0;48.0,4,11,,1,40,2,1,AC:15:A2,Unknown,0,241
297192,DIRECT-EX,8E:57:9B:08:7F:06,-86,11,1170,100,5911244880,WPA2,1,0,1,8,6.0;9.0;12.0;18.0;24.0;36.0;48.0;54.0,0,11,,1,20,2,0,8E:57:9B,Unknown,0,261
297244,BrownArc-Jio,FC:7A:58:30:93:DA,-87,11,3535,100,803698483623,WPA2,1,0,1,8,1.0;2.0;5.5;11.0;9.0;18.0;36.0;54.0;6.0;12.0;24.0;48.0,4,11,IN,1,20,2,1,FC:7A:58,Unknown,0,285
297380,BrownArc-Jio,FC:7A:58:30:93:DA,-89,12,3537,100,803698688416,WPA2,1,0,1,8,1.0;2.0;5.5;11.0;9.0;18.0;36.0;54.0;6.0;12.0;24.0;48.0,4,11,IN,1,20,2,1,FC:7A:58,Unknown,0,285
297732,vasudha_4G,FC:7A:58:0E:CD:2A,-93,1,818,100,554398720738,WPA2,1,0,1,8,1.0;2.0;5.5;11.0;9.0;18.0;36.0;54.0;6.0;12.0;24.0;48.0,4,1,IN,1,20,2,1,FC:7A:58,Unknown,0,283
297834,vasudha_4G,FC:7A:58:0E:CD:2A,-89,1,819,100,554398822798,WPA2,1,0,1,8,1.0;2.0;5.5;11.0;9.0;18.0;36.0;54.0;6.0;12.0;24.0;48.0,4,1,IN,1,20,2,1,FC:7A:58,Unknown,0,283
297937,vasudha_4G,FC:7A:58:0E:CD:2A,-90,1,820,100,554398925217,WPA2,1,0,1,8,1.0;2.0;5.5;11.0;9.0;18.0;36.0;54.0;6.0;12.0;24.0;48.0,4,1,IN,1,20,2,1,FC:7A:58,Unknown,0,283
298141,vasudha_4G,FC:7A:58:0E:CD:2A,-88,2,822,100,554399130027,WPA2,1,0,1,8,1.0;2.0;5.5;11.0;9.0;18.0;36.0;54.0;6.0;12.0;24.0;48.0,4,1,IN,1,20,2,1,FC:7A:58,Unknown,0,283
299014,Charleshome_4g,60:A4:B7:D0:B1:81,-89,6,2078,100,18085069151,WPA2,1,0,1,8,1.0;2.0;5.5;11.0;9.0;18.0;36.0;54.0;6.0;12.0;24.0;48.0,4,6,,1,40,2,1,60:A4:B7,Unknown,0,244
299064,Charleshome_5g,62:A4:B7:D1:B1:81,-88,6,2079,100,18085071313,WPA2,1,0,1,8,1.0;2.0;5.5;11.0;9.0;18.0;36.0;54.0;6.0;12.0;24.0;48.0,4,6,,1,40,2,1,62:A4:B7,Unknown,0,244
299117,Charleshome_4g,60:A4:B7:D0:B1:81,-86,6,2080,100,18085171546,WPA2,1,0,1,8,1.0;2.0;5.5;11.0;9.0;18.0;36.0;54.0;6.0;12.0;24.0;48.0,4,6,,1,40,2,1,60:A4:B7,Unknown,0,244
300212,DIRECT-EX,8E:57:9B:08:7F:06,-86,11,1200,100,5914316888,WPA2,1,0,1,8,6.0;9.0;12.0;18.0;24.0;36.0;48.0;54.0,0,11,,1,20,2,0,8E:57:9B,Unknown,0,261
300265,BrownArc-Jio,FC:7A:58:30:93:DA,-93,11,3566,100,803701555625,WPA2,1,0,1,8,1.0;2.0;5.5;11.0;9.0;18.0;36.0;54.0;6.0;12.0;24.0;48.0,4,11,IN,1,20,2,1,FC:7A:58,Unknown,0,285
300307,ACTFIBERNET,AC:15:A2:92:C5:D3,-87,11,3848,100,554461593922,WPA2,1,0,1,8,1.0;2.0;5.5;11.0;9.0;18.0;36.0;54.0;6.0;12.0;24.0;48.0,4,11,,1,40,2,1,AC:15:A2,Unknown,0,241
300369,DIRECT-EX,8E:57:9B:08:7F:06,-90,11,1201,100,5914419294,WPA2,1,0,1,8,6.0;9.0;12.0;18.0;24.0;36.0;48.0;54.0,0,11,,1,20,2,0,8E:57:9B,Unknown,0,261
300421,BrownArc-Jio,FC:7A:58:30:93:DA,-93,11,3567,100,803701658018,WPA2,1,0,1,8,1.0;2.0;5.5;11.0;9.0;18.0;36.0;54.0;6.0;12.0;24.0;48.0,4,11,IN,1,20,2,1,FC:7A:58,Unknown,0,285
300464,ACTFIBERNET,AC:15:A2:92:C5:D3,-93,11,3849,100,554461696317,WPA2,1,0,1,8,1.0;2.0;5.5;11.0;9.0;18.0;36.0;54.0;6.0;12.0;24.0;48.0,4,11,,1,40,2,1,AC:15:A2,Unknown,0,241
300517,DIRECT-EX,8E:57:9B:08:7F:06,-91,11,1202,100,5914521672,WPA2,1,0,1,8,6.0;9.0;12.0;18.0;24.0;36.0;48.0;54.0,0,11,,1,20,2,0,8E:57:9B,Unknown,0,261
300569,BrownArc-Jio,FC:7A:58:30:93:DA,-91,11,3568,100,803701760424,WPA2,1,0,1,8,1.0;2.0;5.5;11.0;9.0;18.0;36.0;54.0;6.0;12.0;24.0;48.0,4,11,IN,1,20,2,1,FC:7A:58,Unknown,0,285
300629,ACTFIBERNET,AC:15:A2:92:C5:D3,-88,12,3850,100,554461798719,WPA2,1,0,1,8,1.0;2.0;5.5;11.0;9.0;18.0;36.0;54.0;6.0;12.0;24.0;48.0,4,11,,1,40,2,1,AC:15:A2,Unknown,0,241
300682,BrownArc-Jio,FC:7A:58:30:93:DA,-92,12,3570,100,803701965915,WPA2,1,0,1,8,1.0;2.0;5.5;11.0;9.0;18.0;36.0;54.0;6.0;12.0;24.0;48.0,4,11,IN,1,20,2,1,FC:7A:58,Unknown,0,285
300735,ACTFIBERNET,AC:15:A2:92:C5:D3,-91,13,3852,100,554462003523,WPA2,1,0,1,8,1.0;2.0;5.5;11.0;9.0;18.0;36.0;54.0;6.0;12.0;24.0;48.0,4,11,,1,40,2,1,AC:15:A2,Unknown,0,241
301009,vasudha_4G,FC:7A:58:0E:CD:2A,-88,1,856,100,554401997216,WPA2,1,0,1,8,1.0;2.0;5.5;11.0;9.0;18.0;36.0;54.0;6.0;12.0;24.0;48.0,4,1,IN,1,20,2,1,FC:7A:58,Unknown,0,283
301316,vasudha_4G,FC:7A:58:0E:CD:2A,-89,2,859,100,554402304578,WPA2,1,0,1,8,1.0;2.0;5.5;11.0;9.0;18.0;36.0;54.0;6.0;12.0;24.0;48.0,4,1,IN,1,20,2,1,FC:7A:58,Unknown,0,283
301418,vasudha_4G,FC:7A:58:0E:CD:2A,-86,2,860,100,554402406840,WPA2,1,0,1,8,1.0;2.0;5.5;11.0;9.0;18.0;36.0;54.0;6.0;12.0;24.0;48.0,4,1,IN,1,20,2,1,FC:7A:58,Unknown,0,283
302191,Charleshome_5g,62:A4:B7:D1:B1:81,-87,6,2141,100,18088245678,WPA2,1,0,1,8,1.0;2.0;5.5;11.0;9.0;18.0;36.0;54.0;6.0;12.0;24.0;48.0,4,6,,1,40,2,1,62:A4:B7,Unknown,0,244
302396,Charleshome_5g,62:A4:B7:D1:B1:81,-86,6,2145,100,18088450475,WPA2,1,0,1,8,1.0;2.0;5.5;11.0;9.0;18.0;36.0;54.0;6.0;12.0;24.0;48.0,4,6,,1,40,2,1,62:A4:B7,Unknown,0,244
302601,Charleshome_5g,62:A4:B7:D1:B1:81,-88,7,2149,100,18088655281,WPA2,1,0,1,8,1.0;2.0;5.5;11.0;9.0;18.0;36.0;54.0;6.0;12.0;24.0;48.0,4,6,,1,40,2,1,62:A4:B7,Unknown,0,244
302787,Vidya,78:20:51:C9:AC:08,-92,8,713,100,802885632422,WPA2,1,0,1,8,1.0;2.0;5.5;11.0;9.0;18.0;36.0;54.0;6.0;12.0;24.0;48.0,4,8,,1,40,2,1,78:20:51,Unknown,0,380
302818,,7A:20:51:29:AC:08,-89,8,714,100,802885632401,WEP,1,0,1,0,,0,0,,0,0,0,0,7A:20:51,Unknown,0,310
302889,Vidya,78:20:51:C9:AC:08,-91,8,717,100,802885734794,WPA2,1,0,1,8,1.0;2.0;5.5;11.0;9.0;18.0;36.0;54.0;6.0;12.0;24.0;48.0,4,8,,1,40,2,1,78:20:51,Unknown,0,380
302911,,7A:20:51:29:AC:08,-90,8,718,100,802885734800,WEP,1,0,1,0,,0,0,,0,0,0,0,7A:20:51,Unknown,0,310
303071,,7A:20:51:29:AC:08,-91,9,726,100,802885939606,WEP,1,0,1,0,,0,0,,0,0,0,0,7A:20:51,Unknown,0,310
303466,ACTFIBERNET,AC:15:A2:92:C5:D3,-92,11,3879,100,554464768353,WPA2,1,0,1,8,1.0;2.0;5.5;11.0;9.0;18.0;36.0;54.0;6.0;12.0;24.0;48.0,4,11,,1,40,2,1,AC:15:A2,Unknown,0,241
303517,DIRECT-EX,8E:57:9B:08:7F:06,-89,11,1230,100,5917593690,WPA2,1,0,1,8,6.0;9.0;12.0;18.0;24.0;36.0;48.0;54.0,0,11,,1,20,2,0,8E:57:9B,Unknown,0,261
303570,BrownArc-Jio,FC:7A:58:30:93:DA,-91,11,3599,100,803704832401,WPA2,1,0,1,8,1.0;2.0;5.5;11.0;9.0;18.0;36.0;54.0;6.0;12.0;24.0;48.0,4,11,IN,1,20,2,1,FC:7A:58,Unknown,0,285
303612,ACTFIBERNET,AC:15:A2:92:C5:D3,-94,11,3880,100,554464870754,WPA2,1,0,1,8,1.0;2.0;5.5;11.0;9.0;18.0;36.0;54.0;6.0;12.0;24.0;48.0,4,11,,1,40,2,1,AC:15:A2,Unknown,0,241
303665,DIRECT-EX,8E:57:9B:08:7F:06,-91,11,1231,100,5917696069,WPA2,1,0,1,8,6.0;9.0;12.0;18.0;24.0;36.0;48.0;54.0,0,11,,1,20,2,0,8E:57:9B,Unknown,0,261
303718,BrownArc-Jio,FC:7A:58:30:93:DA,-91,11,3600,100,803704934794,WPA2,1,0,1,8,1.0;2.0;5.5;11.0;9.0;18.0;36.0;54.0;6.0;12.0;24.0;48.0,4,11,IN,1,20,2,1,FC:7A:58,Unknown,0,285
303770,DIRECT-EX,8E:57:9B:08:7F:06,-88,11,1232,100,5917798489,WPA2,1,0,1,8,6.0;9.0;12.0;18.0;24.0;36.0;48.0;54.0,0,11,,1,20,2,0,8E:57:9B,Unknown,0,261
303823,BrownArc-Jio,FC:7A:58:30:93:DA,-92,12,3601,100,803705037214,WPA2,1,0,1,8,1.0;2.0;5.5;11.0;9.0;18.0;36.0;54.0;6.0;12.0;24.0;48.0,4,11,IN,1,20,2,1,FC:7A:58,Unknown,0,285
303875,ACTFIBERNET,AC:15:A2:92:C5:D3,-89,12,3882,100,554465075554,WPA2,1,0,1,8,1.0;2.0;5.5;11.0;9.0;18.0;36.0;54.0;6.0;12.0;24.0;48.0,4,11,,1,40,2,1,AC:15:A2,Unknown,0,241
304286,vasudha_4G,FC:7A:58:0E:CD:2A,-80,1,895,100,554405274015,WPA2,1,0,1,8,1.0;2.0;5.5;11.0;9.0;18.0;36.0;54.0;6.0;12.0;24.0;48.0,4,1,IN,1,20,2,1,FC:7A:58,Unknown,0,283
304338,Jio4G,8C:A3:99:66:B3:A6,-95,1,2507,100,802802075231,WPA2,1,0,1,8,1.0;2.0;5.5;11.0;9.0;18.0;36.0;54.0;6.0;12.0;24.0;48.0,4,1,IN,1,20,2,1,8C:A3:99,Unknown,0,278
304398,vasudha_4G,FC:7A:58:0E:CD:2A,-85,1,896,100,554405376409,WPA2,1,0,1,8,1.0;2.0;5.5;11.0;9.0;18.0;36.0;54.0;6.0;12.0;24.0;48.0,4,1,IN,1,20,2,1,FC:7A:58,Unknown,0,283
304452,Jio4G,8C:A3:99:66:B3:A6,-90,1,2508,100,802802177643,WPA2,1,0,1,8,1.0;2.0;5.5;11.0;9.0;18.0;36.0;54.0;6.0;12.0;24.0;48.0,4,1,IN,1,20,2,1,8C:A3:99,Unknown,0,278
304504,vasudha_4G,FC:7A:58:0E:CD:2A,-83,2,897,100,554405478806,WPA2,1,0,1,8,1.0;2.0;5.5;11.0;9.0;18.0;36.0;54.0;6.0;12.0;24.0;48.0,4,1,IN,1,20,2,1,FC:7A:58,Unknown,0,283
304593,vasudha_4G,FC:7A:58:0E:CD:2A,-82,2,898,100,554405581237,WPA2,1,0,1,8,1.0;2.0;5.5;11.0;9.0;18.0;36.0;54.0;6.0;12.0;24.0;48.0,4,1,IN,1,20,2,1,FC:7A:58,Unknown,0,283
304696,vasudha_4G,FC:7A:58:0E:CD:2A,-85,2,899,100,554405683695,WPA2,1,0,1,8,1.0;2.0;5.5;11.0;9.0;18.0;36.0;54.0;6.0;12.0;24.0;48.0,4,1,IN,1,20,2,1,FC:7A:58,Unknown,0,283
305262,Isha99_FF,9C:A2:F4:FA:D3:9C,-93,5,3409,100,30691978240413,WPA2,1,0,1,8,1.0;2.0;5.5;11.0;9.0;18.0;36.0;54.0;6.0;12.0;24.0;48.0,4,5,,1,40,2,1,9C:A2:F4,Unknown,0,384
305284,,9E:A2:F4:AA:D3:9C,-92,5,3410,100,30691978240396,WEP,1,0,1,0,,0,0,,0,0,0,0,9E:A2:F4,Unknown,0,334
305337,Airtel__dontuse,30:BD:13:27:87:96,-91,5,1216,100,180649062448,WPA2,1,0,1,8,1.0;2.0;5.5;11.0;6.0;9.0;12.0;18.0;24.0;36.0;48.0;54.0,4,6,IN,1,20,2,1,30:BD:13,Unknown,0,311
305382,suresh4G,CA:78:C9:FE:B1:3C,-89,5,1396,100,10023734516,WPA2,1,0,1,8,1.0;2.0;5.5;11.0;18.0;24.0;36.0;54.0;6.0;9.0;12.0;48.0,4,6,IN,1,40,2,1,CA:78:C9,Unknown,0,228
305466,Charleshome_4g,60:A4:B7:D0:B1:81,-90,6,2204,100,18091520350,WPA2,1,0,1,8,1.0;2.0;5.5;11.0;9.0;18.0;36.0;54.0;6.0;12.0;24.0;48.0,4,6,,1,40,2,1,60:A4:B7,Unknown,0,244
305514,Charleshome_5g,62:A4:B7:D1:B1:81,-90,6,2205,100,18091522511,WPA2,1,0,1,8,1.0;2.0;5.5;11.0;9.0;18.0;36.0;54.0;6.0;12.0;24.0;48.0,4,6,,1,40,2,1,62:A4:B7,Unknown,0,244
305567,Airtel__dontuse,30:BD:13:27:87:96,-88,6,1218,100,180649267222,WPA2,1,0,1,8,1.0;2.0;5.5;11.0;6.0;9.0;12.0;18.0;24.0;36.0;48.0;54.0,4,6,IN,1,20,2,1,30:BD:13,Unknown,0,311
305609,babu_5G,CA:78:C9:FE:B1:30,-89,6,1397,100,10023834867,WPA2,1,0,1,8,1.0;2.0;5.5;11.0;18.0;24.0;36.0;54.0;6.0;9.0;12.0;48.0,4,6,IN,1,40,2,1,CA:78:C9,Unknown,0,227
305662,suresh4G,CA:78:C9:FE:B1:3C,-89,6,1398,100,10023836921,WPA2,1,0,1,8,1.0;2.0;5.5;11.0;18.0;24.0;36.0;54.0;6.0;9.0;12.0;48.0,4,6,IN,1,40,2,1,CA:78:C9,Unknown,0,228
305775,Charleshome_5g,62:A4:B7:D1:B1:81,-87,7,2211,100,18091829712,WPA2,1,0,1,8,1.0;2.0;5.5;11.0;9.0;18.0;36.0;54.0;6.0;12.0;24.0;48.0,4,6,,1,40,2,1,62:A4:B7,Unknown,0,244
305843,ACTFIBERNET,B0:A7:B9:AF:A6:1B,-88,7,1819,100,803748147610,WPA2,1,0,1,8,1.0;2.0;5.5;11.0;18.0;24.0;36.0;54.0;6.0;9.0;12.0;48.0,4,7,,1,40,2,1,B0:A7:B9,Unknown,0,261
305896,Charleshome_4g,60:A4:B7:D0:B1:81,-86,7,2212,100,18091929954,WPA2,1,0,1,8,1.0;2.0;5.5;11.0;9.0;18.0;36.0;54.0;6.0;12.0;24.0;48.0,4,6,,1,40,2,1,60:A4:B7,Unknown,0,244
305939,Charleshome_5g,62:A4:B7:D1:B1:81,-87,7,2213,100,18091932115,WPA2,1,0,1,8,1.0;2.0;5.5;11.0;9.0;18.0;36.0;54.0;6.0;12.0;24.0;48.0,4,6,,1,40,2,1,62:A4:B7,Unknown,0,244
305992,suresh4G,CA:78:C9:FE:B1:3C,-90,7,1406,100,10024246517,WPA2,1,0,1,8,1.0;2.0;5.5;11.0;18.0;24.0;36.0;54.0;6.0;9.0;12.0;48.0,4,6,IN,1,40,2,1,CA:78:C9,Unknown,0,228
306035,Charleshome_4g,60:A4:B7:D0:B1:81,-84,7,2214,100,18092032352,WPA2,1,0,1,8,1.0;2.0;5.5;11.0;9.0;18.0;36.0;54.0;6.0;12.0;24.0;48.0,4,6,,1,40,2,1,60:A4:B7,Unknown,0,244
306166,Vidya,78:20:51:C9:AC:08,-92,8,845,100,802889011625,WPA2,1,0,1,8,1.0;2.0;5.5;11.0;9.0;18.0;36.0;54.0;6.0;12.0;24.0;48.0,4,8,,1,40,2,1,78:20:51,Unknown,0,380
306188,,7A:20:51:29:AC:08,-94,8,846,100,802889011612,WEP,1,0,1,0,,0,0,,0,0,0,0,7A:20:51,Unknown,0,310
306364,palani-1st floor ,50:91:E3:F7:90:7E,-96,9,1537,100,802890547660,WPA2,1,0,1,8,1.0;2.0;5.5;11.0;9.0;18.0;36.0;54.0;6.0;12.0;24.0;48.0,4,9,,1,40,2,1,50:91:E3,Unknown,0,341
306395,,52:91:E3:A7:90:7E,-93,9,1538,100,802890547597,WEP,1,0,1,0,,0,0,,0,0,0,0,52:91:E3,Unknown,0,310
306448,TP-Link_26A2_2GEXT,94:A6:7E:49:80:14,-90,9,1234,100,86023680416,WPA2,1,0,1,8,1.0;2.0;5.5;11.0;9.0;18.0;36.0;54.0;6.0;12.0;24.0;48.0,4,10,IN,1,40,2,0,94:A6:7E,Unknown,0,299
306554,TP-Link_26A2,AC:15:A2:DA:26:A2,-91,10,2305,100,803778765196,WPA2,1,0,1,8,1.0;2.0;5.5;11.0;9.0;18.0;36.0;54.0;6.0;12.0;24.0;48.0,4,10,,1,40,2,0,AC:15:A2,Unknown,0,265
306576,,52:91:E3:A7:90:7E,-94,10,1546,100,802890752394,WEP,1,0,1,0,,0,0,,0,0,0,0,52:91:E3,Unknown,0,310
306628,TP-Link_26A2_2GEXT,94:A6:7E:49:80:14,-96,10,1236,100,86023885221,WPA2,1,0,1,8,1.0;2.0;5.5;11.0;9.0;18.0;36.0;54.0;6.0;12.0;24.0;48.0,4,10,IN,1,40,2,0,94:A6:7E,Unknown,0,299
306681,TP-Link_26A2,AC:15:A2:DA:26:A2,-96,10,2308,100,803778867627,WPA2,1,0,1,8,1.0;2.0;5.5;11.0;9.0;18.0;36.0;54.0;6.0;12.0;24.0;48.0,4,10,,1,40,2,0,AC:15:A2,Unknown,0,265
306703,,52:91:E3:A7:90:7E,-94,10,1550,100,802890854807,WEP,1,0,1,0,,0,0,,0,0,0,0,52:91:E3,Unknown,0,310
306755,TP-Link_26A2_2GEXT,94:A6:7E:49:80:14,-93,10,1237,100,86023987620,WPA2,1,0,1,8,1.0;2.0;5.5;11.0;9.0;18.0;36.0;54.0;6.0;12.0;24.0;48.0,4,10,IN,1,40,2,0,94:A6:7E,Unknown,0,299
306808,ACTFIBERNET,AC:15:A2:92:C5:D3,-85,11,3911,100,554468045121,WPA2,1,0,1,8,1.0;2.0;5.5;11.0;9.0;18.0;36.0;54.0;6.0;12.0;24.0;48.0,4,11,,1,40,2,1,AC:15:A2,Unknown,0,241
306851,JVACT1,A4:2B:B0:01:A6:3A,-93,11,1375,100,803772006766,WPA2,1,0,1,8,1.0;2.0;5.5;11.0;9.0;18.0;36.0;54.0;6.0;12.0;24.0;48.0,4,11,,1,40,2,0,A4:2B:B0,Unknown,0,260
306904,BrownArc-Jio,FC:7A:58:30:93:DA,-83,11,3635,100,803708211611,WPA2,1,0,1,8,1.0;2.0;5.5;11.0;9.0;18.0;36.0;54.0;6.0;12.0;24.0;48.0,4,11,IN,1,20,2,1,FC:7A:58,Unknown,0,285
306957,ACTFIBERNET,AC:15:A2:92:C5:D3,-90,12,3913,100,554468249922,WPA2,1,0,1,8,1.0;2.0;5.5;11.0;9.0;18.0;36.0;54.0;6.0;12.0;24.0;48.0,4,11,,1,40,2,1,AC:15:A2,Unknown,0,241
307029,BrownArc-Jio,FC:7A:58:30:93:DA,-87,12,3636,100,803708314012,WPA2,1,0,1,8,1.0;2.0;5.5;11.0;9.0;18.0;36.0;54.0;6.0;12.0;24.0;48.0,4,11,IN,1,20,2,1,FC:7A:58,Unknown,0,285
307071,ACTFIBERNET,AC:15:A2:92:C5:D3,-88,12,3914,100,554468352324,WPA2,1,0,1,8,1.0;2.0;5.5;11.0;9.0;18.0;36.0;54.0;6.0;12.0;24.0;48.0,4,11,,1,40,2,1,AC:15:A2,Unknown,0,241
307134,BrownArc-Jio,FC:7A:58:30:93:DA,-84,12,3637,100,803708416428,WPA2,1,0,1,8,1.0;2.0;5.5;11.0;9.0;18.0;36.0;54.0;6.0;12.0;24.0;48.0,4,11,IN,1,20,2,1,FC:7A:58,Unknown,0,285
307477,JioFiber_24GH_KRR,A8:88:1F:20:7B:61,-96,1,193,100,284428392726,WPA2,1,0,1,8,1.0;2.0;5.5;11.0;9.0;18.0;36.0;54.0;6.0;12.0;24.0;48.0,4,1,IN,1,20,2,1,A8:88:1F,Unknown,0,290
307562,vasudha_4G,FC:7A:58:0E:CD:2A,-83,1,931,100,554408550871,WPA2,1,0,1,8,1.0;2.0;5.5;11.0;9.0;18.0;36.0;54.0;6.0;12.0;24.0;48.0,4,1,IN,1,20,2,1,FC:7A:58,Unknown,0,283
307665,vasudha_4G,FC:7A:58:0E:CD:2A,-81,1,932,100,554408653221,WPA2,1,0,1,8,1.0;2.0;5.5;11.0;9.0;18.0;36.0;54.0;6.0;12.0;24.0;48.0,4,1,IN,1,20,2,1,FC:7A:58,Unknown,0,283
307718,JioFiber_24GH_KRR,A8:88:1F:20:7B:61,-94,1,195,100,284428597625,WPA2,1,0,1,8,1.0;2.0;5.5;11.0;9.0;18.0;36.0;54.0;6.0;12.0;24.0;48.0,4,1,IN,1,20,2,1,A8:88:1F,Unknown,0,290
307869,vasudha_4G,FC:7A:58:0E:CD:2A,-86,2,934,100,554408857994,WPA2,1,0,1,8,1.0;2.0;5.5;11.0;9.0;18.0;36.0;54.0;6.0;12.0;24.0;48.0,4,1,IN,1,20,2,1,FC:7A:58,Unknown,0,283
308334,Isha99_FF,9C:A2:F4:FA:D3:9C,-91,4,3529,100,30691981312430,WPA2,1,0,1,8,1.0;2.0;5.5;11.0;9.0;18.0;36.0;54.0;6.0;12.0;24.0;48.0,4,5,,1,40,2,1,9C:A2:F4,Unknown,0,384
308539,Isha99_FF,9C:A2:F4:FA:D3:9C,-90,5,3537,100,30691981517221,WPA2,1,0,1,8,1.0;2.0;5.5;11.0;9.0;18.0;36.0;54.0;6.0;12.0;24.0;48.0,4,5,,1,40,2,1,9C:A2:F4,Unknown,0,384
308744,Isha99_FF,9C:A2:F4:FA:D3:9C,-90,6,3545,100,30691981722001,WPA2,1,0,1,8,1.0;2.0;5.5;11.0;9.0;18.0;36.0;54.0;6.0;12.0;24.0;48.0,4,5,,1,40,2,1,9C:A2:F4,Unknown,0,384
308766,,9E:A2:F4:AA:D3:9C,-89,6,3546,100,30691981722002,WEP,1,0,1,0,,0,0,,0,0,0,0,9E:A2:F4,Unknown,0,334
308818,Charleshome_5g,62:A4:B7:D1:B1:81,-88,6,2269,100,18094799274,WPA2,1,0,1,8,1.0;2.0;5.5;11.0;9.0;18.0;36.0;54.0;6.0;12.0;24.0;48.0,4,6,,1,40,2,1,62:A4:B7,Unknown,0,244
308861,Airtel__dontuse,30:BD:13:27:87:96,-93,6,1250,100,180652544022,WPA2,1,0,1,8,1.0;2.0;5.5;11.0;6.0;9.0;12.0;18.0;24.0;36.0;48.0;54.0,4,6,IN,1,20,2,1,30:BD:13,Unknown,0,311
308913,suresh4G,CA:78:C9:FE:B1:3C,-91,6,1464,100,10027113530,WPA2,1,0,1,8,1.0;2.0;5.5;11.0;18.0;24.0;36.0;54.0;6.0;9.0;12.0;48.0,4,6,IN,1,40,2,1,CA:78:C9,Unknown,0,228
308964,Airtel__dontuse,30:BD:13:27:87:96,-92,6,1252,100,180652748830,WPA2,1,0,1,8,1.0;2.0;5.5;11.0;6.0;9.0;12.0;18.0;24.0;36.0;48.0;54.0,4,6,IN,1,20,2,1,30:BD:13,Unknown,0,311
309018,ACTFIBERNET,B0:A7:B9:AF:A6:1B,-90,7,1850,100,803751321991,WPA2,1,0,1,8,1.0;2.0;5.5;11.0;18.0;24.0;36.0;54.0;6.0;9.0;12.0;48.0,4,7,,1,40,2,1,B0:A7:B9,Unknown,0,261
309066,babu_5G,CA:78:C9:FE:B1:30,-91,7,1467,100,10027418669,WPA2,1,0,1,8,1.0;2.0;5.5;11.0;18.0;24.0;36.0;54.0;6.0;9.0;12.0;48.0,4,6,IN,1,40,2,1,CA:78:C9,Unknown,0,227
309120,ACTFIBERNET,B0:A7:B9:AF:A6:1B,-92,7,1851,100,803751424404,WPA2,1,0,1,8,1.0;2.0;5.5;11.0;18.0;24.0;36.0;54.0;6.0;9.0;12.0;48.0,4,7,,1,40,2,1,B0:A7:B9,Unknown,0,261
309218,,52:91:E3:A7:90:7E,-89,8,1650,100,802893414804,WEP,1,0,1,0,,0,0,,0,0,0,0,52:91:E3,Unknown,0,310
309341,Vidya,78:20:51:C9:AC:08,-90,8,978,100,802892185996,WPA2,1,0,1,8,1.0;2.0;5.5;11.0;9.0;18.0;36.0;54.0;6.0;12.0;24.0;48.0,4,8,,1,40,2,1,78:20:51,Unknown,0,380
309362,,7A:20:51:29:AC:08,-91,8,979,100,802892186017,WEP,1,0,1,0,,0,0,,0,0,0,0,7A:20:51,Unknown,0,310
309394,,52:91:E3:A7:90:7E,-91,8,1654,100,802893517205,WEP,1,0,1,0,,0,0,,0,0,0,0,52:91:E3,Unknown,0,310
309423,,52:91:E3:A7:90:7E,-93,9,1658,100,802893619602,WEP,1,0,1,0,,0,0,,0,0,0,0,52:91:E3,Unknown,0,310
309475,TP-Link_26A2_2GEXT,94:A6:7E:49:80:14,-89,9,1264,100,86026752422,WPA2,1,0,1,8,1.0;2.0;5.5;11.0;9.0;18.0;36.0;54.0;6.0;12.0;24.0;48.0,4,10,IN,1,40,2,0,94:A6:7E,Unknown,0,299
309524,TP-Link_26A2,AC:15:A2:DA:26:A2,-88,9,2338,100,803781735208,WPA2,1,0,1,8,1.0;2.0;5.5;11.0;9.0;18.0;36.0;54.0;6.0;12.0;24.0;48.0,4,10,,1,40,2,0,AC:15:A2,Unknown,0,265
309587,Vidya,78:20:51:C9:AC:08,-91,9,986,100,802892390814,WPA2,1,0,1,8,1.0;2.0;5.5;11.0;9.0;18.0;36.0;54.0;6.0;12.0;24.0;48.0,4,8,,1,40,2,1,78:20:51,Unknown,0,380
309639,palani-1st floor ,50:91:E3:F7:90:7E,-91,9,1661,100,802893722023,WPA2,1,0,1,8,1.0;2.0;5.5;11.0;9.0;18.0;36.0;54.0;6.0;12.0;24.0;48.0,4,9,,1,40,2,1,50:91:E3,Unknown,0,341
309661,,52:91:E3:A7:90:7E,-90,9,1662,100,802893722014,WEP,1,0,1,0,,0,0,,0,0,0,0,52:91:E3,Unknown,0,310
309713,TP-Link_26A2_2GEXT,94:A6:7E:49:80:14,-91,9,1265,100,86026854795,WPA2,1,0,1,8,1.0;2.0;5.5;11.0;9.0;18.0;36.0;54.0;6.0;12.0;24.0;48.0,4,10,IN,1,40,2,0,94:A6:7E,Unknown,0,299
309766,TP-Link_26A2,AC:15:A2:DA:26:A2,-89,9,2339,100,803781837211,WPA2,1,0,1,8,1.0;2.0;5.5;11.0;9.0;18.0;36.0;54.0;6.0;12.0;24.0;48.0,4,10,,1,40,2,0,AC:15:A2,Unknown,0,265
309818,palani-1st floor ,50:91:E3:F7:90:7E,-85,9,1665,100,802893824487,WPA2,1,0,1,8,1.0;2.0;5.5;11.0;9.0;18.0;36.0;54.0;6.0;12.0;24.0;48.0,4,9,,1,40,2,1,50:91:E3,Unknown,0,341
309850,,52:91:E3:A7:90:7E,-86,9,1666,100,802893824423,WEP,1,0,1,0,,0,0,,0,0,0,0,52:91:E3,Unknown,0,310
309902,TP-Link_26A2_2GEXT,94:A6:7E:49:80:14,-92,9,1266,100,86026957223,WPA2,1,0,1,8,1.0;2.0;5.5;11.0;9.0;18.0;36.0;54.0;6.0;12.0;24.0;48.0,4,10,IN,1,40,2,0,94:A6:7E,Unknown,0,299
309946,KY_2GEXT,C8:9E:43:D6:A8:6A,-93,10,3663,100,50358477118,WPA2,1,0,1,8,1.0;2.0;5.5;11.0;9.0;18.0;36.0;54.0;6.0;12.0;24.0;48.0,4,10,IN,1,40,2,1,C8:9E:43,Unknown,0,297
310005,ACTFIBERNET,AC:15:A2:92:C5:D3,-88,10,3941,100,554471117717,WPA2,1,0,1,8,1.0;2.0;5.5;11.0;9.0;18.0;36.0;54.0;6.0;12.0;24.0;48.0,4,11,,1,40,2,1,AC:15:A2,Unknown,0,241
310058,TP-Link_26A2,AC:15:A2:DA:26:A2,-82,10,2350,100,803782041994,WPA2,1,0,1,8,1.0;2.0;5.5;11.0;9.0;18.0;36.0;54.0;6.0;12.0;24.0;48.0,4,10,,1,40,2,0,AC:15:A2,Unknown,0,265
310126,ACTFIBERNET,AC:15:A2:92:C5:D3,-96,11,3944,100,554471428105,WPA2,1,0,1,8,1.0;2.0;5.5;11.0;9.0;18.0;36.0;54.0;6.0;12.0;24.0;48.0,4,11,,1,40,2,1,AC:15:A2,Unknown,0,241
310179,Isha99_GF,10:27:F5:B7:CB:ED,-91,11,3608,100,23109632406,WPA2,1,0,1,8,1.0;2.0;5.5;11.0;18.0;24.0;36.0;54.0;6.0;9.0;12.0;48.0,4,11,,1,40,2,1,10:27:F5,Unknown,0,259
310222,SAMIKSHA,54:AF:97:24:0F:A3,-90,11,1403,100,803770880355,WPA2,1,0,1,8,1.0;2.0;5.5;11.0;9.0;18.0;36.0;54.0;6.0;12.0;24.0;48.0,4,11,,1,40,2,1,54:AF:97,Unknown,0,238
310286,BrownArc-Jio,FC:7A:58:30:93:DA,-89,12,3670,100,803711590823,WPA2,1,0,1,8,1.0;2.0;5.5;11.0;9.0;18.0;36.0;54.0;6.0;12.0;24.0;48.0,4,11,IN,1,20,2,1,FC:7A:58,Unknown,0,285
310385,BrownArc-Jio,FC:7A:58:30:93:DA,-89,12,3671,100,803711693238,WPA2,1,0,1,8,1.0;2.0;5.5;11.0;9.0;18.0;36.0;54.0;6.0;12.0;24.0;48.0,4,11,IN,1,20,2,1,FC:7A:58,Unknown,0,285
310427,SAMIKSHA,54:AF:97:24:0F:A3,-90,12,1405,100,803771085157,WPA2,1,0,1,8,1.0;2.0;5.5;11.0;9.0;18.0;36.0;54.0;6.0;12.0;24.0;48.0,4,11,,1,40,2,1,54:AF:97,Unknown,0,238
310737,vasudha_4G,FC:7A:58:0E:CD:2A,-89,1,966,100,554411725197,WPA2,1,0,1,8,1.0;2.0;5.5;11.0;9.0;18.0;36.0;54.0;6.0;12.0;24.0;48.0,4,1,IN,1,20,2,1,FC:7A:58,Unknown,0,283
310779,Home_WiFi_2G_ACT,50:91:E3:68:D3:83,-91,1,2275,100,802901914876,WPA2,1,0,1,8,1.0;2.0;5.5;11.0;9.0;18.0;36.0;54.0;6.0;12.0;24.0;48.0,4,1,,1,20,2,1,50:91:E3,Unknown,0,228
310839,vasudha_4G,FC:7A:58:0E:CD:2A,-85,1,967,100,554411827653,WPA2,1,0,1,8,1.0;2.0;5.5;11.0;9.0;18.0;36.0;54.0;6.0;12.0;24.0;48.0,4,1,IN,1,20,2,1,FC:7A:58,Unknown,0,283
311044,vasudha_4G,FC:7A:58:0E:CD:2A,-82,2,969,100,554412032506,WPA2,1,0,1,8,1.0;2.0;5.5;11.0;9.0;18.0;36.0;54.0;6.0;12.0;24.0;48.0,4,1,IN,1,20,2,1,FC:7A:58,Unknown,0,283
311146,vasudha_4G,FC:7A:58:0E:CD:2A,-87,2,970,100,554412134812,WPA2,1,0,1,8,1.0;2.0;5.5;11.0;9.0;18.0;36.0;54.0;6.0;12.0;24.0;48.0,4,1,IN,1,20,2,1,FC:7A:58,Unknown,0,283
311714,Isha99_FF,9C:A2:F4:FA:D3:9C,-83,5,3670,100,30691984691743,WPA2,1,0,1,8,1.0;2.0;5.5;11.0;9.0;18.0;36.0;54.0;6.0;12.0;24.0;48.0,4,5,,1,40,2,1,9C:A2:F4,Unknown,0,384
311816,Isha99_FF,9C:A2:F4:FA:D3:9C,-87,5,3674,100,30691984794012,WPA2,1,0,1,8,1.0;2.0;5.5;11.0;9.0;18.0;36.0;54.0;6.0;12.0;24.0;48.0,4,5,,1,40,2,1,9C:A2:F4,Unknown,0,384
311844,,9E:A2:F4:AA:D3:9C,-88,5,3675,100,30691984794005,WEP,1,0,1,0,,0,0,,0,0,0,0,9E:A2:F4,Unknown,0,334
311918,Isha99_FF,9C:A2:F4:FA:D3:9C,-86,5,3678,100,30691984896416,WPA2,1,0,1,8,1.0;2.0;5.5;11.0;9.0;18.0;36.0;54.0;6.0;12.0;24.0;48.0,4,5,,1,40,2,1,9C:A2:F4,Unknown,0,384
311940,,9E:A2:F4:AA:D3:9C,-84,5,3679,100,30691984896464,WEP,1,0,1,0,,0,0,,0,0,0,0,9E:A2:F4,Unknown,0,334
312020,4G New 10 Jan26,78:20:51:A7:06:48,-86,6,3198,100,2552974338345,WPA2,1,0,1,8,1.0;2.0;5.5;11.0;9.0;18.0;36.0;54.0;6.0;12.0;24.0;48.0,4,6,IN,1,20,2,1,78:20:51,Unknown,0,239
312073,babu_5G,CA:78:C9:FE:B1:30,-88,6,1545,100,10030388125,WPA2,1,0,1,8,1.0;2.0;5.5;11.0;18.0;24.0;36.0;54.0;6.0;9.0;12.0;48.0,4,6,IN,1,40,2,1,CA:78:C9,Unknown,0,227
312126,suresh4G,CA:78:C9:FE:B1:3C,-88,6,1546,100,10030390180,WPA2,1,0,1,8,1.0;2.0;5.5;11.0;18.0;24.0;36.0;54.0;6.0;9.0;12.0;48.0,4,6,IN,1,40,2,1,CA:78:C9,Unknown,0,228
312184,Jio4G,04:AB:08:7C:EB:C2,-90,6,2374,100,2468641997209,WPA2,1,0,1,8,1.0;2.0;5.5;11.0;9.0;18.0;36.0;54.0;6.0;12.0;24.0;48.0,4,6,IN,1,20,2,1,04:AB:08,Unknown,0,279
312228,Charleshome_4g,60:A4:B7:D0:B1:81,-88,7,2336,100,18098278744,WPA2,1,0,1,8,1.0;2.0;5.5;11.0;9.0;18.0;36.0;54.0;6.0;12.0;24.0;48.0,4,6,,1,40,2,1,60:A4:B7,Unknown,0,244
312280,Charleshome_5g,62:A4:B7:D1:B1:81,-88,7,2337,100,18098280906,WPA2,1,0,1,8,1.0;2.0;5.5;11.0;9.0;18.0;36.0;54.0;6.0;12.0;24.0;48.0,4,6,,1,40,2,1,62:A4:B7,Unknown,0,244
312413,Vidya,78:20:51:C9:AC:08,-87,7,1100,100,802895258002,WPA2,1,0,1,8,1.0;2.0;5.5;11.0;9.0;18.0;36.0;54.0;6.0;12.0;24.0;48.0,4,8,,1,40,2,1,78:20:51,Unknown,0,380
312515,Vidya,78:20:51:C9:AC:08,-92,8,1105,100,802895360396,WPA2,1,0,1,8,1.0;2.0;5.5;11.0;9.0;18.0;36.0;54.0;6.0;12.0;24.0;48.0,4,8,,1,40,2,1,78:20:51,Unknown,0,380
312537,,7A:20:51:29:AC:08,-95,8,1106,100,802895360392,WEP,1,0,1,0,,0,0,,0,0,0,0,7A:20:51,Unknown,0,310
312594,,7A:20:51:29:AC:08,-91,8,1110,100,802895462821,WEP,1,0,1,0,,0,0,,0,0,0,0,7A:20:51,Unknown,0,310
312713,palani-1st floor ,50:91:E3:F7:90:7E,-89,9,1787,100,802896896466,WPA2,1,0,1,8,1.0;2.0;5.5;11.0;9.0;18.0;36.0;54.0;6.0;12.0;24.0;48.0,4,9,,1,40,2,1,50:91:E3,Unknown,0,341
312744,,52:91:E3:A7:90:7E,-90,9,1788,100,802896896404,WEP,1,0,1,0,,0,0,,0,0,0,0,52:91:E3,Unknown,0,310
312815,palani-1st floor ,50:91:E3:F7:90:7E,-92,9,1791,100,802896998870,WPA2,1,0,1,8,1.0;2.0;5.5;11.0;9.0;18.0;36.0;54.0;6.0;12.0;24.0;48.0,4,9,,1,40,2,1,50:91:E3,Unknown,0,341
312925,Vidya,78:20:51:C9:AC:08,-93,9,1121,100,802895770023,WPA2,1,0,1,8,1.0;2.0;5.5;11.0;9.0;18.0;36.0;54.0;6.0;12.0;24.0;48.0,4,8,,1,40,2,1,78:20:51,Unknown,0,380
312978,palani-1st floor ,50:91:E3:F7:90:7E,-89,9,1795,100,802897101349,WPA2,1,0,1,8,1.0;2.0;5.5;11.0;9.0;18.0;36.0;54.0;6.0;12.0;24.0;48.0,4,9,,1,40,2,1,50:91:E3,Unknown,0,341
313000,,7A:20:51:29:AC:08,-90,9,1122,100,802895769999,WEP,1,0,1,0,,0,0,,0,0,0,0,7A:20:51,Unknown,0,310
313052,ACTFIBERNET,AC:15:A2:92:C5:D3,-83,10,3972,100,554474291514,WPA2,1,0,1,8,1.0;2.0;5.5;11.0;9.0;18.0;36.0;54.0;6.0;12.0;24.0;48.0,4,11,,1,40,2,1,AC:15:A2,Unknown,0,241
313113,palani-1st floor ,50:91:E3:F7:90:7E,-89,10,1799,100,802897203601,WPA2,1,0,1,8,1.0;2.0;5.5;11.0;9.0;18.0;36.0;54.0;6.0;12.0;24.0;48.0,4,9,,1,40,2,1,50:91:E3,Unknown,0,341
313135,,52:91:E3:A7:90:7E,-90,10,1800,100,802897203626,WEP,1,0,1,0,,0,0,,0,0,0,0,52:91:E3,Unknown,0,310
313188,ACTFIBERNET,AC:15:A2:92:C5:D3,-80,10,3973,100,554474393916,WPA2,1,0,1,8,1.0;2.0;5.5;11.0;9.0;18.0;36.0;54.0;6.0;12.0;24.0;48.0,4,11,,1,40,2,1,AC:15:A2,Unknown,0,241
313230,TP-Link_26A2,AC:15:A2:DA:26:A2,-93,10,2420,100,803785318822,WPA2,1,0,1,8,1.0;2.0;5.5;11.0;9.0;18.0;36.0;54.0;6.0;12.0;24.0;48.0,4,10,,1,40,2,0,AC:15:A2,Unknown,0,265
313282,TP-Link_26A2_2GEXT,94:A6:7E:49:80:14,-93,10,1333,100,86030438822,WPA2,1,0,1,8,1.0;2.0;5.5;11.0;9.0;18.0;36.0;54.0;6.0;12.0;24.0;48.0,4,10,IN,1,40,2,0,94:A6:7E,Unknown,0,299
313333,ACTFIBERNET,AC:15:A2:92:C5:D3,-82,11,3974,100,554474496316,WPA2,1,0,1,8,1.0;2.0;5.5;11.0;9.0;18.0;36.0;54.0;6.0;12.0;24.0;48.0,4,11,,1,40,2,1,AC:15:A2,Unknown,0,241
313386,TP-Link_26A2_2GEXT,94:A6:7E:49:80:14,-92,11,1334,100,86030541217,WPA2,1,0,1,8,1.0;2.0;5.5;11.0;9.0;18.0;36.0;54.0;6.0;12.0;24.0;48.0,4,10,IN,1,40,2,0,94:A6:7E,Unknown,0,299
313439,palani-1st floor ,50:91:E3:F7:90:7E,-92,11,1811,100,802897510807,WPA2,1,0,1,8,1.0;2.0;5.5;11.0;9.0;18.0;36.0;54.0;6.0;12.0;24.0;48.0,4,9,,1,40,2,1,50:91:E3,Unknown,0,341
313492,BrownArc-Jio,FC:7A:58:30:93:DA,-89,11,3701,100,803714663013,WPA2,1,0,1,8,1.0;2.0;5.5;11.0;9.0;18.0;36.0;54.0;6.0;12.0;24.0;48.0,4,11,IN,1,20,2,1,FC:7A:58,Unknown,0,285
313545,Kushi,04:AB:08:36:36:22,-94,11,2842,100,729670144400,WPA2,1,0,1,8,1.0;2.0;5.5;11.0;9.0;18.0;36.0;54.0;6.0;12.0;24.0;48.0,4,11,IN,1,20,2,1,04:AB:08,Unknown,0,279
313605,ACTFIBERNET,AC:15:A2:92:C5:D3,-81,11,3976,100,554474701117,WPA2,1,0,1,8,1.0;2.0;5.5;11.0;9.0;18.0;36.0;54.0;6.0;12.0;24.0;48.0,4,11,,1,40,2,1,AC:15:A2,Unknown,0,241
313658,ACTFIBERNET,AC:15:A2:92:C5:D3,-77,12,3977,100,554474803520,WPA2,1,0,1,8,1.0;2.0;5.5;11.0;9.0;18.0;36.0;54.0;6.0;12.0;24.0;48.0,4,11,,1,40,2,1,AC:15:A2,Unknown,0,241
313701,ACTFIBERNET,AC:15:A2:92:C5:D3,-79,12,3978,100,554474907646,WPA2,1,0,1,8,1.0;2.0;5.5;11.0;9.0;18.0;36.0;54.0;6.0;12.0;24.0;48.0,4,11,,1,40,2,1,AC:15:A2,Unknown,0,241
313754,ACTFIBERNET,AC:15:A2:92:C5:D3,-87,13,3979,100,554475010354,WPA2,1,0,1,8,1.0;2.0;5.5;11.0;9.0;18.0;36.0;54.0;6.0;12.0;24.0;48.0,4,11,,1,40,2,1,AC:15:A2,Unknown,0,241
314014,vasudha_4G,FC:7A:58:0E:CD:2A,-81,1,1009,100,554415002166,WPA2,1,0,1,8,1.0;2.0;5.5;11.0;9.0;18.0;36.0;54.0;6.0;12.0;24.0;48.0,4,1,IN,1,20,2,1,FC:7A:58,Unknown,0,283
314116,vasudha_4G,FC:7A:58:0E:CD:2A,-85,1,1010,100,554415104425,WPA2,1,0,1,8,1.0;2.0;5.5;11.0;9.0;18.0;36.0;54.0;6.0;12.0;24.0;48.0,4,1,IN,1,20,2,1,FC:7A:58,Unknown,0,283
314535,.,9C:A2:F4:D7:B6:BF,-94,3,518,100,700260557194,WPA2,1,0,1,8,1.0;2.0;5.5;11.0;9.0;18.0;36.0;54.0;6.0;12.0;24.0;48.0,4,3,,1,40,2,1,9C:A2:F4,Unknown,0,376
314577,Athidi 1,9E:A2:F4:17:B6:BF,-95,3,519,100,700260557226,WPA2,1,0,1,8,1.0;2.0;5.5;11.0;9.0;18.0;36.0;54.0;6.0;12.0;24.0;48.0,4,3,,1,40,2,1,9E:A2:F4,Unknown,0,286
314630,Athidi 1,9E:A2:F4:17:B6:BF,-93,3,525,100,700260659610,WPA2,1,0,1,8,1.0;2.0;5.5;11.0;9.0;18.0;36.0;54.0;6.0;12.0;24.0;48.0,4,3,,1,40,2,1,9E:A2:F4,Unknown,0,286
314662,,9E:A2:F4:27:B6:BF,-94,3,526,100,700260659596,WEP,1,0,1,0,,0,0,,0,0,0,0,9E:A2:F4,Unknown,0,334
314786,Isha99_FF,9C:A2:F4:FA:D3:9C,-88,4,3796,100,30691987763594,WPA2,1,0,1,8,1.0;2.0;5.5;11.0;9.0;18.0;36.0;54.0;6.0;12.0;24.0;48.0,4,5,,1,40,2,1,9C:A2:F4,Unknown,0,384
314888,Isha99_FF,9C:A2:F4:FA:D3:9C,-82,4,3800,100,30691987866005,WPA2,1,0,1,8,1.0;2.0;5.5;11.0;9.0;18.0;36.0;54.0;6.0;12.0;24.0;48.0,4,5,,1,40,2,1,9C:A2:F4,Unknown,0,384
314910,,9E:A2:F4:AA:D3:9C,-81,4,3801,100,30691987866025,WEP,1,0,1,0,,0,0,,0,0,0,0,9E:A2:F4,Unknown,0,334
314991,Isha99_FF,9C:A2:F4:FA:D3:9C,-82,5,3804,100,30691987968420,WPA2,1,0,1,8,1.0;2.0;5.5;11.0;9.0;18.0;36.0;54.0;6.0;12.0;24.0;48.0,4,5,,1,40,2,1,9C:A2:F4,Unknown,0,384
315012,,9E:A2:F4:AA:D3:9C,-81,5,3805,100,30691987968413,WEP,1,0,1,0,,0,0,,0,0,0,0,9E:A2:F4,Unknown,0,334
315063,4G New 10 Jan26,78:20:51:A7:06:48,-84,5,3230,100,2552977308478,WPA2,1,0,1,8,1.0;2.0;5.5;11.0;9.0;18.0;36.0;54.0;6.0;12.0;24.0;48.0,4,6,IN,1,20,2,1,78:20:51,Unknown,0,239
315116,NSG home_EXT,00:EB:D8:57:47:D0,-94,5,1122,100,3371868979842,WPA2,1,0,1,8,1.0;2.0;5.5;11.0;9.0;18.0;36.0;54.0;6.0;12.0;24.0;48.0,4,6,,1,20,2,0,00:EB:D8,Unknown,0,218
315168,Isha99_FF,9C:A2:F4:FA:D3:9C,-78,5,3808,100,30691988070794,WPA2,1,0,1,8,1.0;2.0;5.5;11.0;9.0;18.0;36.0;54.0;6.0;12.0;24.0;48.0,4,5,,1,40,2,1,9C:A2:F4,Unknown,0,384
315200,,9E:A2:F4:AA:D3:9C,-78,5,3809,100,30691988070823,WEP,1,0,1,0,,0,0,,0,0,0,0,9E:A2:F4,Unknown,0,334
315253,Isha99_FF,9C:A2:F4:FA:D3:9C,-79,5,3812,100,30691988173208,WPA2,1,0,1,8,1.0;2.0;5.5;11.0;9.0;18.0;36.0;54.0;6.0;12.0;24.0;48.0,4,5,,1,40,2,1,9C:A2:F4,Unknown,0,384
315312,Jio4G,04:AB:08:7C:EB:C2,-90,6,2405,100,2468645069207,WPA2,1,0,1,8,1.0;2.0;5.5;11.0;9.0;18.0;36.0;54.0;6.0;12.0;24.0;48.0,4,6,IN,1,20,2,1,04:AB:08,Unknown,0,279
315334,,9E:A2:F4:AA:D3:9C,-84,6,3817,100,30691988275608,WEP,1,0,1,0,,0,0,,0,0,0,0,9E:A2:F4,Unknown,0,334
315386,Charleshome_5g,62:A4:B7:D1:B1:81,-91,6,2397,100,18101352878,WPA2,1,0,1,8,1.0;2.0;5.5;11.0;9.0;18.0;36.0;54.0;6.0;12.0;24.0;48.0,4,6,,1,40,2,1,62:A4:B7,Unknown,0,244
315439,4G New 10 Jan26,78:20:51:A7:06:48,-84,6,3234,100,2552977715666,WPA2,1,0,1,8,1.0;2.0;5.5;11.0;9.0;18.0;36.0;54.0;6.0;12.0;24.0;48.0,4,6,IN,1,20,2,1,78:20:51,Unknown,0,239
315482,Charleshome_5g,62:A4:B7:D1:B1:81,-90,6,2399,100,18101455278,WPA2,1,0,1,8,1.0;2.0;5.5;11.0;9.0;18.0;36.0;54.0;6.0;12.0;24.0;48.0,4,6,,1,40,2,1,62:A4:B7,Unknown,0,244
315545,Jio4G,04:AB:08:7C:EB:C2,-90,7,2407,100,2468645274019,WPA2,1,0,1,8,1.0;2.0;5.5;11.0;9.0;18.0;36.0;54.0;6.0;12.0;24.0;48.0,4,6,IN,1,20,2,1,04:AB:08,Unknown,0,279
315608,Isha99_FF,9C:A2:F4:FA:D3:9C,-87,7,3824,100,30691988480408,WPA2,1,0,1,8,1.0;2.0;5.5;11.0;9.0;18.0;36.0;54.0;6.0;12.0;24.0;48.0,4,5,,1,40,2,1,9C:A2:F4,Unknown,0,384
315661,Vidya,78:20:51:C9:AC:08,-92,7,1229,100,802898432393,WPA2,1,0,1,8,1.0;2.0;5.5;11.0;9.0;18.0;36.0;54.0;6.0;12.0;24.0;48.0,4,8,,1,40,2,1,78:20:51,Unknown,0,380
315713,4G New 10 Jan26,78:20:51:A7:06:48,-88,7,3236,100,2552977922363,WPA2,1,0,1,8,1.0;2.0;5.5;11.0;9.0;18.0;36.0;54.0;6.0;12.0;24.0;48.0,4,6,IN,1,20,2,1,78:20:51,Unknown,0,239
315792,Vidya,78:20:51:C9:AC:08,-89,8,1237,100,802898637228,WPA2,1,0,1,8,1.0;2.0;5.5;11.0;9.0;18.0;36.0;54.0;6.0;12.0;24.0;48.0,4,8,,1,40,2,1,78:20:51,Unknown,0,380
315855,palani-1st floor ,50:91:E3:F7:90:7E,-90,8,1907,100,802899968564,WPA2,1,0,1,8,1.0;2.0;5.5;11.0;9.0;18.0;36.0;54.0;6.0;12.0;24.0;48.0,4,9,,1,40,2,1,50:91:E3,Unknown,0,341
315877,,7A:20:51:29:AC:08,-88,8,1238,100,802898637224,WEP,1,0,1,0,,0,0,,0,0,0,0,7A:20:51,Unknown,0,310
315940,Vidya,78:20:51:C9:AC:08,-88,8,1241,100,802898739600,WPA2,1,0,1,8,1.0;2.0;5.5;11.0;9.0;18.0;36.0;54.0;6.0;12.0;24.0;48.0,4,8,,1,40,2,1,78:20:51,Unknown,0,380
315961,,52:91:E3:A7:90:7E,-86,8,1912,100,802900070795,WEP,1,0,1,0,,0,0,,0,0,0,0,52:91:E3,Unknown,0,310
316015,Vidya,78:20:51:C9:AC:08,-92,9,1245,100,802898842002,WPA2,1,0,1,8,1.0;2.0;5.5;11.0;9.0;18.0;36.0;54.0;6.0;12.0;24.0;48.0,4,8,,1,40,2,1,78:20:51,Unknown,0,380
316052,,7A:20:51:29:AC:08,-92,9,1246,100,802898842021,WEP,1,0,1,0,,0,0,,0,0,0,0,7A:20:51,Unknown,0,310
316105,palani-1st floor ,50:91:E3:F7:90:7E,-89,9,1919,100,802900275689,WPA2,1,0,1,8,1.0;2.0;5.5;11.0;9.0;18.0;36.0;54.0;6.0;12.0;24.0;48.0,4,9,,1,40,2,1,50:91:E3,Unknown,0,341
316127,,52:91:E3:A7:90:7E,-90,9,1920,100,802900275599,WEP,1,0,1,0,,0,0,,0,0,0,0,52:91:E3,Unknown,0,310
316369,ACTFIBERNET,AC:15:A2:92:C5:D3,-79,10,4005,100,554477670752,WPA2,1,0,1,8,1.0;2.0;5.5;11.0;9.0;18.0;36.0;54.0;6.0;12.0;24.0;48.0,4,11,,1,40,2,1,AC:15:A2,Unknown,0,241
316444,Kushi,04:AB:08:36:36:22,-91,11,2906,100,729673216544,WPA2,1,0,1,8,1.0;2.0;5.5;11.0;9.0;18.0;36.0;54.0;6.0;12.0;24.0;48.0,4,11,IN,1,20,2,1,04:AB:08,Unknown,0,279
316516,Airtel_Kapildev Kannadasn,60:98:49:F5:6D:EA,-93,11,49,100,189889331589,WPA2,1,0,1,8,1.0;2.0;5.5;11.0;6.0;9.0;12.0;18.0;24.0;36.0;48.0;54.0,4,11,IN,1,20,2,1,60:98:49,Unknown,0,361
316568,ACTFIBERNET,AC:15:A2:92:C5:D3,-73,11,4006,100,554477773151,WPA2,1,0,1,8,1.0;2.0;5.5;11.0;9.0;18.0;36.0;54.0;6.0;12.0;24.0;48.0,4,11,,1,40,2,1,AC:15:A2,Unknown,0,241
316611,ACTFIBERNET,AC:15:A2:92:C5:D3,-76,11,4007,100,554477875547,WPA2,1,0,1,8,1.0;2.0;5.5;11.0;9.0;18.0;36.0;54.0;6.0;12.0;24.0;48.0,4,11,,1,40,2,1,AC:15:A2,Unknown,0,241
316664,Isha99_GF,10:27:F5:B7:CB:ED,-91,11,3670,100,23116083594,WPA2,1,0,1,8,1.0;2.0;5.5;11.0;18.0;24.0;36.0;54.0;6.0;9.0;12.0;48.0,4,11,,1,40,2,1,10:27:F5,Unknown,0,259
316717,BrownArc-Jio,FC:7A:58:30:93:DA,-92,11,3735,100,803717939620,WPA2,1,0,1,8,1.0;2.0;5.5;11.0;9.0;18.0;36.0;54.0;6.0;12.0;24.0;48.0,4,11,IN,1,20,2,1,FC:7A:58,Unknown,0,285
316779,Kushi,04:AB:08:36:36:22,-94,11,2910,100,729673421223,WPA2,1,0,1,8,1.0;2.0;5.5;11.0;9.0;18.0;36.0;54.0;6.0;12.0;24.0;48.0,4,11,IN,1,20,2,1,04:AB:08,Unknown,0,279
316831,Jio_2,06:AB:08:26:36:22,-91,11,2911,100,729673421210,WPA2,1,0,1,8,1.0;2.0;5.5;11.0;9.0;18.0;36.0;54.0;6.0;12.0;24.0;48.0,4,11,IN,1,20,2,1,06:AB:08,Unknown,0,278
316884,Airtel_Kapildev Kannadasn,60:98:49:F5:6D:EA,-89,11,51,100,189889536389,WPA2,1,0,1,8,1.0;2.0;5.5;11.0;6.0;9.0;12.0;18.0;24.0;36.0;48.0;54.0,4,11,IN,1,20,2,1,60:98:49,Unknown,0,361
316937,Jio_2,06:AB:08:26:36:22,-87,12,2913,100,729673523599,WPA2,1,0,1,8,1.0;2.0;5.5;11.0;9.0;18.0;36.0;54.0;6.0;12.0;24.0;48.0,4,11,IN,1,20,2,1,06:AB:08,Unknown,0,278
316990,ACTFIBERNET,AC:15:A2:92:C5:D3,-76,12,4009,100,554478080350,WPA2,1,0,1,8,1.0;2.0;5.5;11.0;9.0;18.0;36.0;54.0;6.0;12.0;24.0;48.0,4,11,,1,40,2,1,AC:15:A2,Unknown,0,241
317041,ACTFIBERNET,AC:15:A2:92:C5:D3,-77,12,4010,100,554478182752,WPA2,1,0,1,8,1.0;2.0;5.5;11.0;9.0;18.0;36.0;54.0;6.0;12.0;24.0;48.0,4,11,,1,40,2,1,AC:15:A2,Unknown,0,241
317094,ACTFIBERNET,AC:15:A2:92:C5:D3,-84,13,4011,100,554478285153,WPA2,1,0,1,8,1.0;2.0;5.5;11.0;9.0;18.0;36.0;54.0;6.0;12.0;24.0;48.0,4,11,,1,40,2,1,AC:15:A2,Unknown,0,241
317293,Jocelyn_Home,AA:90:0A:C7:E0:0B,-92,1,2143,100,802876724364,WPA2,1,0,1,8,1.0;2.0;5.5;11.0;18.0;24.0;36.0;54.0;6.0;9.0;12.0;48.0,4,1,IN,1,40,2,1,AA:90:0A,Unknown,0,232
317398,Jocelyn_Home,AA:90:0A:C7:E0:0B,-94,1,2144,100,802876829341,WPA2,1,0,1,8,1.0;2.0;5.5;11.0;18.0;24.0;36.0;54.0;6.0;9.0;12.0;48.0,4,1,IN,1,40,2,1,AA:90:0A,Unknown,0,232
317505,.,9C:A2:F4:D7:B6:BF,-87,2,692,100,700263526811,WPA2,1,0,1,8,1.0;2.0;5.5;11.0;9.0;18.0;36.0;54.0;6.0;12.0;24.0;48.0,4,3,,1,40,2,1,9C:A2:F4,Unknown,0,376
317557,Athidi 1,9E:A2:F4:17:B6:BF,-87,2,693,100,700263526797,WPA2,1,0,1,8,1.0;2.0;5.5;11.0;9.0;18.0;36.0;54.0;6.0;12.0;24.0;48.0,4,3,,1,40,2,1,9E:A2:F4,Unknown,0,286
317610,vasudha_4G,FC:7A:58:0E:CD:2A,-87,2,1047,100,554418586021,WPA2,1,0,1,8,1.0;2.0;5.5;11.0;9.0;18.0;36.0;54.0;6.0;12.0;24.0;48.0,4,1,IN,1,20,2,1,FC:7A:58,Unknown,0,283
317673,.,9C:A2:F4:D7:B6:BF,-87,2,698,100,700263629196,WPA2,1,0,1,8,1.0;2.0;5.5;11.0;9.0;18.0;36.0;54.0;6.0;12.0;24.0;48.0,4,3,,1,40,2,1,9C:A2:F4,Unknown,0,376
317716,Athidi 1,9E:A2:F4:17:B6:BF,-87,2,699,100,700263630191,WPA2,1,0,1,8,1.0;2.0;5.5;11.0;9.0;18.0;36.0;54.0;6.0;12.0;24.0;48.0,4,3,,1,40,2,1,9E:A2:F4,Unknown,0,286
317779,vasudha_4G,FC:7A:58:0E:CD:2A,-83,2,1048,100,554418688418,WPA2,1,0,1,8,1.0;2.0;5.5;11.0;9.0;18.0;36.0;54.0;6.0;12.0;24.0;48.0,4,1,IN,1,20,2,1,FC:7A:58,Unknown,0,283
317839,.,9C:A2:F4:D7:B6:BF,-93,2,704,100,700263731613,WPA2,1,0,1,8,1.0;2.0;5.5;11.0;9.0;18.0;36.0;54.0;6.0;12.0;24.0;48.0,4,3,,1,40,2,1,9C:A2:F4,Unknown,0,376
317892,.,9C:A2:F4:D7:B6:BF,-92,3,710,100,700263834003,WPA2,1,0,1,8,1.0;2.0;5.5;11.0;9.0;18.0;36.0;54.0;6.0;12.0;24.0;48.0,4,3,,1,40,2,1,9C:A2:F4,Unknown,0,376
317955,.,9C:A2:F4:D7:B6:BF,-91,3,716,100,700263936423,WPA2,1,0,1,8,1.0;2.0;5.5;11.0;9.0;18.0;36.0;54.0;6.0;12.0;24.0;48.0,4,3,,1,40,2,1,9C:A2:F4,Unknown,0,376
317998,Athidi 1,9E:A2:F4:17:B6:BF,-93,3,717,100,700263936399,WPA2,1,0,1,8,1.0;2.0;5.5;11.0;9.0;18.0;36.0;54.0;6.0;12.0;24.0;48.0,4,3,,1,40,2,1,9E:A2:F4,Unknown,0,286
318029,,9E:A2:F4:27:B6:BF,-92,3,718,100,700263936412,WEP,1,0,1,0,,0,0,,0,0,0,0,9E:A2:F4,Unknown,0,334
318100,Isha99_FF,9C:A2:F4:FA:D3:9C,-83,4,3924,100,30691991040407,WPA2,1,0,1,8,1.0;2.0;5.5;11.0;9.0;18.0;36.0;54.0;6.0;12.0;24.0;48.0,4,5,,1,40,2,1,9C:A2:F4,Unknown,0,384
318143,Athidi 1,9E:A2:F4:17:B6:BF,-88,4,729,100,700264141224,WPA2,1,0,1,8,1.0;2.0;5.5;11.0;9.0;18.0;36.0;54.0;6.0;12.0;24.0;48.0,4,3,,1,40,2,1,9E:A2:F4,Unknown,0,286
318206,Isha99_FF,9C:A2:F4:FA:D3:9C,-76,4,3928,100,30691991142805,WPA2,1,0,1,8,1.0;2.0;5.5;11.0;9.0;18.0;36.0;54.0;6.0;12.0;24.0;48.0,4,5,,1,40,2,1,9C:A2:F4,Unknown,0,384
318228,,9E:A2:F4:AA:D3:9C,-76,4,3929,100,30691991142798,WEP,1,0,1,0,,0,0,,0,0,0,0,9E:A2:F4,Unknown,0,334
318291,Isha99_FF,9C:A2:F4:FA:D3:9C,-80,5,3932,100,30691991245200,WPA2,1,0,1,8,1.0;2.0;5.5;11.0;9.0;18.0;36.0;54.0;6.0;12.0;24.0;48.0,4,5,,1,40,2,1,9C:A2:F4,Unknown,0,384
318352,Jio4G,04:AB:08:7C:EB:C2,-88,5,2435,100,2468648141226,WPA2,1,0,1,8,1.0;2.0;5.5;11.0;9.0;18.0;36.0;54.0;6.0;12.0;24.0;48.0,4,6,IN,1,20,2,1,04:AB:08,Unknown,0,279
318405,Isha99_FF,9C:A2:F4:FA:D3:9C,-83,5,3936,100,30691991347598,WPA2,1,0,1,8,1.0;2.0;5.5;11.0;9.0;18.0;36.0;54.0;6.0;12.0;24.0;48.0,4,5,,1,40,2,1,9C:A2:F4,Unknown,0,384
318437,,9E:A2:F4:AA:D3:9C,-82,5,3937,100,30691991347618,WEP,1,0,1,0,,0,0,,0,0,0,0,9E:A2:F4,Unknown,0,334
318490,4G New 10 Jan26,78:20:51:A7:06:48,-79,5,3263,100,2552980687143,WPA2,1,0,1,8,1.0;2.0;5.5;11.0;9.0;18.0;36.0;54.0;6.0;12.0;24.0;48.0,4,6,IN,1,20,2,1,78:20:51,Unknown,0,239
318543,Isha99_FF,9C:A2:F4:FA:D3:9C,-72,6,3940,100,30691991450021,WPA2,1,0,1,8,1.0;2.0;5.5;11.0;9.0;18.0;36.0;54.0;6.0;12.0;24.0;48.0,4,5,,1,40,2,1,9C:A2:F4,Unknown,0,384
318574,,9E:A2:F4:AA:D3:9C,-74,6,3941,100,30691991449996,WEP,1,0,1,0,,0,0,,0,0,0,0,9E:A2:F4,Unknown,0,334
318627,4G New 10 Jan26,78:20:51:A7:06:48,-74,6,3265,100,2552980890165,WPA2,1,0,1,8,1.0;2.0;5.5;11.0;9.0;18.0;36.0;54.0;6.0;12.0;24.0;48.0,4,6,IN,1,20,2,1,78:20:51,Unknown,0,239
318669,NSG home_EXT,00:EB:D8:57:47:D0,-91,6,1163,100,3371872563994,WPA2,1,0,1,8,1.0;2.0;5.5;11.0;9.0;18.0;36.0;54.0;6.0;12.0;24.0;48.0,4,6,,1,20,2,0,00:EB:D8,Unknown,0,218
318722,Jio4G,04:AB:08:7C:EB:C2,-94,6,2438,100,2468648448403,WPA2,1,0,1,8,1.0;2.0;5.5;11.0;9.0;18.0;36.0;54.0;6.0;12.0;24.0;48.0,4,6,IN,1,20,2,1,04:AB:08,Unknown,0,279
318785,Isha99_FF,9C:A2:F4:FA:D3:9C,-85,6,3948,100,30691991654812,WPA2,1,0,1,8,1.0;2.0;5.5;11.0;9.0;18.0;36.0;54.0;6.0;12.0;24.0;48.0,4,5,,1,40,2,1,9C:A2:F4,Unknown,0,384
318845,4G New 10 Jan26,78:20:51:A7:06:48,-74,6,3266,100,2552980992420,WPA2,1,0,1,8,1.0;2.0;5.5;11.0;9.0;18.0;36.0;54.0;6.0;12.0;24.0;48.0,4,6,IN,1,20,2,1,78:20:51,Unknown,0,239
318887,Vaiskumar,D8:47:32:3A:06:01,-87,7,3762,100,12986061144,WPA2,1,0,1,8,1.0;2.0;5.5;11.0;9.0;18.0;36.0;54.0;6.0;12.0;24.0;48.0,4,8,,1,40,2,1,D8:47:32,Unknown,0,239
318940,Vaiskumar_5G,DA:47:32:39:06:01,-87,7,3763,100,12986063266,WPA2,1,0,1,8,1.0;2.0;5.5;11.0;9.0;18.0;36.0;54.0;6.0;12.0;24.0;48.0,4,8,,1,40,2,1,DA:47:32,Unknown,0,242
318992,4G New 10 Jan26,78:20:51:A7:06:48,-79,7,3267,100,2552981094840,WPA2,1,0,1,8,1.0;2.0;5.5;11.0;9.0;18.0;36.0;54.0;6.0;12.0;24.0;48.0,4,6,IN,1,20,2,1,78:20:51,Unknown,0,239
319045,Jio4G,04:AB:08:7C:EB:C2,-86,7,2440,100,2468648653227,WPA2,1,0,1,8,1.0;2.0;5.5;11.0;9.0;18.0;36.0;54.0;6.0;12.0;24.0;48.0,4,6,IN,1,20,2,1,04:AB:08,Unknown,0,279
319098,Vaiskumar,D8:47:32:3A:06:01,-86,8,3766,100,12986265944,WPA2,1,0,1,8,1.0;2.0;5.5;11.0;9.0;18.0;36.0;54.0;6.0;12.0;24.0;48.0,4,8,,1,40,2,1,D8:47:32,Unknown,0,239
319141,Vaiskumar_5G,DA:47:32:39:06:01,-86,8,3767,100,12986268066,WPA2,1,0,1,8,1.0;2.0;5.5;11.0;9.0;18.0;36.0;54.0;6.0;12.0;24.0;48.0,4,8,,1,40,2,1,DA:47:32,Unknown,0,242
319194,Vaiskumar,D8:47:32:3A:06:01,-84,8,3770,100,12986470746,WPA2,1,0,1,8,1.0;2.0;5.5;11.0;9.0;18.0;36.0;54.0;6.0;12.0;24.0;48.0,4,8,,1,40,2,1,D8:47:32,Unknown,0,239
319266,palani-1st floor ,50:91:E3:F7:90:7E,-94,9,2043,100,802903450073,WPA2,1,0,1,8,1.0;2.0;5.5;11.0;9.0;18.0;36.0;54.0;6.0;12.0;24.0;48.0,4,9,,1,40,2,1,50:91:E3,Unknown,0,341
319298,,52:91:E3:A7:90:7E,-91,9,2044,100,802903450010,WEP,1,0,1,0,,0,0,,0,0,0,0,52:91:E3,Unknown,0,310
319441,ACTFIBERNET,AC:15:A2:92:C5:D3,-87,10,4035,100,554480742718,WPA2,1,0,1,8,1.0;2.0;5.5;11.0;9.0;18.0;36.0;54.0;6.0;12.0;24.0;48.0,4,11,,1,40,2,1,AC:15:A2,Unknown,0,241
319535,Jio_2,06:AB:08:26:36:22,-95,10,2967,100,729676288519,WPA2,1,0,1,8,1.0;2.0;5.5;11.0;9.0;18.0;36.0;54.0;6.0;12.0;24.0;48.0,4,11,IN,1,20,2,1,06:AB:08,Unknown,0,278
319718,SHREEDHAR-JIO,CA:78:C9:FF:93:2D,-89,11,124,100,189935821191,WPA2,1,0,1,8,1.0;2.0;5.5;11.0;18.0;24.0;36.0;54.0;6.0;9.0;12.0;48.0,4,11,IN,1,40,2,1,CA:78:C9,Unknown,0,233
319771,Kushi,04:AB:08:36:36:22,-88,11,2970,100,729676493462,WPA2,1,0,1,8,1.0;2.0;5.5;11.0;9.0;18.0;36.0;54.0;6.0;12.0;24.0;48.0,4,11,IN,1,20,2,1,04:AB:08,Unknown,0,279
319823,Jio_2,06:AB:08:26:36:22,-87,11,2971,100,729676496042,WPA2,1,0,1,8,1.0;2.0;5.5;11.0;9.0;18.0;36.0;54.0;6.0;12.0;24.0;48.0,4,11,IN,1,20,2,1,06:AB:08,Unknown,0,278
319886,ACTFIBERNET,AC:15:A2:92:C5:D3,-90,11,4038,100,554481053306,WPA2,1,0,1,8,1.0;2.0;5.5;11.0;9.0;18.0;36.0;54.0;6.0;12.0;24.0;48.0,4,11,,1,40,2,1,AC:15:A2,Unknown,0,241
319939,BrownArc-Jio,FC:7A:58:30:93:DA,-92,11,3768,100,803721114007,WPA2,1,0,1,8,1.0;2.0;5.5;11.0;9.0;18.0;36.0;54.0;6.0;12.0;24.0;48.0,4,11,IN,1,20,2,1,FC:7A:58,Unknown,0,285
319993,ACTFIBERNET,AC:15:A2:92:C5:D3,-92,12,4040,100,554481254722,WPA2,1,0,1,8,1.0;2.0;5.5;11.0;9.0;18.0;36.0;54.0;6.0;12.0;24.0;48.0,4,11,,1,40,2,1,AC:15:A2,Unknown,0,241
320046,Kushi,04:AB:08:36:36:22,-89,12,2976,100,729676800396,WPA2,1,0,1,8,1.0;2.0;5.5;11.0;9.0;18.0;36.0;54.0;6.0;12.0;24.0;48.0,4,11,IN,1,20,2,1,04:AB:08,Unknown,0,279
320465,vasudha_4G,FC:7A:58:0E:CD:2A,-94,1,1084,100,554421453202,WPA2,1,0,1,8,1.0;2.0;5.5;11.0;9.0;18.0;36.0;54.0;6.0;12.0;24.0;48.0,4,1,IN,1,20,2,1,FC:7A:58,Unknown,0,283
320568,vasudha_4G,FC:7A:58:0E:CD:2A,-92,1,1085,100,554421555724,WPA2,1,0,1,8,1.0;2.0;5.5;11.0;9.0;18.0;36.0;54.0;6.0;12.0;24.0;48.0,4,1,IN,1,20,2,1,FC:7A:58,Unknown,0,283
320620,Airtel_Yuvi_44,40:48:6E:96:40:7A,-94,1,170,100,404554035589,WPA2,1,0,1,8,1.0;2.0;5.5;11.0;6.0;9.0;12.0;18.0;24.0;36.0;48.0;54.0,4,1,IN,1,20,2,1,40:48:6E,Unknown,0,350
320672,Jocelyn_Home,AA:90:0A:C7:E0:0B,-91,1,2183,100,802880103586,WPA2,1,0,1,8,1.0;2.0;5.5;11.0;18.0;24.0;36.0;54.0;6.0;9.0;12.0;48.0,4,1,IN,1,40,2,1,AA:90:0A,Unknown,0,232
320726,Airtel_Yuvi_44,40:48:6E:96:40:7A,-94,2,171,100,404554137989,WPA2,1,0,1,8,1.0;2.0;5.5;11.0;6.0;9.0;12.0;18.0;24.0;36.0;48.0;54.0,4,1,IN,1,20,2,1,40:48:6E,Unknown,0,350
320986,.,9C:A2:F4:D7:B6:BF,-87,3,896,100,700267008394,WPA2,1,0,1,8,1.0;2.0;5.5;11.0;9.0;18.0;36.0;54.0;6.0;12.0;24.0;48.0,4,3,,1,40,2,1,9C:A2:F4,Unknown,0,376
321014,,9E:A2:F4:27:B6:BF,-92,3,898,100,700267008392,WEP,1,0,1,0,,0,0,,0,0,0,0,9E:A2:F4,Unknown,0,334
321089,.,9C:A2:F4:D7:B6:BF,-93,3,902,100,700267110822,WPA2,1,0,1,8,1.0;2.0;5.5;11.0;9.0;18.0;36.0;54.0;6.0;12.0;24.0;48.0,4,3,,1,40,2,1,9C:A2:F4,Unknown,0,376
321131,Athidi 1,9E:A2:F4:17:B6:BF,-92,3,903,100,700267110799,WPA2,1,0,1,8,1.0;2.0;5.5;11.0;9.0;18.0;36.0;54.0;6.0;12.0;24.0;48.0,4,3,,1,40,2,1,9E:A2:F4,Unknown,0,286
321163,,9E:A2:F4:27:B6:BF,-94,3,904,100,700267110794,WEP,1,0,1,0,,0,0,,0,0,0,0,9E:A2:F4,Unknown,0,334
321216,.,9C:A2:F4:D7:B6:BF,-80,3,908,100,700267213205,WPA2,1,0,1,8,1.0;2.0;5.5;11.0;9.0;18.0;36.0;54.0;6.0;12.0;24.0;48.0,4,3,,1,40,2,1,9C:A2:F4,Unknown,0,376
321269,Athidi 1,9E:A2:F4:17:B6:BF,-80,3,909,100,700267213218,WPA2,1,0,1,8,1.0;2.0;5.5;11.0;9.0;18.0;36.0;54.0;6.0;12.0;24.0;48.0,4,3,,1,40,2,1,9E:A2:F4,Unknown,0,286
321300,,9E:A2:F4:27:B6:BF,-80,3,910,100,700267213222,WEP,1,0,1,0,,0,0,,0,0,0,0,9E:A2:F4,Unknown,0,334
321353,Isha99_FF,9C:A2:F4:FA:D3:9C,-78,4,4050,100,30691994214800,WPA2,1,0,1,8,1.0;2.0;5.5;11.0;9.0;18.0;36.0;54.0;6.0;12.0;24.0;48.0,4,5,,1,40,2,1,9C:A2:F4,Unknown,0,384
321416,.,9C:A2:F4:D7:B6:BF,-78,4,914,100,700267315624,WPA2,1,0,1,8,1.0;2.0;5.5;11.0;9.0;18.0;36.0;54.0;6.0;12.0;24.0;48.0,4,3,,1,40,2,1,9C:A2:F4,Unknown,0,376
321458,Athidi 1,9E:A2:F4:17:B6:BF,-78,4,915,100,700267315619,WPA2,1,0,1,8,1.0;2.0;5.5;11.0;9.0;18.0;36.0;54.0;6.0;12.0;24.0;48.0,4,3,,1,40,2,1,9E:A2:F4,Unknown,0,286
321498,,9E:A2:F4:27:B6:BF,-77,4,916,100,700267315614,WEP,1,0,1,0,,0,0,,0,0,0,0,9E:A2:F4,Unknown,0,334
321551,.,9C:A2:F4:D7:B6:BF,-82,4,920,100,700267418000,WPA2,1,0,1,8,1.0;2.0;5.5;11.0;9.0;18.0;36.0;54.0;6.0;12.0;24.0;48.0,4,3,,1,40,2,1,9C:A2:F4,Unknown,0,376
321604,Athidi 1,9E:A2:F4:17:B6:BF,-82,4,921,100,700267418022,WPA2,1,0,1,8,1.0;2.0;5.5;11.0;9.0;18.0;36.0;54.0;6.0;12.0;24.0;48.0,4,3,,1,40,2,1,9E:A2:F4,Unknown,0,286
321656,Isha99_FF,9C:A2:F4:FA:D3:9C,-78,5,4066,100,30691994624412,WPA2,1,0,1,8,1.0;2.0;5.5;11.0;9.0;18.0;36.0;54.0;6.0;12.0;24.0;48.0,4,5,,1,40,2,1,9C:A2:F4,Unknown,0,384
321688,,9E:A2:F4:AA:D3:9C,-77,5,4067,100,30691994624396,WEP,1,0,1,0,,0,0,,0,0,0,0,9E:A2:F4,Unknown,0,334
321750,Isha99_FF,9C:A2:F4:FA:D3:9C,-79,6,4070,100,30691994726808,WPA2,1,0,1,8,1.0;2.0;5.5;11.0;9.0;18.0;36.0;54.0;6.0;12.0;24.0;48.0,4,5,,1,40,2,1,9C:A2:F4,Unknown,0,384
321803,Yochsa 4G,70:4F:57:62:66:89,-94,6,442,100,115974451614,WPA2,1,0,1,8,1.0;2.0;5.5;11.0;9.0;18.0;36.0;54.0;6.0;12.0;24.0;48.0,4,6,,1,20,2,0,70:4F:57,Unknown,0,247
321845,Airtel_nedo_2350,6C:4F:89:09:FD:11,-93,6,1806,100,1262377574448,WPA2,1,0,1,8,1.0;2.0;5.5;11.0;6.0;9.0;12.0;18.0;24.0;36.0;48.0;54.0,4,6,IN,1,20,2,1,6C:4F:89,Unknown,0,312
321908,Isha99_FF,9C:A2:F4:FA:D3:9C,-80,6,4074,100,30691994829223,WPA2,1,0,1,8,1.0;2.0;5.5;11.0;9.0;18.0;36.0;54.0;6.0;12.0;24.0;48.0,4,5,,1,40,2,1,9C:A2:F4,Unknown,0,384
321951,Yochsa 4G,70:4F:57:62:66:89,-92,6,443,100,115974553992,WPA2,1,0,1,8,1.0;2.0;5.5;11.0;9.0;18.0;36.0;54.0;6.0;12.0;24.0;48.0,4,6,,1,20,2,0,70:4F:57,Unknown,0,247
322012,Jio4G,04:AB:08:7C:EB:C2,-91,6,2471,100,2468651725201,WPA2,1,0,1,8,1.0;2.0;5.5;11.0;9.0;18.0;36.0;54.0;6.0;12.0;24.0;48.0,4,6,IN,1,20,2,1,04:AB:08,Unknown,0,279
322055,Vaiskumar,D8:47:32:3A:06:01,-86,7,3826,100,12989337916,WPA2,1,0,1,8,1.0;2.0;5.5;11.0;9.0;18.0;36.0;54.0;6.0;12.0;24.0;48.0,4,8,,1,40,2,1,D8:47:32,Unknown,0,239
322137,Vaiskumar,D8:47:32:3A:06:01,-86,7,3828,100,12989440317,WPA2,1,0,1,8,1.0;2.0;5.5;11.0;9.0;18.0;36.0;54.0;6.0;12.0;24.0;48.0,4,8,,1,40,2,1,D8:47:32,Unknown,0,239
322242,Vaiskumar_5G,DA:47:32:39:06:01,-85,8,3831,100,12989544840,WPA2,1,0,1,8,1.0;2.0;5.5;11.0;9.0;18.0;36.0;54.0;6.0;12.0;24.0;48.0,4,8,,1,40,2,1,DA:47:32,Unknown,0,242
322342,Vaiskumar,D8:47:32:3A:06:01,-80,8,3832,100,12989645116,WPA2,1,0,1,8,1.0;2.0;5.5;11.0;9.0;18.0;36.0;54.0;6.0;12.0;24.0;48.0,4,8,,1,40,2,1,D8:47:32,Unknown,0,239
322394,Vaiskumar_5G,DA:47:32:39:06:01,-80,8,3833,100,12989647237,WPA2,1,0,1,8,1.0;2.0;5.5;11.0;9.0;18.0;36.0;54.0;6.0;12.0;24.0;48.0,4,8,,1,40,2,1,DA:47:32,Unknown,0,242
322447,Vaiskumar_5G,DA:47:32:39:06:01,-84,9,3835,100,12989749640,WPA2,1,0,1,8,1.0;2.0;5.5;11.0;9.0;18.0;36.0;54.0;6.0;12.0;24.0;48.0,4,8,,1,40,2,1,DA:47:32,Unknown,0,242
322468,,A6:36:C7:7C:3E:66,-94,9,996,100,722227570,WEP,1,1,0,0,,0,0,,0,0,0,0,A6:36:C7,Unknown,0,178
322547,Vaiskumar,D8:47:32:3A:06:01,-83,9,3836,100,12989849921,WPA2,1,0,1,8,1.0;2.0;5.5;11.0;9.0;18.0;36.0;54.0;6.0;12.0;24.0;48.0,4,8,,1,40,2,1,D8:47:32,Unknown,0,239
322589,Vaiskumar_5G,DA:47:32:39:06:01,-83,9,3837,100,12989852042,WPA2,1,0,1,8,1.0;2.0;5.5;11.0;9.0;18.0;36.0;54.0;6.0;12.0;24.0;48.0,4,8,,1,40,2,1,DA:47:32,Unknown,0,242
322628,,A6:36:C7:7C:3E:66,-95,9,997,100,722329970,WEP,1,1,0,0,,0,0,,0,0,0,0,A6:36:C7,Unknown,0,178
322670,Vaiskumar,D8:47:32:3A:06:01,-86,9,3838,100,12989952317,WPA2,1,0,1,8,1.0;2.0;5.5;11.0;9.0;18.0;36.0;54.0;6.0;12.0;24.0;48.0,4,8,,1,40,2,1,D8:47:32,Unknown,0,239
322723,Vaiskumar_5G,DA:47:32:39:06:01,-86,9,3839,100,12989954439,WPA2,1,0,1,8,1.0;2.0;5.5;11.0;9.0;18.0;36.0;54.0;6.0;12.0;24.0;48.0,4,8,,1,40,2,1,DA:47:32,Unknown,0,242
322766,Vaiskumar,D8:47:32:3A:06:01,-88,10,3840,100,12990054721,WPA2,1,0,1,8,1.0;2.0;5.5;11.0;9.0;18.0;36.0;54.0;6.0;12.0;24.0;48.0,4,8,,1,40,2,1,D8:47:32,Unknown,0,239
322819,Vaiskumar_5G,DA:47:32:39:06:01,-87,10,3841,100,12990056843,WPA2,1,0,1,8,1.0;2.0;5.5;11.0;9.0;18.0;36.0;54.0;6.0;12.0;24.0;48.0,4,8,,1,40,2,1,DA:47:32,Unknown,0,242
322882,Kushi,04:AB:08:36:36:22,-89,10,3030,100,729679566236,WPA2,1,0,1,8,1.0;2.0;5.5;11.0;9.0;18.0;36.0;54.0;6.0;12.0;24.0;48.0,4,11,IN,1,20,2,1,04:AB:08,Unknown,0,279
322998,Kushi,04:AB:08:36:36:22,-85,11,3034,100,729679770001,WPA2,1,0,1,8,1.0;2.0;5.5;11.0;9.0;18.0;36.0;54.0;6.0;12.0;24.0;48.0,4,11,IN,1,20,2,1,04:AB:08,Unknown,0,279
323061,Jio_2,06:AB:08:26:36:22,-86,11,3035,100,729679770007,WPA2,1,0,1,8,1.0;2.0;5.5;11.0;9.0;18.0;36.0;54.0;6.0;12.0;24.0;48.0,4,11,IN,1,20,2,1,06:AB:08,Unknown,0,278
323103,ACTFIBERNET,AC:15:A2:92:C5:D3,-94,11,4070,100,554484326745,WPA2,1,0,1,8,1.0;2.0;5.5;11.0;9.0;18.0;36.0;54.0;6.0;12.0;24.0;48.0,4,11,,1,40,2,1,AC:15:A2,Unknown,0,241
323156,SHREEDHAR-JIO,CA:78:C9:FF:93:2D,-93,11,165,100,189939200412,WPA2,1,0,1,8,1.0;2.0;5.5;11.0;18.0;24.0;36.0;54.0;6.0;9.0;12.0;48.0,4,11,IN,1,40,2,1,CA:78:C9,Unknown,0,233
323218,Kushi,04:AB:08:36:36:22,-96,11,3036,100,729679872397,WPA2,1,0,1,8,1.0;2.0;5.5;11.0;9.0;18.0;36.0;54.0;6.0;12.0;24.0;48.0,4,11,IN,1,20,2,1,04:AB:08,Unknown,0,279
323271,Jio_2,06:AB:08:26:36:22,-93,11,3037,100,729679872396,WPA2,1,0,1,8,1.0;2.0;5.5;11.0;9.0;18.0;36.0;54.0;6.0;12.0;24.0;48.0,4,11,IN,1,20,2,1,06:AB:08,Unknown,0,278
323314,SHREEDHAR-JIO,CA:78:C9:FF:93:2D,-95,12,166,100,189939302801,WPA2,1,0,1,8,1.0;2.0;5.5;11.0;18.0;24.0;36.0;54.0;6.0;9.0;12.0;48.0,4,11,IN,1,40,2,1,CA:78:C9,Unknown,0,233
323367,Kushi,04:AB:08:36:36:22,-89,12,3038,100,729679974803,WPA2,1,0,1,8,1.0;2.0;5.5;11.0;9.0;18.0;36.0;54.0;6.0;12.0;24.0;48.0,4,11,IN,1,20,2,1,04:AB:08,Unknown,0,279
323419,ACTFIBERNET,AC:15:A2:92:C5:D3,-92,12,4072,100,554484531547,WPA2,1,0,1,8,1.0;2.0;5.5;11.0;9.0;18.0;36.0;54.0;6.0;12.0;24.0;48.0,4,11,,1,40,2,1,AC:15:A2,Unknown,0,241
323479,Kushi,04:AB:08:36:36:22,-90,12,3040,100,729680077202,WPA2,1,0,1,8,1.0;2.0;5.5;11.0;9.0;18.0;36.0;54.0;6.0;12.0;24.0;48.0,4,11,IN,1,20,2,1,04:AB:08,Unknown,0,279
323533,Kushi,04:AB:08:36:36:22,-90,12,3042,100,729680179603,WPA2,1,0,1,8,1.0;2.0;5.5;11.0;9.0;18.0;36.0;54.0;6.0;12.0;24.0;48.0,4,11,IN,1,20,2,1,04:AB:08,Unknown,0,279
323585,Jio_2,06:AB:08:26:36:22,-89,12,3043,100,729680179624,WPA2,1,0,1,8,1.0;2.0;5.5;11.0;9.0;18.0;36.0;54.0;6.0;12.0;24.0;48.0,4,11,IN,1,20,2,1,06:AB:08,Unknown,0,278
323648,Jio_2,06:AB:08:26:36:22,-93,12,3045,100,729680281993,WPA2,1,0,1,8,1.0;2.0;5.5;11.0;9.0;18.0;36.0;54.0;6.0;12.0;24.0;48.0,4,11,IN,1,20,2,1,06:AB:08,Unknown,0,278
323742,vasudha_4G,FC:7A:58:0E:CD:2A,-93,1,1123,100,554424729998,WPA2,1,0,1,8,1.0;2.0;5.5;11.0;9.0;18.0;36.0;54.0;6.0;12.0;24.0;48.0,4,1,IN,1,20,2,1,FC:7A:58,Unknown,0,283
323844,vasudha_4G,FC:7A:58:0E:CD:2A,-92,1,1124,100,554424832432,WPA2,1,0,1,8,1.0;2.0;5.5;11.0;9.0;18.0;36.0;54.0;6.0;12.0;24.0;48.0,4,1,IN,1,20,2,1,FC:7A:58,Unknown,0,283
323899,Reddington,00:5F:67:F7:5E:DF,-89,1,500,100,802889523528,WPA2,1,0,1,8,1.0;2.0;5.5;11.0;9.0;18.0;36.0;54.0;6.0;12.0;24.0;48.0,4,1,,1,40,2,1,00:5F:67,Unknown,0,240
323953,vasudha_4G,FC:7A:58:0E:CD:2A,-90,2,1125,100,554424934819,WPA2,1,0,1,8,1.0;2.0;5.5;11.0;9.0;18.0;36.0;54.0;6.0;12.0;24.0;48.0,4,1,IN,1,20,2,1,FC:7A:58,Unknown,0,283
324154,Athidi 1,9E:A2:F4:17:B6:BF,-85,2,1083,100,700270182827,WPA2,1,0,1,8,1.0;2.0;5.5;11.0;9.0;18.0;36.0;54.0;6.0;12.0;24.0;48.0,4,3,,1,40,2,1,9E:A2:F4,Unknown,0,286
324176,,9E:A2:F4:27:B6:BF,-84,2,1084,100,700270182813,WEP,1,0,1,0,,0,0,,0,0,0,0,9E:A2:F4,Unknown,0,334
324263,.,9C:A2:F4:D7:B6:BF,-90,3,1088,100,700270285212,WPA2,1,0,1,8,1.0;2.0;5.5;11.0;9.0;18.0;36.0;54.0;6.0;12.0;24.0;48.0,4,3,,1,40,2,1,9C:A2:F4,Unknown,0,376
324306,Athidi 1,9E:A2:F4:17:B6:BF,-89,3,1089,100,700270285224,WPA2,1,0,1,8,1.0;2.0;5.5;11.0;9.0;18.0;36.0;54.0;6.0;12.0;24.0;48.0,4,3,,1,40,2,1,9E:A2:F4,Unknown,0,286
324337,,9E:A2:F4:27:B6:BF,-87,3,1090,100,700270285210,WEP,1,0,1,0,,0,0,,0,0,0,0,9E:A2:F4,Unknown,0,334
324390,.,9C:A2:F4:D7:B6:BF,-84,3,1094,100,700270387613,WPA2,1,0,1,8,1.0;2.0;5.5;11.0;9.0;18.0;36.0;54.0;6.0;12.0;24.0;48.0,4,3,,1,40,2,1,9C:A2:F4,Unknown,0,376
324443,Athidi 1,9E:A2:F4:17:B6:BF,-85,3,1095,100,700270387625,WPA2,1,0,1,8,1.0;2.0;5.5;11.0;9.0;18.0;36.0;54.0;6.0;12.0;24.0;48.0,4,3,,1,40,2,1,9E:A2:F4,Unknown,0,286
324474,,9E:A2:F4:27:B6:BF,-83,3,1096,100,700270387593,WEP,1,0,1,0,,0,0,,0,0,0,0,9E:A2:F4,Unknown,0,334
324528,.,9C:A2:F4:D7:B6:BF,-79,4,1100,100,700270490012,WPA2,1,0,1,8,1.0;2.0;5.5;11.0;9.0;18.0;36.0;54.0;6.0;12.0;24.0;48.0,4,3,,1,40,2,1,9C:A2:F4,Unknown,0,376
324580,Athidi 1,9E:A2:F4:17:B6:BF,-80,4,1101,100,700270490016,WPA2,1,0,1,8,1.0;2.0;5.5;11.0;9.0;18.0;36.0;54.0;6.0;12.0;24.0;48.0,4,3,,1,40,2,1,9E:A2:F4,Unknown,0,286
324633,.,9C:A2:F4:D7:B6:BF,-84,4,1106,100,700270592397,WPA2,1,0,1,8,1.0;2.0;5.5;11.0;9.0;18.0;36.0;54.0;6.0;12.0;24.0;48.0,4,3,,1,40,2,1,9C:A2:F4,Unknown,0,376
324821,Isha99_FF,9C:A2:F4:FA:D3:9C,-93,5,104,100,30691997798801,WPA2,1,0,1,8,1.0;2.0;5.5;11.0;9.0;18.0;36.0;54.0;6.0;12.0;24.0;48.0,4,5,,1,40,2,1,9C:A2:F4,Unknown,0,384
324923,Isha99_FF,9C:A2:F4:FA:D3:9C,-89,5,108,100,30691997901239,WPA2,1,0,1,8,1.0;2.0;5.5;11.0;9.0;18.0;36.0;54.0;6.0;12.0;24.0;48.0,4,5,,1,40,2,1,9C:A2:F4,Unknown,0,384
324946,,9E:A2:F4:AA:D3:9C,-88,5,109,100,30691997901205,WEP,1,0,1,0,,0,0,,0,0,0,0,9E:A2:F4,Unknown,0,334
324999,Jio4G,04:AB:08:7C:EB:C2,-88,6,2501,100,2468654797221,WPA2,1,0,1,8,1.0;2.0;5.5;11.0;9.0;18.0;36.0;54.0;6.0;12.0;24.0;48.0,4,6,IN,1,20,2,1,04:AB:08,Unknown,0,279
325051,Airtel_nedo_2350,6C:4F:89:09:FD:11,-91,6,1839,100,1262380748830,WPA2,1,0,1,8,1.0;2.0;5.5;11.0;6.0;9.0;12.0;18.0;24.0;36.0;48.0;54.0,4,6,IN,1,20,2,1,6C:4F:89,Unknown,0,312
325149,Yochsa 4G,70:4F:57:62:66:89,-90,6,475,100,115977831008,WPA2,1,0,1,8,1.0;2.0;5.5;11.0;9.0;18.0;36.0;54.0;6.0;12.0;24.0;48.0,4,6,,1,20,2,0,70:4F:57,Unknown,0,247
325201,Jio4G,04:AB:08:7C:EB:C2,-90,6,2503,100,2468655001997,WPA2,1,0,1,8,1.0;2.0;5.5;11.0;9.0;18.0;36.0;54.0;6.0;12.0;24.0;48.0,4,6,IN,1,20,2,1,04:AB:08,Unknown,0,279
325254,Vaiskumar,D8:47:32:3A:06:01,-81,7,3888,100,12992512341,WPA2,1,0,1,8,1.0;2.0;5.5;11.0;9.0;18.0;36.0;54.0;6.0;12.0;24.0;48.0,4,8,,1,40,2,1,D8:47:32,Unknown,0,239
325306,Vaiskumar_5G,DA:47:32:39:06:01,-81,7,3889,100,12992514462,WPA2,1,0,1,8,1.0;2.0;5.5;11.0;9.0;18.0;36.0;54.0;6.0;12.0;24.0;48.0,4,8,,1,40,2,1,DA:47:32,Unknown,0,242
325349,Vaiskumar,D8:47:32:3A:06:01,-84,7,3890,100,12992614743,WPA2,1,0,1,8,1.0;2.0;5.5;11.0;9.0;18.0;36.0;54.0;6.0;12.0;24.0;48.0,4,8,,1,40,2,1,D8:47:32,Unknown,0,239
325414,Vaiskumar,D8:47:32:3A:06:01,-80,7,3892,100,12992717149,WPA2,1,0,1,8,1.0;2.0;5.5;11.0;9.0;18.0;36.0;54.0;6.0;12.0;24.0;48.0,4,8,,1,40,2,1,D8:47:32,Unknown,0,239
325468,Vaiskumar_5G,DA:47:32:39:06:01,-81,7,3893,100,12992719271,WPA2,1,0,1,8,1.0;2.0;5.5;11.0;9.0;18.0;36.0;54.0;6.0;12.0;24.0;48.0,4,8,,1,40,2,1,DA:47:32,Unknown,0,242
325517,Vaiskumar,D8:47:32:3A:06:01,-81,8,3894,100,12992819544,WPA2,1,0,1,8,1.0;2.0;5.5;11.0;9.0;18.0;36.0;54.0;6.0;12.0;24.0;48.0,4,8,,1,40,2,1,D8:47:32,Unknown,0,239
325569,Vaiskumar_5G,DA:47:32:39:06:01,-86,8,3895,100,12992821666,WPA2,1,0,1,8,1.0;2.0;5.5;11.0;9.0;18.0;36.0;54.0;6.0;12.0;24.0;48.0,4,8,,1,40,2,1,DA:47:32,Unknown,0,242
325619,Vaiskumar,D8:47:32:3A:06:01,-84,8,3896,100,12992921951,WPA2,1,0,1,8,1.0;2.0;5.5;11.0;9.0;18.0;36.0;54.0;6.0;12.0;24.0;48.0,4,8,,1,40,2,1,D8:47:32,Unknown,0,239
325661,Vaiskumar_5G,DA:47:32:39:06:01,-84,8,3897,100,12992924072,WPA2,1,0,1,8,1.0;2.0;5.5;11.0;9.0;18.0;36.0;54.0;6.0;12.0;24.0;48.0,4,8,,1,40,2,1,DA:47:32,Unknown,0,242
325721,Vaiskumar,D8:47:32:3A:06:01,-90,9,3898,100,12993024350,WPA2,1,0,1,8,1.0;2.0;5.5;11.0;9.0;18.0;36.0;54.0;6.0;12.0;24.0;48.0,4,8,,1,40,2,1,D8:47:32,Unknown,0,239
325743,,A6:36:C7:7C:3E:66,-93,9,1028,100,725504370,WEP,1,1,0,0,,0,0,,0,0,0,0,A6:36:C7,Unknown,0,178
325826,Vaiskumar_5G,DA:47:32:39:06:01,-93,9,3901,100,12993128874,WPA2,1,0,1,8,1.0;2.0;5.5;11.0;9.0;18.0;36.0;54.0;6.0;12.0;24.0;48.0,4,8,,1,40,2,1,DA:47:32,Unknown,0,242
325847,,A6:36:C7:7C:3E:66,-96,9,1029,100,725606770,WEP,1,1,0,0,,0,0,,0,0,0,0,A6:36:C7,Unknown,0,178
325928,Vaiskumar_5G,DA:47:32:39:06:01,-92,9,3903,100,12993231275,WPA2,1,0,1,8,1.0;2.0;5.5;11.0;9.0;18.0;36.0;54.0;6.0;12.0;24.0;48.0,4,8,,1,40,2,1,DA:47:32,Unknown,0,242
326172,Kushi,04:AB:08:36:36:22,-83,10,3096,100,729682944411,WPA2,1,0,1,8,1.0;2.0;5.5;11.0;9.0;18.0;36.0;54.0;6.0;12.0;24.0;48.0,4,11,IN,1,20,2,1,04:AB:08,Unknown,0,279
326236,Jio_2,06:AB:08:26:36:22,-82,10,3097,100,729682944404,WPA2,1,0,1,8,1.0;2.0;5.5;11.0;9.0;18.0;36.0;54.0;6.0;12.0;24.0;48.0,4,11,IN,1,20,2,1,06:AB:08,Unknown,0,278
326289,Kushi,04:AB:08:36:36:22,-86,11,3098,100,729683046806,WPA2,1,0,1,8,1.0;2.0;5.5;11.0;9.0;18.0;36.0;54.0;6.0;12.0;24.0;48.0,4,11,IN,1,20,2,1,04:AB:08,Unknown,0,279
326341,Jio_2,06:AB:08:26:36:22,-89,11,3099,100,729683046803,WPA2,1,0,1,8,1.0;2.0;5.5;11.0;9.0;18.0;36.0;54.0;6.0;12.0;24.0;48.0,4,11,IN,1,20,2,1,06:AB:08,Unknown,0,278
326394,Kushi,04:AB:08:36:36:22,-91,11,3100,100,729683149227,WPA2,1,0,1,8,1.0;2.0;5.5;11.0;9.0;18.0;36.0;54.0;6.0;12.0;24.0;48.0,4,11,IN,1,20,2,1,04:AB:08,Unknown,0,279
326456,Jio_2,06:AB:08:26:36:22,-91,11,3101,100,729683149216,WPA2,1,0,1,8,1.0;2.0;5.5;11.0;9.0;18.0;36.0;54.0;6.0;12.0;24.0;48.0,4,11,IN,1,20,2,1,06:AB:08,Unknown,0,278
326694,Kushi,04:AB:08:36:36:22,-89,12,3106,100,729683456401,WPA2,1,0,1,8,1.0;2.0;5.5;11.0;9.0;18.0;36.0;54.0;6.0;12.0;24.0;48.0,4,11,IN,1,20,2,1,04:AB:08,Unknown,0,279
326972,Reddington,00:5F:67:F7:5E:DF,-92,1,530,100,802892596197,WPA2,1,0,1,8,1.0;2.0;5.5;11.0;9.0;18.0;36.0;54.0;6.0;12.0;24.0;48.0,4,1,,1,40,2,1,00:5F:67,Unknown,0,240
327025,vasudha_4G,FC:7A:58:0E:CD:2A,-93,1,1164,100,554428006808,WPA2,1,0,1,8,1.0;2.0;5.5;11.0;9.0;18.0;36.0;54.0;6.0;12.0;24.0;48.0,4,1,IN,1,20,2,1,FC:7A:58,Unknown,0,283
327121,vasudha_4G,FC:7A:58:0E:CD:2A,-92,1,1165,100,554428109212,WPA2,1,0,1,8,1.0;2.0;5.5;11.0;9.0;18.0;36.0;54.0;6.0;12.0;24.0;48.0,4,1,IN,1,20,2,1,FC:7A:58,Unknown,0,283
327178,Reddington,00:5F:67:F7:5E:DF,-93,1,532,100,802892801619,WPA2,1,0,1,8,1.0;2.0;5.5;11.0;9.0;18.0;36.0;54.0;6.0;12.0;24.0;48.0,4,1,,1,40,2,1,00:5F:67,Unknown,0,240
327231,vasudha_4G,FC:7A:58:0E:CD:2A,-88,2,1166,100,554428211623,WPA2,1,0,1,8,1.0;2.0;5.5;11.0;9.0;18.0;36.0;54.0;6.0;12.0;24.0;48.0,4,1,IN,1,20,2,1,FC:7A:58,Unknown,0,283
327438,.,9C:A2:F4:D7:B6:BF,-87,2,1282,100,700273459592,WPA2,1,0,1,8,1.0;2.0;5.5;11.0;9.0;18.0;36.0;54.0;6.0;12.0;24.0;48.0,4,3,,1,40,2,1,9C:A2:F4,Unknown,0,376
327460,,9E:A2:F4:27:B6:BF,-85,3,1284,100,700273459608,WEP,1,0,1,0,,0,0,,0,0,0,0,9E:A2:F4,Unknown,0,334
327540,.,9C:A2:F4:D7:B6:BF,-78,3,1288,100,700273562020,WPA2,1,0,1,8,1.0;2.0;5.5;11.0;9.0;18.0;36.0;54.0;6.0;12.0;24.0;48.0,4,3,,1,40,2,1,9C:A2:F4,Unknown,0,376
327590,Athidi 1,9E:A2:F4:17:B6:BF,-77,3,1289,100,700273562006,WPA2,1,0,1,8,1.0;2.0;5.5;11.0;9.0;18.0;36.0;54.0;6.0;12.0;24.0;48.0,4,3,,1,40,2,1,9E:A2:F4,Unknown,0,286
327621,,9E:A2:F4:27:B6:BF,-78,3,1290,100,700273562018,WEP,1,0,1,0,,0,0,,0,0,0,0,9E:A2:F4,Unknown,0,334
327664,Athidi 1,9E:A2:F4:17:B6:BF,-79,3,1295,100,700273664398,WPA2,1,0,1,8,1.0;2.0;5.5;11.0;9.0;18.0;36.0;54.0;6.0;12.0;24.0;48.0,4,3,,1,40,2,1,9E:A2:F4,Unknown,0,286
327696,,9E:A2:F4:27:B6:BF,-79,3,1296,100,700273664410,WEP,1,0,1,0,,0,0,,0,0,0,0,9E:A2:F4,Unknown,0,334
327749,.,9C:A2:F4:D7:B6:BF,-83,4,1300,100,700273766804,WPA2,1,0,1,8,1.0;2.0;5.5;11.0;9.0;18.0;36.0;54.0;6.0;12.0;24.0;48.0,4,3,,1,40,2,1,9C:A2:F4,Unknown,0,376
327781,,9E:A2:F4:27:B6:BF,-86,4,1302,100,700273766821,WEP,1,0,1,0,,0,0,,0,0,0,0,9E:A2:F4,Unknown,0,334
327847,.,9C:A2:F4:D7:B6:BF,-86,4,1306,100,700273869218,WPA2,1,0,1,8,1.0;2.0;5.5;11.0;9.0;18.0;36.0;54.0;6.0;12.0;24.0;48.0,4,3,,1,40,2,1,9C:A2:F4,Unknown,0,376
327869,,9E:A2:F4:27:B6:BF,-87,4,1308,100,700273869198,WEP,1,0,1,0,,0,0,,0,0,0,0,9E:A2:F4,Unknown,0,334
327996,Isha99_FF,9C:A2:F4:FA:D3:9C,-91,5,234,100,30692000973225,WPA2,1,0,1,8,1.0;2.0;5.5;11.0;9.0;18.0;36.0;54.0;6.0;12.0;24.0;48.0,4,5,,1,40,2,1,9C:A2:F4,Unknown,0,384
328017,,9E:A2:F4:AA:D3:9C,-90,5,235,100,30692000973209,WEP,1,0,1,0,,0,0,,0,0,0,0,9E:A2:F4,Unknown,0,334
328098,Isha99_FF,9C:A2:F4:FA:D3:9C,-87,5,238,100,30692001075597,WPA2,1,0,1,8,1.0;2.0;5.5;11.0;9.0;18.0;36.0;54.0;6.0;12.0;24.0;48.0,4,5,,1,40,2,1,9C:A2:F4,Unknown,0,384
328235,NSG home_EXT,00:EB:D8:57:47:D0,-91,6,1263,100,3371882189940,WPA2,1,0,1,8,1.0;2.0;5.5;11.0;9.0;18.0;36.0;54.0;6.0;12.0;24.0;48.0,4,6,,1,20,2,0,00:EB:D8,Unknown,0,218
328289,Jio4G,04:AB:08:7C:EB:C2,-91,6,2533,100,2468658074026,WPA2,1,0,1,8,1.0;2.0;5.5;11.0;9.0;18.0;36.0;54.0;6.0;12.0;24.0;48.0,4,6,IN,1,20,2,1,04:AB:08,Unknown,0,279
328310,,9E:A2:F4:AA:D3:9C,-90,6,247,100,30692001280420,WEP,1,0,1,0,,0,0,,0,0,0,0,9E:A2:F4,Unknown,0,334
328353,NSG home_EXT,00:EB:D8:57:47:D0,-93,6,1264,100,3371882291625,WPA2,1,0,1,8,1.0;2.0;5.5;11.0;9.0;18.0;36.0;54.0;6.0;12.0;24.0;48.0,4,6,,1,20,2,0,00:EB:D8,Unknown,0,218
328426,Jio4G,04:AB:08:7C:EB:C2,-92,6,2534,100,2468658176411,WPA2,1,0,1,8,1.0;2.0;5.5;11.0;9.0;18.0;36.0;54.0;6.0;12.0;24.0;48.0,4,6,IN,1,20,2,1,04:AB:08,Unknown,0,279
328468,Airtel_nedo_2350,6C:4F:89:09:FD:11,-94,6,1872,100,1262384128048,WPA2,1,0,1,8,1.0;2.0;5.5;11.0;6.0;9.0;12.0;18.0;24.0;36.0;48.0;54.0,4,6,IN,1,20,2,1,6C:4F:89,Unknown,0,312
328532,Jio4G,04:AB:08:7C:EB:C2,-90,7,2535,100,2468658278810,WPA2,1,0,1,8,1.0;2.0;5.5;11.0;9.0;18.0;36.0;54.0;6.0;12.0;24.0;48.0,4,6,IN,1,20,2,1,04:AB:08,Unknown,0,279
328585,Isha99_FF,9C:A2:F4:FA:D3:9C,-89,7,254,100,30692001485208,WPA2,1,0,1,8,1.0;2.0;5.5;11.0;9.0;18.0;36.0;54.0;6.0;12.0;24.0;48.0,4,5,,1,40,2,1,9C:A2:F4,Unknown,0,384
328627,Vaiskumar,D8:47:32:3A:06:01,-83,7,3954,100,12995891511,WPA2,1,0,1,8,1.0;2.0;5.5;11.0;9.0;18.0;36.0;54.0;6.0;12.0;24.0;48.0,4,8,,1,40,2,1,D8:47:32,Unknown,0,239
328687,Vaiskumar_5G,DA:47:32:39:06:01,-85,7,3955,100,12995893633,WPA2,1,0,1,8,1.0;2.0;5.5;11.0;9.0;18.0;36.0;54.0;6.0;12.0;24.0;48.0,4,8,,1,40,2,1,DA:47:32,Unknown,0,242
328730,Vaiskumar,D8:47:32:3A:06:01,-80,8,3956,100,12995993912,WPA2,1,0,1,8,1.0;2.0;5.5;11.0;9.0;18.0;36.0;54.0;6.0;12.0;24.0;48.0,4,8,,1,40,2,1,D8:47:32,Unknown,0,239
328783,4G New 10 Jan26,78:20:51:A7:06:48,-89,8,3370,100,2552991029527,WPA2,1,0,1,8,1.0;2.0;5.5;11.0;9.0;18.0;36.0;54.0;6.0;12.0;24.0;48.0,4,6,IN,1,20,2,1,78:20:51,Unknown,0,239
328836,Vaiskumar,D8:47:32:3A:06:01,-82,8,3958,100,12996096310,WPA2,1,0,1,8,1.0;2.0;5.5;11.0;9.0;18.0;36.0;54.0;6.0;12.0;24.0;48.0,4,8,,1,40,2,1,D8:47:32,Unknown,0,239
328878,Vaiskumar_5G,DA:47:32:39:06:01,-83,8,3959,100,12996098431,WPA2,1,0,1,8,1.0;2.0;5.5;11.0;9.0;18.0;36.0;54.0;6.0;12.0;24.0;48.0,4,8,,1,40,2,1,DA:47:32,Unknown,0,242
328940,Vaiskumar,D8:47:32:3A:06:01,-75,8,3960,100,12996198714,WPA2,1,0,1,8,1.0;2.0;5.5;11.0;9.0;18.0;36.0;54.0;6.0;12.0;24.0;48.0,4,8,,1,40,2,1,D8:47:32,Unknown,0,239
328993,Vaiskumar_5G,DA:47:32:39:06:01,-76,8,3961,100,12996200835,WPA2,1,0,1,8,1.0;2.0;5.5;11.0;9.0;18.0;36.0;54.0;6.0;12.0;24.0;48.0,4,8,,1,40,2,1,DA:47:32,Unknown,0,242
329036,Vaiskumar,D8:47:32:3A:06:01,-79,9,3962,100,12996301114,WPA2,1,0,1,8,1.0;2.0;5.5;11.0;9.0;18.0;36.0;54.0;6.0;12.0;24.0;48.0,4,8,,1,40,2,1,D8:47:32,Unknown,0,239
329088,Vaiskumar_5G,DA:47:32:39:06:01,-79,9,3963,100,12996303235,WPA2,1,0,1,8,1.0;2.0;5.5;11.0;9.0;18.0;36.0;54.0;6.0;12.0;24.0;48.0,4,8,,1,40,2,1,DA:47:32,Unknown,0,242
329110,,A6:36:C7:7C:3E:66,-81,9,1060,100,728781170,WEP,1,1,0,0,,0,0,,0,0,0,0,A6:36:C7,Unknown,0,178
329171,Kushi,04:AB:08:36:36:22,-87,9,3152,100,729685811613,WPA2,1,0,1,8,1.0;2.0;5.5;11.0;9.0;18.0;36.0;54.0;6.0;12.0;24.0;48.0,4,11,IN,1,20,2,1,04:AB:08,Unknown,0,279
329224,Jio_2,06:AB:08:26:36:22,-88,9,3153,100,729685811621,WPA2,1,0,1,8,1.0;2.0;5.5;11.0;9.0;18.0;36.0;54.0;6.0;12.0;24.0;48.0,4,11,IN,1,20,2,1,06:AB:08,Unknown,0,278
329266,Vaiskumar,D8:47:32:3A:06:01,-83,9,3964,100,12996403515,WPA2,1,0,1,8,1.0;2.0;5.5;11.0;9.0;18.0;36.0;54.0;6.0;12.0;24.0;48.0,4,8,,1,40,2,1,D8:47:32,Unknown,0,239
329318,Vaiskumar_5G,DA:47:32:39:06:01,-83,9,3965,100,12996405637,WPA2,1,0,1,8,1.0;2.0;5.5;11.0;9.0;18.0;36.0;54.0;6.0;12.0;24.0;48.0,4,8,,1,40,2,1,DA:47:32,Unknown,0,242
329362,Vaiskumar,D8:47:32:3A:06:01,-82,10,3966,100,12996505922,WPA2,1,0,1,8,1.0;2.0;5.5;11.0;9.0;18.0;36.0;54.0;6.0;12.0;24.0;48.0,4,8,,1,40,2,1,D8:47:32,Unknown,0,239
329403,,A6:36:C7:7C:3E:66,-86,10,1062,100,728985970,WEP,1,1,0,0,,0,0,,0,0,0,0,A6:36:C7,Unknown,0,178
329455,Vaiskumar,D8:47:32:3A:06:01,-85,10,3968,100,12996608320,WPA2,1,0,1,8,1.0;2.0;5.5;11.0;9.0;18.0;36.0;54.0;6.0;12.0;24.0;48.0,4,8,,1,40,2,1,D8:47:32,Unknown,0,239
329498,Vaiskumar_5G,DA:47:32:39:06:01,-85,10,3969,100,12996610441,WPA2,1,0,1,8,1.0;2.0;5.5;11.0;9.0;18.0;36.0;54.0;6.0;12.0;24.0;48.0,4,8,,1,40,2,1,DA:47:32,Unknown,0,242
329551,Kushi,04:AB:08:36:36:22,-76,11,3160,100,729686221227,WPA2,1,0,1,8,1.0;2.0;5.5;11.0;9.0;18.0;36.0;54.0;6.0;12.0;24.0;48.0,4,11,IN,1,20,2,1,04:AB:08,Unknown,0,279
329604,Jio_2,06:AB:08:26:36:22,-78,11,3161,100,729686221194,WPA2,1,0,1,8,1.0;2.0;5.5;11.0;9.0;18.0;36.0;54.0;6.0;12.0;24.0;48.0,4,11,IN,1,20,2,1,06:AB:08,Unknown,0,278
329644,,A6:36:C7:7C:3E:66,-90,11,1065,100,729293170,WEP,1,1,0,0,,0,0,,0,0,0,0,A6:36:C7,Unknown,0,178
329698,Kushi,04:AB:08:36:36:22,-75,11,3162,100,729686323623,WPA2,1,0,1,8,1.0;2.0;5.5;11.0;9.0;18.0;36.0;54.0;6.0;12.0;24.0;48.0,4,11,IN,1,20,2,1,04:AB:08,Unknown,0,279
329750,Airtel_Kapildev Kannadasn,60:98:49:F5:6D:EA,-96,11,177,100,189902438789,WPA2,1,0,1,8,1.0;2.0;5.5;11.0;6.0;9.0;12.0;18.0;24.0;36.0;48.0;54.0,4,11,IN,1,20,2,1,60:98:49,Unknown,0,361
329803,Kushi,04:AB:08:36:36:22,-72,11,3164,100,729686425995,WPA2,1,0,1,8,1.0;2.0;5.5;11.0;9.0;18.0;36.0;54.0;6.0;12.0;24.0;48.0,4,11,IN,1,20,2,1,04:AB:08,Unknown,0,279
329866,Kushi,04:AB:08:36:36:22,-79,12,3166,100,729686528421,WPA2,1,0,1,8,1.0;2.0;5.5;11.0;9.0;18.0;36.0;54.0;6.0;12.0;24.0;48.0,4,11,IN,1,20,2,1,04:AB:08,Unknown,0,279
329927,Jio_2,06:AB:08:26:36:22,-78,12,3167,100,729686528392,WPA2,1,0,1,8,1.0;2.0;5.5;11.0;9.0;18.0;36.0;54.0;6.0;12.0;24.0;48.0,4,11,IN,1,20,2,1,06:AB:08,Unknown,0,278
329981,Kushi,04:AB:08:36:36:22,-78,12,3168,100,729686630808,WPA2,1,0,1,8,1.0;2.0;5.5;11.0;9.0;18.0;36.0;54.0;6.0;12.0;24.0;48.0,4,11,IN,1,20,2,1,04:AB:08,Unknown,0,279
330033,Jio_2,06:AB:08:26:36:22,-77,12,3169,100,729686630798,WPA2,1,0,1,8,1.0;2.0;5.5;11.0;9.0;18.0;36.0;54.0;6.0;12.0;24.0;48.0,4,11,IN,1,20,2,1,06:AB:08,Unknown,0,278
330298,Athidi 1,9E:A2:F4:17:B6:BF,-86,1,1451,100,700276326822,WPA2,1,0,1,8,1.0;2.0;5.5;11.0;9.0;18.0;36.0;54.0;6.0;12.0;24.0;48.0,4,3,,1,40,2,1,9E:A2:F4,Unknown,0,286
330351,Reddington,00:5F:67:F7:5E:DF,-87,1,563,100,802895974728,WPA2,1,0,1,8,1.0;2.0;5.5;11.0;9.0;18.0;36.0;54.0;6.0;12.0;24.0;48.0,4,1,,1,40,2,1,00:5F:67,Unknown,0,240
330453,Reddington,00:5F:67:F7:5E:DF,-87,2,564,100,802896077129,WPA2,1,0,1,8,1.0;2.0;5.5;11.0;9.0;18.0;36.0;54.0;6.0;12.0;24.0;48.0,4,1,,1,40,2,1,00:5F:67,Unknown,0,240
330503,Athidi 1,9E:A2:F4:17:B6:BF,-71,2,1463,100,700276531612,WPA2,1,0,1,8,1.0;2.0;5.5;11.0;9.0;18.0;36.0;54.0;6.0;12.0;24.0;48.0,4,3,,1,40,2,1,9E:A2:F4,Unknown,0,286
330556,Reddington,00:5F:67:F7:5E:DF,-86,2,565,100,802896179529,WPA2,1,0,1,8,1.0;2.0;5.5;11.0;9.0;18.0;36.0;54.0;6.0;12.0;24.0;48.0,4,1,,1,40,2,1,00:5F:67,Unknown,0,240
330708,Athidi 1,9E:A2:F4:17:B6:BF,-72,3,1475,100,700276736423,WPA2,1,0,1,8,1.0;2.0;5.5;11.0;9.0;18.0;36.0;54.0;6.0;12.0;24.0;48.0,4,3,,1,40,2,1,9E:A2:F4,Unknown,0,286
330817,.,9C:A2:F4:D7:B6:BF,-77,3,1480,100,700276838824,WPA2,1,0,1,8,1.0;2.0;5.5;11.0;9.0;18.0;36.0;54.0;6.0;12.0;24.0;48.0,4,3,,1,40,2,1,9C:A2:F4,Unknown,0,376
330867,Athidi 1,9E:A2:F4:17:B6:BF,-77,3,1481,100,700276838818,WPA2,1,0,1,8,1.0;2.0;5.5;11.0;9.0;18.0;36.0;54.0;6.0;12.0;24.0;48.0,4,3,,1,40,2,1,9E:A2:F4,Unknown,0,286
330898,,9E:A2:F4:27:B6:BF,-78,3,1482,100,700276838804,WEP,1,0,1,0,,0,0,,0,0,0,0,9E:A2:F4,Unknown,0,334
330951,Athidi 1,9E:A2:F4:17:B6:BF,-83,3,1487,100,700276941219,WPA2,1,0,1,8,1.0;2.0;5.5;11.0;9.0;18.0;36.0;54.0;6.0;12.0;24.0;48.0,4,3,,1,40,2,1,9E:A2:F4,Unknown,0,286
330973,,9E:A2:F4:27:B6:BF,-84,3,1488,100,700276941213,WEP,1,0,1,0,,0,0,,0,0,0,0,9E:A2:F4,Unknown,0,334
330995,,9E:A2:F4:AA:D3:9C,-89,4,355,100,30692003942801,WEP,1,0,1,0,,0,0,,0,0,0,0,9E:A2:F4,Unknown,0,334
331058,Athidi 1,9E:A2:F4:17:B6:BF,-81,4,1493,100,700277043604,WPA2,1,0,1,8,1.0;2.0;5.5;11.0;9.0;18.0;36.0;54.0;6.0;12.0;24.0;48.0,4,3,,1,40,2,1,9E:A2:F4,Unknown,0,286
331124,.,9C:A2:F4:D7:B6:BF,-75,4,1498,100,700277146002,WPA2,1,0,1,8,1.0;2.0;5.5;11.0;9.0;18.0;36.0;54.0;6.0;12.0;24.0;48.0,4,3,,1,40,2,1,9C:A2:F4,Unknown,0,376
331167,Athidi 1,9E:A2:F4:17:B6:BF,-75,4,1499,100,700277146014,WPA2,1,0,1,8,1.0;2.0;5.5;11.0;9.0;18.0;36.0;54.0;6.0;12.0;24.0;48.0,4,3,,1,40,2,1,9E:A2:F4,Unknown,0,286
331198,,9E:A2:F4:27:B6:BF,-74,4,1500,100,700277146009,WEP,1,0,1,0,,0,0,,0,0,0,0,9E:A2:F4,Unknown,0,334
331220,,9E:A2:F4:AA:D3:9C,-87,4,363,100,30692004147626,WEP,1,0,1,0,,0,0,,0,0,0,0,9E:A2:F4,Unknown,0,334
331286,.,9C:A2:F4:D7:B6:BF,-82,4,1504,100,700277248424,WPA2,1,0,1,8,1.0;2.0;5.5;11.0;9.0;18.0;36.0;54.0;6.0;12.0;24.0;48.0,4,3,,1,40,2,1,9C:A2:F4,Unknown,0,376
331339,Athidi 1,9E:A2:F4:17:B6:BF,-81,4,1505,100,700277248401,WPA2,1,0,1,8,1.0;2.0;5.5;11.0;9.0;18.0;36.0;54.0;6.0;12.0;24.0;48.0,4,3,,1,40,2,1,9E:A2:F4,Unknown,0,286
331360,,9E:A2:F4:27:B6:BF,-80,4,1506,100,700277248401,WEP,1,0,1,0,,0,0,,0,0,0,0,9E:A2:F4,Unknown,0,334
331392,,9E:A2:F4:AA:D3:9C,-91,5,367,100,30692004250026,WEP,1,0,1,0,,0,0,,0,0,0,0,9E:A2:F4,Unknown,0,334
331445,Isha99_FF,9C:A2:F4:FA:D3:9C,-89,5,370,100,30692004352408,WPA2,1,0,1,8,1.0;2.0;5.5;11.0;9.0;18.0;36.0;54.0;6.0;12.0;24.0;48.0,4,5,,1,40,2,1,9C:A2:F4,Unknown,0,384
331475,,9E:A2:F4:AA:D3:9C,-86,5,371,100,30692004352419,WEP,1,0,1,0,,0,0,,0,0,0,0,9E:A2:F4,Unknown,0,334
331529,Isha99_FF,9C:A2:F4:FA:D3:9C,-84,6,374,100,30692004454804,WPA2,1,0,1,8,1.0;2.0;5.5;11.0;9.0;18.0;36.0;54.0;6.0;12.0;24.0;48.0,4,5,,1,40,2,1,9C:A2:F4,Unknown,0,384
331561,,9E:A2:F4:AA:D3:9C,-86,6,375,100,30692004454815,WEP,1,0,1,0,,0,0,,0,0,0,0,9E:A2:F4,Unknown,0,334
331613,Jio4G,04:AB:08:7C:EB:C2,-85,6,2565,100,2468661350812,WPA2,1,0,1,8,1.0;2.0;5.5;11.0;9.0;18.0;36.0;54.0;6.0;12.0;24.0;48.0,4,6,IN,1,20,2,1,04:AB:08,Unknown,0,279
331666,Isha99_FF,9C:A2:F4:FA:D3:9C,-85,6,378,100,30692004557227,WPA2,1,0,1,8,1.0;2.0;5.5;11.0;9.0;18.0;36.0;54.0;6.0;12.0;24.0;48.0,4,5,,1,40,2,1,9C:A2:F4,Unknown,0,384
331697,,9E:A2:F4:AA:D3:9C,-87,6,379,100,30692004557192,WEP,1,0,1,0,,0,0,,0,0,0,0,9E:A2:F4,Unknown,0,334
331749,4G New 10 Jan26,78:20:51:A7:06:48,-83,6,3398,100,2552993896757,WPA2,1,0,1,8,1.0;2.0;5.5;11.0;9.0;18.0;36.0;54.0;6.0;12.0;24.0;48.0,4,6,IN,1,20,2,1,78:20:51,Unknown,0,239
331793,NSG home_EXT,00:EB:D8:57:47:D0,-91,6,1296,100,3371885568529,WPA2,1,0,1,8,1.0;2.0;5.5;11.0;9.0;18.0;36.0;54.0;6.0;12.0;24.0;48.0,4,6,,1,20,2,0,00:EB:D8,Unknown,0,218
331855,Isha99_FF,9C:A2:F4:FA:D3:9C,-84,6,382,100,30692004659596,WPA2,1,0,1,8,1.0;2.0;5.5;11.0;9.0;18.0;36.0;54.0;6.0;12.0;24.0;48.0,4,5,,1,40,2,1,9C:A2:F4,Unknown,0,384
331908,4G New 10 Jan26,78:20:51:A7:06:48,-90,6,3399,100,2552993999162,WPA2,1,0,1,8,1.0;2.0;5.5;11.0;9.0;18.0;36.0;54.0;6.0;12.0;24.0;48.0,4,6,IN,1,20,2,1,78:20:51,Unknown,0,239
331968,Jio4G,04:AB:08:7C:EB:C2,-88,6,2567,100,2468661555624,WPA2,1,0,1,8,1.0;2.0;5.5;11.0;9.0;18.0;36.0;54.0;6.0;12.0;24.0;48.0,4,6,IN,1,20,2,1,04:AB:08,Unknown,0,279
332011,Vaiskumar_5G,DA:47:32:39:06:01,-76,7,4019,100,12999170461,WPA2,1,0,1,8,1.0;2.0;5.5;11.0;9.0;18.0;36.0;54.0;6.0;12.0;24.0;48.0,4,8,,1,40,2,1,DA:47:32,Unknown,0,242
332063,4G New 10 Jan26,78:20:51:A7:06:48,-89,7,3401,100,2552994203970,WPA2,1,0,1,8,1.0;2.0;5.5;11.0;9.0;18.0;36.0;54.0;6.0;12.0;24.0;48.0,4,6,IN,1,20,2,1,78:20:51,Unknown,0,239
332106,Vaiskumar,D8:47:32:3A:06:01,-79,7,4020,100,12999270748,WPA2,1,0,1,8,1.0;2.0;5.5;11.0;9.0;18.0;36.0;54.0;6.0;12.0;24.0;48.0,4,8,,1,40,2,1,D8:47:32,Unknown,0,239
332158,Vaiskumar,D8:47:32:3A:06:01,-71,8,4022,100,12999373143,WPA2,1,0,1,8,1.0;2.0;5.5;11.0;9.0;18.0;36.0;54.0;6.0;12.0;24.0;48.0,4,8,,1,40,2,1,D8:47:32,Unknown,0,239
332211,Vaiskumar_5G,DA:47:32:39:06:01,-78,8,4023,100,12999375265,WPA2,1,0,1,8,1.0;2.0;5.5;11.0;9.0;18.0;36.0;54.0;6.0;12.0;24.0;48.0,4,8,,1,40,2,1,DA:47:32,Unknown,0,242
332265,Vaiskumar,D8:47:32:3A:06:01,-81,8,4024,100,12999475551,WPA2,1,0,1,8,1.0;2.0;5.5;11.0;9.0;18.0;36.0;54.0;6.0;12.0;24.0;48.0,4,8,,1,40,2,1,D8:47:32,Unknown,0,239
332307,Vaiskumar_5G,DA:47:32:39:06:01,-80,8,4025,100,12999477673,WPA2,1,0,1,8,1.0;2.0;5.5;11.0;9.0;18.0;36.0;54.0;6.0;12.0;24.0;48.0,4,8,,1,40,2,1,DA:47:32,Unknown,0,242
332360,Vaiskumar_5G,DA:47:32:39:06:01,-75,9,4027,100,12999580073,WPA2,1,0,1,8,1.0;2.0;5.5;11.0;9.0;18.0;36.0;54.0;6.0;12.0;24.0;48.0,4,8,,1,40,2,1,DA:47:32,Unknown,0,242
332381,,A6:36:C7:7C:3E:66,-81,9,1092,100,732057970,WEP,1,1,0,0,,0,0,,0,0,0,0,A6:36:C7,Unknown,0,178
332440,Kushi,04:AB:08:36:36:22,-88,9,3216,100,729689088405,WPA2,1,0,1,8,1.0;2.0;5.5;11.0;9.0;18.0;36.0;54.0;6.0;12.0;24.0;48.0,4,11,IN,1,20,2,1,04:AB:08,Unknown,0,279
332492,Jio_2,06:AB:08:26:36:22,-91,9,3217,100,729689088403,WPA2,1,0,1,8,1.0;2.0;5.5;11.0;9.0;18.0;36.0;54.0;6.0;12.0;24.0;48.0,4,11,IN,1,20,2,1,06:AB:08,Unknown,0,278
332546,Vaiskumar_5G,DA:47:32:39:06:01,-80,9,4029,100,12999682474,WPA2,1,0,1,8,1.0;2.0;5.5;11.0;9.0;18.0;36.0;54.0;6.0;12.0;24.0;48.0,4,8,,1,40,2,1,DA:47:32,Unknown,0,242
332567,,A6:36:C7:7C:3E:66,-84,9,1093,100,732160370,WEP,1,1,0,0,,0,0,,0,0,0,0,A6:36:C7,Unknown,0,178
332620,Vaiskumar,D8:47:32:3A:06:01,-79,9,4030,100,12999782746,WPA2,1,0,1,8,1.0;2.0;5.5;11.0;9.0;18.0;36.0;54.0;6.0;12.0;24.0;48.0,4,8,,1,40,2,1,D8:47:32,Unknown,0,239
332672,Vaiskumar_5G,DA:47:32:39:06:01,-80,9,4031,100,12999784868,WPA2,1,0,1,8,1.0;2.0;5.5;11.0;9.0;18.0;36.0;54.0;6.0;12.0;24.0;48.0,4,8,,1,40,2,1,DA:47:32,Unknown,0,242
332705,,A6:36:C7:7C:3E:66,-86,10,1095,100,732365170,WEP,1,1,0,0,,0,0,,0,0,0,0,A6:36:C7,Unknown,0,178
332757,Kushi,04:AB:08:36:36:22,-88,10,3222,100,729689395676,WPA2,1,0,1,8,1.0;2.0;5.5;11.0;9.0;18.0;36.0;54.0;6.0;12.0;24.0;48.0,4,11,IN,1,20,2,1,04:AB:08,Unknown,0,279
332810,Jio_2,06:AB:08:26:36:22,-88,10,3223,100,729689395594,WPA2,1,0,1,8,1.0;2.0;5.5;11.0;9.0;18.0;36.0;54.0;6.0;12.0;24.0;48.0,4,11,IN,1,20,2,1,06:AB:08,Unknown,0,278
332831,,A6:36:C7:7C:3E:66,-82,10,1096,100,732467570,WEP,1,1,0,0,,0,0,,0,0,0,0,A6:36:C7,Unknown,0,178
332902,Kushi,04:AB:08:36:36:22,-82,11,3224,100,729689498005,WPA2,1,0,1,8,1.0;2.0;5.5;11.0;9.0;18.0;36.0;54.0;6.0;12.0;24.0;48.0,4,11,IN,1,20,2,1,04:AB:08,Unknown,0,279
332955,Jio_2,06:AB:08:26:36:22,-77,11,3225,100,729689497995,WPA2,1,0,1,8,1.0;2.0;5.5;11.0;9.0;18.0;36.0;54.0;6.0;12.0;24.0;48.0,4,11,IN,1,20,2,1,06:AB:08,Unknown,0,278
333007,Kushi,04:AB:08:36:36:22,-75,11,3226,100,729689600420,WPA2,1,0,1,8,1.0;2.0;5.5;11.0;9.0;18.0;36.0;54.0;6.0;12.0;24.0;48.0,4,11,IN,1,20,2,1,04:AB:08,Unknown,0,279
333060,Jio_2,06:AB:08:26:36:22,-72,11,3227,100,729689600426,WPA2,1,0,1,8,1.0;2.0;5.5;11.0;9.0;18.0;36.0;54.0;6.0;12.0;24.0;48.0,4,11,IN,1,20,2,1,06:AB:08,Unknown,0,278
333113,Kushi,04:AB:08:36:36:22,-77,11,3228,100,729689702808,WPA2,1,0,1,8,1.0;2.0;5.5;11.0;9.0;18.0;36.0;54.0;6.0;12.0;24.0;48.0,4,11,IN,1,20,2,1,04:AB:08,Unknown,0,279
333174,Jio_2,06:AB:08:26:36:22,-75,11,3229,100,729689702795,WPA2,1,0,1,8,1.0;2.0;5.5;11.0;9.0;18.0;36.0;54.0;6.0;12.0;24.0;48.0,4,11,IN,1,20,2,1,06:AB:08,Unknown,0,278
333227,ACTFIBERNET,AC:15:A2:92:C5:D3,-95,11,71,100,554494260003,WPA2,1,0,1,8,1.0;2.0;5.5;11.0;9.0;18.0;36.0;54.0;6.0;12.0;24.0;48.0,4,11,,1,40,2,1,AC:15:A2,Unknown,0,241
333280,Jio_2,06:AB:08:26:36:22,-80,11,3231,100,729689805205,WPA2,1,0,1,8,1.0;2.0;5.5;11.0;9.0;18.0;36.0;54.0;6.0;12.0;24.0;48.0,4,11,IN,1,20,2,1,06:AB:08,Unknown,0,278
333333,Jio_2,06:AB:08:26:36:22,-75,12,3233,100,729689907617,WPA2,1,0,1,8,1.0;2.0;5.5;11.0;9.0;18.0;36.0;54.0;6.0;12.0;24.0;48.0,4,11,IN,1,20,2,1,06:AB:08,Unknown,0,278
333375,Saraagam,98:03:8E:B2:B3:E5,-92,12,1340,100,802924544413,WPA2,1,0,1,8,1.0;2.0;5.5;11.0;9.0;18.0;36.0;54.0;6.0;12.0;24.0;48.0,4,11,,1,20,2,0,98:03:8E,Unknown,0,214
333438,Jio_2,06:AB:08:26:36:22,-70,12,3235,100,729690010016,WPA2,1,0,1,8,1.0;2.0;5.5;11.0;9.0;18.0;36.0;54.0;6.0;12.0;24.0;48.0,4,11,IN,1,20,2,1,06:AB:08,Unknown,0,278
333481,Saraagam,98:03:8E:B2:B3:E5,-91,12,1341,100,802924646806,WPA2,1,0,1,8,1.0;2.0;5.5;11.0;9.0;18.0;36.0;54.0;6.0;12.0;24.0;48.0,4,11,,1,20,2,0,98:03:8E,Unknown,0,214
333628,Reddington,00:5F:67:F7:5E:DF,-86,1,595,100,802899251555,WPA2,1,0,1,8,1.0;2.0;5.5;11.0;9.0;18.0;36.0;54.0;6.0;12.0;24.0;48.0,4,1,,1,40,2,1,00:5F:67,Unknown,0,240
333677,Athidi 1,9E:A2:F4:17:B6:BF,-83,1,1649,100,700279705997,WPA2,1,0,1,8,1.0;2.0;5.5;11.0;9.0;18.0;36.0;54.0;6.0;12.0;24.0;48.0,4,3,,1,40,2,1,9E:A2:F4,Unknown,0,286
333763,,9E:A2:F4:27:B6:BF,-80,2,1656,100,700279808397,WEP,1,0,1,0,,0,0,,0,0,0,0,9E:A2:F4,Unknown,0,334
333835,Reddington,00:5F:67:F7:5E:DF,-86,2,597,100,802899459159,WPA2,1,0,1,8,1.0;2.0;5.5;11.0;9.0;18.0;36.0;54.0;6.0;12.0;24.0;48.0,4,1,,1,40,2,1,00:5F:67,Unknown,0,240
333889,.,9C:A2:F4:D7:B6:BF,-72,2,1660,100,700279910792,WPA2,1,0,1,8,1.0;2.0;5.5;11.0;9.0;18.0;36.0;54.0;6.0;12.0;24.0;48.0,4,3,,1,40,2,1,9C:A2:F4,Unknown,0,376
333910,,9E:A2:F4:27:B6:BF,-72,2,1662,100,700279910818,WEP,1,0,1,0,,0,0,,0,0,0,0,9E:A2:F4,Unknown,0,334
333991,.,9C:A2:F4:D7:B6:BF,-69,3,1666,100,700280013214,WPA2,1,0,1,8,1.0;2.0;5.5;11.0;9.0;18.0;36.0;54.0;6.0;12.0;24.0;48.0,4,3,,1,40,2,1,9C:A2:F4,Unknown,0,376
334034,Athidi 1,9E:A2:F4:17:B6:BF,-69,3,1667,100,700280013218,WPA2,1,0,1,8,1.0;2.0;5.5;11.0;9.0;18.0;36.0;54.0;6.0;12.0;24.0;48.0,4,3,,1,40,2,1,9E:A2:F4,Unknown,0,286
334106,.,9C:A2:F4:D7:B6:BF,-71,3,1672,100,700280115618,WPA2,1,0,1,8,1.0;2.0;5.5;11.0;9.0;18.0;36.0;54.0;6.0;12.0;24.0;48.0,4,3,,1,40,2,1,9C:A2:F4,Unknown,0,376
334149,Athidi 1,9E:A2:F4:17:B6:BF,-71,3,1673,100,700280115604,WPA2,1,0,1,8,1.0;2.0;5.5;11.0;9.0;18.0;36.0;54.0;6.0;12.0;24.0;48.0,4,3,,1,40,2,1,9E:A2:F4,Unknown,0,286
334180,,9E:A2:F4:27:B6:BF,-71,3,1674,100,700280115616,WEP,1,0,1,0,,0,0,,0,0,0,0,9E:A2:F4,Unknown,0,334
334234,.,9C:A2:F4:D7:B6:BF,-70,4,1678,100,700280218004,WPA2,1,0,1,8,1.0;2.0;5.5;11.0;9.0;18.0;36.0;54.0;6.0;12.0;24.0;48.0,4,3,,1,40,2,1,9C:A2:F4,Unknown,0,376
334286,Athidi 1,9E:A2:F4:17:B6:BF,-70,4,1679,100,700280218008,WPA2,1,0,1,8,1.0;2.0;5.5;11.0;9.0;18.0;36.0;54.0;6.0;12.0;24.0;48.0,4,3,,1,40,2,1,9E:A2:F4,Unknown,0,286
334316,,9E:A2:F4:27:B6:BF,-71,4,1680,100,700280217994,WEP,1,0,1,0,,0,0,,0,0,0,0,9E:A2:F4,Unknown,0,334
334369,.,9C:A2:F4:D7:B6:BF,-64,4,1684,100,700280320415,WPA2,1,0,1,8,1.0;2.0;5.5;11.0;9.0;18.0;36.0;54.0;6.0;12.0;24.0;48.0,4,3,,1,40,2,1,9C:A2:F4,Unknown,0,376
334401,,9E:A2:F4:27:B6:BF,-65,4,1686,100,700280320405,WEP,1,0,1,0,,0,0,,0,0,0,0,9E:A2:F4,Unknown,0,334
334454,.,9C:A2:F4:D7:B6:BF,-69,4,1690,100,700280422809,WPA2,1,0,1,8,1.0;2.0;5.5;11.0;9.0;18.0;36.0;54.0;6.0;12.0;24.0;48.0,4,3,,1,40,2,1,9C:A2:F4,Unknown,0,376
334507,Athidi 1,9E:A2:F4:17:B6:BF,-69,4,1691,100,700280422795,WPA2,1,0,1,8,1.0;2.0;5.5;11.0;9.0;18.0;36.0;54.0;6.0;12.0;24.0;48.0,4,3,,1,40,2,1,9E:A2:F4,Unknown,0,286
334534,,9E:A2:F4:27:B6:BF,-69,4,1692,100,700280422799,WEP,1,0,1,0,,0,0,,0,0,0,0,9E:A2:F4,Unknown,0,334
334652,Isha99_FF,9C:A2:F4:FA:D3:9C,-90,5,507,100,30692007629206,WPA2,1,0,1,8,1.0;2.0;5.5;11.0;9.0;18.0;36.0;54.0;6.0;12.0;24.0;48.0,4,5,,1,40,2,1,9C:A2:F4,Unknown,0,384
334674,,9E:A2:F4:AA:D3:9C,-91,5,508,100,30692007629217,WEP,1,0,1,0,,0,0,,0,0,0,0,9E:A2:F4,Unknown,0,334
334727,Airtel_nedo_2350,6C:4F:89:09:FD:11,-93,6,1934,100,1262390476848,WPA2,1,0,1,8,1.0;2.0;5.5;11.0;6.0;9.0;12.0;18.0;24.0;36.0;48.0;54.0,4,6,IN,1,20,2,1,6C:4F:89,Unknown,0,312
334780,4G New 10 Jan26,78:20:51:A7:06:48,-94,6,3435,100,2552997071185,WPA2,1,0,1,8,1.0;2.0;5.5;11.0;9.0;18.0;36.0;54.0;6.0;12.0;24.0;48.0,4,6,IN,1,20,2,1,78:20:51,Unknown,0,239
334842,NSG home_EXT,00:EB:D8:57:47:D0,-91,6,1327,100,3371888743539,WPA2,1,0,1,8,1.0;2.0;5.5;11.0;9.0;18.0;36.0;54.0;6.0;12.0;24.0;48.0,4,6,,1,20,2,0,00:EB:D8,Unknown,0,218
334895,Jio4G,04:AB:08:7C:EB:C2,-87,6,2597,100,2468664627610,WPA2,1,0,1,8,1.0;2.0;5.5;11.0;9.0;18.0;36.0;54.0;6.0;12.0;24.0;48.0,4,6,IN,1,20,2,1,04:AB:08,Unknown,0,279
334948,4G New 10 Jan26,78:20:51:A7:06:48,-92,6,3436,100,2552997171911,WPA2,1,0,1,8,1.0;2.0;5.5;11.0;9.0;18.0;36.0;54.0;6.0;12.0;24.0;48.0,4,6,IN,1,20,2,1,78:20:51,Unknown,0,239
334991,NSG home_EXT,00:EB:D8:57:47:D0,-92,6,1328,100,3371888845311,WPA2,1,0,1,8,1.0;2.0;5.5;11.0;9.0;18.0;36.0;54.0;6.0;12.0;24.0;48.0,4,6,,1,20,2,0,00:EB:D8,Unknown,0,218
335040,Vaiskumar,D8:47:32:3A:06:01,-78,7,4080,100,13002342710,WPA2,1,0,1,8,1.0;2.0;5.5;11.0;9.0;18.0;36.0;54.0;6.0;12.0;24.0;48.0,4,8,,1,40,2,1,D8:47:32,Unknown,0,239
335093,Vaiskumar_5G,DA:47:32:39:06:01,-79,7,4081,100,13002344831,WPA2,1,0,1,8,1.0;2.0;5.5;11.0;9.0;18.0;36.0;54.0;6.0;12.0;24.0;48.0,4,8,,1,40,2,1,DA:47:32,Unknown,0,242
335145,4G New 10 Jan26,78:20:51:A7:06:48,-93,7,3438,100,2552997378366,WPA2,1,0,1,8,1.0;2.0;5.5;11.0;9.0;18.0;36.0;54.0;6.0;12.0;24.0;48.0,4,6,IN,1,20,2,1,78:20:51,Unknown,0,239
335245,Vaiskumar,D8:47:32:3A:06:01,-85,8,4084,100,13002547516,WPA2,1,0,1,8,1.0;2.0;5.5;11.0;9.0;18.0;36.0;54.0;6.0;12.0;24.0;48.0,4,8,,1,40,2,1,D8:47:32,Unknown,0,239
335287,Vaiskumar_5G,DA:47:32:39:06:01,-85,8,4085,100,13002549637,WPA2,1,0,1,8,1.0;2.0;5.5;11.0;9.0;18.0;36.0;54.0;6.0;12.0;24.0;48.0,4,8,,1,40,2,1,DA:47:32,Unknown,0,242
335319,,A6:36:C7:7C:3E:66,-92,8,1121,100,735027570,WEP,1,1,0,0,,0,0,,0,0,0,0,A6:36:C7,Unknown,0,178
335368,Vaiskumar,D8:47:32:3A:06:01,-89,8,4086,100,13002649915,WPA2,1,0,1,8,1.0;2.0;5.5;11.0;9.0;18.0;36.0;54.0;6.0;12.0;24.0;48.0,4,8,,1,40,2,1,D8:47:32,Unknown,0,239
335420,Vaiskumar_5G,DA:47:32:39:06:01,-77,8,4087,100,13002652037,WPA2,1,0,1,8,1.0;2.0;5.5;11.0;9.0;18.0;36.0;54.0;6.0;12.0;24.0;48.0,4,8,,1,40,2,1,DA:47:32,Unknown,0,242
335463,Vaiskumar,D8:47:32:3A:06:01,-84,9,4088,100,13002752319,WPA2,1,0,1,8,1.0;2.0;5.5;11.0;9.0;18.0;36.0;54.0;6.0;12.0;24.0;48.0,4,8,,1,40,2,1,D8:47:32,Unknown,0,239
335516,Vaiskumar_5G,DA:47:32:39:06:01,-85,9,4089,100,13002754440,WPA2,1,0,1,8,1.0;2.0;5.5;11.0;9.0;18.0;36.0;54.0;6.0;12.0;24.0;48.0,4,8,,1,40,2,1,DA:47:32,Unknown,0,242
335558,Vaiskumar,D8:47:32:3A:06:01,-81,9,4090,100,13002854713,WPA2,1,0,1,8,1.0;2.0;5.5;11.0;9.0;18.0;36.0;54.0;6.0;12.0;24.0;48.0,4,8,,1,40,2,1,D8:47:32,Unknown,0,239
335601,,A6:36:C7:7C:3E:66,-90,9,1124,100,735334865,WEP,1,1,0,0,,0,0,,0,0,0,0,A6:36:C7,Unknown,0,178
335654,Vaiskumar,D8:47:32:3A:06:01,-87,9,4092,100,13002957114,WPA2,1,0,1,8,1.0;2.0;5.5;11.0;9.0;18.0;36.0;54.0;6.0;12.0;24.0;48.0,4,8,,1,40,2,1,D8:47:32,Unknown,0,239
335697,Vaiskumar_5G,DA:47:32:39:06:01,-90,9,4093,100,13002959236,WPA2,1,0,1,8,1.0;2.0;5.5;11.0;9.0;18.0;36.0;54.0;6.0;12.0;24.0;48.0,4,8,,1,40,2,1,DA:47:32,Unknown,0,242
335729,,A6:36:C7:7C:3E:66,-89,9,1125,100,735437170,WEP,1,1,0,0,,0,0,,0,0,0,0,A6:36:C7,Unknown,0,178
335817,Jio_2,06:AB:08:26:36:22,-76,10,3289,100,729692570037,WPA2,1,0,1,8,1.0;2.0;5.5;11.0;9.0;18.0;36.0;54.0;6.0;12.0;24.0;48.0,4,11,IN,1,20,2,1,06:AB:08,Unknown,0,278
335911,Kushi,04:AB:08:36:36:22,-85,10,3290,100,729692672414,WPA2,1,0,1,8,1.0;2.0;5.5;11.0;9.0;18.0;36.0;54.0;6.0;12.0;24.0;48.0,4,11,IN,1,20,2,1,04:AB:08,Unknown,0,279
335964,Jio_2,06:AB:08:26:36:22,-85,10,3291,100,729692672395,WPA2,1,0,1,8,1.0;2.0;5.5;11.0;9.0;18.0;36.0;54.0;6.0;12.0;24.0;48.0,4,11,IN,1,20,2,1,06:AB:08,Unknown,0,278
336017,Kushi,04:AB:08:36:36:22,-85,11,3292,100,729692775282,WPA2,1,0,1,8,1.0;2.0;5.5;11.0;9.0;18.0;36.0;54.0;6.0;12.0;24.0;48.0,4,11,IN,1,20,2,1,04:AB:08,Unknown,0,279
336070,Jio_2,06:AB:08:26:36:22,-86,11,3293,100,729692774803,WPA2,1,0,1,8,1.0;2.0;5.5;11.0;9.0;18.0;36.0;54.0;6.0;12.0;24.0;48.0,4,11,IN,1,20,2,1,06:AB:08,Unknown,0,278
336318,Jio_2,06:AB:08:26:36:22,-82,12,3299,100,729693082007,WPA2,1,0,1,8,1.0;2.0;5.5;11.0;9.0;18.0;36.0;54.0;6.0;12.0;24.0;48.0,4,11,IN,1,20,2,1,06:AB:08,Unknown,0,278
336431,Jio_2,06:AB:08:26:36:22,-83,12,3301,100,729693184410,WPA2,1,0,1,8,1.0;2.0;5.5;11.0;9.0;18.0;36.0;54.0;6.0;12.0;24.0;48.0,4,11,IN,1,20,2,1,06:AB:08,Unknown,0,278
336702,Reddington,00:5F:67:F7:5E:DF,-93,1,625,100,802902325291,WPA2,1,0,1,8,1.0;2.0;5.5;11.0;9.0;18.0;36.0;54.0;6.0;12.0;24.0;48.0,4,1,,1,40,2,1,00:5F:67,Unknown,0,240
336802,Reddington,00:5F:67:F7:5E:DF,-92,1,626,100,802902426106,WPA2,1,0,1,8,1.0;2.0;5.5;11.0;9.0;18.0;36.0;54.0;6.0;12.0;24.0;48.0,4,1,,1,40,2,1,00:5F:67,Unknown,0,240
336896,Airtel_Yuvi_44,40:48:6E:96:40:7A,-93,1,329,100,404570317684,WPA2,1,0,1,8,1.0;2.0;5.5;11.0;6.0;9.0;12.0;18.0;24.0;36.0;48.0;54.0,4,1,IN,1,20,2,1,40:48:6E,Unknown,0,350
336961,.,9C:A2:F4:D7:B6:BF,-74,2,1840,100,700282982814,WPA2,1,0,1,8,1.0;2.0;5.5;11.0;9.0;18.0;36.0;54.0;6.0;12.0;24.0;48.0,4,3,,1,40,2,1,9C:A2:F4,Unknown,0,376
336991,,9E:A2:F4:27:B6:BF,-73,2,1842,100,700282982803,WEP,1,0,1,0,,0,0,,0,0,0,0,9E:A2:F4,Unknown,0,334
337063,.,9C:A2:F4:D7:B6:BF,-87,2,1846,100,700283085214,WPA2,1,0,1,8,1.0;2.0;5.5;11.0;9.0;18.0;36.0;54.0;6.0;12.0;24.0;48.0,4,3,,1,40,2,1,9C:A2:F4,Unknown,0,376
337085,,9E:A2:F4:27:B6:BF,-88,2,1848,100,700283085200,WEP,1,0,1,0,,0,0,,0,0,0,0,9E:A2:F4,Unknown,0,334
337166,.,9C:A2:F4:D7:B6:BF,-77,2,1852,100,700283187617,WPA2,1,0,1,8,1.0;2.0;5.5;11.0;9.0;18.0;36.0;54.0;6.0;12.0;24.0;48.0,4,3,,1,40,2,1,9C:A2:F4,Unknown,0,376
337188,,9E:A2:F4:27:B6:BF,-76,2,1854,100,700283187600,WEP,1,0,1,0,,0,0,,0,0,0,0,9E:A2:F4,Unknown,0,334
337268,.,9C:A2:F4:D7:B6:BF,-83,3,1858,100,700283290027,WPA2,1,0,1,8,1.0;2.0;5.5;11.0;9.0;18.0;36.0;54.0;6.0;12.0;24.0;48.0,4,3,,1,40,2,1,9C:A2:F4,Unknown,0,376
337311,Athidi 1,9E:A2:F4:17:B6:BF,-84,3,1859,100,700283290004,WPA2,1,0,1,8,1.0;2.0;5.5;11.0;9.0;18.0;36.0;54.0;6.0;12.0;24.0;48.0,4,3,,1,40,2,1,9E:A2:F4,Unknown,0,286
337343,,9E:A2:F4:27:B6:BF,-84,3,1860,100,700283290008,WEP,1,0,1,0,,0,0,,0,0,0,0,9E:A2:F4,Unknown,0,334
337395,.,9C:A2:F4:D7:B6:BF,-78,3,1864,100,700283392421,WPA2,1,0,1,8,1.0;2.0;5.5;11.0;9.0;18.0;36.0;54.0;6.0;12.0;24.0;48.0,4,3,,1,40,2,1,9C:A2:F4,Unknown,0,376
337448,Athidi 1,9E:A2:F4:17:B6:BF,-77,3,1865,100,700283392416,WPA2,1,0,1,8,1.0;2.0;5.5;11.0;9.0;18.0;36.0;54.0;6.0;12.0;24.0;48.0,4,3,,1,40,2,1,9E:A2:F4,Unknown,0,286
337476,,9E:A2:F4:27:B6:BF,-78,3,1866,100,700283392402,WEP,1,0,1,0,,0,0,,0,0,0,0,9E:A2:F4,Unknown,0,334
337530,.,9C:A2:F4:D7:B6:BF,-80,4,1870,100,700283494801,WPA2,1,0,1,8,1.0;2.0;5.5;11.0;9.0;18.0;36.0;54.0;6.0;12.0;24.0;48.0,4,3,,1,40,2,1,9C:A2:F4,Unknown,0,376
337582,Athidi 1,9E:A2:F4:17:B6:BF,-78,4,1871,100,700283494823,WPA2,1,0,1,8,1.0;2.0;5.5;11.0;9.0;18.0;36.0;54.0;6.0;12.0;24.0;48.0,4,3,,1,40,2,1,9E:A2:F4,Unknown,0,286
337614,,9E:A2:F4:27:B6:BF,-77,4,1872,100,700283494800,WEP,1,0,1,0,,0,0,,0,0,0,0,9E:A2:F4,Unknown,0,334
337667,.,9C:A2:F4:D7:B6:BF,-74,4,1876,100,700283597218,WPA2,1,0,1,8,1.0;2.0;5.5;11.0;9.0;18.0;36.0;54.0;6.0;12.0;24.0;48.0,4,3,,1,40,2,1,9C:A2:F4,Unknown,0,376
337717,Athidi 1,9E:A2:F4:17:B6:BF,-74,4,1877,100,700283597195,WPA2,1,0,1,8,1.0;2.0;5.5;11.0;9.0;18.0;36.0;54.0;6.0;12.0;24.0;48.0,4,3,,1,40,2,1,9E:A2:F4,Unknown,0,286
337748,,9E:A2:F4:27:B6:BF,-74,4,1878,100,700283597216,WEP,1,0,1,0,,0,0,,0,0,0,0,9E:A2:F4,Unknown,0,334
337802,.,9C:A2:F4:D7:B6:BF,-74,4,1882,100,700283699611,WPA2,1,0,1,8,1.0;2.0;5.5;11.0;9.0;18.0;36.0;54.0;6.0;12.0;24.0;48.0,4,3,,1,40,2,1,9C:A2:F4,Unknown,0,376
337823,,9E:A2:F4:27:B6:BF,-73,4,1884,100,700283699600,WEP,1,0,1,0,,0,0,,0,0,0,0,9E:A2:F4,Unknown,0,334
337886,.,9C:A2:F4:D7:B6:BF,-73,4,1888,100,700283802025,WPA2,1,0,1,8,1.0;2.0;5.5;11.0;9.0;18.0;36.0;54.0;6.0;12.0;24.0;48.0,4,3,,1,40,2,1,9C:A2:F4,Unknown,0,376
337916,,9E:A2:F4:27:B6:BF,-72,4,1890,100,700283802005,WEP,1,0,1,0,,0,0,,0,0,0,0,9E:A2:F4,Unknown,0,334
337970,Isha99_FF,9C:A2:F4:FA:D3:9C,-93,5,631,100,30692010803614,WPA2,1,0,1,8,1.0;2.0;5.5;11.0;9.0;18.0;36.0;54.0;6.0;12.0;24.0;48.0,4,5,,1,40,2,1,9C:A2:F4,Unknown,0,384
338001,,9E:A2:F4:AA:D3:9C,-94,5,632,100,30692010803642,WEP,1,0,1,0,,0,0,,0,0,0,0,9E:A2:F4,Unknown,0,334
338054,4G New 10 Jan26,78:20:51:A7:06:48,-85,5,3466,100,2553000245568,WPA2,1,0,1,8,1.0;2.0;5.5;11.0;9.0;18.0;36.0;54.0;6.0;12.0;24.0;48.0,4,6,IN,1,20,2,1,78:20:51,Unknown,0,239
338097,NSG home_EXT,00:EB:D8:57:47:D0,-92,6,1358,100,3371891917565,WPA2,1,0,1,8,1.0;2.0;5.5;11.0;9.0;18.0;36.0;54.0;6.0;12.0;24.0;48.0,4,6,,1,20,2,0,00:EB:D8,Unknown,0,218
338168,NSG home_EXT,00:EB:D8:57:47:D0,-95,6,1360,100,3371892122374,WPA2,1,0,1,8,1.0;2.0;5.5;11.0;9.0;18.0;36.0;54.0;6.0;12.0;24.0;48.0,4,6,,1,20,2,0,00:EB:D8,Unknown,0,218
338221,Jio4G,04:AB:08:7C:EB:C2,-86,6,2630,100,2468668006822,WPA2,1,0,1,8,1.0;2.0;5.5;11.0;9.0;18.0;36.0;54.0;6.0;12.0;24.0;48.0,4,6,IN,1,20,2,1,04:AB:08,Unknown,0,279
338389,Jio4G,04:AB:08:7C:EB:C2,-92,7,2632,100,2468668211623,WPA2,1,0,1,8,1.0;2.0;5.5;11.0;9.0;18.0;36.0;54.0;6.0;12.0;24.0;48.0,4,6,IN,1,20,2,1,04:AB:08,Unknown,0,279
338522,Vaiskumar,D8:47:32:3A:06:01,-90,8,52,100,13005824349,WPA2,1,0,1,8,1.0;2.0;5.5;11.0;9.0;18.0;36.0;54.0;6.0;12.0;24.0;48.0,4,8,,1,40,2,1,D8:47:32,Unknown,0,239
338564,Vaiskumar_5G,DA:47:32:39:06:01,-87,8,53,100,13005826471,WPA2,1,0,1,8,1.0;2.0;5.5;11.0;9.0;18.0;36.0;54.0;6.0;12.0;24.0;48.0,4,8,,1,40,2,1,DA:47:32,Unknown,0,242
338626,Vaiskumar,D8:47:32:3A:06:01,-91,8,54,100,13005926742,WPA2,1,0,1,8,1.0;2.0;5.5;11.0;9.0;18.0;36.0;54.0;6.0;12.0;24.0;48.0,4,8,,1,40,2,1,D8:47:32,Unknown,0,239
338679,Vaiskumar_5G,DA:47:32:39:06:01,-84,8,55,100,13005928864,WPA2,1,0,1,8,1.0;2.0;5.5;11.0;9.0;18.0;36.0;54.0;6.0;12.0;24.0;48.0,4,8,,1,40,2,1,DA:47:32,Unknown,0,242
338730,,A6:36:C7:7C:3E:66,-95,9,1155,100,738509170,WEP,1,1,0,0,,0,0,,0,0,0,0,A6:36:C7,Unknown,0,178
338829,Vaiskumar,D8:47:32:3A:06:01,-89,9,58,100,13006131552,WPA2,1,0,1,8,1.0;2.0;5.5;11.0;9.0;18.0;36.0;54.0;6.0;12.0;24.0;48.0,4,8,,1,40,2,1,D8:47:32,Unknown,0,239
338871,Vaiskumar_5G,DA:47:32:39:06:01,-87,9,59,100,13006133674,WPA2,1,0,1,8,1.0;2.0;5.5;11.0;9.0;18.0;36.0;54.0;6.0;12.0;24.0;48.0,4,8,,1,40,2,1,DA:47:32,Unknown,0,242
338910,,A6:36:C7:7C:3E:66,-93,9,1156,100,738611570,WEP,1,1,0,0,,0,0,,0,0,0,0,A6:36:C7,Unknown,0,178
338953,Vaiskumar_5G,DA:47:32:39:06:01,-87,9,61,100,13006236074,WPA2,1,0,1,8,1.0;2.0;5.5;11.0;9.0;18.0;36.0;54.0;6.0;12.0;24.0;48.0,4,8,,1,40,2,1,DA:47:32,Unknown,0,242
338985,,A6:36:C7:7C:3E:66,-89,10,1157,100,738713970,WEP,1,1,0,0,,0,0,,0,0,0,0,A6:36:C7,Unknown,0,178
339037,Kushi,04:AB:08:36:36:22,-89,10,3350,100,729695744417,WPA2,1,0,1,8,1.0;2.0;5.5;11.0;9.0;18.0;36.0;54.0;6.0;12.0;24.0;48.0,4,11,IN,1,20,2,1,04:AB:08,Unknown,0,279
339090,Kushi,04:AB:08:36:36:22,-92,10,3352,100,729695847105,WPA2,1,0,1,8,1.0;2.0;5.5;11.0;9.0;18.0;36.0;54.0;6.0;12.0;24.0;48.0,4,11,IN,1,20,2,1,04:AB:08,Unknown,0,279
339166,Jio_2,06:AB:08:26:36:22,-87,10,3353,100,729695846817,WPA2,1,0,1,8,1.0;2.0;5.5;11.0;9.0;18.0;36.0;54.0;6.0;12.0;24.0;48.0,4,11,IN,1,20,2,1,06:AB:08,Unknown,0,278
339219,Kushi,04:AB:08:36:36:22,-87,10,3354,100,729695949201,WPA2,1,0,1,8,1.0;2.0;5.5;11.0;9.0;18.0;36.0;54.0;6.0;12.0;24.0;48.0,4,11,IN,1,20,2,1,04:AB:08,Unknown,0,279
339277,SHREEDHAR-JIO,CA:78:C9:FF:93:2D,-93,11,350,100,189955379828,WPA2,1,0,1,8,1.0;2.0;5.5;11.0;18.0;24.0;36.0;54.0;6.0;9.0;12.0;48.0,4,11,IN,1,40,2,1,CA:78:C9,Unknown,0,233
339330,Kushi,04:AB:08:36:36:22,-86,11,3356,100,729696051595,WPA2,1,0,1,8,1.0;2.0;5.5;11.0;9.0;18.0;36.0;54.0;6.0;12.0;24.0;48.0,4,11,IN,1,20,2,1,04:AB:08,Unknown,0,279
339383,Jio_2,06:AB:08:26:36:22,-84,11,3357,100,729696051609,WPA2,1,0,1,8,1.0;2.0;5.5;11.0;9.0;18.0;36.0;54.0;6.0;12.0;24.0;48.0,4,11,IN,1,20,2,1,06:AB:08,Unknown,0,278
339441,ACTFIBERNET,AC:15:A2:92:C5:D3,-93,11,133,100,554500608314,WPA2,1,0,1,8,1.0;2.0;5.5;11.0;9.0;18.0;36.0;54.0;6.0;12.0;24.0;48.0,4,11,,1,40,2,1,AC:15:A2,Unknown,0,241
339493,Jio_2,06:AB:08:26:36:22,-81,12,3361,100,729696256426,WPA2,1,0,1,8,1.0;2.0;5.5;11.0;9.0;18.0;36.0;54.0;6.0;12.0;24.0;48.0,4,11,IN,1,20,2,1,06:AB:08,Unknown,0,278
339597,Kushi,04:AB:08:36:36:22,-91,12,3362,100,729696358827,WPA2,1,0,1,8,1.0;2.0;5.5;11.0;9.0;18.0;36.0;54.0;6.0;12.0;24.0;48.0,4,11,IN,1,20,2,1,04:AB:08,Unknown,0,279
339650,Jio_2,06:AB:08:26:36:22,-90,12,3363,100,729696358808,WPA2,1,0,1,8,1.0;2.0;5.5;11.0;9.0;18.0;36.0;54.0;6.0;12.0;24.0;48.0,4,11,IN,1,20,2,1,06:AB:08,Unknown,0,278
339703,Kushi,04:AB:08:36:36:22,-89,13,3364,100,729696461215,WPA2,1,0,1,8,1.0;2.0;5.5;11.0;9.0;18.0;36.0;54.0;6.0;12.0;24.0;48.0,4,11,IN,1,20,2,1,04:AB:08,Unknown,0,279
339979,Reddington,00:5F:67:F7:5E:DF,-95,1,657,100,802905602318,WPA2,1,0,1,8,1.0;2.0;5.5;11.0;9.0;18.0;36.0;54.0;6.0;12.0;24.0;48.0,4,1,,1,40,2,1,00:5F:67,Unknown,0,240
340027,Jocelyn_Home,AA:90:0A:C7:E0:0B,-87,1,2389,100,802899457299,WPA2,1,0,1,8,1.0;2.0;5.5;11.0;18.0;24.0;36.0;54.0;6.0;9.0;12.0;48.0,4,1,IN,1,40,2,1,AA:90:0A,Unknown,0,232
340129,Jocelyn_Home,AA:90:0A:C7:E0:0B,-90,1,2390,100,802899559715,WPA2,1,0,1,8,1.0;2.0;5.5;11.0;18.0;24.0;36.0;54.0;6.0;9.0;12.0;48.0,4,1,IN,1,40,2,1,AA:90:0A,Unknown,0,232
340182,Reddington,00:5F:67:F7:5E:DF,-93,1,659,100,802905805948,WPA2,1,0,1,8,1.0;2.0;5.5;11.0;9.0;18.0;36.0;54.0;6.0;12.0;24.0;48.0,4,1,,1,40,2,1,00:5F:67,Unknown,0,240
340231,Athidi 1,9E:A2:F4:17:B6:BF,-84,2,2033,100,700286259604,WPA2,1,0,1,8,1.0;2.0;5.5;11.0;9.0;18.0;36.0;54.0;6.0;12.0;24.0;48.0,4,3,,1,40,2,1,9E:A2:F4,Unknown,0,286
340263,,9E:A2:F4:27:B6:BF,-86,2,2034,100,700286259599,WEP,1,0,1,0,,0,0,,0,0,0,0,9E:A2:F4,Unknown,0,334
340340,.,9C:A2:F4:D7:B6:BF,-82,2,2038,100,700286362027,WPA2,1,0,1,8,1.0;2.0;5.5;11.0;9.0;18.0;36.0;54.0;6.0;12.0;24.0;48.0,4,3,,1,40,2,1,9C:A2:F4,Unknown,0,376
340383,Athidi 1,9E:A2:F4:17:B6:BF,-81,2,2039,100,700286361995,WPA2,1,0,1,8,1.0;2.0;5.5;11.0;9.0;18.0;36.0;54.0;6.0;12.0;24.0;48.0,4,3,,1,40,2,1,9E:A2:F4,Unknown,0,286
340414,,9E:A2:F4:27:B6:BF,-81,2,2040,100,700286361999,WEP,1,0,1,0,,0,0,,0,0,0,0,9E:A2:F4,Unknown,0,334
340545,.,9C:A2:F4:D7:B6:BF,-84,3,2050,100,700286566816,WPA2,1,0,1,8,1.0;2.0;5.5;11.0;9.0;18.0;36.0;54.0;6.0;12.0;24.0;48.0,4,3,,1,40,2,1,9C:A2:F4,Unknown,0,376
340825,Athidi 1,9E:A2:F4:17:B6:BF,-85,3,2051,100,700286566820,WPA2,1,0,1,8,1.0;2.0;5.5;11.0;9.0;18.0;36.0;54.0;6.0;12.0;24.0;48.0,4,3,,1,40,2,1,9E:A2:F4,Unknown,0,286
340856,,9E:A2:F4:27:B6:BF,-83,3,2052,100,700286566806,WEP,1,0,1,0,,0,0,,0,0,0,0,9E:A2:F4,Unknown,0,334
340909,.,9C:A2:F4:D7:B6:BF,-83,3,2056,100,700286669194,WPA2,1,0,1,8,1.0;2.0;5.5;11.0;9.0;18.0;36.0;54.0;6.0;12.0;24.0;48.0,4,3,,1,40,2,1,9C:A2:F4,Unknown,0,376
340961,Athidi 1,9E:A2:F4:17:B6:BF,-84,3,2057,100,700286669216,WPA2,1,0,1,8,1.0;2.0;5.5;11.0;9.0;18.0;36.0;54.0;6.0;12.0;24.0;48.0,4,3,,1,40,2,1,9E:A2:F4,Unknown,0,286
341015,Athidi 1,9E:A2:F4:17:B6:BF,-87,4,2069,100,700286873999,WPA2,1,0,1,8,1.0;2.0;5.5;11.0;9.0;18.0;36.0;54.0;6.0;12.0;24.0;48.0,4,3,,1,40,2,1,9E:A2:F4,Unknown,0,286
341301,,9E:A2:F4:27:B6:BF,-90,4,2070,100,700286874003,WEP,1,0,1,0,,0,0,,0,0,0,0,9E:A2:F4,Unknown,0,334
341354,.,9C:A2:F4:D7:B6:BF,-87,4,2074,100,700286976401,WPA2,1,0,1,8,1.0;2.0;5.5;11.0;9.0;18.0;36.0;54.0;6.0;12.0;24.0;48.0,4,3,,1,40,2,1,9C:A2:F4,Unknown,0,376
341407,Isha99_FF,9C:A2:F4:FA:D3:9C,-77,5,759,100,30692014080393,WPA2,1,0,1,8,1.0;2.0;5.5;11.0;9.0;18.0;36.0;54.0;6.0;12.0;24.0;48.0,4,5,,1,40,2,1,9C:A2:F4,Unknown,0,384
341470,Isha99_FF,9C:A2:F4:FA:D3:9C,-77,5,763,100,30692014182799,WPA2,1,0,1,8,1.0;2.0;5.5;11.0;9.0;18.0;36.0;54.0;6.0;12.0;24.0;48.0,4,5,,1,40,2,1,9C:A2:F4,Unknown,0,384
341523,Isha99_FF,9C:A2:F4:FA:D3:9C,-77,5,767,100,30692014285227,WPA2,1,0,1,8,1.0;2.0;5.5;11.0;9.0;18.0;36.0;54.0;6.0;12.0;24.0;48.0,4,5,,1,40,2,1,9C:A2:F4,Unknown,0,384
341560,,9E:A2:F4:AA:D3:9C,-76,5,768,100,30692014285220,WEP,1,0,1,0,,0,0,,0,0,0,0,9E:A2:F4,Unknown,0,334
341582,,9E:A2:F4:AA:D3:9C,-85,6,772,100,30692014387624,WEP,1,0,1,0,,0,0,,0,0,0,0,9E:A2:F4,Unknown,0,334
341635,Airtel__dontuse,30:BD:13:27:87:96,-92,6,1569,100,180685209639,WPA2,1,0,1,8,1.0;2.0;5.5;11.0;6.0;9.0;12.0;18.0;24.0;36.0;48.0;54.0,4,6,IN,1,20,2,1,30:BD:13,Unknown,0,311
341687,Jio4G,04:AB:08:7C:EB:C2,-88,6,2662,100,2468671283624,WPA2,1,0,1,8,1.0;2.0;5.5;11.0;9.0;18.0;36.0;54.0;6.0;12.0;24.0;48.0,4,6,IN,1,20,2,1,04:AB:08,Unknown,0,279
341740,Isha99_FF,9C:A2:F4:FA:D3:9C,-84,6,775,100,30692014490010,WPA2,1,0,1,8,1.0;2.0;5.5;11.0;9.0;18.0;36.0;54.0;6.0;12.0;24.0;48.0,4,5,,1,40,2,1,9C:A2:F4,Unknown,0,384
341801,Vaiskumar_5G,DA:47:32:39:06:01,-88,8,117,100,13009103236,WPA2,1,0,1,8,1.0;2.0;5.5;11.0;9.0;18.0;36.0;54.0;6.0;12.0;24.0;48.0,4,8,,1,40,2,1,DA:47:32,Unknown,0,242
341901,Vaiskumar,D8:47:32:3A:06:01,-91,8,118,100,13009203517,WPA2,1,0,1,8,1.0;2.0;5.5;11.0;9.0;18.0;36.0;54.0;6.0;12.0;24.0;48.0,4,8,,1,40,2,1,D8:47:32,Unknown,0,239
341944,Vaiskumar_5G,DA:47:32:39:06:01,-87,8,119,100,13009205638,WPA2,1,0,1,8,1.0;2.0;5.5;11.0;9.0;18.0;36.0;54.0;6.0;12.0;24.0;48.0,4,8,,1,40,2,1,DA:47:32,Unknown,0,242
342007,,A6:36:C7:7C:3E:66,-90,9,1187,100,741785970,WEP,1,1,0,0,,0,0,,0,0,0,0,A6:36:C7,Unknown,0,178
342110,,A6:36:C7:7C:3E:66,-96,9,1188,100,741888370,WEP,1,1,0,0,,0,0,,0,0,0,0,A6:36:C7,Unknown,0,178
342352,Kushi,04:AB:08:36:36:22,-92,10,3416,100,729699123617,WPA2,1,0,1,8,1.0;2.0;5.5;11.0;9.0;18.0;36.0;54.0;6.0;12.0;24.0;48.0,4,11,IN,1,20,2,1,04:AB:08,Unknown,0,279
342454,Kushi,04:AB:08:36:36:22,-80,11,3418,100,729699226023,WPA2,1,0,1,8,1.0;2.0;5.5;11.0;9.0;18.0;36.0;54.0;6.0;12.0;24.0;48.0,4,11,IN,1,20,2,1,04:AB:08,Unknown,0,279
342517,Jio_2,06:AB:08:26:36:22,-79,11,3419,100,729699226007,WPA2,1,0,1,8,1.0;2.0;5.5;11.0;9.0;18.0;36.0;54.0;6.0;12.0;24.0;48.0,4,11,IN,1,20,2,1,06:AB:08,Unknown,0,278
342560,SHREEDHAR-JIO,CA:78:C9:FF:93:2D,-93,11,382,100,189958656391,WPA2,1,0,1,8,1.0;2.0;5.5;11.0;18.0;24.0;36.0;54.0;6.0;9.0;12.0;48.0,4,11,IN,1,40,2,1,CA:78:C9,Unknown,0,233
342613,Kushi,04:AB:08:36:36:22,-84,11,3420,100,729699328486,WPA2,1,0,1,8,1.0;2.0;5.5;11.0;9.0;18.0;36.0;54.0;6.0;12.0;24.0;48.0,4,11,IN,1,20,2,1,04:AB:08,Unknown,0,279
342681,Jio_2,06:AB:08:26:36:22,-84,11,3421,100,729699328412,WPA2,1,0,1,8,1.0;2.0;5.5;11.0;9.0;18.0;36.0;54.0;6.0;12.0;24.0;48.0,4,11,IN,1,20,2,1,06:AB:08,Unknown,0,278
342723,SanD-JioFiber_EXT,8C:90:2D:3B:B6:5A,-95,11,3521,100,3335373212,WPA2,1,0,1,8,1.0;2.0;5.5;11.0;9.0;18.0;36.0;54.0;6.0;12.0;24.0;48.0,4,11,,1,20,2,0,8C:90:2D,Unknown,0,223
342766,JVACT1,A4:2B:B0:01:A6:3A,-91,11,1724,100,803807744333,WPA2,1,0,1,8,1.0;2.0;5.5;11.0;9.0;18.0;36.0;54.0;6.0;12.0;24.0;48.0,4,11,,1,40,2,0,A4:2B:B0,Unknown,0,260
342828,Kushi,04:AB:08:36:36:22,-85,11,3422,100,729699430802,WPA2,1,0,1,8,1.0;2.0;5.5;11.0;9.0;18.0;36.0;54.0;6.0;12.0;24.0;48.0,4,11,IN,1,20,2,1,04:AB:08,Unknown,0,279
342882,Jio_2,06:AB:08:26:36:22,-86,11,3423,100,729699430828,WPA2,1,0,1,8,1.0;2.0;5.5;11.0;9.0;18.0;36.0;54.0;6.0;12.0;24.0;48.0,4,11,IN,1,20,2,1,06:AB:08,Unknown,0,278
342941,Kushi,04:AB:08:36:36:22,-93,11,3424,100,729699533225,WPA2,1,0,1,8,1.0;2.0;5.5;11.0;9.0;18.0;36.0;54.0;6.0;12.0;24.0;48.0,4,11,IN,1,20,2,1,04:AB:08,Unknown,0,279
343204,Jocelyn_Home,AA:90:0A:C7:E0:0B,-94,1,2425,100,802902634624,WPA2,1,0,1,8,1.0;2.0;5.5;11.0;18.0;24.0;36.0;54.0;6.0;9.0;12.0;48.0,4,1,IN,1,40,2,1,AA:90:0A,Unknown,0,232
343254,Reddington,00:5F:67:F7:5E:DF,-95,1,689,100,802908877121,WPA2,1,0,1,8,1.0;2.0;5.5;11.0;9.0;18.0;36.0;54.0;6.0;12.0;24.0;48.0,4,1,,1,40,2,1,00:5F:67,Unknown,0,240
343305,Jocelyn_Home,AA:90:0A:C7:E0:0B,-88,1,2427,100,802902735253,WPA2,1,0,1,8,1.0;2.0;5.5;11.0;18.0;24.0;36.0;54.0;6.0;9.0;12.0;48.0,4,1,IN,1,40,2,1,AA:90:0A,Unknown,0,232
343357,JioFiber_24GH_KRR,A8:88:1F:20:7B:61,-94,1,559,100,284464232223,WPA2,1,0,1,8,1.0;2.0;5.5;11.0;9.0;18.0;36.0;54.0;6.0;12.0;24.0;48.0,4,1,IN,1,20,2,1,A8:88:1F,Unknown,0,290
343408,Reddington,00:5F:67:F7:5E:DF,-91,1,690,100,802908979521,WPA2,1,0,1,8,1.0;2.0;5.5;11.0;9.0;18.0;36.0;54.0;6.0;12.0;24.0;48.0,4,1,,1,40,2,1,00:5F:67,Unknown,0,240
343461,Jocelyn_Home,AA:90:0A:C7:E0:0B,-91,1,2430,100,802902836543,WPA2,1,0,1,8,1.0;2.0;5.5;11.0;18.0;24.0;36.0;54.0;6.0;9.0;12.0;48.0,4,1,IN,1,40,2,1,AA:90:0A,Unknown,0,232
343514,vasudha_4G,FC:7A:58:0E:CD:2A,-94,2,1350,100,554444493198,WPA2,1,0,1,8,1.0;2.0;5.5;11.0;9.0;18.0;36.0;54.0;6.0;12.0;24.0;48.0,4,1,IN,1,20,2,1,FC:7A:58,Unknown,0,283
343720,.,9C:A2:F4:D7:B6:BF,-91,3,2245,100,700289741206,WPA2,1,0,1,8,1.0;2.0;5.5;11.0;9.0;18.0;36.0;54.0;6.0;12.0;24.0;48.0,4,3,,1,40,2,1,9C:A2:F4,Unknown,0,376
343741,,9E:A2:F4:27:B6:BF,-91,3,2247,100,700289741222,WEP,1,0,1,0,,0,0,,0,0,0,0,9E:A2:F4,Unknown,0,334
343822,.,9C:A2:F4:D7:B6:BF,-95,3,2251,100,700289843618,WPA2,1,0,1,8,1.0;2.0;5.5;11.0;9.0;18.0;36.0;54.0;6.0;12.0;24.0;48.0,4,3,,1,40,2,1,9C:A2:F4,Unknown,0,376
343865,Athidi 1,9E:A2:F4:17:B6:BF,-95,3,2252,100,700289843613,WPA2,1,0,1,8,1.0;2.0;5.5;11.0;9.0;18.0;36.0;54.0;6.0;12.0;24.0;48.0,4,3,,1,40,2,1,9E:A2:F4,Unknown,0,286
343896,,9E:A2:F4:27:B6:BF,-93,3,2253,100,700289843620,WEP,1,0,1,0,,0,0,,0,0,0,0,9E:A2:F4,Unknown,0,334
343949,Athidi 1,9E:A2:F4:17:B6:BF,-92,3,2258,100,700289946015,WPA2,1,0,1,8,1.0;2.0;5.5;11.0;9.0;18.0;36.0;54.0;6.0;12.0;24.0;48.0,4,3,,1,40,2,1,9E:A2:F4,Unknown,0,286
343971,,9E:A2:F4:27:B6:BF,-92,3,2259,100,700289946010,WEP,1,0,1,0,,0,0,,0,0,0,0,9E:A2:F4,Unknown,0,334
344129,.,9C:A2:F4:D7:B6:BF,-93,4,2269,100,700290150810,WPA2,1,0,1,8,1.0;2.0;5.5;11.0;9.0;18.0;36.0;54.0;6.0;12.0;24.0;48.0,4,3,,1,40,2,1,9C:A2:F4,Unknown,0,376
344278,Isha99_FF,9C:A2:F4:FA:D3:9C,-79,5,891,100,30692017254822,WPA2,1,0,1,8,1.0;2.0;5.5;11.0;9.0;18.0;36.0;54.0;6.0;12.0;24.0;48.0,4,5,,1,40,2,1,9C:A2:F4,Unknown,0,384
344299,,9E:A2:F4:AA:D3:9C,-81,5,892,100,30692017254796,WEP,1,0,1,0,,0,0,,0,0,0,0,9E:A2:F4,Unknown,0,334
344380,Isha99_FF,9C:A2:F4:FA:D3:9C,-89,5,895,100,30692017357222,WPA2,1,0,1,8,1.0;2.0;5.5;11.0;9.0;18.0;36.0;54.0;6.0;12.0;24.0;48.0,4,5,,1,40,2,1,9C:A2:F4,Unknown,0,384
344402,,9E:A2:F4:AA:D3:9C,-87,5,896,100,30692017357196,WEP,1,0,1,0,,0,0,,0,0,0,0,9E:A2:F4,Unknown,0,334
344461,Jio4G,04:AB:08:7C:EB:C2,-87,5,2691,100,2468674253226,WPA2,1,0,1,8,1.0;2.0;5.5;11.0;9.0;18.0;36.0;54.0;6.0;12.0;24.0;48.0,4,6,IN,1,20,2,1,04:AB:08,Unknown,0,279
344514,4G New 10 Jan26,78:20:51:A7:06:48,-83,6,3536,100,2553006799186,WPA2,1,0,1,8,1.0;2.0;5.5;11.0;9.0;18.0;36.0;54.0;6.0;12.0;24.0;48.0,4,6,IN,1,20,2,1,78:20:51,Unknown,0,239
344566,Yochsa 4G,70:4F:57:62:66:89,-88,6,673,100,115997184409,WPA2,1,0,1,8,1.0;2.0;5.5;11.0;9.0;18.0;36.0;54.0;6.0;12.0;24.0;48.0,4,6,,1,20,2,0,70:4F:57,Unknown,0,247
344619,Jio4G,04:AB:08:7C:EB:C2,-83,6,2692,100,2468674355595,WPA2,1,0,1,8,1.0;2.0;5.5;11.0;9.0;18.0;36.0;54.0;6.0;12.0;24.0;48.0,4,6,IN,1,20,2,1,04:AB:08,Unknown,0,279
344672,4G New 10 Jan26,78:20:51:A7:06:48,-82,6,3537,100,2553006899649,WPA2,1,0,1,8,1.0;2.0;5.5;11.0;9.0;18.0;36.0;54.0;6.0;12.0;24.0;48.0,4,6,IN,1,20,2,1,78:20:51,Unknown,0,239
344731,Yochsa 4G,70:4F:57:62:66:89,-90,6,674,100,115997286797,WPA2,1,0,1,8,1.0;2.0;5.5;11.0;9.0;18.0;36.0;54.0;6.0;12.0;24.0;48.0,4,6,,1,20,2,0,70:4F:57,Unknown,0,247
344775,NSG home_EXT,00:EB:D8:57:47:D0,-90,6,1423,100,3371898573297,WPA2,1,0,1,8,1.0;2.0;5.5;11.0;9.0;18.0;36.0;54.0;6.0;12.0;24.0;48.0,4,6,,1,20,2,0,00:EB:D8,Unknown,0,218
344827,4G New 10 Jan26,78:20:51:A7:06:48,-81,6,3538,100,2553007003965,WPA2,1,0,1,8,1.0;2.0;5.5;11.0;9.0;18.0;36.0;54.0;6.0;12.0;24.0;48.0,4,6,IN,1,20,2,1,78:20:51,Unknown,0,239
344880,Jio4G,04:AB:08:7C:EB:C2,-88,6,2694,100,2468674560420,WPA2,1,0,1,8,1.0;2.0;5.5;11.0;9.0;18.0;36.0;54.0;6.0;12.0;24.0;48.0,4,6,IN,1,20,2,1,04:AB:08,Unknown,0,279
344933,4G New 10 Jan26,78:20:51:A7:06:48,-87,7,3539,100,2553007106397,WPA2,1,0,1,8,1.0;2.0;5.5;11.0;9.0;18.0;36.0;54.0;6.0;12.0;24.0;48.0,4,6,IN,1,20,2,1,78:20:51,Unknown,0,239
344984,Vaiskumar,D8:47:32:3A:06:01,-84,7,176,100,13012173146,WPA2,1,0,1,8,1.0;2.0;5.5;11.0;9.0;18.0;36.0;54.0;6.0;12.0;24.0;48.0,4,8,,1,40,2,1,D8:47:32,Unknown,0,239
345036,Vaiskumar_5G,DA:47:32:39:06:01,-87,7,177,100,13012175268,WPA2,1,0,1,8,1.0;2.0;5.5;11.0;9.0;18.0;36.0;54.0;6.0;12.0;24.0;48.0,4,8,,1,40,2,1,DA:47:32,Unknown,0,242
345079,Vaiskumar_5G,DA:47:32:39:06:01,-83,8,179,100,13012277666,WPA2,1,0,1,8,1.0;2.0;5.5;11.0;9.0;18.0;36.0;54.0;6.0;12.0;24.0;48.0,4,8,,1,40,2,1,DA:47:32,Unknown,0,242
345132,4G New 10 Jan26,78:20:51:A7:06:48,-88,8,3541,100,2553007311153,WPA2,1,0,1,8,1.0;2.0;5.5;11.0;9.0;18.0;36.0;54.0;6.0;12.0;24.0;48.0,4,6,IN,1,20,2,1,78:20:51,Unknown,0,239
345185,Yochsa 4G,70:4F:57:62:66:89,-88,8,678,100,115997696402,WPA2,1,0,1,8,1.0;2.0;5.5;11.0;9.0;18.0;36.0;54.0;6.0;12.0;24.0;48.0,4,6,,1,20,2,0,70:4F:57,Unknown,0,247
345237,Vaiskumar,D8:47:32:3A:06:01,-91,8,182,100,13012480349,WPA2,1,0,1,8,1.0;2.0;5.5;11.0;9.0;18.0;36.0;54.0;6.0;12.0;24.0;48.0,4,8,,1,40,2,1,D8:47:32,Unknown,0,239
345279,Vaiskumar_5G,DA:47:32:39:06:01,-95,8,183,100,13012482471,WPA2,1,0,1,8,1.0;2.0;5.5;11.0;9.0;18.0;36.0;54.0;6.0;12.0;24.0;48.0,4,8,,1,40,2,1,DA:47:32,Unknown,0,242
345332,Vaiskumar,D8:47:32:3A:06:01,-89,9,184,100,13012582743,WPA2,1,0,1,8,1.0;2.0;5.5;11.0;9.0;18.0;36.0;54.0;6.0;12.0;24.0;48.0,4,8,,1,40,2,1,D8:47:32,Unknown,0,239
345389,palani-1st floor ,50:91:E3:F7:90:7E,-95,9,3065,100,802929562097,WPA2,1,0,1,8,1.0;2.0;5.5;11.0;9.0;18.0;36.0;54.0;6.0;12.0;24.0;48.0,4,9,,1,40,2,1,50:91:E3,Unknown,0,341
345432,Vaiskumar_5G,DA:47:32:39:06:01,-90,9,187,100,13012687272,WPA2,1,0,1,8,1.0;2.0;5.5;11.0;9.0;18.0;36.0;54.0;6.0;12.0;24.0;48.0,4,8,,1,40,2,1,DA:47:32,Unknown,0,242
345637,Jio_2,06:AB:08:26:36:22,-89,10,3481,100,729702400419,WPA2,1,0,1,8,1.0;2.0;5.5;11.0;9.0;18.0;36.0;54.0;6.0;12.0;24.0;48.0,4,11,IN,1,20,2,1,06:AB:08,Unknown,0,278
345740,Jio_2,06:AB:08:26:36:22,-89,11,3483,100,729702502824,WPA2,1,0,1,8,1.0;2.0;5.5;11.0;9.0;18.0;36.0;54.0;6.0;12.0;24.0;48.0,4,11,IN,1,20,2,1,06:AB:08,Unknown,0,278
345792,ACTFIBERNET,AC:15:A2:92:C5:D3,-89,11,196,100,554507059604,WPA2,1,0,1,8,1.0;2.0;5.5;11.0;9.0;18.0;36.0;54.0;6.0;12.0;24.0;48.0,4,11,,1,40,2,1,AC:15:A2,Unknown,0,241
345845,Kushi,04:AB:08:36:36:22,-90,11,3484,100,729702605225,WPA2,1,0,1,8,1.0;2.0;5.5;11.0;9.0;18.0;36.0;54.0;6.0;12.0;24.0;48.0,4,11,IN,1,20,2,1,04:AB:08,Unknown,0,279
345898,ACTFIBERNET,AC:15:A2:92:C5:D3,-86,11,197,100,554507161914,WPA2,1,0,1,8,1.0;2.0;5.5;11.0;9.0;18.0;36.0;54.0;6.0;12.0;24.0;48.0,4,11,,1,40,2,1,AC:15:A2,Unknown,0,241
345948,Kushi,04:AB:08:36:36:22,-89,12,3486,100,729702707778,WPA2,1,0,1,8,1.0;2.0;5.5;11.0;9.0;18.0;36.0;54.0;6.0;12.0;24.0;48.0,4,11,IN,1,20,2,1,04:AB:08,Unknown,0,279
346001,ACTFIBERNET,AC:15:A2:92:C5:D3,-90,12,198,100,554507264313,WPA2,1,0,1,8,1.0;2.0;5.5;11.0;9.0;18.0;36.0;54.0;6.0;12.0;24.0;48.0,4,11,,1,40,2,1,AC:15:A2,Unknown,0,241
346054,Kushi,04:AB:08:36:36:22,-88,12,3488,100,729702810027,WPA2,1,0,1,8,1.0;2.0;5.5;11.0;9.0;18.0;36.0;54.0;6.0;12.0;24.0;48.0,4,11,IN,1,20,2,1,04:AB:08,Unknown,0,279
346107,Jio_2,06:AB:08:26:36:22,-89,12,3489,100,729702810004,WPA2,1,0,1,8,1.0;2.0;5.5;11.0;9.0;18.0;36.0;54.0;6.0;12.0;24.0;48.0,4,11,IN,1,20,2,1,06:AB:08,Unknown,0,278
346475,vasudha_4G,FC:7A:58:0E:CD:2A,-87,1,1383,100,554447462818,WPA2,1,0,1,8,1.0;2.0;5.5;11.0;9.0;18.0;36.0;54.0;6.0;12.0;24.0;48.0,4,1,IN,1,20,2,1,FC:7A:58,Unknown,0,283
346530,Reddington,00:5F:67:F7:5E:DF,-95,1,721,100,802912153951,WPA2,1,0,1,8,1.0;2.0;5.5;11.0;9.0;18.0;36.0;54.0;6.0;12.0;24.0;48.0,4,1,,1,40,2,1,00:5F:67,Unknown,0,240
346583,vasudha_4G,FC:7A:58:0E:CD:2A,-94,1,1384,100,554447565212,WPA2,1,0,1,8,1.0;2.0;5.5;11.0;9.0;18.0;36.0;54.0;6.0;12.0;24.0;48.0,4,1,IN,1,20,2,1,FC:7A:58,Unknown,0,283
346636,Jocelyn_Home,AA:90:0A:C7:E0:0B,-93,1,2461,100,802906009991,WPA2,1,0,1,8,1.0;2.0;5.5;11.0;18.0;24.0;36.0;54.0;6.0;9.0;12.0;48.0,4,1,IN,1,40,2,1,AA:90:0A,Unknown,0,232
346689,vasudha_4G,FC:7A:58:0E:CD:2A,-94,1,1385,100,554447667599,WPA2,1,0,1,8,1.0;2.0;5.5;11.0;9.0;18.0;36.0;54.0;6.0;12.0;24.0;48.0,4,1,IN,1,20,2,1,FC:7A:58,Unknown,0,283
346742,JioFiber_24GH_KRR,A8:88:1F:20:7B:61,-94,2,592,100,284467611310,WPA2,1,0,1,8,1.0;2.0;5.5;11.0;9.0;18.0;36.0;54.0;6.0;12.0;24.0;48.0,4,1,IN,1,20,2,1,A8:88:1F,Unknown,0,290
346806,vasudha_4G,FC:7A:58:0E:CD:2A,-91,2,1386,100,554447770006,WPA2,1,0,1,8,1.0;2.0;5.5;11.0;9.0;18.0;36.0;54.0;6.0;12.0;24.0;48.0,4,1,IN,1,20,2,1,FC:7A:58,Unknown,0,283
346871,,9E:A2:F4:27:B6:BF,-87,2,2433,100,700292915611,WEP,1,0,1,0,,0,0,,0,0,0,0,9E:A2:F4,Unknown,0,334
346997,.,9C:A2:F4:D7:B6:BF,-92,3,2437,100,700293018005,WPA2,1,0,1,8,1.0;2.0;5.5;11.0;9.0;18.0;36.0;54.0;6.0;12.0;24.0;48.0,4,3,,1,40,2,1,9C:A2:F4,Unknown,0,376
347039,Athidi 1,9E:A2:F4:17:B6:BF,-92,3,2438,100,700293018002,WPA2,1,0,1,8,1.0;2.0;5.5;11.0;9.0;18.0;36.0;54.0;6.0;12.0;24.0;48.0,4,3,,1,40,2,1,9E:A2:F4,Unknown,0,286
347071,,9E:A2:F4:27:B6:BF,-89,3,2439,100,700293018005,WEP,1,0,1,0,,0,0,,0,0,0,0,9E:A2:F4,Unknown,0,334
347132,.,9C:A2:F4:D7:B6:BF,-92,3,2443,100,700293120409,WPA2,1,0,1,8,1.0;2.0;5.5;11.0;9.0;18.0;36.0;54.0;6.0;12.0;24.0;48.0,4,3,,1,40,2,1,9C:A2:F4,Unknown,0,376
347154,,9E:A2:F4:27:B6:BF,-91,3,2445,100,700293120407,WEP,1,0,1,0,,0,0,,0,0,0,0,9E:A2:F4,Unknown,0,334
347217,.,9C:A2:F4:D7:B6:BF,-95,4,2449,100,700293222804,WPA2,1,0,1,8,1.0;2.0;5.5;11.0;9.0;18.0;36.0;54.0;6.0;12.0;24.0;48.0,4,3,,1,40,2,1,9C:A2:F4,Unknown,0,376
347260,Athidi 1,9E:A2:F4:17:B6:BF,-92,4,2450,100,700293222801,WPA2,1,0,1,8,1.0;2.0;5.5;11.0;9.0;18.0;36.0;54.0;6.0;12.0;24.0;48.0,4,3,,1,40,2,1,9E:A2:F4,Unknown,0,286
347323,Isha99_FF,9C:A2:F4:FA:D3:9C,-88,4,1007,100,30692020224414,WPA2,1,0,1,8,1.0;2.0;5.5;11.0;9.0;18.0;36.0;54.0;6.0;12.0;24.0;48.0,4,5,,1,40,2,1,9C:A2:F4,Unknown,0,384
347383,.,9C:A2:F4:D7:B6:BF,-87,4,2455,100,700293325222,WPA2,1,0,1,8,1.0;2.0;5.5;11.0;9.0;18.0;36.0;54.0;6.0;12.0;24.0;48.0,4,3,,1,40,2,1,9C:A2:F4,Unknown,0,376
347425,Athidi 1,9E:A2:F4:17:B6:BF,-89,4,2456,100,700293325225,WPA2,1,0,1,8,1.0;2.0;5.5;11.0;9.0;18.0;36.0;54.0;6.0;12.0;24.0;48.0,4,3,,1,40,2,1,9E:A2:F4,Unknown,0,286
347489,Isha99_FF,9C:A2:F4:FA:D3:9C,-87,4,1011,100,30692020326806,WPA2,1,0,1,8,1.0;2.0;5.5;11.0;9.0;18.0;36.0;54.0;6.0;12.0;24.0;48.0,4,5,,1,40,2,1,9C:A2:F4,Unknown,0,384
347511,,9E:A2:F4:AA:D3:9C,-86,4,1012,100,30692020326807,WEP,1,0,1,0,,0,0,,0,0,0,0,9E:A2:F4,Unknown,0,334
347573,.,9C:A2:F4:D7:B6:BF,-90,4,2461,100,700293427596,WPA2,1,0,1,8,1.0;2.0;5.5;11.0;9.0;18.0;36.0;54.0;6.0;12.0;24.0;48.0,4,3,,1,40,2,1,9C:A2:F4,Unknown,0,376
347624,Athidi 1,9E:A2:F4:17:B6:BF,-88,4,2462,100,700293427608,WPA2,1,0,1,8,1.0;2.0;5.5;11.0;9.0;18.0;36.0;54.0;6.0;12.0;24.0;48.0,4,3,,1,40,2,1,9E:A2:F4,Unknown,0,286
347687,Isha99_FF,9C:A2:F4:FA:D3:9C,-84,5,1019,100,30692020531601,WPA2,1,0,1,8,1.0;2.0;5.5;11.0;9.0;18.0;36.0;54.0;6.0;12.0;24.0;48.0,4,5,,1,40,2,1,9C:A2:F4,Unknown,0,384
347759,Isha99_FF,9C:A2:F4:FA:D3:9C,-87,6,1027,100,30692020736402,WPA2,1,0,1,8,1.0;2.0;5.5;11.0;9.0;18.0;36.0;54.0;6.0;12.0;24.0;48.0,4,5,,1,40,2,1,9C:A2:F4,Unknown,0,384
347812,4G New 10 Jan26,78:20:51:A7:06:48,-78,6,3568,100,2553010074028,WPA2,1,0,1,8,1.0;2.0;5.5;11.0;9.0;18.0;36.0;54.0;6.0;12.0;24.0;48.0,4,6,IN,1,20,2,1,78:20:51,Unknown,0,239
347865,Isha99_FF,9C:A2:F4:FA:D3:9C,-90,6,1031,100,30692020838799,WPA2,1,0,1,8,1.0;2.0;5.5;11.0;9.0;18.0;36.0;54.0;6.0;12.0;24.0;48.0,4,5,,1,40,2,1,9C:A2:F4,Unknown,0,384
347917,4G New 10 Jan26,78:20:51:A7:06:48,-75,6,3569,100,2553010177061,WPA2,1,0,1,8,1.0;2.0;5.5;11.0;9.0;18.0;36.0;54.0;6.0;12.0;24.0;48.0,4,6,IN,1,20,2,1,78:20:51,Unknown,0,239
348015,Jio4G,04:AB:08:7C:EB:C2,-89,7,2726,100,2468677837222,WPA2,1,0,1,8,1.0;2.0;5.5;11.0;9.0;18.0;36.0;54.0;6.0;12.0;24.0;48.0,4,6,IN,1,20,2,1,04:AB:08,Unknown,0,279
348068,4G New 10 Jan26,78:20:51:A7:06:48,-86,7,3571,100,2553010383169,WPA2,1,0,1,8,1.0;2.0;5.5;11.0;9.0;18.0;36.0;54.0;6.0;12.0;24.0;48.0,4,6,IN,1,20,2,1,78:20:51,Unknown,0,239
348128,Jio4G,04:AB:08:7C:EB:C2,-88,7,2727,100,2468677939601,WPA2,1,0,1,8,1.0;2.0;5.5;11.0;9.0;18.0;36.0;54.0;6.0;12.0;24.0;48.0,4,6,IN,1,20,2,1,04:AB:08,Unknown,0,279
348250,Vaiskumar,D8:47:32:3A:06:01,-92,8,242,100,13015552310,WPA2,1,0,1,8,1.0;2.0;5.5;11.0;9.0;18.0;36.0;54.0;6.0;12.0;24.0;48.0,4,8,,1,40,2,1,D8:47:32,Unknown,0,239
348300,Vaiskumar_5G,DA:47:32:39:06:01,-93,8,243,100,13015554432,WPA2,1,0,1,8,1.0;2.0;5.5;11.0;9.0;18.0;36.0;54.0;6.0;12.0;24.0;48.0,4,8,,1,40,2,1,DA:47:32,Unknown,0,242
348354,Vaiskumar_5G,DA:47:32:39:06:01,-90,8,245,100,13015656835,WPA2,1,0,1,8,1.0;2.0;5.5;11.0;9.0;18.0;36.0;54.0;6.0;12.0;24.0;48.0,4,8,,1,40,2,1,DA:47:32,Unknown,0,242
348451,palani-1st floor ,50:91:E3:F7:90:7E,-93,9,3185,100,802932634090,WPA2,1,0,1,8,1.0;2.0;5.5;11.0;9.0;18.0;36.0;54.0;6.0;12.0;24.0;48.0,4,9,,1,40,2,1,50:91:E3,Unknown,0,341
348483,,52:91:E3:A7:90:7E,-93,9,3186,100,802932634010,WEP,1,0,1,0,,0,0,,0,0,0,0,52:91:E3,Unknown,0,310
348955,DIRECT-EX,8E:57:9B:08:7F:06,-88,11,1699,100,5963059288,WPA2,1,0,1,8,6.0;9.0;12.0;18.0;24.0;36.0;48.0;54.0,0,11,,1,20,2,0,8E:57:9B,Unknown,0,261
349018,Kushi,04:AB:08:36:36:22,-91,11,3546,100,729705779625,WPA2,1,0,1,8,1.0;2.0;5.5;11.0;9.0;18.0;36.0;54.0;6.0;12.0;24.0;48.0,4,11,IN,1,20,2,1,04:AB:08,Unknown,0,279
349071,Jio_2,06:AB:08:26:36:22,-91,11,3547,100,729705779626,WPA2,1,0,1,8,1.0;2.0;5.5;11.0;9.0;18.0;36.0;54.0;6.0;12.0;24.0;48.0,4,11,IN,1,20,2,1,06:AB:08,Unknown,0,278
349113,ACTFIBERNET,AC:15:A2:92:C5:D3,-90,11,228,100,554510336345,WPA2,1,0,1,8,1.0;2.0;5.5;11.0;9.0;18.0;36.0;54.0;6.0;12.0;24.0;48.0,4,11,,1,40,2,1,AC:15:A2,Unknown,0,241
349166,Kushi,04:AB:08:36:36:22,-90,11,3548,100,729705881998,WPA2,1,0,1,8,1.0;2.0;5.5;11.0;9.0;18.0;36.0;54.0;6.0;12.0;24.0;48.0,4,11,IN,1,20,2,1,04:AB:08,Unknown,0,279
349229,Jio_2,06:AB:08:26:36:22,-90,11,3549,100,729705882008,WPA2,1,0,1,8,1.0;2.0;5.5;11.0;9.0;18.0;36.0;54.0;6.0;12.0;24.0;48.0,4,11,IN,1,20,2,1,06:AB:08,Unknown,0,278
349281,ACTFIBERNET,AC:15:A2:92:C5:D3,-84,11,229,100,554510438746,WPA2,1,0,1,8,1.0;2.0;5.5;11.0;9.0;18.0;36.0;54.0;6.0;12.0;24.0;48.0,4,11,,1,40,2,1,AC:15:A2,Unknown,0,241
349334,BrownArc-Jio,FC:7A:58:30:93:DA,-98,11,4075,100,803750502822,WPA2,1,0,1,8,1.0;2.0;5.5;11.0;9.0;18.0;36.0;54.0;6.0;12.0;24.0;48.0,4,11,IN,1,20,2,1,FC:7A:58,Unknown,0,285
349397,Kushi,04:AB:08:36:36:22,-89,11,3550,100,729705985889,WPA2,1,0,1,8,1.0;2.0;5.5;11.0;9.0;18.0;36.0;54.0;6.0;12.0;24.0;48.0,4,11,IN,1,20,2,1,04:AB:08,Unknown,0,279
349450,Jio_2,06:AB:08:26:36:22,-89,11,3551,100,729705984427,WPA2,1,0,1,8,1.0;2.0;5.5;11.0;9.0;18.0;36.0;54.0;6.0;12.0;24.0;48.0,4,11,IN,1,20,2,1,06:AB:08,Unknown,0,278
349706,Reddington,00:5F:67:F7:5E:DF,-95,1,752,100,802915329532,WPA2,1,0,1,8,1.0;2.0;5.5;11.0;9.0;18.0;36.0;54.0;6.0;12.0;24.0;48.0,4,1,,1,40,2,1,00:5F:67,Unknown,0,240
349858,Jocelyn_Home,AA:90:0A:C7:E0:0B,-91,1,2500,100,802909288654,WPA2,1,0,1,8,1.0;2.0;5.5;11.0;18.0;24.0;36.0;54.0;6.0;9.0;12.0;48.0,4,1,IN,1,40,2,1,AA:90:0A,Unknown,0,232
350059,vasudha_4G,FC:7A:58:0E:CD:2A,-91,2,1422,100,554451046823,WPA2,1,0,1,8,1.0;2.0;5.5;11.0;9.0;18.0;36.0;54.0;6.0;12.0;24.0;48.0,4,1,IN,1,20,2,1,FC:7A:58,Unknown,0,283
350376,.,9C:A2:F4:D7:B6:BF,-91,3,2635,100,700296397199,WPA2,1,0,1,8,1.0;2.0;5.5;11.0;9.0;18.0;36.0;54.0;6.0;12.0;24.0;48.0,4,3,,1,40,2,1,9C:A2:F4,Unknown,0,376
350397,,9E:A2:F4:27:B6:BF,-90,3,2637,100,700296397197,WEP,1,0,1,0,,0,0,,0,0,0,0,9E:A2:F4,Unknown,0,334
350501,,9E:A2:F4:AA:D3:9C,-81,4,1138,100,30692023501194,WEP,1,0,1,0,,0,0,,0,0,0,0,9E:A2:F4,Unknown,0,334
350627,Isha99_FF,9C:A2:F4:FA:D3:9C,-85,4,1141,100,30692023603609,WPA2,1,0,1,8,1.0;2.0;5.5;11.0;9.0;18.0;36.0;54.0;6.0;12.0;24.0;48.0,4,5,,1,40,2,1,9C:A2:F4,Unknown,0,384
350648,,9E:A2:F4:AA:D3:9C,-85,4,1142,100,30692023603602,WEP,1,0,1,0,,0,0,,0,0,0,0,9E:A2:F4,Unknown,0,334
350729,Isha99_FF,9C:A2:F4:FA:D3:9C,-75,5,1145,100,30692023706003,WPA2,1,0,1,8,1.0;2.0;5.5;11.0;9.0;18.0;36.0;54.0;6.0;12.0;24.0;48.0,4,5,,1,40,2,1,9C:A2:F4,Unknown,0,384
350751,,9E:A2:F4:AA:D3:9C,-75,5,1146,100,30692023706023,WEP,1,0,1,0,,0,0,,0,0,0,0,9E:A2:F4,Unknown,0,334
350831,Isha99_FF,9C:A2:F4:FA:D3:9C,-75,5,1149,100,30692023808420,WPA2,1,0,1,8,1.0;2.0;5.5;11.0;9.0;18.0;36.0;54.0;6.0;12.0;24.0;48.0,4,5,,1,40,2,1,9C:A2:F4,Unknown,0,384
350859,,9E:A2:F4:AA:D3:9C,-75,5,1150,100,30692023808425,WEP,1,0,1,0,,0,0,,0,0,0,0,9E:A2:F4,Unknown,0,334
350911,4G New 10 Jan26,78:20:51:A7:06:48,-86,5,3598,100,2553013147991,WPA2,1,0,1,8,1.0;2.0;5.5;11.0;9.0;18.0;36.0;54.0;6.0;12.0;24.0;48.0,4,6,IN,1,20,2,1,78:20:51,Unknown,0,239
350955,Airtel_nedo_2350,6C:4F:89:09:FD:11,-91,5,2092,100,1262406656030,WPA2,1,0,1,8,1.0;2.0;5.5;11.0;6.0;9.0;12.0;18.0;24.0;36.0;48.0;54.0,4,6,IN,1,20,2,1,6C:4F:89,Unknown,0,312
351017,Isha99_FF,9C:A2:F4:FA:D3:9C,-74,5,1153,100,30692023910803,WPA2,1,0,1,8,1.0;2.0;5.5;11.0;9.0;18.0;36.0;54.0;6.0;12.0;24.0;48.0,4,5,,1,40,2,1,9C:A2:F4,Unknown,0,384
351039,,9E:A2:F4:AA:D3:9C,-74,5,1154,100,30692023910805,WEP,1,0,1,0,,0,0,,0,0,0,0,9E:A2:F4,Unknown,0,334
351100,Jio4G,04:AB:08:7C:EB:C2,-89,6,2755,100,2468680806809,WPA2,1,0,1,8,1.0;2.0;5.5;11.0;9.0;18.0;36.0;54.0;6.0;12.0;24.0;48.0,4,6,IN,1,20,2,1,04:AB:08,Unknown,0,279
351153,Airtel_nedo_2350,6C:4F:89:09:FD:11,-93,6,2093,100,1262406758422,WPA2,1,0,1,8,1.0;2.0;5.5;11.0;6.0;9.0;12.0;18.0;24.0;36.0;48.0;54.0,4,6,IN,1,20,2,1,6C:4F:89,Unknown,0,312
351206,Isha99_FF,9C:A2:F4:FA:D3:9C,-78,6,1157,100,30692024013219,WPA2,1,0,1,8,1.0;2.0;5.5;11.0;9.0;18.0;36.0;54.0;6.0;12.0;24.0;48.0,4,5,,1,40,2,1,9C:A2:F4,Unknown,0,384
351227,,9E:A2:F4:AA:D3:9C,-77,6,1158,100,30692024013221,WEP,1,0,1,0,,0,0,,0,0,0,0,9E:A2:F4,Unknown,0,334
351281,Airtel_nedo_2350,6C:4F:89:09:FD:11,-91,6,2094,100,1262406860839,WPA2,1,0,1,8,1.0;2.0;5.5;11.0;6.0;9.0;12.0;18.0;24.0;36.0;48.0;54.0,4,6,IN,1,20,2,1,6C:4F:89,Unknown,0,312
351342,Isha99_FF,9C:A2:F4:FA:D3:9C,-77,6,1161,100,30692024115627,WPA2,1,0,1,8,1.0;2.0;5.5;11.0;9.0;18.0;36.0;54.0;6.0;12.0;24.0;48.0,4,5,,1,40,2,1,9C:A2:F4,Unknown,0,384
351364,,9E:A2:F4:AA:D3:9C,-79,6,1162,100,30692024115592,WEP,1,0,1,0,,0,0,,0,0,0,0,9E:A2:F4,Unknown,0,334
351416,Charleshome_5g,62:A4:B7:D1:B1:81,-91,6,3097,100,18137192908,WPA2,1,0,1,8,1.0;2.0;5.5;11.0;9.0;18.0;36.0;54.0;6.0;12.0;24.0;48.0,4,6,,1,40,2,1,62:A4:B7,Unknown,0,244
351530,Vidya,78:20:51:C9:AC:08,-96,8,2661,100,802934374815,WPA2,1,0,1,8,1.0;2.0;5.5;11.0;9.0;18.0;36.0;54.0;6.0;12.0;24.0;48.0,4,8,,1,40,2,1,78:20:51,Unknown,0,380
351633,Vidya,78:20:51:C9:AC:08,-91,8,2665,100,802934477215,WPA2,1,0,1,8,1.0;2.0;5.5;11.0;9.0;18.0;36.0;54.0;6.0;12.0;24.0;48.0,4,8,,1,40,2,1,78:20:51,Unknown,0,380
351663,,7A:20:51:29:AC:08,-91,8,2666,100,802934477203,WEP,1,0,1,0,,0,0,,0,0,0,0,7A:20:51,Unknown,0,310
351728,palani-1st floor ,50:91:E3:F7:90:7E,-93,9,3313,100,802935910888,WPA2,1,0,1,8,1.0;2.0;5.5;11.0;9.0;18.0;36.0;54.0;6.0;12.0;24.0;48.0,4,9,,1,40,2,1,50:91:E3,Unknown,0,341
351760,,52:91:E3:A7:90:7E,-93,9,3314,100,802935910792,WEP,1,0,1,0,,0,0,,0,0,0,0,52:91:E3,Unknown,0,310
351830,palani-1st floor ,50:91:E3:F7:90:7E,-88,9,3317,100,802936013201,WPA2,1,0,1,8,1.0;2.0;5.5;11.0;9.0;18.0;36.0;54.0;6.0;12.0;24.0;48.0,4,9,,1,40,2,1,50:91:E3,Unknown,0,341
351862,,52:91:E3:A7:90:7E,-90,9,3318,100,802936013210,WEP,1,0,1,0,,0,0,,0,0,0,0,52:91:E3,Unknown,0,310
351933,palani-1st floor ,50:91:E3:F7:90:7E,-94,9,3321,100,802936115624,WPA2,1,0,1,8,1.0;2.0;5.5;11.0;9.0;18.0;36.0;54.0;6.0;12.0;24.0;48.0,4,9,,1,40,2,1,50:91:E3,Unknown,0,341
351965,,52:91:E3:A7:90:7E,-92,10,3322,100,802936115622,WEP,1,0,1,0,,0,0,,0,0,0,0,52:91:E3,Unknown,0,310
352008,ACTFIBERNET,AC:15:A2:92:C5:D3,-79,10,257,100,554513305915,WPA2,1,0,1,8,1.0;2.0;5.5;11.0;9.0;18.0;36.0;54.0;6.0;12.0;24.0;48.0,4,11,,1,40,2,1,AC:15:A2,Unknown,0,241
352070,palani-1st floor ,50:91:E3:F7:90:7E,-93,10,3325,100,802936218097,WPA2,1,0,1,8,1.0;2.0;5.5;11.0;9.0;18.0;36.0;54.0;6.0;12.0;24.0;48.0,4,9,,1,40,2,1,50:91:E3,Unknown,0,341
352191,Jio_2,06:AB:08:26:36:22,-93,11,3609,100,729708954007,WPA2,1,0,1,8,1.0;2.0;5.5;11.0;9.0;18.0;36.0;54.0;6.0;12.0;24.0;48.0,4,11,IN,1,20,2,1,06:AB:08,Unknown,0,278
352250,ACTFIBERNET,AC:15:A2:92:C5:D3,-75,11,259,100,554513510718,WPA2,1,0,1,8,1.0;2.0;5.5;11.0;9.0;18.0;36.0;54.0;6.0;12.0;24.0;48.0,4,11,,1,40,2,1,AC:15:A2,Unknown,0,241
352292,DIRECT-EX,8E:57:9B:08:7F:06,-86,11,1731,100,5966336094,WPA2,1,0,1,8,6.0;9.0;12.0;18.0;24.0;36.0;48.0;54.0,0,11,,1,20,2,0,8E:57:9B,Unknown,0,261
352355,BrownArc-Jio,FC:7A:58:30:93:DA,-88,11,11,100,803753574824,WPA2,1,0,1,8,1.0;2.0;5.5;11.0;9.0;18.0;36.0;54.0;6.0;12.0;24.0;48.0,4,11,IN,1,20,2,1,FC:7A:58,Unknown,0,285
352408,Jio_2,06:AB:08:26:36:22,-97,11,3611,100,729709056398,WPA2,1,0,1,8,1.0;2.0;5.5;11.0;9.0;18.0;36.0;54.0;6.0;12.0;24.0;48.0,4,11,IN,1,20,2,1,06:AB:08,Unknown,0,278
352450,ACTFIBERNET,AC:15:A2:92:C5:D3,-75,11,260,100,554513613115,WPA2,1,0,1,8,1.0;2.0;5.5;11.0;9.0;18.0;36.0;54.0;6.0;12.0;24.0;48.0,4,11,,1,40,2,1,AC:15:A2,Unknown,0,241
352513,DIRECT-EX,8E:57:9B:08:7F:06,-81,11,1732,100,5966438485,WPA2,1,0,1,8,6.0;9.0;12.0;18.0;24.0;36.0;48.0;54.0,0,11,,1,20,2,0,8E:57:9B,Unknown,0,261
352566,BrownArc-Jio,FC:7A:58:30:93:DA,-91,11,12,100,803753677243,WPA2,1,0,1,8,1.0;2.0;5.5;11.0;9.0;18.0;36.0;54.0;6.0;12.0;24.0;48.0,4,11,IN,1,20,2,1,FC:7A:58,Unknown,0,285
352619,Airtel_Kapildev Kannadasn,60:98:49:F5:6D:EA,-93,11,400,100,189925273989,WPA2,1,0,1,8,1.0;2.0;5.5;11.0;6.0;9.0;12.0;18.0;24.0;36.0;48.0;54.0,4,11,IN,1,20,2,1,60:98:49,Unknown,0,361
352671,ACTFIBERNET,AC:15:A2:92:C5:D3,-71,11,261,100,554513715517,WPA2,1,0,1,8,1.0;2.0;5.5;11.0;9.0;18.0;36.0;54.0;6.0;12.0;24.0;48.0,4,11,,1,40,2,1,AC:15:A2,Unknown,0,241
353029,vasudha_4G,FC:7A:58:0E:CD:2A,-89,1,1459,100,554454016481,WPA2,1,0,1,8,1.0;2.0;5.5;11.0;9.0;18.0;36.0;54.0;6.0;12.0;24.0;48.0,4,1,IN,1,20,2,1,FC:7A:58,Unknown,0,283
353092,JioFiber_24GH_KRR,A8:88:1F:20:7B:61,-93,1,655,100,284473960041,WPA2,1,0,1,8,1.0;2.0;5.5;11.0;9.0;18.0;36.0;54.0;6.0;12.0;24.0;48.0,4,1,IN,1,20,2,1,A8:88:1F,Unknown,0,290
353145,vasudha_4G,FC:7A:58:0E:CD:2A,-76,1,1460,100,554454118876,WPA2,1,0,1,8,1.0;2.0;5.5;11.0;9.0;18.0;36.0;54.0;6.0;12.0;24.0;48.0,4,1,IN,1,20,2,1,FC:7A:58,Unknown,0,283
353234,vasudha_4G,FC:7A:58:0E:CD:2A,-81,2,1461,100,554454221215,WPA2,1,0,1,8,1.0;2.0;5.5;11.0;9.0;18.0;36.0;54.0;6.0;12.0;24.0;48.0,4,1,IN,1,20,2,1,FC:7A:58,Unknown,0,283
353439,vasudha_4G,FC:7A:58:0E:CD:2A,-77,2,1463,100,554454426031,WPA2,1,0,1,8,1.0;2.0;5.5;11.0;9.0;18.0;36.0;54.0;6.0;12.0;24.0;48.0,4,1,IN,1,20,2,1,FC:7A:58,Unknown,0,283
353596,Isha99_FF,9C:A2:F4:FA:D3:9C,-86,3,1255,100,30692026573208,WPA2,1,0,1,8,1.0;2.0;5.5;11.0;9.0;18.0;36.0;54.0;6.0;12.0;24.0;48.0,4,5,,1,40,2,1,9C:A2:F4,Unknown,0,384
353675,,9E:A2:F4:AA:D3:9C,-80,4,1260,100,30692026675636,WEP,1,0,1,0,,0,0,,0,0,0,0,9E:A2:F4,Unknown,0,334
353801,Isha99_FF,9C:A2:F4:FA:D3:9C,-79,4,1263,100,30692026778014,WPA2,1,0,1,8,1.0;2.0;5.5;11.0;9.0;18.0;36.0;54.0;6.0;12.0;24.0;48.0,4,5,,1,40,2,1,9C:A2:F4,Unknown,0,384
353903,Isha99_FF,9C:A2:F4:FA:D3:9C,-85,4,1267,100,30692026880429,WPA2,1,0,1,8,1.0;2.0;5.5;11.0;9.0;18.0;36.0;54.0;6.0;12.0;24.0;48.0,4,5,,1,40,2,1,9C:A2:F4,Unknown,0,384
354006,Isha99_FF,9C:A2:F4:FA:D3:9C,-86,5,1273,100,30692026982943,WPA2,1,0,1,8,1.0;2.0;5.5;11.0;9.0;18.0;36.0;54.0;6.0;12.0;24.0;48.0,4,5,,1,40,2,1,9C:A2:F4,Unknown,0,384
354028,,9E:A2:F4:AA:D3:9C,-84,5,1274,100,30692026982949,WEP,1,0,1,0,,0,0,,0,0,0,0,9E:A2:F4,Unknown,0,334
354108,Isha99_FF,9C:A2:F4:FA:D3:9C,-87,5,1277,100,30692027085306,WPA2,1,0,1,8,1.0;2.0;5.5;11.0;9.0;18.0;36.0;54.0;6.0;12.0;24.0;48.0,4,5,,1,40,2,1,9C:A2:F4,Unknown,0,384
354130,,9E:A2:F4:AA:D3:9C,-86,5,1278,100,30692027085215,WEP,1,0,1,0,,0,0,,0,0,0,0,9E:A2:F4,Unknown,0,334
354211,Isha99_FF,9C:A2:F4:FA:D3:9C,-76,6,1281,100,30692027187597,WPA2,1,0,1,8,1.0;2.0;5.5;11.0;9.0;18.0;36.0;54.0;6.0;12.0;24.0;48.0,4,5,,1,40,2,1,9C:A2:F4,Unknown,0,384
354233,,9E:A2:F4:AA:D3:9C,-75,6,1282,100,30692027187625,WEP,1,0,1,0,,0,0,,0,0,0,0,9E:A2:F4,Unknown,0,334
354314,Charleshome_5g,62:A4:B7:D1:B1:81,-88,6,3159,100,18140367277,WPA2,1,0,1,8,1.0;2.0;5.5;11.0;9.0;18.0;36.0;54.0;6.0;12.0;24.0;48.0,4,6,,1,40,2,1,62:A4:B7,Unknown,0,244
354364,Airtel__dontuse,30:BD:13:27:87:96,-92,6,1695,100,180698112048,WPA2,1,0,1,8,1.0;2.0;5.5;11.0;6.0;9.0;12.0;18.0;24.0;36.0;48.0;54.0,4,6,IN,1,20,2,1,30:BD:13,Unknown,0,311
354416,babu_5G,CA:78:C9:FE:B1:30,-88,6,2478,100,10072678870,WPA2,1,0,1,8,1.0;2.0;5.5;11.0;18.0;24.0;36.0;54.0;6.0;9.0;12.0;48.0,4,6,IN,1,40,2,1,CA:78:C9,Unknown,0,227
354477,,7A:20:51:29:AC:08,-89,7,2782,100,802937344398,WEP,1,0,1,0,,0,0,,0,0,0,0,7A:20:51,Unknown,0,310
354579,,7A:20:51:29:AC:08,-88,7,2786,100,802937446819,WEP,1,0,1,0,,0,0,,0,0,0,0,7A:20:51,Unknown,0,310
354705,Vidya,78:20:51:C9:AC:08,-91,8,2789,100,802937549200,WPA2,1,0,1,8,1.0;2.0;5.5;11.0;9.0;18.0;36.0;54.0;6.0;12.0;24.0;48.0,4,8,,1,40,2,1,78:20:51,Unknown,0,380
354736,,7A:20:51:29:AC:08,-92,8,2790,100,802937549197,WEP,1,0,1,0,,0,0,,0,0,0,0,7A:20:51,Unknown,0,310
354807,Vidya,78:20:51:C9:AC:08,-91,8,2793,100,802937651599,WPA2,1,0,1,8,1.0;2.0;5.5;11.0;9.0;18.0;36.0;54.0;6.0;12.0;24.0;48.0,4,8,,1,40,2,1,78:20:51,Unknown,0,380
354910,Vidya,78:20:51:C9:AC:08,-89,8,2797,100,802937754008,WPA2,1,0,1,8,1.0;2.0;5.5;11.0;9.0;18.0;36.0;54.0;6.0;12.0;24.0;48.0,4,8,,1,40,2,1,78:20:51,Unknown,0,380
354932,,7A:20:51:29:AC:08,-89,8,2798,100,802937754025,WEP,1,0,1,0,,0,0,,0,0,0,0,7A:20:51,Unknown,0,310
355005,palani-1st floor ,50:91:E3:F7:90:7E,-87,9,3441,100,802939187723,WPA2,1,0,1,8,1.0;2.0;5.5;11.0;9.0;18.0;36.0;54.0;6.0;12.0;24.0;48.0,4,9,,1,40,2,1,50:91:E3,Unknown,0,341
355045,,52:91:E3:A7:90:7E,-87,9,3442,100,802939187597,WEP,1,0,1,0,,0,0,,0,0,0,0,52:91:E3,Unknown,0,310
355107,palani-1st floor ,50:91:E3:F7:90:7E,-87,9,3445,100,802939290067,WPA2,1,0,1,8,1.0;2.0;5.5;11.0;9.0;18.0;36.0;54.0;6.0;12.0;24.0;48.0,4,9,,1,40,2,1,50:91:E3,Unknown,0,341
355139,,52:91:E3:A7:90:7E,-87,9,3446,100,802939289999,WEP,1,0,1,0,,0,0,,0,0,0,0,52:91:E3,Unknown,0,310
355195,TP-Link_26A2,AC:15:A2:DA:26:A2,-91,10,3071,100,803827405205,WPA2,1,0,1,8,1.0;2.0;5.5;11.0;9.0;18.0;36.0;54.0;6.0;12.0;24.0;48.0,4,10,,1,40,2,0,AC:15:A2,Unknown,0,265
355312,palani-1st floor ,50:91:E3:F7:90:7E,-86,10,3453,100,802939494795,WPA2,1,0,1,8,1.0;2.0;5.5;11.0;9.0;18.0;36.0;54.0;6.0;12.0;24.0;48.0,4,9,,1,40,2,1,50:91:E3,Unknown,0,341
355442,BrownArc-Jio,FC:7A:58:30:93:DA,-90,10,44,100,803756749193,WPA2,1,0,1,8,1.0;2.0;5.5;11.0;9.0;18.0;36.0;54.0;6.0;12.0;24.0;48.0,4,11,IN,1,20,2,1,FC:7A:58,Unknown,0,285
355485,TP-Link_26A2_2GEXT,94:A6:7E:49:80:14,-92,11,1932,100,86072730072,WPA2,1,0,1,8,1.0;2.0;5.5;11.0;9.0;18.0;36.0;54.0;6.0;12.0;24.0;48.0,4,10,IN,1,40,2,0,94:A6:7E,Unknown,0,299
355538,ACTFIBERNET,AC:15:A2:92:C5:D3,-89,11,291,100,554516787547,WPA2,1,0,1,8,1.0;2.0;5.5;11.0;9.0;18.0;36.0;54.0;6.0;12.0;24.0;48.0,4,11,,1,40,2,1,AC:15:A2,Unknown,0,241
355580,DIRECT-EX,8E:57:9B:08:7F:06,-92,11,1771,100,5969612901,WPA2,1,0,1,8,6.0;9.0;12.0;18.0;24.0;36.0;48.0;54.0,0,11,,1,20,2,0,8E:57:9B,Unknown,0,261
355633,BrownArc-Jio,FC:7A:58:30:93:DA,-87,11,45,100,803756851609,WPA2,1,0,1,8,1.0;2.0;5.5;11.0;9.0;18.0;36.0;54.0;6.0;12.0;24.0;48.0,4,11,IN,1,20,2,1,FC:7A:58,Unknown,0,285
355695,ACTFIBERNET,AC:15:A2:92:C5:D3,-77,11,292,100,554516889943,WPA2,1,0,1,8,1.0;2.0;5.5;11.0;9.0;18.0;36.0;54.0;6.0;12.0;24.0;48.0,4,11,,1,40,2,1,AC:15:A2,Unknown,0,241
355749,BrownArc-Jio,FC:7A:58:30:93:DA,-93,11,46,100,803756954007,WPA2,1,0,1,8,1.0;2.0;5.5;11.0;9.0;18.0;36.0;54.0;6.0;12.0;24.0;48.0,4,11,IN,1,20,2,1,FC:7A:58,Unknown,0,285
355801,JVACT1,A4:2B:B0:01:A6:3A,-90,11,1852,100,803820851531,WPA2,1,0,1,8,1.0;2.0;5.5;11.0;9.0;18.0;36.0;54.0;6.0;12.0;24.0;48.0,4,11,,1,40,2,0,A4:2B:B0,Unknown,0,260
355844,ACTFIBERNET,AC:15:A2:92:C5:D3,-84,12,294,100,554517094752,WPA2,1,0,1,8,1.0;2.0;5.5;11.0;9.0;18.0;36.0;54.0;6.0;12.0;24.0;48.0,4,11,,1,40,2,1,AC:15:A2,Unknown,0,241
356204,vasudha_4G,FC:7A:58:0E:CD:2A,-84,1,1498,100,554457190879,WPA2,1,0,1,8,1.0;2.0;5.5;11.0;9.0;18.0;36.0;54.0;6.0;12.0;24.0;48.0,4,1,IN,1,20,2,1,FC:7A:58,Unknown,0,283
356267,JioFiber_24GH_KRR,A8:88:1F:20:7B:61,-95,1,687,100,284477134350,WPA2,1,0,1,8,1.0;2.0;5.5;11.0;9.0;18.0;36.0;54.0;6.0;12.0;24.0;48.0,4,1,IN,1,20,2,1,A8:88:1F,Unknown,0,290
356320,ABFAMILY,04:AB:08:31:B0:12,-93,1,397,100,510301082257,WPA2,1,0,1,8,1.0;2.0;5.5;11.0;9.0;18.0;36.0;54.0;6.0;12.0;24.0;48.0,4,1,IN,1,20,2,1,04:AB:08,Unknown,0,281
356373,vasudha_4G,FC:7A:58:0E:CD:2A,-91,1,1499,100,554457293401,WPA2,1,0,1,8,1.0;2.0;5.5;11.0;9.0;18.0;36.0;54.0;6.0;12.0;24.0;48.0,4,1,IN,1,20,2,1,FC:7A:58,Unknown,0,283
356436,JioFiber-3TFFK,E8:22:B8:12:3E:9A,-93,1,3413,100,803755827604,WPA2,1,0,1,8,1.0;2.0;5.5;11.0;9.0;18.0;36.0;54.0;6.0;12.0;24.0;48.0,4,1,IN,1,20,2,1,E8:22:B8,Unknown,0,287
356488,ABFAMILY,04:AB:08:31:B0:12,-92,1,398,100,510301184659,WPA2,1,0,1,8,1.0;2.0;5.5;11.0;9.0;18.0;36.0;54.0;6.0;12.0;24.0;48.0,4,1,IN,1,20,2,1,04:AB:08,Unknown,0,281
356547,vasudha_4G,FC:7A:58:0E:CD:2A,-83,1,1500,100,554457395745,WPA2,1,0,1,8,1.0;2.0;5.5;11.0;9.0;18.0;36.0;54.0;6.0;12.0;24.0;48.0,4,1,IN,1,20,2,1,FC:7A:58,Unknown,0,283
356599,Jio4G,8C:A3:99:66:B3:A6,-93,1,3031,100,802854196649,WPA2,1,0,1,8,1.0;2.0;5.5;11.0;9.0;18.0;36.0;54.0;6.0;12.0;24.0;48.0,4,1,IN,1,20,2,1,8C:A3:99,Unknown,0,278
356653,ABFAMILY,04:AB:08:31:B0:12,-94,2,399,100,510301287054,WPA2,1,0,1,8,1.0;2.0;5.5;11.0;9.0;18.0;36.0;54.0;6.0;12.0;24.0;48.0,4,1,IN,1,20,2,1,04:AB:08,Unknown,0,281
356705,vasudha_4G,FC:7A:58:0E:CD:2A,-86,2,1501,100,554457498467,WPA2,1,0,1,8,1.0;2.0;5.5;11.0;9.0;18.0;36.0;54.0;6.0;12.0;24.0;48.0,4,1,IN,1,20,2,1,FC:7A:58,Unknown,0,283
356758,vasudha_4G,FC:7A:58:0E:CD:2A,-81,2,1502,100,554457600650,WPA2,1,0,1,8,1.0;2.0;5.5;11.0;9.0;18.0;36.0;54.0;6.0;12.0;24.0;48.0,4,1,IN,1,20,2,1,FC:7A:58,Unknown,0,283
356822,vasudha_4G,FC:7A:58:0E:CD:2A,-79,3,1505,100,554457702988,WPA2,1,0,1,8,1.0;2.0;5.5;11.0;9.0;18.0;36.0;54.0;6.0;12.0;24.0;48.0,4,1,IN,1,20,2,1,FC:7A:58,Unknown,0,283
356875,Wi-Fi_1stFloor,98:DE:D0:A2:2F:02,-93,3,4081,100,803810713984,WPA2,1,1,1,8,1.0;2.0;5.5;11.0;6.0;9.0;12.0;18.0;24.0;36.0;48.0;54.0,4,3,,1,40,2,1,98:DE:D0,Unknown,0,269
356931,Wi-Fi_1stFloor,98:DE:D0:A2:2F:02,-94,3,4082,100,803810816449,WPA2,1,1,1,8,1.0;2.0;5.5;11.0;6.0;9.0;12.0;18.0;24.0;36.0;48.0;54.0,4,3,,1,40,2,1,98:DE:D0,Unknown,0,269
357391,Airtel__dontuse,30:BD:13:27:87:96,-91,5,1725,100,180701184048,WPA2,1,0,1,8,1.0;2.0;5.5;11.0;6.0;9.0;12.0;18.0;24.0;36.0;48.0;54.0,4,6,IN,1,20,2,1,30:BD:13,Unknown,0,311
357455,ACTFIBERNET,B0:A7:B9:AF:A6:1B,-87,6,2403,100,803799757205,WPA2,1,0,1,8,1.0;2.0;5.5;11.0;18.0;24.0;36.0;54.0;6.0;9.0;12.0;48.0,4,7,,1,40,2,1,B0:A7:B9,Unknown,0,261
357508,Charleshome_4g,60:A4:B7:D0:B1:81,-90,6,3220,100,18143539539,WPA2,1,0,1,8,1.0;2.0;5.5;11.0;9.0;18.0;36.0;54.0;6.0;12.0;24.0;48.0,4,6,,1,40,2,1,60:A4:B7,Unknown,0,244
357550,babu_5G,CA:78:C9:FE:B1:30,-83,6,2540,100,10075853535,WPA2,1,0,1,8,1.0;2.0;5.5;11.0;18.0;24.0;36.0;54.0;6.0;9.0;12.0;48.0,4,6,IN,1,40,2,1,CA:78:C9,Unknown,0,227
357603,suresh4G,CA:78:C9:FE:B1:3C,-83,6,2541,100,10075855563,WPA2,1,0,1,8,1.0;2.0;5.5;11.0;18.0;24.0;36.0;54.0;6.0;9.0;12.0;48.0,4,6,IN,1,40,2,1,CA:78:C9,Unknown,0,228
357655,Ganesh ,54:AF:97:5B:06:91,-89,6,3618,100,803813683524,WPA2,1,0,1,8,1.0;2.0;5.5;11.0;9.0;18.0;36.0;54.0;6.0;12.0;24.0;48.0,4,6,,1,40,2,1,54:AF:97,Unknown,0,288
357698,ganesh_5g,56:AF:97:59:06:91,-90,6,3619,100,803813686038,WPA2,1,0,1,8,1.0;2.0;5.5;11.0;9.0;18.0;36.0;54.0;6.0;12.0;24.0;48.0,4,6,,1,40,2,1,56:AF:97,Unknown,0,239
357757,Airtel__dontuse,30:BD:13:27:87:96,-88,6,1727,100,180701388822,WPA2,1,0,1,8,1.0;2.0;5.5;11.0;6.0;9.0;12.0;18.0;24.0;36.0;48.0;54.0,4,6,IN,1,20,2,1,30:BD:13,Unknown,0,311
357810,babu_5G,CA:78:C9:FE:B1:30,-85,6,2542,100,10075955593,WPA2,1,0,1,8,1.0;2.0;5.5;11.0;18.0;24.0;36.0;54.0;6.0;9.0;12.0;48.0,4,6,IN,1,40,2,1,CA:78:C9,Unknown,0,227
357862,suresh4G,CA:78:C9:FE:B1:3C,-84,6,2543,100,10075957648,WPA2,1,0,1,8,1.0;2.0;5.5;11.0;18.0;24.0;36.0;54.0;6.0;9.0;12.0;48.0,4,6,IN,1,40,2,1,CA:78:C9,Unknown,0,228
357904,Charleshome_5g,62:A4:B7:D1:B1:81,-88,6,3225,100,18143746506,WPA2,1,0,1,8,1.0;2.0;5.5;11.0;9.0;18.0;36.0;54.0;6.0;12.0;24.0;48.0,4,6,,1,40,2,1,62:A4:B7,Unknown,0,244
357958,ACTFIBERNET,B0:A7:B9:AF:A6:1B,-90,7,2406,100,803800064412,WPA2,1,0,1,8,1.0;2.0;5.5;11.0;18.0;24.0;36.0;54.0;6.0;9.0;12.0;48.0,4,7,,1,40,2,1,B0:A7:B9,Unknown,0,261
358010,Airtel__dontuse,30:BD:13:27:87:96,-88,7,1729,100,180701593622,WPA2,1,0,1,8,1.0;2.0;5.5;11.0;6.0;9.0;12.0;18.0;24.0;36.0;48.0;54.0,4,6,IN,1,20,2,1,30:BD:13,Unknown,0,311
358063,babu_5G,CA:78:C9:FE:B1:30,-80,7,2546,100,10076160404,WPA2,1,0,1,8,1.0;2.0;5.5;11.0;18.0;24.0;36.0;54.0;6.0;9.0;12.0;48.0,4,6,IN,1,40,2,1,CA:78:C9,Unknown,0,227
358105,suresh4G,CA:78:C9:FE:B1:3C,-81,7,2547,100,10076162431,WPA2,1,0,1,8,1.0;2.0;5.5;11.0;18.0;24.0;36.0;54.0;6.0;9.0;12.0;48.0,4,6,IN,1,40,2,1,CA:78:C9,Unknown,0,228
358137,,7A:20:51:29:AC:08,-91,8,2918,100,802940826174,WEP,1,0,1,0,,0,0,,0,0,0,0,7A:20:51,Unknown,0,310
358159,,7A:20:51:29:AC:08,-90,8,2922,100,802940928400,WEP,1,0,1,0,,0,0,,0,0,0,0,7A:20:51,Unknown,0,310
358219,stupidshanG_EXT,9C:53:22:40:D3:D5,-92,8,583,100,802941648657,WPA2,1,0,1,8,1.0;2.0;5.5;11.0;9.0;18.0;36.0;54.0;6.0;12.0;24.0;48.0,4,8,,1,20,2,0,9C:53:22,Unknown,0,305
358272,Vidya,78:20:51:C9:AC:08,-92,8,2925,100,802941030795,WPA2,1,0,1,8,1.0;2.0;5.5;11.0;9.0;18.0;36.0;54.0;6.0;12.0;24.0;48.0,4,8,,1,40,2,1,78:20:51,Unknown,0,380
358304,,7A:20:51:29:AC:08,-90,8,2926,100,802941031013,WEP,1,0,1,0,,0,0,,0,0,0,0,7A:20:51,Unknown,0,310
358326,,52:91:E3:A7:90:7E,-90,9,3570,100,802942464416,WEP,1,0,1,0,,0,0,,0,0,0,0,52:91:E3,Unknown,0,310
358371,,52:91:E3:A7:90:7E,-92,9,3574,100,802942566808,WEP,1,0,1,0,,0,0,,0,0,0,0,52:91:E3,Unknown,0,310
358487,palani-1st floor ,50:91:E3:F7:90:7E,-92,10,3577,100,802942669349,WPA2,1,0,1,8,1.0;2.0;5.5;11.0;9.0;18.0;36.0;54.0;6.0;12.0;24.0;48.0,4,9,,1,40,2,1,50:91:E3,Unknown,0,341
358540,TP-Link_26A2_2GEXT,94:A6:7E:49:80:14,-88,10,1962,100,86075802003,WPA2,1,0,1,8,1.0;2.0;5.5;11.0;9.0;18.0;36.0;54.0;6.0;12.0;24.0;48.0,4,10,IN,1,40,2,0,94:A6:7E,Unknown,0,299
358592,JVACT1,A4:2B:B0:01:A6:3A,-89,10,1880,100,803823719129,WPA2,1,0,1,8,1.0;2.0;5.5;11.0;9.0;18.0;36.0;54.0;6.0;12.0;24.0;48.0,4,11,,1,40,2,0,A4:2B:B0,Unknown,0,260
358635,TP-Link_26A2,AC:15:A2:DA:26:A2,-88,10,3109,100,803830784405,WPA2,1,0,1,8,1.0;2.0;5.5;11.0;9.0;18.0;36.0;54.0;6.0;12.0;24.0;48.0,4,10,,1,40,2,0,AC:15:A2,Unknown,0,265
358688,TP-Link_26A2_2GEXT,94:A6:7E:49:80:14,-89,10,1963,100,86075904404,WPA2,1,0,1,8,1.0;2.0;5.5;11.0;9.0;18.0;36.0;54.0;6.0;12.0;24.0;48.0,4,10,IN,1,40,2,0,94:A6:7E,Unknown,0,299
358739,TP-Link_26A2,AC:15:A2:DA:26:A2,-94,10,3110,100,803830886813,WPA2,1,0,1,8,1.0;2.0;5.5;11.0;9.0;18.0;36.0;54.0;6.0;12.0;24.0;48.0,4,10,,1,40,2,0,AC:15:A2,Unknown,0,265
358802,BrownArc-Jio,FC:7A:58:30:93:DA,-85,11,76,100,803760025999,WPA2,1,0,1,8,1.0;2.0;5.5;11.0;9.0;18.0;36.0;54.0;6.0;12.0;24.0;48.0,4,11,IN,1,20,2,1,FC:7A:58,Unknown,0,285
358845,TP-Link_26A2_2GEXT,94:A6:7E:49:80:14,-90,11,1964,100,86076006807,WPA2,1,0,1,8,1.0;2.0;5.5;11.0;9.0;18.0;36.0;54.0;6.0;12.0;24.0;48.0,4,10,IN,1,40,2,0,94:A6:7E,Unknown,0,299
358897,JVACT1,A4:2B:B0:01:A6:3A,-91,11,1882,100,803823923566,WPA2,1,0,1,8,1.0;2.0;5.5;11.0;9.0;18.0;36.0;54.0;6.0;12.0;24.0;48.0,4,11,,1,40,2,0,A4:2B:B0,Unknown,0,260
358951,BrownArc-Jio,FC:7A:58:30:93:DA,-84,11,77,100,803760128402,WPA2,1,0,1,8,1.0;2.0;5.5;11.0;9.0;18.0;36.0;54.0;6.0;12.0;24.0;48.0,4,11,IN,1,20,2,1,FC:7A:58,Unknown,0,285
359002,SAMIKSHA,54:AF:97:24:0F:A3,-90,11,1878,100,803819520317,WPA2,1,0,1,8,1.0;2.0;5.5;11.0;9.0;18.0;36.0;54.0;6.0;12.0;24.0;48.0,4,11,,1,40,2,1,54:AF:97,Unknown,0,238
359045,ACTFIBERNET,AC:15:A2:92:C5:D3,-94,12,325,100,554520269118,WPA2,1,0,1,8,1.0;2.0;5.5;11.0;9.0;18.0;36.0;54.0;6.0;12.0;24.0;48.0,4,11,,1,40,2,1,AC:15:A2,Unknown,0,241
359108,BrownArc-Jio,FC:7A:58:30:93:DA,-83,12,79,100,803760333217,WPA2,1,0,1,8,1.0;2.0;5.5;11.0;9.0;18.0;36.0;54.0;6.0;12.0;24.0;48.0,4,11,IN,1,20,2,1,FC:7A:58,Unknown,0,285
359456,JioFiber-3TFFK,E8:22:B8:12:3E:9A,-96,1,3443,100,803758901108,WPA2,1,0,1,8,1.0;2.0;5.5;11.0;9.0;18.0;36.0;54.0;6.0;12.0;24.0;48.0,4,1,IN,1,20,2,1,E8:22:B8,Unknown,0,287
359498,Home_WiFi_2G_ACT,50:91:E3:68:D3:83,-90,1,2847,100,802950656425,WPA2,1,0,1,8,1.0;2.0;5.5;11.0;9.0;18.0;36.0;54.0;6.0;12.0;24.0;48.0,4,1,,1,20,2,1,50:91:E3,Unknown,0,228
359576,JioFiber_24GH_KRR,A8:88:1F:20:7B:61,-89,1,719,100,284480411109,WPA2,1,0,1,8,1.0;2.0;5.5;11.0;9.0;18.0;36.0;54.0;6.0;12.0;24.0;48.0,4,1,IN,1,20,2,1,A8:88:1F,Unknown,0,290
359618,JVACT,F0:A7:31:F8:68:16,-94,1,3260,100,1040283645,WPA2,1,0,1,8,1.0;2.0;5.5;11.0;9.0;18.0;36.0;54.0;6.0;12.0;24.0;48.0,4,1,,1,40,2,1,F0:A7:31,Unknown,0,235
359671,JVACT,F0:A7:31:F8:68:16,-90,1,3262,100,1040384361,WPA2,1,0,1,8,1.0;2.0;5.5;11.0;9.0;18.0;36.0;54.0;6.0;12.0;24.0;48.0,4,1,,1,40,2,1,F0:A7:31,Unknown,0,235
359890,vasudha_4G,FC:7A:58:0E:CD:2A,-91,2,1538,100,554460877226,WPA2,1,0,1,8,1.0;2.0;5.5;11.0;9.0;18.0;36.0;54.0;6.0;12.0;24.0;48.0,4,1,IN,1,20,2,1,FC:7A:58,Unknown,0,283
360457,Isha99_FF,9C:A2:F4:FA:D3:9C,-93,5,1526,100,30692033433999,WPA2,1,0,1,8,1.0;2.0;5.5;11.0;9.0;18.0;36.0;54.0;6.0;12.0;24.0;48.0,4,5,,1,40,2,1,9C:A2:F4,Unknown,0,384
360488,,9E:A2:F4:AA:D3:9C,-91,5,1527,100,30692033434010,WEP,1,0,1,0,,0,0,,0,0,0,0,9E:A2:F4,Unknown,0,334
360765,Charleshome_5g,62:A4:B7:D1:B1:81,-90,6,3285,100,18146818535,WPA2,1,0,1,8,1.0;2.0;5.5;11.0;9.0;18.0;36.0;54.0;6.0;12.0;24.0;48.0,4,6,,1,40,2,1,62:A4:B7,Unknown,0,244
360818,Airtel__dontuse,30:BD:13:27:87:96,-89,6,1758,100,180704563239,WPA2,1,0,1,8,1.0;2.0;5.5;11.0;6.0;9.0;12.0;18.0;24.0;36.0;48.0;54.0,4,6,IN,1,20,2,1,30:BD:13,Unknown,0,311
360861,babu_5G,CA:78:C9:FE:B1:30,-85,6,2614,100,10079129990,WPA2,1,0,1,8,1.0;2.0;5.5;11.0;18.0;24.0;36.0;54.0;6.0;9.0;12.0;48.0,4,6,IN,1,40,2,1,CA:78:C9,Unknown,0,227
360913,suresh4G,CA:78:C9:FE:B1:3C,-86,6,2615,100,10079132045,WPA2,1,0,1,8,1.0;2.0;5.5;11.0;18.0;24.0;36.0;54.0;6.0;9.0;12.0;48.0,4,6,IN,1,40,2,1,CA:78:C9,Unknown,0,228
360966,babu_5G,CA:78:C9:FE:B1:30,-86,6,2616,100,10079232390,WPA2,1,0,1,8,1.0;2.0;5.5;11.0;18.0;24.0;36.0;54.0;6.0;9.0;12.0;48.0,4,6,IN,1,40,2,1,CA:78:C9,Unknown,0,227
361018,suresh4G,CA:78:C9:FE:B1:3C,-83,6,2617,100,10079234445,WPA2,1,0,1,8,1.0;2.0;5.5;11.0;18.0;24.0;36.0;54.0;6.0;9.0;12.0;48.0,4,6,IN,1,40,2,1,CA:78:C9,Unknown,0,228
361061,babu_5G,CA:78:C9:FE:B1:30,-90,7,2618,100,10079334790,WPA2,1,0,1,8,1.0;2.0;5.5;11.0;18.0;24.0;36.0;54.0;6.0;9.0;12.0;48.0,4,6,IN,1,40,2,1,CA:78:C9,Unknown,0,227
361113,suresh4G,CA:78:C9:FE:B1:3C,-85,7,2621,100,10079439239,WPA2,1,0,1,8,1.0;2.0;5.5;11.0;18.0;24.0;36.0;54.0;6.0;9.0;12.0;48.0,4,6,IN,1,40,2,1,CA:78:C9,Unknown,0,228
361478,TP-Link_26A2_2GEXT,94:A6:7E:49:80:14,-87,9,2006,100,86078771619,WPA2,1,0,1,8,1.0;2.0;5.5;11.0;9.0;18.0;36.0;54.0;6.0;12.0;24.0;48.0,4,10,IN,1,40,2,0,94:A6:7E,Unknown,0,299
361683,TP-Link_26A2_2GEXT,94:A6:7E:49:80:14,-91,9,2008,100,86078976396,WPA2,1,0,1,8,1.0;2.0;5.5;11.0;9.0;18.0;36.0;54.0;6.0;12.0;24.0;48.0,4,10,IN,1,40,2,0,94:A6:7E,Unknown,0,299
361749,TP-Link_26A2,AC:15:A2:DA:26:A2,-92,10,3147,100,803833958800,WPA2,1,0,1,8,1.0;2.0;5.5;11.0;9.0;18.0;36.0;54.0;6.0;12.0;24.0;48.0,4,10,,1,40,2,0,AC:15:A2,Unknown,0,265
361802,TP-Link_26A2_2GEXT,94:A6:7E:49:80:14,-92,10,2009,100,86079078797,WPA2,1,0,1,8,1.0;2.0;5.5;11.0;9.0;18.0;36.0;54.0;6.0;12.0;24.0;48.0,4,10,IN,1,40,2,0,94:A6:7E,Unknown,0,299
361844,SAMIKSHA,54:AF:97:24:0F:A3,-94,10,1907,100,803822489946,WPA2,1,0,1,8,1.0;2.0;5.5;11.0;9.0;18.0;36.0;54.0;6.0;12.0;24.0;48.0,4,11,,1,40,2,1,54:AF:97,Unknown,0,238
361897,TP-Link_26A2,AC:15:A2:DA:26:A2,-90,10,3148,100,803834061221,WPA2,1,0,1,8,1.0;2.0;5.5;11.0;9.0;18.0;36.0;54.0;6.0;12.0;24.0;48.0,4,10,,1,40,2,0,AC:15:A2,Unknown,0,265
361958,BrownArc-Jio,FC:7A:58:30:93:DA,-85,10,109,100,803763200416,WPA2,1,0,1,8,1.0;2.0;5.5;11.0;9.0;18.0;36.0;54.0;6.0;12.0;24.0;48.0,4,11,IN,1,20,2,1,FC:7A:58,Unknown,0,285
362012,TP-Link_26A2_2GEXT,94:A6:7E:49:80:14,-89,10,2010,100,86079181224,WPA2,1,0,1,8,1.0;2.0;5.5;11.0;9.0;18.0;36.0;54.0;6.0;12.0;24.0;48.0,4,10,IN,1,40,2,0,94:A6:7E,Unknown,0,299
362054,TP-Link_26A2,AC:15:A2:DA:26:A2,-90,10,3149,100,803834163604,WPA2,1,0,1,8,1.0;2.0;5.5;11.0;9.0;18.0;36.0;54.0;6.0;12.0;24.0;48.0,4,10,,1,40,2,0,AC:15:A2,Unknown,0,265
362107,TP-Link_26A2_2GEXT,94:A6:7E:49:80:14,-84,10,2011,100,86079283619,WPA2,1,0,1,8,1.0;2.0;5.5;11.0;9.0;18.0;36.0;54.0;6.0;12.0;24.0;48.0,4,10,IN,1,40,2,0,94:A6:7E,Unknown,0,299
362159,TP-Link_26A2,AC:15:A2:DA:26:A2,-86,11,3150,100,803834266016,WPA2,1,0,1,8,1.0;2.0;5.5;11.0;9.0;18.0;36.0;54.0;6.0;12.0;24.0;48.0,4,10,,1,40,2,0,AC:15:A2,Unknown,0,265
362211,Isha99_GF,10:27:F5:B7:CB:ED,-90,11,18,100,23161549192,WPA2,1,0,1,8,1.0;2.0;5.5;11.0;18.0;24.0;36.0;54.0;6.0;9.0;12.0;48.0,4,11,,1,40,2,1,10:27:F5,Unknown,0,259
362264,TP-Link_26A2,AC:15:A2:DA:26:A2,-89,11,3151,100,803834368518,WPA2,1,0,1,8,1.0;2.0;5.5;11.0;9.0;18.0;36.0;54.0;6.0;12.0;24.0;48.0,4,10,,1,40,2,0,AC:15:A2,Unknown,0,265
362317,Isha99_GF,10:27:F5:B7:CB:ED,-81,11,19,100,23161651591,WPA2,1,0,1,8,1.0;2.0;5.5;11.0;18.0;24.0;36.0;54.0;6.0;9.0;12.0;48.0,4,11,,1,40,2,1,10:27:F5,Unknown,0,259
362359,SAMIKSHA,54:AF:97:24:0F:A3,-91,11,1911,100,803822899554,WPA2,1,0,1,8,1.0;2.0;5.5;11.0;9.0;18.0;36.0;54.0;6.0;12.0;24.0;48.0,4,11,,1,40,2,1,54:AF:97,Unknown,0,238
362412,Isha99_GF,10:27:F5:B7:CB:ED,-83,12,20,100,23161754013,WPA2,1,0,1,8,1.0;2.0;5.5;11.0;18.0;24.0;36.0;54.0;6.0;9.0;12.0;48.0,4,11,,1,40,2,1,10:27:F5,Unknown,0,259
362474,BrownArc-Jio,FC:7A:58:30:93:DA,-90,12,115,100,803763712422,WPA2,1,0,1,8,1.0;2.0;5.5;11.0;9.0;18.0;36.0;54.0;6.0;12.0;24.0;48.0,4,11,IN,1,20,2,1,FC:7A:58,Unknown,0,285
362527,BrownArc-Jio,FC:7A:58:30:93:DA,-92,13,116,100,803763814798,WPA2,1,0,1,8,1.0;2.0;5.5;11.0;9.0;18.0;36.0;54.0;6.0;12.0;24.0;48.0,4,11,IN,1,20,2,1,FC:7A:58,Unknown,0,285
362757,vasudha_4G,FC:7A:58:0E:CD:2A,-90,1,1571,100,554463744495,WPA2,1,0,1,8,1.0;2.0;5.5;11.0;9.0;18.0;36.0;54.0;6.0;12.0;24.0;48.0,4,1,IN,1,20,2,1,FC:7A:58,Unknown,0,283
362860,vasudha_4G,FC:7A:58:0E:CD:2A,-91,1,1573,100,554463846800,WPA2,1,0,1,8,1.0;2.0;5.5;11.0;9.0;18.0;36.0;54.0;6.0;12.0;24.0;48.0,4,1,IN,1,20,2,1,FC:7A:58,Unknown,0,283
363280,Wi-Fi_1stFloor,98:DE:D0:A2:2F:02,-91,3,315,100,803817165260,WPA2,1,1,1,8,1.0;2.0;5.5;11.0;6.0;9.0;12.0;18.0;24.0;36.0;48.0;54.0,4,3,,1,40,2,1,98:DE:D0,Unknown,0,269
363506,,9E:A2:F4:AA:D3:9C,-89,4,1653,100,30692036506020,WEP,1,0,1,0,,0,0,,0,0,0,0,9E:A2:F4,Unknown,0,334
363734,Isha99_FF,9C:A2:F4:FA:D3:9C,-84,5,1660,100,30692036710831,WPA2,1,0,1,8,1.0;2.0;5.5;11.0;9.0;18.0;36.0;54.0;6.0;12.0;24.0;48.0,4,5,,1,40,2,1,9C:A2:F4,Unknown,0,384
363837,Isha99_FF,9C:A2:F4:FA:D3:9C,-84,5,1664,100,30692036813227,WPA2,1,0,1,8,1.0;2.0;5.5;11.0;9.0;18.0;36.0;54.0;6.0;12.0;24.0;48.0,4,5,,1,40,2,1,9C:A2:F4,Unknown,0,384
363858,,9E:A2:F4:AA:D3:9C,-84,5,1665,100,30692036813215,WEP,1,0,1,0,,0,0,,0,0,0,0,9E:A2:F4,Unknown,0,334
363939,Isha99_FF,9C:A2:F4:FA:D3:9C,-85,5,1668,100,30692036915620,WPA2,1,0,1,8,1.0;2.0;5.5;11.0;9.0;18.0;36.0;54.0;6.0;12.0;24.0;48.0,4,5,,1,40,2,1,9C:A2:F4,Unknown,0,384
363970,,9E:A2:F4:AA:D3:9C,-91,5,1669,100,30692036915609,WEP,1,0,1,0,,0,0,,0,0,0,0,9E:A2:F4,Unknown,0,334
364023,ACTFIBERNET,B0:A7:B9:AF:A6:1B,-79,6,2482,100,803806310807,WPA2,1,0,1,8,1.0;2.0;5.5;11.0;18.0;24.0;36.0;54.0;6.0;9.0;12.0;48.0,4,7,,1,40,2,1,B0:A7:B9,Unknown,0,261
364144,Isha99_FF,9C:A2:F4:FA:D3:9C,-89,6,1676,100,30692037120401,WPA2,1,0,1,8,1.0;2.0;5.5;11.0;9.0;18.0;36.0;54.0;6.0;12.0;24.0;48.0,4,5,,1,40,2,1,9C:A2:F4,Unknown,0,384
364213,ACTFIBERNET,B0:A7:B9:AF:A6:1B,-90,7,2484,100,803806515603,WPA2,1,0,1,8,1.0;2.0;5.5;11.0;18.0;24.0;36.0;54.0;6.0;9.0;12.0;48.0,4,7,,1,40,2,1,B0:A7:B9,Unknown,0,261
364315,ACTFIBERNET,B0:A7:B9:AF:A6:1B,-76,7,2485,100,803806617999,WPA2,1,0,1,8,1.0;2.0;5.5;11.0;18.0;24.0;36.0;54.0;6.0;9.0;12.0;48.0,4,7,,1,40,2,1,B0:A7:B9,Unknown,0,261
364418,ACTFIBERNET,B0:A7:B9:AF:A6:1B,-79,7,2486,100,803806720408,WPA2,1,0,1,8,1.0;2.0;5.5;11.0;18.0;24.0;36.0;54.0;6.0;9.0;12.0;48.0,4,7,,1,40,2,1,B0:A7:B9,Unknown,0,261
364623,ACTFIBERNET,B0:A7:B9:AF:A6:1B,-78,8,2488,100,803806925215,WPA2,1,0,1,8,1.0;2.0;5.5;11.0;18.0;24.0;36.0;54.0;6.0;9.0;12.0;48.0,4,7,,1,40,2,1,B0:A7:B9,Unknown,0,261
364755,TP-Link_26A2_2GEXT,94:A6:7E:49:80:14,-88,9,2071,100,86082048412,WPA2,1,0,1,8,1.0;2.0;5.5;11.0;9.0;18.0;36.0;54.0;6.0;12.0;24.0;48.0,4,10,IN,1,40,2,0,94:A6:7E,Unknown,0,299
364808,KY_2GEXT,C8:9E:43:D6:A8:6A,-91,9,104,100,50413465942,WPA2,1,0,1,8,1.0;2.0;5.5;11.0;9.0;18.0;36.0;54.0;6.0;12.0;24.0;48.0,4,10,IN,1,40,2,1,C8:9E:43,Unknown,0,297
364857,TP-Link_26A2_2GEXT,94:A6:7E:49:80:14,-90,9,2072,100,86082150828,WPA2,1,0,1,8,1.0;2.0;5.5;11.0;9.0;18.0;36.0;54.0;6.0;12.0;24.0;48.0,4,10,IN,1,40,2,0,94:A6:7E,Unknown,0,299
364960,TP-Link_26A2_2GEXT,94:A6:7E:49:80:14,-86,10,2073,100,86082253205,WPA2,1,0,1,8,1.0;2.0;5.5;11.0;9.0;18.0;36.0;54.0;6.0;12.0;24.0;48.0,4,10,IN,1,40,2,0,94:A6:7E,Unknown,0,299
365026,TP-Link_26A2,AC:15:A2:DA:26:A2,-79,10,3204,100,803837235593,WPA2,1,0,1,8,1.0;2.0;5.5;11.0;9.0;18.0;36.0;54.0;6.0;12.0;24.0;48.0,4,10,,1,40,2,0,AC:15:A2,Unknown,0,265
365078,TP-Link_26A2_2GEXT,94:A6:7E:49:80:14,-88,10,2074,100,86082355608,WPA2,1,0,1,8,1.0;2.0;5.5;11.0;9.0;18.0;36.0;54.0;6.0;12.0;24.0;48.0,4,10,IN,1,40,2,0,94:A6:7E,Unknown,0,299
365131,KY_2GEXT,C8:9E:43:D6:A8:6A,-90,10,107,100,50413773149,WPA2,1,0,1,8,1.0;2.0;5.5;11.0;9.0;18.0;36.0;54.0;6.0;12.0;24.0;48.0,4,10,IN,1,40,2,1,C8:9E:43,Unknown,0,297
365174,TP-Link_26A2_2GEXT,94:A6:7E:49:80:14,-90,10,2075,100,86082458020,WPA2,1,0,1,8,1.0;2.0;5.5;11.0;9.0;18.0;36.0;54.0;6.0;12.0;24.0;48.0,4,10,IN,1,40,2,0,94:A6:7E,Unknown,0,299
365236,KY_2GEXT,C8:9E:43:D6:A8:6A,-94,11,108,100,50413875543,WPA2,1,0,1,8,1.0;2.0;5.5;11.0;9.0;18.0;36.0;54.0;6.0;12.0;24.0;48.0,4,10,IN,1,40,2,1,C8:9E:43,Unknown,0,297
365289,BrownArc-Jio,FC:7A:58:30:93:DA,-95,11,145,100,803766579621,WPA2,1,0,1,8,1.0;2.0;5.5;11.0;9.0;18.0;36.0;54.0;6.0;12.0;24.0;48.0,4,11,IN,1,20,2,1,FC:7A:58,Unknown,0,285
365343,TP-Link_26A2,AC:15:A2:DA:26:A2,-89,11,3207,100,803837542804,WPA2,1,0,1,8,1.0;2.0;5.5;11.0;9.0;18.0;36.0;54.0;6.0;12.0;24.0;48.0,4,10,,1,40,2,0,AC:15:A2,Unknown,0,265
365396,Isha99_GF,10:27:F5:B7:CB:ED,-86,11,50,100,23164826525,WPA2,1,0,1,8,1.0;2.0;5.5;11.0;18.0;24.0;36.0;54.0;6.0;9.0;12.0;48.0,4,11,,1,40,2,1,10:27:F5,Unknown,0,259
365438,SAMIKSHA,54:AF:97:24:0F:A3,-96,11,1942,100,803826073916,WPA2,1,0,1,8,1.0;2.0;5.5;11.0;9.0;18.0;36.0;54.0;6.0;12.0;24.0;48.0,4,11,,1,40,2,1,54:AF:97,Unknown,0,238
365499,TP-Link_26A2,AC:15:A2:DA:26:A2,-90,12,3208,100,803837645227,WPA2,1,0,1,8,1.0;2.0;5.5;11.0;9.0;18.0;36.0;54.0;6.0;12.0;24.0;48.0,4,10,,1,40,2,0,AC:15:A2,Unknown,0,265
365541,Isha99_GF,10:27:F5:B7:CB:ED,-84,12,51,100,23164928406,WPA2,1,0,1,8,1.0;2.0;5.5;11.0;18.0;24.0;36.0;54.0;6.0;9.0;12.0;48.0,4,11,,1,40,2,1,10:27:F5,Unknown,0,259
365594,Deadpool_1st,3C:52:A1:27:F9:F3,-91,12,1410,100,802933145971,WPA2,1,0,1,8,1.0;2.0;5.5;11.0;9.0;18.0;36.0;54.0;6.0;12.0;24.0;48.0,4,11,,1,40,2,1,3C:52:A1,Unknown,0,242
365646,BrownArc-Jio,FC:7A:58:30:93:DA,-93,12,147,100,803766784423,WPA2,1,0,1,8,1.0;2.0;5.5;11.0;9.0;18.0;36.0;54.0;6.0;12.0;24.0;48.0,4,11,IN,1,20,2,1,FC:7A:58,Unknown,0,285
366034,Home_WiFi_2G_ACT,50:91:E3:68:D3:83,-92,1,2920,100,802957210010,WPA2,1,0,1,8,1.0;2.0;5.5;11.0;9.0;18.0;36.0;54.0;6.0;12.0;24.0;48.0,4,1,,1,20,2,1,50:91:E3,Unknown,0,228
366087,ACT-ai_103743468848,9C:53:22:77:43:12,-93,1,1419,100,802933248364,WPA2,1,0,1,8,1.0;2.0;5.5;11.0;9.0;18.0;36.0;54.0;6.0;12.0;24.0;48.0,4,1,,1,40,2,1,9C:53:22,Unknown,0,300
366140,vasudha_4G,FC:7A:58:0E:CD:2A,-91,1,1609,100,554467123803,WPA2,1,0,1,8,1.0;2.0;5.5;11.0;9.0;18.0;36.0;54.0;6.0;12.0;24.0;48.0,4,1,IN,1,20,2,1,FC:7A:58,Unknown,0,283
366193,Home_WiFi_2G_ACT,50:91:E3:68:D3:83,-93,1,2921,100,802957312404,WPA2,1,0,1,8,1.0;2.0;5.5;11.0;9.0;18.0;36.0;54.0;6.0;12.0;24.0;48.0,4,1,,1,20,2,1,50:91:E3,Unknown,0,228
366246,ACT-ai_103743468848,9C:53:22:77:43:12,-93,2,1420,100,802933350768,WPA2,1,0,1,8,1.0;2.0;5.5;11.0;9.0;18.0;36.0;54.0;6.0;12.0;24.0;48.0,4,1,,1,40,2,1,9C:53:22,Unknown,0,300
366455,Wi-Fi_1stFloor,98:DE:D0:A2:2F:02,-87,3,351,100,803820339752,WPA2,1,1,1,8,1.0;2.0;5.5;11.0;6.0;9.0;12.0;18.0;24.0;36.0;48.0;54.0,4,3,,1,40,2,1,98:DE:D0,Unknown,0,269
366528,Deadpool (ground),10:27:F5:88:91:B5,-86,3,2238,100,802924134802,WPA2,1,0,1,8,1.0;2.0;5.5;11.0;9.0;18.0;36.0;54.0;6.0;12.0;24.0;48.0,4,3,,1,20,2,1,10:27:F5,Unknown,0,345
366559,,12:27:F5:A8:91:B5,-90,3,2239,100,802924134799,WEP,1,0,1,0,,0,0,,0,0,0,0,12:27:F5,Unknown,0,263
366612,Wi-Fi_1stFloor,98:DE:D0:A2:2F:02,-88,3,352,100,803820442647,WPA2,1,1,1,8,1.0;2.0;5.5;11.0;6.0;9.0;12.0;18.0;24.0;36.0;48.0;54.0,4,3,,1,40,2,1,98:DE:D0,Unknown,0,269
366660,Wi-Fi_1stFloor,98:DE:D0:A2:2F:02,-90,3,353,100,803820544904,WPA2,1,1,1,8,1.0;2.0;5.5;11.0;6.0;9.0;12.0;18.0;24.0;36.0;48.0;54.0,4,3,,1,40,2,1,98:DE:D0,Unknown,0,269
366713,TP-Link_3C02,98:DA:C4:CB:3C:02,-91,4,1463,100,802936730006,WPA2,1,0,1,8,1.0;2.0;5.5;11.0;9.0;18.0;36.0;54.0;6.0;12.0;24.0;48.0,4,3,,1,40,2,0,98:DA:C4,Unknown,0,265
367285,ACTFIBERNET,B0:A7:B9:AF:A6:1B,-73,6,2521,100,803809587616,WPA2,1,0,1,8,1.0;2.0;5.5;11.0;18.0;24.0;36.0;54.0;6.0;9.0;12.0;48.0,4,7,,1,40,2,1,B0:A7:B9,Unknown,0,261
367490,ACTFIBERNET,B0:A7:B9:AF:A6:1B,-70,7,2523,100,803809792414,WPA2,1,0,1,8,1.0;2.0;5.5;11.0;18.0;24.0;36.0;54.0;6.0;9.0;12.0;48.0,4,7,,1,40,2,1,B0:A7:B9,Unknown,0,261
367592,ACTFIBERNET,B0:A7:B9:AF:A6:1B,-66,7,2525,100,803809894792,WPA2,1,0,1,8,1.0;2.0;5.5;11.0;18.0;24.0;36.0;54.0;6.0;9.0;12.0;48.0,4,7,,1,40,2,1,B0:A7:B9,Unknown,0,261
367695,ACTFIBERNET,B0:A7:B9:AF:A6:1B,-69,8,2526,100,803809997195,WPA2,1,0,1,8,1.0;2.0;5.5;11.0;18.0;24.0;36.0;54.0;6.0;9.0;12.0;48.0,4,7,,1,40,2,1,B0:A7:B9,Unknown,0,261
368032,TP-Link_26A2_2GEXT,94:A6:7E:49:80:14,-85,9,2106,100,86085325198,WPA2,1,0,1,8,1.0;2.0;5.5;11.0;9.0;18.0;36.0;54.0;6.0;12.0;24.0;48.0,4,10,IN,1,40,2,0,94:A6:7E,Unknown,0,299
368129,Jyosthna,50:2B:73:99:B3:C1,-98,9,2698,100,71203942447,WPA2,1,0,1,8,1.0;2.0;5.5;11.0;6.0;9.0;12.0;18.0;24.0;36.0;48.0;54.0,4,9,,1,20,2,1,50:2B:73,Unknown,0,228
368200,TP-Link_26A2,AC:15:A2:DA:26:A2,-90,10,3238,100,803840410029,WPA2,1,0,1,8,1.0;2.0;5.5;11.0;9.0;18.0;36.0;54.0;6.0;12.0;24.0;48.0,4,10,,1,40,2,0,AC:15:A2,Unknown,0,265
368243,Deadpool_1st,3C:52:A1:27:F9:F3,-86,10,1437,100,802935910731,WPA2,1,0,1,8,1.0;2.0;5.5;11.0;9.0;18.0;36.0;54.0;6.0;12.0;24.0;48.0,4,11,,1,40,2,1,3C:52:A1,Unknown,0,242
368296,KY_2GEXT,C8:9E:43:D6:A8:6A,-94,10,138,100,50416947516,WPA2,1,0,1,8,1.0;2.0;5.5;11.0;9.0;18.0;36.0;54.0;6.0;12.0;24.0;48.0,4,10,IN,1,40,2,1,C8:9E:43,Unknown,0,297
368348,TP-Link_26A2,AC:15:A2:DA:26:A2,-89,10,3239,100,803840512395,WPA2,1,0,1,8,1.0;2.0;5.5;11.0;9.0;18.0;36.0;54.0;6.0;12.0;24.0;48.0,4,10,,1,40,2,0,AC:15:A2,Unknown,0,265
368400,TP-Link_26A2_2GEXT,94:A6:7E:49:80:14,-92,10,2109,100,86085632422,WPA2,1,0,1,8,1.0;2.0;5.5;11.0;9.0;18.0;36.0;54.0;6.0;12.0;24.0;48.0,4,10,IN,1,40,2,0,94:A6:7E,Unknown,0,299
368454,TP-Link_26A2,AC:15:A2:DA:26:A2,-88,10,3240,100,803840614814,WPA2,1,0,1,8,1.0;2.0;5.5;11.0;9.0;18.0;36.0;54.0;6.0;12.0;24.0;48.0,4,10,,1,40,2,0,AC:15:A2,Unknown,0,265
368496,TP-Link_26A2_2GEXT,94:A6:7E:49:80:14,-80,10,2110,100,86085734797,WPA2,1,0,1,8,1.0;2.0;5.5;11.0;9.0;18.0;36.0;54.0;6.0;12.0;24.0;48.0,4,10,IN,1,40,2,0,94:A6:7E,Unknown,0,299
368549,SAMIKSHA,54:AF:97:24:0F:A3,-88,11,1972,100,803829145952,WPA2,1,0,1,8,1.0;2.0;5.5;11.0;9.0;18.0;36.0;54.0;6.0;12.0;24.0;48.0,4,11,,1,40,2,1,54:AF:97,Unknown,0,238
368601,TP-Link_26A2,AC:15:A2:DA:26:A2,-88,11,3241,100,803840717210,WPA2,1,0,1,8,1.0;2.0;5.5;11.0;9.0;18.0;36.0;54.0;6.0;12.0;24.0;48.0,4,10,,1,40,2,0,AC:15:A2,Unknown,0,265
368661,Isha99_GF,10:27:F5:B7:CB:ED,-95,11,81,100,23168000391,WPA2,1,0,1,8,1.0;2.0;5.5;11.0;18.0;24.0;36.0;54.0;6.0;9.0;12.0;48.0,4,11,,1,40,2,1,10:27:F5,Unknown,0,259
368715,BrownArc-Jio,FC:7A:58:30:93:DA,-92,11,178,100,803769856419,WPA2,1,0,1,8,1.0;2.0;5.5;11.0;9.0;18.0;36.0;54.0;6.0;12.0;24.0;48.0,4,11,IN,1,20,2,1,FC:7A:58,Unknown,0,285
368757,TP-Link_26A2_2GEXT,94:A6:7E:49:80:14,-85,11,2111,100,86085837711,WPA2,1,0,1,8,1.0;2.0;5.5;11.0;9.0;18.0;36.0;54.0;6.0;12.0;24.0;48.0,4,10,IN,1,40,2,0,94:A6:7E,Unknown,0,299
368809,SAMIKSHA,54:AF:97:24:0F:A3,-84,11,1973,100,803829248353,WPA2,1,0,1,8,1.0;2.0;5.5;11.0;9.0;18.0;36.0;54.0;6.0;12.0;24.0;48.0,4,11,,1,40,2,1,54:AF:97,Unknown,0,238
368862,104A_4G,04:AB:08:D8:1A:42,-94,11,2715,100,303584257640,WPA2,1,0,1,8,1.0;2.0;5.5;11.0;9.0;18.0;36.0;54.0;6.0;12.0;24.0;48.0,4,11,IN,1,20,2,1,04:AB:08,Unknown,0,280
368915,Deadpool_1st,3C:52:A1:27:F9:F3,-93,12,1442,100,802936422736,WPA2,1,0,1,8,1.0;2.0;5.5;11.0;9.0;18.0;36.0;54.0;6.0;12.0;24.0;48.0,4,11,,1,40,2,1,3C:52:A1,Unknown,0,242
368958,Deadpool_1st,3C:52:A1:27:F9:F3,-85,12,1443,100,802936525134,WPA2,1,0,1,8,1.0;2.0;5.5;11.0;9.0;18.0;36.0;54.0;6.0;12.0;24.0;48.0,4,11,,1,40,2,1,3C:52:A1,Unknown,0,242
369010,SAMIKSHA,54:AF:97:24:0F:A3,-81,12,1976,100,803829555554,WPA2,1,0,1,8,1.0;2.0;5.5;11.0;9.0;18.0;36.0;54.0;6.0;12.0;24.0;48.0,4,11,,1,40,2,1,54:AF:97,Unknown,0,238
369053,Deadpool_1st,3C:52:A1:27:F9:F3,-89,12,1444,100,802936627535,WPA2,1,0,1,8,1.0;2.0;5.5;11.0;9.0;18.0;36.0;54.0;6.0;12.0;24.0;48.0,4,11,,1,40,2,1,3C:52:A1,Unknown,0,242
369106,SAMIKSHA,54:AF:97:24:0F:A3,-92,12,1977,100,803829657953,WPA2,1,0,1,8,1.0;2.0;5.5;11.0;9.0;18.0;36.0;54.0;6.0;12.0;24.0;48.0,4,11,,1,40,2,1,54:AF:97,Unknown,0,238
369208,Home_WiFi_2G_ACT,50:91:E3:68:D3:83,-91,1,2963,100,802960384407,WPA2,1,0,1,8,1.0;2.0;5.5;11.0;9.0;18.0;36.0;54.0;6.0;12.0;24.0;48.0,4,1,,1,20,2,1,50:91:E3,Unknown,0,228
369262,ACT-ai_103743468848,9C:53:22:77:43:12,-88,1,1450,100,802936422733,WPA2,1,0,1,8,1.0;2.0;5.5;11.0;9.0;18.0;36.0;54.0;6.0;12.0;24.0;48.0,4,1,,1,40,2,1,9C:53:22,Unknown,0,300
369310,Home_WiFi_2G_ACT,50:91:E3:68:D3:83,-93,1,2964,100,802960486812,WPA2,1,0,1,8,1.0;2.0;5.5;11.0;9.0;18.0;36.0;54.0;6.0;12.0;24.0;48.0,4,1,,1,20,2,1,50:91:E3,Unknown,0,228
369371,Prakash 2 G,8C:A3:99:A1:A7:AD,-89,1,247,100,803750400391,WPA2,1,0,1,8,1.0;2.0;5.5;11.0;18.0;24.0;36.0;54.0;6.0;9.0;12.0;48.0,4,1,IN,1,40,2,1,8C:A3:99,Unknown,0,333
369414,ACT-ai_103743468848,9C:53:22:77:43:12,-85,1,1451,100,802936525133,WPA2,1,0,1,8,1.0;2.0;5.5;11.0;9.0;18.0;36.0;54.0;6.0;12.0;24.0;48.0,4,1,,1,40,2,1,9C:53:22,Unknown,0,300
369473,Jocelyn_Home_EXT,30:DE:4B:A6:BB:4C,-92,1,215,100,110986445553,WPA2,1,0,1,8,1.0;2.0;5.5;11.0;9.0;18.0;36.0;54.0;6.0;12.0;24.0;48.0,4,1,,1,20,2,0,30:DE:4B,Unknown,0,273
369527,ACT-ai_103743468848,9C:53:22:77:43:12,-91,2,1452,100,802936627533,WPA2,1,0,1,8,1.0;2.0;5.5;11.0;9.0;18.0;36.0;54.0;6.0;12.0;24.0;48.0,4,1,,1,40,2,1,9C:53:22,Unknown,0,300
369618,vasudha_4G,FC:7A:58:0E:CD:2A,-92,2,1645,100,554470605476,WPA2,1,0,1,8,1.0;2.0;5.5;11.0;9.0;18.0;36.0;54.0;6.0;12.0;24.0;48.0,4,1,IN,1,20,2,1,FC:7A:58,Unknown,0,283
369679,Prakash 2 G,8C:A3:99:A1:A7:AD,-91,2,250,100,803750707596,WPA2,1,0,1,8,1.0;2.0;5.5;11.0;18.0;24.0;36.0;54.0;6.0;9.0;12.0;48.0,4,1,IN,1,40,2,1,8C:A3:99,Unknown,0,333
369722,ACT-ai_103743468848,9C:53:22:77:43:12,-87,2,1454,100,802936832339,WPA2,1,0,1,8,1.0;2.0;5.5;11.0;9.0;18.0;36.0;54.0;6.0;12.0;24.0;48.0,4,1,,1,40,2,1,9C:53:22,Unknown,0,300
369795,Wi-Fi_1stFloor,98:DE:D0:A2:2F:02,-87,3,396,100,803823616391,WPA2,1,1,1,8,1.0;2.0;5.5;11.0;6.0;9.0;12.0;18.0;24.0;36.0;48.0;54.0,4,3,,1,40,2,1,98:DE:D0,Unknown,0,269
369848,Deadpool (ground),10:27:F5:88:91:B5,-90,3,2305,100,802927411611,WPA2,1,0,1,8,1.0;2.0;5.5;11.0;9.0;18.0;36.0;54.0;6.0;12.0;24.0;48.0,4,3,,1,20,2,1,10:27:F5,Unknown,0,345
369880,,12:27:F5:A8:91:B5,-91,3,2306,100,802927411619,WEP,1,0,1,0,,0,0,,0,0,0,0,12:27:F5,Unknown,0,263
369922,TP-Link_3C02,98:DA:C4:CB:3C:02,-87,3,1494,100,802939904420,WPA2,1,0,1,8,1.0;2.0;5.5;11.0;9.0;18.0;36.0;54.0;6.0;12.0;24.0;48.0,4,3,,1,40,2,0,98:DA:C4,Unknown,0,265
369976,Wi-Fi_1stFloor,98:DE:D0:A2:2F:02,-85,4,398,100,803823821833,WPA2,1,1,1,8,1.0;2.0;5.5;11.0;6.0;9.0;12.0;18.0;24.0;36.0;48.0;54.0,4,3,,1,40,2,1,98:DE:D0,Unknown,0,269
370038,TP-Link_3C02,98:DA:C4:CB:3C:02,-86,4,1495,100,802940006813,WPA2,1,0,1,8,1.0;2.0;5.5;11.0;9.0;18.0;36.0;54.0;6.0;12.0;24.0;48.0,4,3,,1,40,2,0,98:DA:C4,Unknown,0,265
370090,Arun Home,30:68:93:B4:3B:E6,-92,4,808,100,803808308388,WPA2,1,1,1,8,1.0;2.0;5.5;11.0;6.0;9.0;12.0;18.0;24.0;36.0;48.0;54.0,4,4,US,1,40,2,1,30:68:93,Unknown,0,316
370122,,12:27:F5:A8:91:B5,-86,4,2312,100,802927718812,WEP,1,0,1,0,,0,0,,0,0,0,0,12:27:F5,Unknown,0,263
370175,Arun Home,30:68:93:B4:3B:E6,-87,4,809,100,803808412950,WPA2,1,1,1,8,1.0;2.0;5.5;11.0;6.0;9.0;12.0;18.0;24.0;36.0;48.0;54.0,4,4,US,1,40,2,1,30:68:93,Unknown,0,316
370228,Wi-Fi_1stFloor,98:DE:D0:A2:2F:02,-87,4,400,100,803824026149,WPA2,1,1,1,8,1.0;2.0;5.5;11.0;6.0;9.0;12.0;18.0;24.0;36.0;48.0;54.0,4,3,,1,40,2,1,98:DE:D0,Unknown,0,269
370267,,36:68:93:B4:3B:E6,-91,4,527,100,803808412790,WEP,1,1,1,0,,0,0,,0,0,0,0,36:68:93,Unknown,0,336
370299,,12:27:F5:A8:91:B5,-92,4,2314,100,802927821219,WEP,1,0,1,0,,0,0,,0,0,0,0,12:27:F5,Unknown,0,263
370562,ACTFIBERNET,B0:A7:B9:AF:A6:1B,-74,6,2554,100,803812864416,WPA2,1,0,1,8,1.0;2.0;5.5;11.0;18.0;24.0;36.0;54.0;6.0;9.0;12.0;48.0,4,7,,1,40,2,1,B0:A7:B9,Unknown,0,261
370615,Villa-144,48:55:5E:19:E8:BA,-91,6,2835,100,802877030799,WPA2,1,0,1,8,1.0;2.0;5.5;11.0;9.0;18.0;36.0;54.0;6.0;12.0;24.0;48.0,4,6,IN,1,20,2,1,48:55:5E,Unknown,0,282
370767,ACTFIBERNET,B0:A7:B9:AF:A6:1B,-71,7,2556,100,803813069201,WPA2,1,0,1,8,1.0;2.0;5.5;11.0;18.0;24.0;36.0;54.0;6.0;9.0;12.0;48.0,4,7,,1,40,2,1,B0:A7:B9,Unknown,0,261
370967,Karthik,34:60:F9:A8:56:6D,-93,8,3527,100,803845529992,WPA2,1,0,1,8,1.0;2.0;5.5;11.0;9.0;18.0;36.0;54.0;6.0;12.0;24.0;48.0,4,8,,1,40,2,1,34:60:F9,Unknown,0,382
371069,Karthik,34:60:F9:A8:56:6D,-90,8,3531,100,803845632397,WPA2,1,0,1,8,1.0;2.0;5.5;11.0;9.0;18.0;36.0;54.0;6.0;12.0;24.0;48.0,4,8,,1,40,2,1,34:60:F9,Unknown,0,382
371091,,36:60:F9:A8:56:6D,-92,8,3532,100,803845632401,WEP,1,0,1,0,,0,0,,0,0,0,0,36:60:F9,Unknown,0,334
371143,ACTFIBERNET,B0:A7:B9:AF:A6:1B,-71,8,2558,100,803813376418,WPA2,1,0,1,8,1.0;2.0;5.5;11.0;18.0;24.0;36.0;54.0;6.0;9.0;12.0;48.0,4,7,,1,40,2,1,B0:A7:B9,Unknown,0,261
371197,Karthik,34:60:F9:A8:56:6D,-94,8,3535,100,803845734811,WPA2,1,0,1,8,1.0;2.0;5.5;11.0;9.0;18.0;36.0;54.0;6.0;12.0;24.0;48.0,4,8,,1,40,2,1,34:60:F9,Unknown,0,382
371234,,36:60:F9:A8:56:6D,-92,8,3536,100,803845734797,WEP,1,0,1,0,,0,0,,0,0,0,0,36:60:F9,Unknown,0,334
371287,ESPP2026,9C:A2:F4:D7:D2:5B,-95,9,3005,100,131543040409,WPA2,1,0,1,8,1.0;2.0;5.5;11.0;9.0;18.0;36.0;54.0;6.0;12.0;24.0;48.0,4,9,,1,40,2,1,9C:A2:F4,Unknown,0,383
371340,TP-Link_26A2_2GEXT,94:A6:7E:49:80:14,-92,9,2138,100,86088601994,WPA2,1,0,1,8,1.0;2.0;5.5;11.0;9.0;18.0;36.0;54.0;6.0;12.0;24.0;48.0,4,10,IN,1,40,2,0,94:A6:7E,Unknown,0,299
371392,ESPP2026,9C:A2:F4:D7:D2:5B,-95,9,3009,100,131543142800,WPA2,1,0,1,8,1.0;2.0;5.5;11.0;9.0;18.0;36.0;54.0;6.0;12.0;24.0;48.0,4,9,,1,40,2,1,9C:A2:F4,Unknown,0,383
371415,,9E:A2:F4:A7:D2:5B,-95,9,3010,100,131543142820,WEP,1,0,1,0,,0,0,,0,0,0,0,9E:A2:F4,Unknown,0,334
371457,,36:60:F9:A8:56:6D,-90,9,3544,100,803845939621,WEP,1,0,1,0,,0,0,,0,0,0,0,36:60:F9,Unknown,0,334
371509,ESPP2026,9C:A2:F4:D7:D2:5B,-94,9,3013,100,131543245200,WPA2,1,0,1,8,1.0;2.0;5.5;11.0;9.0;18.0;36.0;54.0;6.0;12.0;24.0;48.0,4,9,,1,40,2,1,9C:A2:F4,Unknown,0,383
371562,TP-Link_26A2_2GEXT,94:A6:7E:49:80:14,-89,10,2140,100,86088806811,WPA2,1,0,1,8,1.0;2.0;5.5;11.0;9.0;18.0;36.0;54.0;6.0;12.0;24.0;48.0,4,10,IN,1,40,2,0,94:A6:7E,Unknown,0,299
371604,SAMIKSHA,54:AF:97:24:0F:A3,-82,10,2002,100,803832217911,WPA2,1,0,1,8,1.0;2.0;5.5;11.0;9.0;18.0;36.0;54.0;6.0;12.0;24.0;48.0,4,11,,1,40,2,1,54:AF:97,Unknown,0,238
371657,TP-Link_26A2_2GEXT,94:A6:7E:49:80:14,-88,10,2141,100,86088909200,WPA2,1,0,1,8,1.0;2.0;5.5;11.0;9.0;18.0;36.0;54.0;6.0;12.0;24.0;48.0,4,10,IN,1,40,2,0,94:A6:7E,Unknown,0,299
371717,SAMIKSHA,54:AF:97:24:0F:A3,-81,10,2003,100,803832320318,WPA2,1,0,1,8,1.0;2.0;5.5;11.0;9.0;18.0;36.0;54.0;6.0;12.0;24.0;48.0,4,11,,1,40,2,1,54:AF:97,Unknown,0,238
371761,Home Sweet,9C:A2:F4:AD:D2:8F,-93,10,2340,100,189072078229,WPA2,1,0,1,8,1.0;2.0;5.5;11.0;9.0;18.0;36.0;54.0;6.0;12.0;24.0;48.0,4,10,,1,40,2,1,9C:A2:F4,Unknown,0,240
371813,Home Sweet_5G,9E:A2:F4:A9:D2:8F,-96,10,2341,100,189072080358,WPA2,1,0,1,8,1.0;2.0;5.5;11.0;9.0;18.0;36.0;54.0;6.0;12.0;24.0;48.0,4,10,,1,40,2,1,9E:A2:F4,Unknown,0,243
371856,Deadpool_1st,3C:52:A1:27:F9:F3,-90,11,1472,100,802939494768,WPA2,1,0,1,8,1.0;2.0;5.5;11.0;9.0;18.0;36.0;54.0;6.0;12.0;24.0;48.0,4,11,,1,40,2,1,3C:52:A1,Unknown,0,242
371908,SAMIKSHA,54:AF:97:24:0F:A3,-77,11,2005,100,803832525114,WPA2,1,0,1,8,1.0;2.0;5.5;11.0;9.0;18.0;36.0;54.0;6.0;12.0;24.0;48.0,4,11,,1,40,2,1,54:AF:97,Unknown,0,238
371970,104A_4G,04:AB:08:D8:1A:42,-92,11,2747,100,303587534409,WPA2,1,0,1,8,1.0;2.0;5.5;11.0;9.0;18.0;36.0;54.0;6.0;12.0;24.0;48.0,4,11,IN,1,20,2,1,04:AB:08,Unknown,0,280
372013,Deadpool_1st,3C:52:A1:27:F9:F3,-87,11,1473,100,802939597163,WPA2,1,0,1,8,1.0;2.0;5.5;11.0;9.0;18.0;36.0;54.0;6.0;12.0;24.0;48.0,4,11,,1,40,2,1,3C:52:A1,Unknown,0,242
372066,SAMIKSHA,54:AF:97:24:0F:A3,-83,12,2007,100,803832729917,WPA2,1,0,1,8,1.0;2.0;5.5;11.0;9.0;18.0;36.0;54.0;6.0;12.0;24.0;48.0,4,11,,1,40,2,1,54:AF:97,Unknown,0,238
372119,104A_4G,04:AB:08:D8:1A:42,-90,12,2752,100,303587739215,WPA2,1,0,1,8,1.0;2.0;5.5;11.0;9.0;18.0;36.0;54.0;6.0;12.0;24.0;48.0,4,11,IN,1,20,2,1,04:AB:08,Unknown,0,280
372161,SAMIKSHA,54:AF:97:24:0F:A3,-76,12,2008,100,803832832317,WPA2,1,0,1,8,1.0;2.0;5.5;11.0;9.0;18.0;36.0;54.0;6.0;12.0;24.0;48.0,4,11,,1,40,2,1,54:AF:97,Unknown,0,238
372475,Jocelyn_Home_EXT,30:DE:4B:A6:BB:4C,-91,1,263,100,110989517399,WPA2,1,0,1,8,1.0;2.0;5.5;11.0;9.0;18.0;36.0;54.0;6.0;12.0;24.0;48.0,4,1,,1,20,2,0,30:DE:4B,Unknown,0,273
372528,Home_WiFi_2G_ACT,50:91:E3:68:D3:83,-90,1,3004,100,802963661201,WPA2,1,0,1,8,1.0;2.0;5.5;11.0;9.0;18.0;36.0;54.0;6.0;12.0;24.0;48.0,4,1,,1,20,2,1,50:91:E3,Unknown,0,228
372580,JioFiber_4G,F0:ED:B8:BC:70:D7,-92,1,940,100,3374113587620,WPA2,1,0,1,8,1.0;2.0;5.5;11.0;9.0;18.0;36.0;54.0;6.0;12.0;24.0;48.0,4,1,IN,1,20,2,1,F0:ED:B8,Unknown,0,284
372633,Prakash 2 G,8C:A3:99:A1:A7:AD,-80,1,279,100,803753574816,WPA2,1,0,1,8,1.0;2.0;5.5;11.0;18.0;24.0;36.0;54.0;6.0;9.0;12.0;48.0,4,1,IN,1,40,2,1,8C:A3:99,Unknown,0,333
372686,ACT-ai_103743468848,9C:53:22:77:43:12,-81,1,1482,100,802939699570,WPA2,1,0,1,8,1.0;2.0;5.5;11.0;9.0;18.0;36.0;54.0;6.0;12.0;24.0;48.0,4,1,,1,40,2,1,9C:53:22,Unknown,0,300
372737,Jocelyn_Home_EXT,30:DE:4B:A6:BB:4C,-84,1,264,100,110989619982,WPA2,1,0,1,8,1.0;2.0;5.5;11.0;9.0;18.0;36.0;54.0;6.0;12.0;24.0;48.0,4,1,,1,20,2,0,30:DE:4B,Unknown,0,273
372789,Home_WiFi_2G_ACT,50:91:E3:68:D3:83,-81,1,3005,100,802963763616,WPA2,1,0,1,8,1.0;2.0;5.5;11.0;9.0;18.0;36.0;54.0;6.0;12.0;24.0;48.0,4,1,,1,20,2,1,50:91:E3,Unknown,0,228
372843,Prakash 2 G,8C:A3:99:A1:A7:AD,-82,1,280,100,803753677203,WPA2,1,0,1,8,1.0;2.0;5.5;11.0;18.0;24.0;36.0;54.0;6.0;9.0;12.0;48.0,4,1,IN,1,40,2,1,8C:A3:99,Unknown,0,333
372895,ACT-ai_103743468848,9C:53:22:77:43:12,-87,1,1483,100,802939801966,WPA2,1,0,1,8,1.0;2.0;5.5;11.0;9.0;18.0;36.0;54.0;6.0;12.0;24.0;48.0,4,1,,1,40,2,1,9C:53:22,Unknown,0,300
372938,Jocelyn_Home_EXT,30:DE:4B:A6:BB:4C,-82,1,265,100,110989722375,WPA2,1,0,1,8,1.0;2.0;5.5;11.0;9.0;18.0;36.0;54.0;6.0;12.0;24.0;48.0,4,1,,1,20,2,0,30:DE:4B,Unknown,0,273
372979,,12:27:F5:A8:91:B5,-83,2,2384,100,802930483625,WEP,1,0,1,0,,0,0,,0,0,0,0,12:27:F5,Unknown,0,263
373032,Jocelyn_Home_EXT,30:DE:4B:A6:BB:4C,-86,2,276,100,110989927195,WPA2,1,0,1,8,1.0;2.0;5.5;11.0;9.0;18.0;36.0;54.0;6.0;12.0;24.0;48.0,4,1,,1,20,2,0,30:DE:4B,Unknown,0,273
373074,Tapo_Cam_A6EA,DE:62:79:27:A6:EA,-90,2,2419,100,802947689603,Open,0,0,1,8,1.0;2.0;5.5;11.0;6.0;9.0;12.0;18.0;24.0;36.0;48.0;54.0,4,1,,1,20,1,0,DE:62:79,Unknown,0,161
373116,Home_WiFi_2G_ACT,50:91:E3:68:D3:83,-87,2,3008,100,802964070812,WPA2,1,0,1,8,1.0;2.0;5.5;11.0;9.0;18.0;36.0;54.0;6.0;12.0;24.0;48.0,4,1,,1,20,2,1,50:91:E3,Unknown,0,228
373169,Wi-Fi_1stFloor,98:DE:D0:A2:2F:02,-88,3,433,100,803826893888,WPA2,1,1,1,8,1.0;2.0;5.5;11.0;6.0;9.0;12.0;18.0;24.0;36.0;48.0;54.0,4,3,,1,40,2,1,98:DE:D0,Unknown,0,269
373220,,12:27:F5:A8:91:B5,-81,3,2390,100,802930790827,WEP,1,0,1,0,,0,0,,0,0,0,0,12:27:F5,Unknown,0,263
373374,Deadpool (ground),10:27:F5:88:91:B5,-86,4,2393,100,802930995621,WPA2,1,0,1,8,1.0;2.0;5.5;11.0;9.0;18.0;36.0;54.0;6.0;12.0;24.0;48.0,4,3,,1,20,2,1,10:27:F5,Unknown,0,345
373396,,12:27:F5:A8:91:B5,-91,4,2394,100,802930995637,WEP,1,0,1,0,,0,0,,0,0,0,0,12:27:F5,Unknown,0,263
373459,Arun Home,30:68:93:B4:3B:E6,-93,4,841,100,803811689761,WPA2,1,1,1,8,1.0;2.0;5.5;11.0;6.0;9.0;12.0;18.0;24.0;36.0;48.0;54.0,4,4,US,1,40,2,1,30:68:93,Unknown,0,316
373512,Wi-Fi_1stFloor,98:DE:D0:A2:2F:02,-91,4,437,100,803827302784,WPA2,1,1,1,8,1.0;2.0;5.5;11.0;6.0;9.0;12.0;18.0;24.0;36.0;48.0;54.0,4,3,,1,40,2,1,98:DE:D0,Unknown,0,269
